2022-01-03 15:55:00,171.078994,171.089904,170.660003,171.044998,71790.0,ABNB.NYSE-4-HOUR-LAST-EXTERNAL
2022-01-03 19:55:00,172.294998,172.399993,172.061706,172.190002,38480.0,ABNB.NYSE-4-HOUR-LAST-EXTERNAL
2022-01-03 21:00:00,172.679992,172.679992,172.679992,172.679992,301203.0,ABNB.NYSE-4-HOUR-LAST-EXTERNAL
2022-01-04 15:55:00,169.960006,169.985,168.830001,169.214996,75693.0,ABNB.NYSE-4-HOUR-LAST-EXTERNAL
2022-01-04 19:55:00,169.889999,170.179992,169.789993,170.0587,19995.0,ABNB.NYSE-4-HOUR-LAST-EXTERNAL
2022-01-04 21:00:00,170.800003,170.800003,170.800003,170.800003,219856.0,ABNB.NYSE-4-HOUR-LAST-EXTERNAL
2022-01-05 15:55:00,170.720001,171.369995,170.600006,171.100006,45014.0,ABNB.NYSE-4-HOUR-LAST-EXTERNAL
2022-01-05 19:55:00,165.830001,165.86,165.417007,165.505004,32215.0,ABNB.NYSE-4-HOUR-LAST-EXTERNAL
2022-01-05 21:00:00,162.25,162.25,162.25,162.25,451633.0,ABNB.NYSE-4-HOUR-LAST-EXTERNAL
2022-01-06 15:55:00,161.440002,162.479995,161.350006,162.154998,48169.0,ABNB.NYSE-4-HOUR-LAST-EXTERNAL
2022-01-06 19:55:00,160.880599,161.039993,160.61,160.889999,37656.0,ABNB.NYSE-4-HOUR-LAST-EXTERNAL
2022-01-06 21:00:00,159.75,159.75,159.75,159.75,291185.0,ABNB.NYSE-4-HOUR-LAST-EXTERNAL
2022-01-07 15:55:00,160.330001,161.460006,160.149993,161.190002,73674.0,ABNB.NYSE-4-HOUR-LAST-EXTERNAL
2022-01-07 19:55:00,165.809997,165.809997,165.529998,165.639999,32803.0,ABNB.NYSE-4-HOUR-LAST-EXTERNAL
2022-01-07 21:00:00,166.050003,166.050003,166.050003,166.050003,374119.0,ABNB.NYSE-4-HOUR-LAST-EXTERNAL
2022-01-10 15:55:00,152.779998,153.800003,152.380004,153.729995,102897.0,ABNB.NYSE-4-HOUR-LAST-EXTERNAL
2022-01-10 19:55:00,159.190002,159.850006,159.160003,159.710006,57836.0,ABNB.NYSE-4-HOUR-LAST-EXTERNAL
2022-01-10 21:00:00,160.710006,160.710006,160.710006,160.710006,361353.0,ABNB.NYSE-4-HOUR-LAST-EXTERNAL
2022-01-11 15:55:00,161.600006,161.809997,161.119995,161.589996,34929.0,ABNB.NYSE-4-HOUR-LAST-EXTERNAL
2022-01-11 19:55:00,169.050003,169.279998,168.574996,168.574996,45896.0,ABNB.NYSE-4-HOUR-LAST-EXTERNAL
2022-01-11 21:00:00,168.61,168.61,168.61,168.61,246418.0,ABNB.NYSE-4-HOUR-LAST-EXTERNAL
2022-01-12 15:55:00,165.945007,166.515304,165.699996,166.279998,38704.0,ABNB.NYSE-4-HOUR-LAST-EXTERNAL
2022-01-12 19:55:00,169.429992,169.759994,169.320007,169.75,41394.0,ABNB.NYSE-4-HOUR-LAST-EXTERNAL
2022-01-12 21:00:00,169.539993,169.539993,169.539993,169.539993,168909.0,ABNB.NYSE-4-HOUR-LAST-EXTERNAL
2022-01-13 15:55:00,168.940002,169.300003,168.889999,169.100006,66143.0,ABNB.NYSE-4-HOUR-LAST-EXTERNAL
2022-01-13 19:55:00,167.289993,167.839996,167.289993,167.800003,49051.0,ABNB.NYSE-4-HOUR-LAST-EXTERNAL
2022-01-13 21:00:00,166.0,166.0,166.0,166.0,298183.0,ABNB.NYSE-4-HOUR-LAST-EXTERNAL
2022-01-14 15:55:00,164.919998,165.899993,164.830001,165.759994,90996.0,ABNB.NYSE-4-HOUR-LAST-EXTERNAL
2022-01-14 19:55:00,162.320007,162.320007,161.970001,161.990005,24198.0,ABNB.NYSE-4-HOUR-LAST-EXTERNAL
2022-01-14 21:00:00,163.990005,163.990005,163.990005,163.990005,246269.0,ABNB.NYSE-4-HOUR-LAST-EXTERNAL
2022-01-18 15:55:00,159.550003,159.949996,159.020004,159.020004,42789.0,ABNB.NYSE-4-HOUR-LAST-EXTERNAL
2022-01-18 19:55:00,157.705001,157.805801,157.320007,157.330001,46788.0,ABNB.NYSE-4-HOUR-LAST-EXTERNAL
2022-01-18 21:00:00,154.690002,154.690002,154.690002,154.690002,503093.0,ABNB.NYSE-4-HOUR-LAST-EXTERNAL
2022-01-19 15:55:00,155.009994,155.580001,154.960006,155.580001,62915.0,ABNB.NYSE-4-HOUR-LAST-EXTERNAL
2022-01-19 19:55:00,156.887496,157.100006,156.800003,156.940002,38832.0,ABNB.NYSE-4-HOUR-LAST-EXTERNAL
2022-01-19 21:00:00,154.580001,154.580001,154.580001,154.580001,295791.0,ABNB.NYSE-4-HOUR-LAST-EXTERNAL
2022-01-20 15:55:00,164.600006,164.699996,164.210006,164.660003,45053.0,ABNB.NYSE-4-HOUR-LAST-EXTERNAL
2022-01-20 19:55:00,161.820007,161.979995,161.36,161.419998,40066.0,ABNB.NYSE-4-HOUR-LAST-EXTERNAL
2022-01-20 21:00:00,158.0,158.0,158.0,158.0,278545.0,ABNB.NYSE-4-HOUR-LAST-EXTERNAL
2022-01-21 15:55:00,158.214996,158.389999,157.199996,157.529998,89184.0,ABNB.NYSE-4-HOUR-LAST-EXTERNAL
2022-01-21 19:55:00,157.649993,157.854995,156.971694,157.009994,46456.0,ABNB.NYSE-4-HOUR-LAST-EXTERNAL
2022-01-21 21:00:00,156.729995,156.729995,156.729995,156.729995,545367.0,ABNB.NYSE-4-HOUR-LAST-EXTERNAL
2022-01-24 15:55:00,142.419998,143.0,141.86,142.389999,187253.0,ABNB.NYSE-4-HOUR-LAST-EXTERNAL
2022-01-24 19:55:00,143.820007,144.149993,142.9001,144.0,104636.0,ABNB.NYSE-4-HOUR-LAST-EXTERNAL
2022-01-24 21:00:00,147.899993,147.899993,147.899993,147.899993,376286.0,ABNB.NYSE-4-HOUR-LAST-EXTERNAL
2022-01-25 15:55:00,143.229995,143.309997,142.460006,142.604995,65133.0,ABNB.NYSE-4-HOUR-LAST-EXTERNAL
2022-01-25 19:55:00,146.146392,147.369995,146.059997,147.279998,86749.0,ABNB.NYSE-4-HOUR-LAST-EXTERNAL
2022-01-25 21:00:00,144.559997,144.559997,144.559997,144.559997,217100.0,ABNB.NYSE-4-HOUR-LAST-EXTERNAL
2022-01-26 15:55:00,147.275695,148.414001,147.0,147.720001,35643.0,ABNB.NYSE-4-HOUR-LAST-EXTERNAL
2022-01-26 19:55:00,145.809997,145.809997,144.389999,144.5,214247.0,ABNB.NYSE-4-HOUR-LAST-EXTERNAL
2022-01-26 21:00:00,142.139999,142.139999,142.139999,142.139999,293431.0,ABNB.NYSE-4-HOUR-LAST-EXTERNAL
2022-01-27 15:55:00,141.270004,142.5,141.182998,142.329895,90265.0,ABNB.NYSE-4-HOUR-LAST-EXTERNAL
2022-01-27 19:55:00,138.580001,139.169998,138.323593,138.880004,50784.0,ABNB.NYSE-4-HOUR-LAST-EXTERNAL
2022-01-27 21:00:00,138.410003,138.410003,138.410003,138.410003,209720.0,ABNB.NYSE-4-HOUR-LAST-EXTERNAL
2022-01-28 15:55:00,138.399993,139.299896,138.210006,139.225006,63514.0,ABNB.NYSE-4-HOUR-LAST-EXTERNAL
2022-01-28 19:55:00,140.220001,140.960006,140.210006,140.740005,51145.0,ABNB.NYSE-4-HOUR-LAST-EXTERNAL
2022-01-28 21:00:00,142.770004,142.770004,142.770004,142.770004,257660.0,ABNB.NYSE-4-HOUR-LAST-EXTERNAL
2022-01-31 15:55:00,151.369995,151.679992,151.160003,151.61,38463.0,ABNB.NYSE-4-HOUR-LAST-EXTERNAL
2022-01-31 19:55:00,152.289993,153.184997,152.276596,152.879898,46807.0,ABNB.NYSE-4-HOUR-LAST-EXTERNAL
2022-01-31 21:00:00,153.970001,153.970001,153.970001,153.970001,306188.0,ABNB.NYSE-4-HOUR-LAST-EXTERNAL
2022-02-01 15:55:00,154.699996,155.100006,154.649993,155.100006,56778.0,ABNB.NYSE-4-HOUR-LAST-EXTERNAL
2022-02-01 19:55:00,155.369995,155.5,155.169998,155.419998,30931.0,ABNB.NYSE-4-HOUR-LAST-EXTERNAL
2022-02-01 21:00:00,156.940002,156.940002,156.940002,156.940002,227091.0,ABNB.NYSE-4-HOUR-LAST-EXTERNAL
2022-02-02 15:55:00,152.449996,152.619995,152.139999,152.494995,31584.0,ABNB.NYSE-4-HOUR-LAST-EXTERNAL
2022-02-02 19:55:00,151.600006,151.710006,151.419998,151.5,19908.0,ABNB.NYSE-4-HOUR-LAST-EXTERNAL
2022-02-02 21:00:00,151.759994,151.759994,151.759994,151.759994,168064.0,ABNB.NYSE-4-HOUR-LAST-EXTERNAL
2022-02-03 15:55:00,149.990005,150.425003,149.919998,150.259994,17092.0,ABNB.NYSE-4-HOUR-LAST-EXTERNAL
2022-02-03 19:55:00,150.550003,150.889999,150.25,150.25,56102.0,ABNB.NYSE-4-HOUR-LAST-EXTERNAL
2022-02-03 21:00:00,149.570007,149.570007,149.570007,149.570007,326799.0,ABNB.NYSE-4-HOUR-LAST-EXTERNAL
2022-02-04 15:55:00,155.229995,155.449996,154.723693,154.789993,33815.0,ABNB.NYSE-4-HOUR-LAST-EXTERNAL
2022-02-04 19:55:00,156.274993,156.919998,156.164993,156.460006,48893.0,ABNB.NYSE-4-HOUR-LAST-EXTERNAL
2022-02-04 21:00:00,155.559997,155.559997,155.559997,155.559997,291419.0,ABNB.NYSE-4-HOUR-LAST-EXTERNAL
2022-02-07 15:55:00,159.904998,160.085006,159.399993,159.979995,61113.0,ABNB.NYSE-4-HOUR-LAST-EXTERNAL
2022-02-07 19:55:00,159.190002,159.279998,158.800003,158.839996,48095.0,ABNB.NYSE-4-HOUR-LAST-EXTERNAL
2022-02-07 21:00:00,157.910003,157.910003,157.910003,157.910003,184900.0,ABNB.NYSE-4-HOUR-LAST-EXTERNAL
2022-02-08 15:55:00,158.11,158.330001,157.789993,158.11,32710.0,ABNB.NYSE-4-HOUR-LAST-EXTERNAL
2022-02-08 19:55:00,161.514999,161.550003,161.210006,161.350006,40418.0,ABNB.NYSE-4-HOUR-LAST-EXTERNAL
2022-02-08 21:00:00,162.259994,162.259994,162.259994,162.259994,232580.0,ABNB.NYSE-4-HOUR-LAST-EXTERNAL
2022-02-09 15:55:00,168.289993,169.449996,168.289993,169.335006,58552.0,ABNB.NYSE-4-HOUR-LAST-EXTERNAL
2022-02-09 19:55:00,167.865005,167.970001,167.657501,167.729995,27219.0,ABNB.NYSE-4-HOUR-LAST-EXTERNAL
2022-02-09 21:00:00,169.529998,169.529998,169.529998,169.529998,234379.0,ABNB.NYSE-4-HOUR-LAST-EXTERNAL
2022-02-10 15:55:00,174.059997,174.630004,173.509994,174.630004,97199.0,ABNB.NYSE-4-HOUR-LAST-EXTERNAL
2022-02-10 19:55:00,174.339996,174.389999,173.535003,173.75,92911.0,ABNB.NYSE-4-HOUR-LAST-EXTERNAL
2022-02-10 21:00:00,171.949996,171.949996,171.949996,171.949996,339078.0,ABNB.NYSE-4-HOUR-LAST-EXTERNAL
2022-02-11 15:55:00,174.419998,174.5,173.604904,173.979995,75746.0,ABNB.NYSE-4-HOUR-LAST-EXTERNAL
2022-02-11 19:55:00,165.11,166.779998,165.11,166.600097,70856.0,ABNB.NYSE-4-HOUR-LAST-EXTERNAL
2022-02-11 21:00:00,166.529998,166.529998,166.529998,166.529998,272215.0,ABNB.NYSE-4-HOUR-LAST-EXTERNAL
2022-02-14 15:55:00,168.649993,168.8647,167.850006,168.119995,28305.0,ABNB.NYSE-4-HOUR-LAST-EXTERNAL
2022-02-14 19:55:00,169.529998,169.75,169.272705,169.535003,37861.0,ABNB.NYSE-4-HOUR-LAST-EXTERNAL
2022-02-14 21:00:00,169.660003,169.660003,169.660003,169.660003,242948.0,ABNB.NYSE-4-HOUR-LAST-EXTERNAL
2022-02-15 15:55:00,176.119995,176.479995,175.878601,175.960006,110935.0,ABNB.NYSE-4-HOUR-LAST-EXTERNAL
2022-02-15 19:55:00,178.979995,179.089996,178.300003,178.654907,109495.0,ABNB.NYSE-4-HOUR-LAST-EXTERNAL
2022-02-15 21:00:00,180.070007,180.070007,180.070007,180.070007,522895.0,ABNB.NYSE-4-HOUR-LAST-EXTERNAL
2022-02-16 15:55:00,188.960006,189.573196,188.559997,189.169998,400014.0,ABNB.NYSE-4-HOUR-LAST-EXTERNAL
2022-02-16 19:55:00,188.029495,189.200393,188.029495,189.103698,110439.0,ABNB.NYSE-4-HOUR-LAST-EXTERNAL
2022-02-16 21:00:00,186.639999,186.639999,186.639999,186.639999,565581.0,ABNB.NYSE-4-HOUR-LAST-EXTERNAL
2022-02-17 15:55:00,181.869995,183.505004,181.547805,183.5,111101.0,ABNB.NYSE-4-HOUR-LAST-EXTERNAL
2022-02-17 19:55:00,182.934997,183.080001,182.526306,182.710006,45002.0,ABNB.NYSE-4-HOUR-LAST-EXTERNAL
2022-02-17 21:00:00,183.600006,183.600006,183.600006,183.600006,282485.0,ABNB.NYSE-4-HOUR-LAST-EXTERNAL
2022-02-18 15:55:00,177.86,178.164993,177.410095,178.164993,70109.0,ABNB.NYSE-4-HOUR-LAST-EXTERNAL
2022-02-18 19:55:00,176.350006,176.600006,175.929992,176.259994,103600.0,ABNB.NYSE-4-HOUR-LAST-EXTERNAL
2022-02-18 21:00:00,174.899993,174.899993,174.899993,174.899993,493336.0,ABNB.NYSE-4-HOUR-LAST-EXTERNAL
2022-02-22 15:55:00,168.649993,168.649993,167.830001,168.0,153025.0,ABNB.NYSE-4-HOUR-LAST-EXTERNAL
2022-02-22 19:55:00,165.960006,166.86,165.690002,165.720001,153718.0,ABNB.NYSE-4-HOUR-LAST-EXTERNAL
2022-02-22 21:00:00,165.240005,165.240005,165.240005,165.240005,328654.0,ABNB.NYSE-4-HOUR-LAST-EXTERNAL
2022-02-23 15:55:00,155.689895,156.850006,155.689895,156.425796,115908.0,ABNB.NYSE-4-HOUR-LAST-EXTERNAL
2022-02-23 19:55:00,151.899993,152.0699,151.619995,151.729995,55936.0,ABNB.NYSE-4-HOUR-LAST-EXTERNAL
2022-02-23 21:00:00,150.039993,150.039993,150.039993,150.039993,504964.0,ABNB.NYSE-4-HOUR-LAST-EXTERNAL
2022-02-24 15:55:00,149.089996,150.402404,149.020004,150.179992,145834.0,ABNB.NYSE-4-HOUR-LAST-EXTERNAL
2022-02-24 19:55:00,156.705001,156.705001,156.009994,156.429992,88270.0,ABNB.NYSE-4-HOUR-LAST-EXTERNAL
2022-02-24 21:00:00,158.259994,158.259994,158.259994,158.259994,415801.0,ABNB.NYSE-4-HOUR-LAST-EXTERNAL
2022-02-25 15:55:00,155.809997,156.389999,155.220001,155.389999,150089.0,ABNB.NYSE-4-HOUR-LAST-EXTERNAL
2022-02-25 19:55:00,154.160003,154.589996,154.005004,154.520004,60244.0,ABNB.NYSE-4-HOUR-LAST-EXTERNAL
2022-02-25 21:00:00,155.089996,155.089996,155.089996,155.089996,388043.0,ABNB.NYSE-4-HOUR-LAST-EXTERNAL
2022-02-28 15:55:00,153.410003,154.193603,153.334793,153.759994,95931.0,ABNB.NYSE-4-HOUR-LAST-EXTERNAL
2022-02-28 19:55:00,150.210006,150.830001,150.190002,150.520004,58412.0,ABNB.NYSE-4-HOUR-LAST-EXTERNAL
2022-02-28 21:00:00,151.490005,151.490005,151.490005,151.490005,591510.0,ABNB.NYSE-4-HOUR-LAST-EXTERNAL
2022-03-01 15:55:00,150.869995,150.869995,150.050003,150.520004,60800.0,ABNB.NYSE-4-HOUR-LAST-EXTERNAL
2022-03-01 19:55:00,152.800003,153.154998,152.630004,152.960006,26769.0,ABNB.NYSE-4-HOUR-LAST-EXTERNAL
2022-03-01 21:00:00,151.009994,151.009994,151.009994,151.009994,667565.0,ABNB.NYSE-4-HOUR-LAST-EXTERNAL
2022-03-02 15:55:00,153.639999,154.490005,153.551406,153.929992,68694.0,ABNB.NYSE-4-HOUR-LAST-EXTERNAL
2022-03-02 19:55:00,157.169998,157.639999,157.050003,157.259994,50052.0,ABNB.NYSE-4-HOUR-LAST-EXTERNAL
2022-03-02 21:00:00,157.529998,157.529998,157.529998,157.529998,276804.0,ABNB.NYSE-4-HOUR-LAST-EXTERNAL
2022-03-03 15:55:00,152.055206,152.300003,151.919998,152.089996,35584.0,ABNB.NYSE-4-HOUR-LAST-EXTERNAL
2022-03-03 19:55:00,152.089996,152.205993,151.860107,151.990005,23100.0,ABNB.NYSE-4-HOUR-LAST-EXTERNAL
2022-03-03 21:00:00,151.690002,151.690002,151.690002,151.690002,238368.0,ABNB.NYSE-4-HOUR-LAST-EXTERNAL
2022-03-04 15:55:00,142.460006,142.520004,141.820007,141.940002,197853.0,ABNB.NYSE-4-HOUR-LAST-EXTERNAL
2022-03-04 19:55:00,141.149993,141.199996,140.699996,140.735,56239.0,ABNB.NYSE-4-HOUR-LAST-EXTERNAL
2022-03-04 21:00:00,142.699996,142.699996,142.699996,142.699996,490240.0,ABNB.NYSE-4-HOUR-LAST-EXTERNAL
2022-03-07 15:55:00,135.880004,136.350006,135.600006,135.774307,136266.0,ABNB.NYSE-4-HOUR-LAST-EXTERNAL
2022-03-07 19:55:00,134.934997,135.289993,134.520004,134.520004,91974.0,ABNB.NYSE-4-HOUR-LAST-EXTERNAL
2022-03-07 21:00:00,131.589996,131.589996,131.589996,131.589996,874480.0,ABNB.NYSE-4-HOUR-LAST-EXTERNAL
2022-03-08 15:55:00,138.434997,139.649993,138.380004,139.320007,161405.0,ABNB.NYSE-4-HOUR-LAST-EXTERNAL
2022-03-08 19:55:00,141.470001,142.184997,141.070007,142.044998,88420.0,ABNB.NYSE-4-HOUR-LAST-EXTERNAL
2022-03-08 21:00:00,142.130004,142.130004,142.130004,142.130004,504343.0,ABNB.NYSE-4-HOUR-LAST-EXTERNAL
2022-03-09 15:55:00,149.619995,149.735,149.410003,149.440002,33798.0,ABNB.NYSE-4-HOUR-LAST-EXTERNAL
2022-03-09 19:55:00,147.070007,147.604995,147.070007,147.395004,37043.0,ABNB.NYSE-4-HOUR-LAST-EXTERNAL
2022-03-09 21:00:00,148.309997,148.309997,148.309997,148.309997,382141.0,ABNB.NYSE-4-HOUR-LAST-EXTERNAL
2022-03-10 15:55:00,147.324996,147.324996,146.265304,146.321701,63121.0,ABNB.NYSE-4-HOUR-LAST-EXTERNAL
2022-03-10 19:55:00,151.960006,152.889999,151.960006,152.639999,101111.0,ABNB.NYSE-4-HOUR-LAST-EXTERNAL
2022-03-10 21:00:00,151.800003,151.800003,151.800003,151.800003,420694.0,ABNB.NYSE-4-HOUR-LAST-EXTERNAL
2022-03-11 15:55:00,148.020004,148.929992,148.001998,148.884994,60427.0,ABNB.NYSE-4-HOUR-LAST-EXTERNAL
2022-03-11 19:55:00,146.509994,146.571105,146.009994,146.169998,66530.0,ABNB.NYSE-4-HOUR-LAST-EXTERNAL
2022-03-11 21:00:00,145.139999,145.139999,145.139999,145.139999,319202.0,ABNB.NYSE-4-HOUR-LAST-EXTERNAL
2022-03-14 15:55:00,139.490005,139.639999,139.220001,139.550003,49010.0,ABNB.NYSE-4-HOUR-LAST-EXTERNAL
2022-03-14 19:55:00,138.130004,138.729904,138.130004,138.429992,286273.0,ABNB.NYSE-4-HOUR-LAST-EXTERNAL
2022-03-15 15:55:00,141.759994,141.960006,141.175003,141.830001,33869.0,ABNB.NYSE-4-HOUR-LAST-EXTERNAL
2022-03-15 19:55:00,144.350006,144.389999,143.684997,143.820007,221653.0,ABNB.NYSE-4-HOUR-LAST-EXTERNAL
2022-03-16 15:55:00,151.059997,151.330001,150.889999,151.220001,36532.0,ABNB.NYSE-4-HOUR-LAST-EXTERNAL
2022-03-16 19:55:00,154.580001,156.979995,154.179992,155.580001,716276.0,ABNB.NYSE-4-HOUR-LAST-EXTERNAL
2022-03-17 15:55:00,152.86,152.990005,152.690002,152.806701,29645.0,ABNB.NYSE-4-HOUR-LAST-EXTERNAL
2022-03-17 19:55:00,157.175003,157.600006,156.970092,157.550003,303347.0,ABNB.NYSE-4-HOUR-LAST-EXTERNAL
2022-03-18 15:55:00,163.669998,164.25,163.630004,164.240005,29999.0,ABNB.NYSE-4-HOUR-LAST-EXTERNAL
2022-03-18 19:55:00,166.679992,167.160003,166.559997,167.039993,547705.0,ABNB.NYSE-4-HOUR-LAST-EXTERNAL
2022-03-21 15:55:00,161.910003,162.399993,161.720001,162.089996,34425.0,ABNB.NYSE-4-HOUR-LAST-EXTERNAL
2022-03-21 19:55:00,162.320007,162.770004,161.789993,161.800003,320910.0,ABNB.NYSE-4-HOUR-LAST-EXTERNAL
2022-03-22 15:55:00,166.399993,166.509994,165.650207,165.669998,28759.0,ABNB.NYSE-4-HOUR-LAST-EXTERNAL
2022-03-22 19:55:00,166.020004,166.440002,165.720001,166.440002,175795.0,ABNB.NYSE-4-HOUR-LAST-EXTERNAL
2022-03-23 15:55:00,166.669998,166.889999,166.570007,166.774002,20060.0,ABNB.NYSE-4-HOUR-LAST-EXTERNAL
2022-03-23 19:55:00,164.259994,164.389999,164.024398,164.169998,162696.0,ABNB.NYSE-4-HOUR-LAST-EXTERNAL
2022-03-24 15:55:00,167.087005,167.5,167.087005,167.330001,26553.0,ABNB.NYSE-4-HOUR-LAST-EXTERNAL
2022-03-24 19:55:00,170.550003,171.0,170.399993,170.86,269668.0,ABNB.NYSE-4-HOUR-LAST-EXTERNAL
2022-03-25 15:55:00,164.429992,164.600006,164.270004,164.497695,51626.0,ABNB.NYSE-4-HOUR-LAST-EXTERNAL
2022-03-25 19:55:00,166.86,167.580001,166.808593,167.320007,196058.0,ABNB.NYSE-4-HOUR-LAST-EXTERNAL
2022-03-28 15:55:00,163.029998,163.369995,163.0,163.210006,28690.0,ABNB.NYSE-4-HOUR-LAST-EXTERNAL
2022-03-28 19:55:00,167.160003,167.690002,167.050003,167.679992,160934.0,ABNB.NYSE-4-HOUR-LAST-EXTERNAL
2022-03-29 15:55:00,175.199996,175.410003,175.020004,175.210006,38566.0,ABNB.NYSE-4-HOUR-LAST-EXTERNAL
2022-03-29 19:55:00,174.970001,175.520004,174.850006,175.520004,250783.0,ABNB.NYSE-4-HOUR-LAST-EXTERNAL
2022-03-30 15:55:00,174.182693,174.606597,174.050003,174.529998,21169.0,ABNB.NYSE-4-HOUR-LAST-EXTERNAL
2022-03-30 19:55:00,173.309997,173.699996,173.080001,173.690002,199947.0,ABNB.NYSE-4-HOUR-LAST-EXTERNAL
2022-03-31 15:55:00,173.782806,174.0,173.649993,173.949996,9682.0,ABNB.NYSE-4-HOUR-LAST-EXTERNAL
2022-03-31 19:55:00,172.759994,172.759994,171.529998,171.710006,258413.0,ABNB.NYSE-4-HOUR-LAST-EXTERNAL
2022-04-01 15:55:00,176.100006,176.100006,175.059997,175.184997,29654.0,ABNB.NYSE-4-HOUR-LAST-EXTERNAL
2022-04-01 19:55:00,173.36,173.380004,172.729995,173.070007,265612.0,ABNB.NYSE-4-HOUR-LAST-EXTERNAL
2022-04-04 15:55:00,176.0,176.0,175.634994,175.740005,17117.0,ABNB.NYSE-4-HOUR-LAST-EXTERNAL
2022-04-04 19:55:00,176.75,177.020004,176.539993,177.0,153047.0,ABNB.NYSE-4-HOUR-LAST-EXTERNAL
2022-04-05 15:55:00,172.929992,173.130004,172.910003,173.039993,19968.0,ABNB.NYSE-4-HOUR-LAST-EXTERNAL
2022-04-05 19:55:00,171.350006,171.529998,171.179992,171.199996,222121.0,ABNB.NYSE-4-HOUR-LAST-EXTERNAL
2022-04-06 15:55:00,164.940002,165.100006,164.669998,164.919998,26178.0,ABNB.NYSE-4-HOUR-LAST-EXTERNAL
2022-04-06 19:55:00,164.830001,165.149993,164.449996,164.470001,248026.0,ABNB.NYSE-4-HOUR-LAST-EXTERNAL
2022-04-07 15:55:00,163.297195,163.449996,162.529998,162.699996,66441.0,ABNB.NYSE-4-HOUR-LAST-EXTERNAL
2022-04-07 19:55:00,166.449996,166.559997,165.839996,165.839996,163085.0,ABNB.NYSE-4-HOUR-LAST-EXTERNAL
2022-04-08 15:55:00,163.744995,163.949996,163.460006,163.850006,9740.0,ABNB.NYSE-4-HOUR-LAST-EXTERNAL
2022-04-08 19:55:00,162.729995,162.809997,162.410003,162.559997,254033.0,ABNB.NYSE-4-HOUR-LAST-EXTERNAL
2022-04-11 15:55:00,161.115005,161.149993,160.690002,160.770004,16521.0,ABNB.NYSE-4-HOUR-LAST-EXTERNAL
2022-04-11 19:55:00,159.725006,160.339996,159.699996,160.059997,231937.0,ABNB.NYSE-4-HOUR-LAST-EXTERNAL
2022-04-12 15:55:00,164.339996,164.339996,163.440002,163.470001,23646.0,ABNB.NYSE-4-HOUR-LAST-EXTERNAL
2022-04-12 19:55:00,160.649993,160.75,159.929992,160.100006,435030.0,ABNB.NYSE-4-HOUR-LAST-EXTERNAL
2022-04-13 15:55:00,169.470001,169.75,169.470001,169.690002,38154.0,ABNB.NYSE-4-HOUR-LAST-EXTERNAL
2022-04-13 19:55:00,172.220001,172.264999,171.800003,171.820007,306904.0,ABNB.NYSE-4-HOUR-LAST-EXTERNAL
2022-04-14 15:55:00,172.007003,172.039993,171.830001,171.940002,14035.0,ABNB.NYSE-4-HOUR-LAST-EXTERNAL
2022-04-14 19:55:00,170.940002,171.199996,170.710006,170.720001,238491.0,ABNB.NYSE-4-HOUR-LAST-EXTERNAL
2022-04-18 15:55:00,165.690002,165.820007,165.570007,165.75,13068.0,ABNB.NYSE-4-HOUR-LAST-EXTERNAL
2022-04-18 19:55:00,165.365005,165.830001,165.169998,165.789993,192614.0,ABNB.NYSE-4-HOUR-LAST-EXTERNAL
2022-04-19 15:55:00,170.009994,170.059997,169.669998,169.740005,32721.0,ABNB.NYSE-4-HOUR-LAST-EXTERNAL
2022-04-19 19:55:00,170.225006,170.225006,169.619995,170.160003,210730.0,ABNB.NYSE-4-HOUR-LAST-EXTERNAL
2022-04-20 15:55:00,167.244995,167.339996,166.839996,166.942703,16533.0,ABNB.NYSE-4-HOUR-LAST-EXTERNAL
2022-04-20 19:55:00,164.940002,165.039993,164.330001,164.440002,280560.0,ABNB.NYSE-4-HOUR-LAST-EXTERNAL
2022-04-21 15:55:00,162.160003,162.160003,161.0,161.074996,79635.0,ABNB.NYSE-4-HOUR-LAST-EXTERNAL
2022-04-21 19:55:00,158.074996,158.160003,157.61,157.699996,262844.0,ABNB.NYSE-4-HOUR-LAST-EXTERNAL
2022-04-22 15:55:00,155.970001,156.220001,155.720001,155.7444,26379.0,ABNB.NYSE-4-HOUR-LAST-EXTERNAL
2022-04-22 19:55:00,156.550003,156.660003,155.919998,155.960006,327241.0,ABNB.NYSE-4-HOUR-LAST-EXTERNAL
2022-04-25 15:55:00,156.970001,157.169906,156.7975,156.7975,17110.0,ABNB.NYSE-4-HOUR-LAST-EXTERNAL
2022-04-25 19:55:00,158.75,158.945007,158.160003,158.36,246108.0,ABNB.NYSE-4-HOUR-LAST-EXTERNAL
2022-04-26 15:55:00,154.639999,154.639999,154.160003,154.185592,36573.0,ABNB.NYSE-4-HOUR-LAST-EXTERNAL
2022-04-26 19:55:00,153.339996,153.630004,152.970001,153.024993,235417.0,ABNB.NYSE-4-HOUR-LAST-EXTERNAL
2022-04-27 15:55:00,152.119995,152.770004,152.059997,152.639999,22236.0,ABNB.NYSE-4-HOUR-LAST-EXTERNAL
2022-04-27 19:55:00,152.130004,152.554992,152.070007,152.179992,244499.0,ABNB.NYSE-4-HOUR-LAST-EXTERNAL
2022-04-28 15:55:00,155.065002,155.065002,154.604995,155.014297,30100.0,ABNB.NYSE-4-HOUR-LAST-EXTERNAL
2022-04-28 19:55:00,159.764999,159.830001,159.429992,159.740005,254085.0,ABNB.NYSE-4-HOUR-LAST-EXTERNAL
2022-04-29 15:55:00,160.139999,160.220001,159.479995,159.614105,15057.0,ABNB.NYSE-4-HOUR-LAST-EXTERNAL
2022-04-29 19:55:00,153.520004,153.559997,153.029998,153.199996,373084.0,ABNB.NYSE-4-HOUR-LAST-EXTERNAL
2022-05-02 15:55:00,148.940002,149.520004,148.809997,149.169998,52588.0,ABNB.NYSE-4-HOUR-LAST-EXTERNAL
2022-05-02 19:55:00,152.770004,153.130004,152.636901,152.779998,375787.0,ABNB.NYSE-4-HOUR-LAST-EXTERNAL
2022-05-03 15:55:00,143.800003,143.824996,143.240005,143.389999,161262.0,ABNB.NYSE-4-HOUR-LAST-EXTERNAL
2022-05-03 19:55:00,144.899993,145.100006,144.542007,145.0,639842.0,ABNB.NYSE-4-HOUR-LAST-EXTERNAL
2022-05-04 15:55:00,147.679992,147.699996,146.070007,146.300003,164069.0,ABNB.NYSE-4-HOUR-LAST-EXTERNAL
2022-05-04 19:55:00,155.550003,156.470001,155.419998,156.229995,539993.0,ABNB.NYSE-4-HOUR-LAST-EXTERNAL
2022-05-05 15:55:00,141.619995,141.86,141.249206,141.414993,77578.0,ABNB.NYSE-4-HOUR-LAST-EXTERNAL
2022-05-05 19:55:00,142.699996,143.375,142.479995,143.070007,617125.0,ABNB.NYSE-4-HOUR-LAST-EXTERNAL
2022-05-06 15:55:00,138.195007,138.919998,137.975006,138.0,78030.0,ABNB.NYSE-4-HOUR-LAST-EXTERNAL
2022-05-06 19:55:00,135.809997,136.039993,135.529998,135.839996,388829.0,ABNB.NYSE-4-HOUR-LAST-EXTERNAL
2022-05-09 15:55:00,125.235,125.470001,124.419998,124.444999,106235.0,ABNB.NYSE-4-HOUR-LAST-EXTERNAL
2022-05-09 19:55:00,118.925003,119.68,118.86,119.370002,604223.0,ABNB.NYSE-4-HOUR-LAST-EXTERNAL
2022-05-10 15:55:00,115.900001,116.11,115.160003,115.864997,114150.0,ABNB.NYSE-4-HOUR-LAST-EXTERNAL
2022-05-10 19:55:00,116.419998,116.43,115.529998,116.129997,628837.0,ABNB.NYSE-4-HOUR-LAST-EXTERNAL
2022-05-11 15:55:00,120.879997,120.879997,120.209999,120.330001,117168.0,ABNB.NYSE-4-HOUR-LAST-EXTERNAL
2022-05-11 19:55:00,116.160003,116.220001,115.940002,116.089996,355027.0,ABNB.NYSE-4-HOUR-LAST-EXTERNAL
2022-05-12 15:55:00,115.800003,115.980003,115.379997,115.480003,62085.0,ABNB.NYSE-4-HOUR-LAST-EXTERNAL
2022-05-12 19:55:00,115.080001,116.169998,115.035003,115.93,469076.0,ABNB.NYSE-4-HOUR-LAST-EXTERNAL
2022-05-13 15:55:00,121.599998,121.690002,121.059997,121.190002,57877.0,ABNB.NYSE-4-HOUR-LAST-EXTERNAL
2022-05-13 19:55:00,121.120002,121.519996,120.919998,121.510002,318801.0,ABNB.NYSE-4-HOUR-LAST-EXTERNAL
2022-05-16 15:55:00,115.730003,115.980796,115.529998,115.779998,63845.0,ABNB.NYSE-4-HOUR-LAST-EXTERNAL
2022-05-16 19:55:00,114.809997,114.910003,114.120002,114.480003,438885.0,ABNB.NYSE-4-HOUR-LAST-EXTERNAL
2022-05-17 15:55:00,117.019996,117.019996,116.504997,116.6492,37901.0,ABNB.NYSE-4-HOUR-LAST-EXTERNAL
2022-05-17 19:55:00,117.370002,117.5,117.18,117.449996,252468.0,ABNB.NYSE-4-HOUR-LAST-EXTERNAL
2022-05-18 15:55:00,112.029998,112.459999,111.905296,112.199996,82460.0,ABNB.NYSE-4-HOUR-LAST-EXTERNAL
2022-05-18 19:55:00,107.694999,108.224998,107.650001,108.010002,592581.0,ABNB.NYSE-4-HOUR-LAST-EXTERNAL
2022-05-19 15:55:00,114.239997,114.779998,113.93,114.709999,65556.0,ABNB.NYSE-4-HOUR-LAST-EXTERNAL
2022-05-19 19:55:00,113.949996,114.239997,113.845001,114.169998,381024.0,ABNB.NYSE-4-HOUR-LAST-EXTERNAL
2022-05-20 15:55:00,111.18,111.247802,110.839996,110.894996,59684.0,ABNB.NYSE-4-HOUR-LAST-EXTERNAL
2022-05-20 19:55:00,112.5,112.68,112.209999,112.470001,272269.0,ABNB.NYSE-4-HOUR-LAST-EXTERNAL
2022-05-23 15:55:00,113.400001,113.760002,113.400001,113.510002,39873.0,ABNB.NYSE-4-HOUR-LAST-EXTERNAL
2022-05-23 19:55:00,112.669998,113.389999,112.639999,113.199996,270307.0,ABNB.NYSE-4-HOUR-LAST-EXTERNAL
2022-05-24 15:55:00,106.519996,107.120002,106.300003,106.664001,48386.0,ABNB.NYSE-4-HOUR-LAST-EXTERNAL
2022-05-24 19:55:00,105.944999,106.319999,105.757202,106.239997,375852.0,ABNB.NYSE-4-HOUR-LAST-EXTERNAL
2022-05-25 15:55:00,108.730003,109.160003,108.709999,108.724998,41863.0,ABNB.NYSE-4-HOUR-LAST-EXTERNAL
2022-05-25 19:55:00,110.150001,110.419998,110.059997,110.339996,300977.0,ABNB.NYSE-4-HOUR-LAST-EXTERNAL
2022-05-26 15:55:00,113.262802,113.510002,113.230003,113.321403,100121.0,ABNB.NYSE-4-HOUR-LAST-EXTERNAL
2022-05-26 19:55:00,114.309997,114.355003,114.139999,114.315002,271639.0,ABNB.NYSE-4-HOUR-LAST-EXTERNAL
2022-05-27 15:55:00,119.629997,119.800003,119.599998,119.709999,49892.0,ABNB.NYSE-4-HOUR-LAST-EXTERNAL
2022-05-27 19:55:00,120.080001,120.54,120.069999,120.54,400476.0,ABNB.NYSE-4-HOUR-LAST-EXTERNAL
2022-05-31 15:55:00,121.510002,121.819999,121.5,121.79,41910.0,ABNB.NYSE-4-HOUR-LAST-EXTERNAL
2022-05-31 19:55:00,120.839996,121.29,120.739997,120.919998,702679.0,ABNB.NYSE-4-HOUR-LAST-EXTERNAL
2022-06-01 15:55:00,116.260002,116.279998,115.620002,115.669998,60083.0,ABNB.NYSE-4-HOUR-LAST-EXTERNAL
2022-06-01 19:55:00,117.0,117.114997,116.61,116.720001,274445.0,ABNB.NYSE-4-HOUR-LAST-EXTERNAL
2022-06-02 15:55:00,120.800003,120.800003,120.504997,120.54,39158.0,ABNB.NYSE-4-HOUR-LAST-EXTERNAL
2022-06-02 19:55:00,121.120002,121.449996,120.970001,121.25,290610.0,ABNB.NYSE-4-HOUR-LAST-EXTERNAL
2022-06-03 15:55:00,118.169998,118.949996,118.169998,118.800003,338048.0,ABNB.NYSE-4-HOUR-LAST-EXTERNAL
2022-06-03 19:55:00,119.910003,120.050003,119.760002,119.830001,248726.0,ABNB.NYSE-4-HOUR-LAST-EXTERNAL
2022-06-06 15:55:00,121.964996,122.254699,121.800003,122.072898,43046.0,ABNB.NYSE-4-HOUR-LAST-EXTERNAL
2022-06-06 19:55:00,122.139999,122.319999,121.819999,122.019996,206895.0,ABNB.NYSE-4-HOUR-LAST-EXTERNAL
2022-06-07 15:55:00,121.690002,122.190002,121.690002,122.160003,35014.0,ABNB.NYSE-4-HOUR-LAST-EXTERNAL
2022-06-07 19:55:00,122.959999,123.099998,122.855003,122.900001,165901.0,ABNB.NYSE-4-HOUR-LAST-EXTERNAL
2022-06-08 15:55:00,124.745002,124.93,124.639999,124.830001,17966.0,ABNB.NYSE-4-HOUR-LAST-EXTERNAL
2022-06-08 19:55:00,123.525001,123.839996,123.525001,123.819999,141757.0,ABNB.NYSE-4-HOUR-LAST-EXTERNAL
2022-06-09 15:55:00,119.569999,119.669898,119.440002,119.476402,31265.0,ABNB.NYSE-4-HOUR-LAST-EXTERNAL
2022-06-09 19:55:00,115.959999,116.050003,115.68,115.709999,312304.0,ABNB.NYSE-4-HOUR-LAST-EXTERNAL
2022-06-10 15:55:00,109.309997,110.0,109.309997,109.805,40718.0,ABNB.NYSE-4-HOUR-LAST-EXTERNAL
2022-06-10 19:55:00,108.980003,109.150001,108.764999,108.910003,376211.0,ABNB.NYSE-4-HOUR-LAST-EXTERNAL
2022-06-13 15:55:00,99.912498,100.119102,99.699996,100.04,157588.0,ABNB.NYSE-4-HOUR-LAST-EXTERNAL
2022-06-13 19:55:00,99.089996,99.150001,98.849998,98.93,504941.0,ABNB.NYSE-4-HOUR-LAST-EXTERNAL
2022-06-14 15:55:00,98.940002,98.980003,98.844596,98.925003,53746.0,ABNB.NYSE-4-HOUR-LAST-EXTERNAL
2022-06-14 19:55:00,99.069999,99.11,98.849998,98.86,318145.0,ABNB.NYSE-4-HOUR-LAST-EXTERNAL
2022-06-15 15:55:00,100.330001,100.510002,100.199996,100.3899,38593.0,ABNB.NYSE-4-HOUR-LAST-EXTERNAL
2022-06-15 19:55:00,101.269996,101.580001,101.199996,101.529998,253589.0,ABNB.NYSE-4-HOUR-LAST-EXTERNAL
2022-06-16 15:55:00,93.580001,93.889999,93.489997,93.767997,57078.0,ABNB.NYSE-4-HOUR-LAST-EXTERNAL
2022-06-16 19:55:00,93.120002,93.370002,93.0,93.279998,466291.0,ABNB.NYSE-4-HOUR-LAST-EXTERNAL
2022-06-17 15:55:00,96.900001,97.389999,96.820098,97.11,80871.0,ABNB.NYSE-4-HOUR-LAST-EXTERNAL
2022-06-17 19:55:00,99.580001,99.819999,99.459999,99.5,554741.0,ABNB.NYSE-4-HOUR-LAST-EXTERNAL
2022-06-21 15:55:00,102.720001,102.959999,102.535003,102.54,41247.0,ABNB.NYSE-4-HOUR-LAST-EXTERNAL
2022-06-21 19:55:00,102.36,102.43,102.190002,102.269996,354889.0,ABNB.NYSE-4-HOUR-LAST-EXTERNAL
2022-06-22 15:55:00,99.989997,100.220001,99.720001,99.949996,100391.0,ABNB.NYSE-4-HOUR-LAST-EXTERNAL
2022-06-22 19:55:00,99.690002,99.864997,99.470001,99.529998,507346.0,ABNB.NYSE-4-HOUR-LAST-EXTERNAL
2022-06-23 15:55:00,95.919998,95.919998,95.605003,95.690002,65864.0,ABNB.NYSE-4-HOUR-LAST-EXTERNAL
2022-06-23 19:55:00,95.319999,95.800003,95.300003,95.720001,477096.0,ABNB.NYSE-4-HOUR-LAST-EXTERNAL
2022-06-24 15:55:00,102.059997,102.419998,101.889999,102.409301,111356.0,ABNB.NYSE-4-HOUR-LAST-EXTERNAL
2022-06-24 19:55:00,103.580001,103.650001,103.269996,103.569999,590809.0,ABNB.NYSE-4-HOUR-LAST-EXTERNAL
2022-06-27 15:55:00,101.400001,101.440002,101.059997,101.120002,48385.0,ABNB.NYSE-4-HOUR-LAST-EXTERNAL
2022-06-27 19:55:00,101.205001,101.510002,101.18,101.5,238578.0,ABNB.NYSE-4-HOUR-LAST-EXTERNAL
2022-06-28 15:55:00,99.220001,99.559997,99.080001,99.275001,84731.0,ABNB.NYSE-4-HOUR-LAST-EXTERNAL
2022-06-28 19:55:00,97.839996,97.861602,97.440002,97.529998,313444.0,ABNB.NYSE-4-HOUR-LAST-EXTERNAL
2022-06-29 15:55:00,93.18,93.279998,93.050003,93.171501,51476.0,ABNB.NYSE-4-HOUR-LAST-EXTERNAL
2022-06-29 19:55:00,93.989997,94.069999,93.830001,93.93,272331.0,ABNB.NYSE-4-HOUR-LAST-EXTERNAL
2022-06-30 15:55:00,89.760002,90.160003,89.660003,90.099998,86392.0,ABNB.NYSE-4-HOUR-LAST-EXTERNAL
2022-06-30 19:55:00,88.840103,89.125,88.739997,89.089996,437439.0,ABNB.NYSE-4-HOUR-LAST-EXTERNAL
2022-07-01 15:55:00,89.809997,90.04,89.760002,90.04,37421.0,ABNB.NYSE-4-HOUR-LAST-EXTERNAL
2022-07-01 19:55:00,91.25,91.459999,91.169998,91.410003,333427.0,ABNB.NYSE-4-HOUR-LAST-EXTERNAL
2022-07-05 15:55:00,93.29,93.75,93.29,93.599998,82867.0,ABNB.NYSE-4-HOUR-LAST-EXTERNAL
2022-07-05 19:55:00,95.830001,95.940002,95.639999,95.900001,337751.0,ABNB.NYSE-4-HOUR-LAST-EXTERNAL
2022-07-06 15:55:00,92.11,92.260002,91.959999,92.11,32012.0,ABNB.NYSE-4-HOUR-LAST-EXTERNAL
2022-07-06 19:55:00,92.410003,92.949996,92.400001,92.879997,263419.0,ABNB.NYSE-4-HOUR-LAST-EXTERNAL
2022-07-07 15:55:00,94.065002,94.339996,94.065002,94.330001,58251.0,ABNB.NYSE-4-HOUR-LAST-EXTERNAL
2022-07-07 19:55:00,97.5,97.550003,97.349998,97.5,502931.0,ABNB.NYSE-4-HOUR-LAST-EXTERNAL
2022-07-08 15:55:00,97.43,97.569999,97.324996,97.489997,39890.0,ABNB.NYSE-4-HOUR-LAST-EXTERNAL
2022-07-08 19:55:00,97.169998,97.440002,97.169998,97.349998,208025.0,ABNB.NYSE-4-HOUR-LAST-EXTERNAL
2022-07-11 15:55:00,94.809997,94.980003,94.724998,94.849998,32398.0,ABNB.NYSE-4-HOUR-LAST-EXTERNAL
2022-07-11 19:55:00,94.769996,95.300003,94.769996,95.099998,288689.0,ABNB.NYSE-4-HOUR-LAST-EXTERNAL
2022-07-12 15:55:00,95.775001,96.11,95.720001,96.11,23883.0,ABNB.NYSE-4-HOUR-LAST-EXTERNAL
2022-07-12 19:55:00,96.660003,96.694999,96.489997,96.559997,300250.0,ABNB.NYSE-4-HOUR-LAST-EXTERNAL
2022-07-13 15:55:00,95.43,95.580001,95.36,95.489997,33174.0,ABNB.NYSE-4-HOUR-LAST-EXTERNAL
2022-07-13 19:55:00,95.949996,95.970001,95.580001,95.61,311213.0,ABNB.NYSE-4-HOUR-LAST-EXTERNAL
2022-07-14 15:55:00,91.629997,91.910003,91.410003,91.900001,57043.0,ABNB.NYSE-4-HOUR-LAST-EXTERNAL
2022-07-14 19:55:00,90.86,91.169998,90.86,91.050003,426912.0,ABNB.NYSE-4-HOUR-LAST-EXTERNAL
2022-07-15 15:55:00,93.970001,94.1091,93.868202,93.900001,85174.0,ABNB.NYSE-4-HOUR-LAST-EXTERNAL
2022-07-15 19:55:00,94.809997,94.830001,94.620002,94.660003,562188.0,ABNB.NYSE-4-HOUR-LAST-EXTERNAL
2022-07-18 15:55:00,101.199996,101.370002,101.059997,101.309997,139897.0,ABNB.NYSE-4-HOUR-LAST-EXTERNAL
2022-07-18 19:55:00,97.625,97.849998,97.510002,97.669998,237120.0,ABNB.NYSE-4-HOUR-LAST-EXTERNAL
2022-07-19 15:55:00,100.730796,100.879997,100.654998,100.879997,29488.0,ABNB.NYSE-4-HOUR-LAST-EXTERNAL
2022-07-19 19:55:00,102.099998,102.349998,102.099998,102.199996,344296.0,ABNB.NYSE-4-HOUR-LAST-EXTERNAL
2022-07-20 15:55:00,108.29,108.419998,108.209999,108.29,87886.0,ABNB.NYSE-4-HOUR-LAST-EXTERNAL
2022-07-20 19:55:00,107.5,107.800003,107.5,107.730003,378899.0,ABNB.NYSE-4-HOUR-LAST-EXTERNAL
2022-07-21 15:55:00,105.805,106.099998,105.805,105.889999,32534.0,ABNB.NYSE-4-HOUR-LAST-EXTERNAL
2022-07-21 19:55:00,108.160003,108.25,107.989997,108.139999,315925.0,ABNB.NYSE-4-HOUR-LAST-EXTERNAL
2022-07-22 15:55:00,104.519798,104.519897,104.150001,104.375,22084.0,ABNB.NYSE-4-HOUR-LAST-EXTERNAL
2022-07-22 19:55:00,103.919998,104.04,103.870002,103.989997,148113.0,ABNB.NYSE-4-HOUR-LAST-EXTERNAL
2022-07-25 15:55:00,104.5,104.870002,104.5,104.787498,25112.0,ABNB.NYSE-4-HOUR-LAST-EXTERNAL
2022-07-25 19:55:00,104.870002,105.0,104.79,104.919998,152586.0,ABNB.NYSE-4-HOUR-LAST-EXTERNAL
2022-07-26 15:55:00,101.480003,101.529998,101.370002,101.395401,25857.0,ABNB.NYSE-4-HOUR-LAST-EXTERNAL
2022-07-26 19:55:00,102.099998,102.190002,101.849998,101.900001,214239.0,ABNB.NYSE-4-HOUR-LAST-EXTERNAL
2022-07-27 15:55:00,106.389999,106.474998,106.25,106.269996,37194.0,ABNB.NYSE-4-HOUR-LAST-EXTERNAL
2022-07-27 19:55:00,107.440002,107.54,107.230003,107.36,328684.0,ABNB.NYSE-4-HOUR-LAST-EXTERNAL
2022-07-28 15:55:00,108.11,108.389999,108.099998,108.150001,26564.0,ABNB.NYSE-4-HOUR-LAST-EXTERNAL
2022-07-28 19:55:00,108.720001,108.970001,108.569999,108.830001,290208.0,ABNB.NYSE-4-HOUR-LAST-EXTERNAL
2022-07-29 15:55:00,108.620002,108.699996,108.489997,108.599998,40006.0,ABNB.NYSE-4-HOUR-LAST-EXTERNAL
2022-07-29 19:55:00,110.699996,111.160003,110.699996,110.980003,371322.0,ABNB.NYSE-4-HOUR-LAST-EXTERNAL
2022-08-01 15:55:00,112.36,112.510002,112.230003,112.279998,54049.0,ABNB.NYSE-4-HOUR-LAST-EXTERNAL
2022-08-01 19:55:00,111.099998,111.339996,111.089996,111.220001,204401.0,ABNB.NYSE-4-HOUR-LAST-EXTERNAL
2022-08-02 15:55:00,115.75,115.989997,115.519996,115.690002,72811.0,ABNB.NYSE-4-HOUR-LAST-EXTERNAL
2022-08-02 19:55:00,116.620002,116.730003,116.339996,116.5,576636.0,ABNB.NYSE-4-HOUR-LAST-EXTERNAL
2022-08-03 15:55:00,112.069999,112.819999,111.989601,112.339996,276641.0,ABNB.NYSE-4-HOUR-LAST-EXTERNAL
2022-08-03 19:55:00,114.970001,115.25,114.730003,115.050003,565377.0,ABNB.NYSE-4-HOUR-LAST-EXTERNAL
2022-08-04 15:55:00,118.029998,118.065002,117.580001,117.61,75257.0,ABNB.NYSE-4-HOUR-LAST-EXTERNAL
2022-08-04 19:55:00,119.080001,119.239997,118.910003,119.220001,496799.0,ABNB.NYSE-4-HOUR-LAST-EXTERNAL
2022-08-05 15:55:00,114.93,115.260002,114.849998,115.079002,98103.0,ABNB.NYSE-4-HOUR-LAST-EXTERNAL
2022-08-05 19:55:00,116.949996,117.29,116.949996,117.11,184402.0,ABNB.NYSE-4-HOUR-LAST-EXTERNAL
2022-08-08 15:55:00,116.915,117.109901,116.800003,117.050003,36048.0,ABNB.NYSE-4-HOUR-LAST-EXTERNAL
2022-08-08 19:55:00,115.870002,115.910003,115.684997,115.809997,229980.0,ABNB.NYSE-4-HOUR-LAST-EXTERNAL
2022-08-09 15:55:00,115.139999,115.190002,114.559997,114.635002,59398.0,ABNB.NYSE-4-HOUR-LAST-EXTERNAL
2022-08-09 19:55:00,114.639999,114.650001,114.389999,114.43,294655.0,ABNB.NYSE-4-HOUR-LAST-EXTERNAL
2022-08-10 15:55:00,118.870002,119.029998,118.800003,118.875,59046.0,ABNB.NYSE-4-HOUR-LAST-EXTERNAL
2022-08-10 19:55:00,118.739997,118.769996,118.580001,118.730003,239295.0,ABNB.NYSE-4-HOUR-LAST-EXTERNAL
2022-08-11 15:55:00,122.404998,122.959999,122.324996,122.730003,53950.0,ABNB.NYSE-4-HOUR-LAST-EXTERNAL
2022-08-11 19:55:00,121.809997,121.809997,121.349998,121.470001,208835.0,ABNB.NYSE-4-HOUR-LAST-EXTERNAL
2022-08-12 15:55:00,123.470001,123.660003,123.380897,123.459999,32108.0,ABNB.NYSE-4-HOUR-LAST-EXTERNAL
2022-08-12 19:55:00,124.510002,124.650001,124.29,124.529998,313895.0,ABNB.NYSE-4-HOUR-LAST-EXTERNAL
2022-08-15 15:55:00,125.86,125.919998,125.699996,125.809997,20249.0,ABNB.NYSE-4-HOUR-LAST-EXTERNAL
2022-08-15 19:55:00,125.949996,126.184997,125.910003,126.04,309676.0,ABNB.NYSE-4-HOUR-LAST-EXTERNAL
2022-08-16 15:55:00,124.949996,125.144996,124.764999,125.129997,31485.0,ABNB.NYSE-4-HOUR-LAST-EXTERNAL
2022-08-16 19:55:00,124.400001,124.400001,124.169998,124.239997,186579.0,ABNB.NYSE-4-HOUR-LAST-EXTERNAL
2022-08-17 15:55:00,120.839996,121.027999,120.800003,120.845001,42839.0,ABNB.NYSE-4-HOUR-LAST-EXTERNAL
2022-08-17 19:55:00,121.824996,121.980003,121.75,121.849998,226352.0,ABNB.NYSE-4-HOUR-LAST-EXTERNAL
2022-08-18 15:55:00,121.815002,121.970001,121.815002,121.953201,21084.0,ABNB.NYSE-4-HOUR-LAST-EXTERNAL
2022-08-18 19:55:00,121.129997,121.269996,121.010002,121.269996,146372.0,ABNB.NYSE-4-HOUR-LAST-EXTERNAL
2022-08-19 15:55:00,114.989997,115.04,114.839996,114.870002,54585.0,ABNB.NYSE-4-HOUR-LAST-EXTERNAL
2022-08-19 19:55:00,114.819999,114.870002,114.699996,114.79,210078.0,ABNB.NYSE-4-HOUR-LAST-EXTERNAL
2022-08-22 15:55:00,111.944999,112.160003,111.93,112.160003,65583.0,ABNB.NYSE-4-HOUR-LAST-EXTERNAL
2022-08-22 19:55:00,111.470001,111.525001,111.370002,111.389999,435046.0,ABNB.NYSE-4-HOUR-LAST-EXTERNAL
2022-08-23 15:55:00,111.940002,111.940002,111.699996,111.779998,30347.0,ABNB.NYSE-4-HOUR-LAST-EXTERNAL
2022-08-23 19:55:00,111.550003,111.801002,111.480003,111.510002,299276.0,ABNB.NYSE-4-HOUR-LAST-EXTERNAL
2022-08-24 15:55:00,115.400001,115.476997,115.152801,115.199996,29658.0,ABNB.NYSE-4-HOUR-LAST-EXTERNAL
2022-08-24 19:55:00,114.819999,114.819999,114.43,114.489997,178041.0,ABNB.NYSE-4-HOUR-LAST-EXTERNAL
2022-08-25 15:55:00,116.264999,116.359901,116.11,116.29,33596.0,ABNB.NYSE-4-HOUR-LAST-EXTERNAL
2022-08-25 19:55:00,116.894996,117.069999,116.879997,116.980003,174663.0,ABNB.NYSE-4-HOUR-LAST-EXTERNAL
2022-08-26 15:55:00,114.470001,114.550003,114.04,114.04,21807.0,ABNB.NYSE-4-HOUR-LAST-EXTERNAL
2022-08-26 19:55:00,112.940002,113.129997,112.779998,112.779998,157848.0,ABNB.NYSE-4-HOUR-LAST-EXTERNAL
2022-08-29 15:55:00,114.36,114.599998,114.36,114.54,34220.0,ABNB.NYSE-4-HOUR-LAST-EXTERNAL
2022-08-29 19:55:00,113.760002,113.79,113.4001,113.550003,217152.0,ABNB.NYSE-4-HOUR-LAST-EXTERNAL
2022-08-30 15:55:00,111.464996,111.705001,111.324996,111.324996,22373.0,ABNB.NYSE-4-HOUR-LAST-EXTERNAL
2022-08-30 19:55:00,112.370002,112.650001,112.239997,112.584999,250149.0,ABNB.NYSE-4-HOUR-LAST-EXTERNAL
2022-08-31 15:55:00,113.839996,114.089996,113.822097,113.830001,37199.0,ABNB.NYSE-4-HOUR-LAST-EXTERNAL
2022-08-31 19:55:00,113.580001,113.68,113.019996,113.029998,303948.0,ABNB.NYSE-4-HOUR-LAST-EXTERNAL
2022-09-01 15:55:00,108.319999,108.43,108.169998,108.404998,64836.0,ABNB.NYSE-4-HOUR-LAST-EXTERNAL
2022-09-01 19:55:00,113.169998,113.579498,113.139999,113.439002,314200.0,ABNB.NYSE-4-HOUR-LAST-EXTERNAL
2022-09-02 15:55:00,115.989997,116.0,115.75,115.86,25209.0,ABNB.NYSE-4-HOUR-LAST-EXTERNAL
2022-09-02 19:55:00,113.730003,113.839996,113.385002,113.690002,271389.0,ABNB.NYSE-4-HOUR-LAST-EXTERNAL
2022-09-06 15:55:00,113.550003,113.870002,113.410003,113.419998,38371.0,ABNB.NYSE-4-HOUR-LAST-EXTERNAL
2022-09-06 19:55:00,113.599998,113.779998,113.449996,113.690002,220191.0,ABNB.NYSE-4-HOUR-LAST-EXTERNAL
2022-09-07 15:55:00,115.148498,115.230003,115.080001,115.129997,31080.0,ABNB.NYSE-4-HOUR-LAST-EXTERNAL
2022-09-07 19:55:00,116.389999,116.400001,116.0,116.069999,204313.0,ABNB.NYSE-4-HOUR-LAST-EXTERNAL
2022-09-08 15:55:00,117.239997,117.330001,117.069999,117.165,22044.0,ABNB.NYSE-4-HOUR-LAST-EXTERNAL
2022-09-08 19:55:00,118.629997,118.699996,118.379997,118.580001,267156.0,ABNB.NYSE-4-HOUR-LAST-EXTERNAL
2022-09-09 15:55:00,122.440002,122.550003,122.260002,122.550003,60470.0,ABNB.NYSE-4-HOUR-LAST-EXTERNAL
2022-09-09 19:55:00,123.519996,123.709999,123.440002,123.480003,356404.0,ABNB.NYSE-4-HOUR-LAST-EXTERNAL
2022-09-12 15:55:00,125.93,125.980003,125.580001,125.839996,67284.0,ABNB.NYSE-4-HOUR-LAST-EXTERNAL
2022-09-12 19:55:00,124.440002,124.86,124.43,124.79,305268.0,ABNB.NYSE-4-HOUR-LAST-EXTERNAL
2022-09-13 15:55:00,121.669998,121.879997,121.651298,121.769996,38030.0,ABNB.NYSE-4-HOUR-LAST-EXTERNAL
2022-09-13 19:55:00,121.580001,121.879997,121.389999,121.510002,325855.0,ABNB.NYSE-4-HOUR-LAST-EXTERNAL
2022-09-14 15:55:00,124.029998,124.169998,123.809997,123.940696,41432.0,ABNB.NYSE-4-HOUR-LAST-EXTERNAL
2022-09-14 19:55:00,126.699996,127.0,126.5,126.800003,394690.0,ABNB.NYSE-4-HOUR-LAST-EXTERNAL
2022-09-15 15:55:00,126.345001,126.410003,125.970001,126.120002,48774.0,ABNB.NYSE-4-HOUR-LAST-EXTERNAL
2022-09-15 19:55:00,125.080001,125.260002,124.989997,125.04,368260.0,ABNB.NYSE-4-HOUR-LAST-EXTERNAL
2022-09-16 15:55:00,118.870002,119.080001,118.61,119.080001,79162.0,ABNB.NYSE-4-HOUR-LAST-EXTERNAL
2022-09-16 19:55:00,119.459999,119.529998,118.699996,118.779998,700408.0,ABNB.NYSE-4-HOUR-LAST-EXTERNAL
2022-09-19 15:55:00,118.650001,118.729896,118.279998,118.400001,24887.0,ABNB.NYSE-4-HOUR-LAST-EXTERNAL
2022-09-19 19:55:00,118.889999,118.919998,118.669998,118.75,207665.0,ABNB.NYSE-4-HOUR-LAST-EXTERNAL
2022-09-20 15:55:00,121.029998,121.410003,121.029998,121.330001,40757.0,ABNB.NYSE-4-HOUR-LAST-EXTERNAL
2022-09-20 19:55:00,116.830001,116.839996,116.620002,116.709999,292872.0,ABNB.NYSE-4-HOUR-LAST-EXTERNAL
2022-09-21 15:55:00,114.059997,114.220001,113.970001,114.199996,33004.0,ABNB.NYSE-4-HOUR-LAST-EXTERNAL
2022-09-21 19:55:00,114.220001,114.220001,113.819999,114.010002,445783.0,ABNB.NYSE-4-HOUR-LAST-EXTERNAL
2022-09-22 15:55:00,107.004501,107.184898,106.36,106.529998,56569.0,ABNB.NYSE-4-HOUR-LAST-EXTERNAL
2022-09-22 19:55:00,104.099998,104.205001,103.660003,103.720001,362265.0,ABNB.NYSE-4-HOUR-LAST-EXTERNAL
2022-09-23 15:55:00,100.720001,100.86,100.550003,100.760002,44860.0,ABNB.NYSE-4-HOUR-LAST-EXTERNAL
2022-09-23 19:55:00,101.629997,101.849998,101.370002,101.730003,245771.0,ABNB.NYSE-4-HOUR-LAST-EXTERNAL
2022-09-26 15:55:00,103.964996,104.370002,103.944999,104.169998,61501.0,ABNB.NYSE-4-HOUR-LAST-EXTERNAL
2022-09-26 19:55:00,104.059997,104.069999,103.169998,103.230003,316725.0,ABNB.NYSE-4-HOUR-LAST-EXTERNAL
2022-09-27 15:55:00,105.86,105.9262,105.550003,105.574996,48900.0,ABNB.NYSE-4-HOUR-LAST-EXTERNAL
2022-09-27 19:55:00,106.25,106.470001,106.230003,106.370002,256532.0,ABNB.NYSE-4-HOUR-LAST-EXTERNAL
2022-09-28 15:55:00,109.120002,109.375,109.080001,109.080001,35597.0,ABNB.NYSE-4-HOUR-LAST-EXTERNAL
2022-09-28 19:55:00,110.875,111.0,110.650001,110.690002,221187.0,ABNB.NYSE-4-HOUR-LAST-EXTERNAL
2022-09-29 15:55:00,108.269996,108.699996,108.205001,108.68,62466.0,ABNB.NYSE-4-HOUR-LAST-EXTERNAL
2022-09-29 19:55:00,106.519996,106.760002,106.449996,106.699996,236478.0,ABNB.NYSE-4-HOUR-LAST-EXTERNAL
2022-09-30 15:55:00,107.544998,107.61,107.489997,107.510002,33280.0,ABNB.NYSE-4-HOUR-LAST-EXTERNAL
2022-09-30 19:55:00,105.050003,105.269996,104.870002,105.0,370953.0,ABNB.NYSE-4-HOUR-LAST-EXTERNAL
2022-10-03 15:55:00,103.36,103.440002,102.910003,103.029899,47385.0,ABNB.NYSE-4-HOUR-LAST-EXTERNAL
2022-10-03 19:55:00,105.080001,105.084999,104.800003,104.980003,419924.0,ABNB.NYSE-4-HOUR-LAST-EXTERNAL
2022-10-04 15:55:00,111.220001,111.519996,111.160003,111.480003,30021.0,ABNB.NYSE-4-HOUR-LAST-EXTERNAL
2022-10-04 19:55:00,110.75,110.910003,110.61,110.889999,268352.0,ABNB.NYSE-4-HOUR-LAST-EXTERNAL
2022-10-05 15:55:00,108.339996,108.589996,108.230003,108.569999,23615.0,ABNB.NYSE-4-HOUR-LAST-EXTERNAL
2022-10-05 19:55:00,111.635002,112.0,111.620002,111.720001,201171.0,ABNB.NYSE-4-HOUR-LAST-EXTERNAL
2022-10-06 15:55:00,112.0,112.050003,111.065002,111.099998,35968.0,ABNB.NYSE-4-HOUR-LAST-EXTERNAL
2022-10-06 19:55:00,111.620002,111.699996,111.510002,111.660003,264095.0,ABNB.NYSE-4-HOUR-LAST-EXTERNAL
2022-10-07 15:55:00,108.098396,108.410003,108.034698,108.400001,34123.0,ABNB.NYSE-4-HOUR-LAST-EXTERNAL
2022-10-07 19:55:00,108.309997,108.690002,108.269996,108.54,240882.0,ABNB.NYSE-4-HOUR-LAST-EXTERNAL
2022-10-10 15:55:00,110.139999,110.230003,110.010002,110.050003,20472.0,ABNB.NYSE-4-HOUR-LAST-EXTERNAL
2022-10-10 19:55:00,111.514999,111.514999,110.919998,110.989997,239190.0,ABNB.NYSE-4-HOUR-LAST-EXTERNAL
2022-10-11 15:55:00,108.080001,108.510002,108.059997,108.43,38173.0,ABNB.NYSE-4-HOUR-LAST-EXTERNAL
2022-10-11 19:55:00,106.389999,106.885002,106.389999,106.819999,268121.0,ABNB.NYSE-4-HOUR-LAST-EXTERNAL
2022-10-12 15:55:00,110.690002,110.839996,110.459999,110.589996,66541.0,ABNB.NYSE-4-HOUR-LAST-EXTERNAL
2022-10-12 19:55:00,112.449996,112.550003,112.29,112.370002,278999.0,ABNB.NYSE-4-HOUR-LAST-EXTERNAL
2022-10-13 15:55:00,111.459999,111.675003,111.050003,111.275001,32142.0,ABNB.NYSE-4-HOUR-LAST-EXTERNAL
2022-10-13 19:55:00,112.849998,112.86,112.629997,112.639999,262156.0,ABNB.NYSE-4-HOUR-LAST-EXTERNAL
2022-10-14 15:55:00,111.139999,111.154998,110.61,110.639999,63941.0,ABNB.NYSE-4-HOUR-LAST-EXTERNAL
2022-10-14 19:55:00,109.650001,109.650001,109.010002,109.160003,369172.0,ABNB.NYSE-4-HOUR-LAST-EXTERNAL
2022-10-17 15:55:00,116.04,116.199996,115.870002,115.93,46497.0,ABNB.NYSE-4-HOUR-LAST-EXTERNAL
2022-10-17 19:55:00,116.449996,116.529998,116.269996,116.519996,355612.0,ABNB.NYSE-4-HOUR-LAST-EXTERNAL
2022-10-18 15:55:00,116.709999,116.959999,116.410003,116.779998,36524.0,ABNB.NYSE-4-HOUR-LAST-EXTERNAL
2022-10-18 19:55:00,117.910003,118.0,117.639999,117.959999,225789.0,ABNB.NYSE-4-HOUR-LAST-EXTERNAL
2022-10-19 15:55:00,117.474998,117.550003,117.29,117.29,44298.0,ABNB.NYSE-4-HOUR-LAST-EXTERNAL
2022-10-19 19:55:00,116.68,116.93,116.61,116.919998,171627.0,ABNB.NYSE-4-HOUR-LAST-EXTERNAL
2022-10-20 15:55:00,120.410003,120.480003,119.68,119.839996,110539.0,ABNB.NYSE-4-HOUR-LAST-EXTERNAL
2022-10-20 19:55:00,117.54,117.589996,116.93,116.980003,172036.0,ABNB.NYSE-4-HOUR-LAST-EXTERNAL
2022-10-21 15:55:00,117.720001,118.069999,117.599998,117.889999,38987.0,ABNB.NYSE-4-HOUR-LAST-EXTERNAL
2022-10-21 19:55:00,120.209999,120.339996,119.860397,119.919998,288278.0,ABNB.NYSE-4-HOUR-LAST-EXTERNAL
2022-10-24 15:55:00,115.86,116.199996,115.79,116.154998,55694.0,ABNB.NYSE-4-HOUR-LAST-EXTERNAL
2022-10-24 19:55:00,116.459999,116.529998,116.29,116.459999,226883.0,ABNB.NYSE-4-HOUR-LAST-EXTERNAL
2022-10-25 15:55:00,117.519996,117.580001,117.099998,117.224998,58917.0,ABNB.NYSE-4-HOUR-LAST-EXTERNAL
2022-10-25 19:55:00,118.559997,118.639999,118.2901,118.440002,261116.0,ABNB.NYSE-4-HOUR-LAST-EXTERNAL
2022-10-26 15:55:00,118.985702,119.480003,118.985702,119.319999,86202.0,ABNB.NYSE-4-HOUR-LAST-EXTERNAL
2022-10-26 19:55:00,115.449996,115.459999,115.099998,115.309997,245971.0,ABNB.NYSE-4-HOUR-LAST-EXTERNAL
2022-10-27 15:55:00,112.730003,112.758796,112.309997,112.349998,37502.0,ABNB.NYSE-4-HOUR-LAST-EXTERNAL
2022-10-27 19:55:00,112.029998,112.129997,111.925003,112.059997,237266.0,ABNB.NYSE-4-HOUR-LAST-EXTERNAL
2022-10-28 15:55:00,112.68,112.799896,112.441101,112.525001,21046.0,ABNB.NYSE-4-HOUR-LAST-EXTERNAL
2022-10-28 19:55:00,115.150001,115.25,115.050003,115.169998,296489.0,ABNB.NYSE-4-HOUR-LAST-EXTERNAL
2022-10-31 15:55:00,108.949996,109.089996,108.379997,108.879997,131667.0,ABNB.NYSE-4-HOUR-LAST-EXTERNAL
2022-10-31 19:55:00,107.209999,107.209999,106.819999,106.910003,624337.0,ABNB.NYSE-4-HOUR-LAST-EXTERNAL
2022-11-01 15:55:00,109.150001,109.339996,109.105003,109.209999,82299.0,ABNB.NYSE-4-HOUR-LAST-EXTERNAL
2022-11-01 19:55:00,109.04,109.092002,108.940002,108.970001,490858.0,ABNB.NYSE-4-HOUR-LAST-EXTERNAL
2022-11-02 15:55:00,99.095001,99.739997,98.879997,99.724998,341912.0,ABNB.NYSE-4-HOUR-LAST-EXTERNAL
2022-11-02 19:55:00,94.589996,94.730003,94.339996,94.379997,795579.0,ABNB.NYSE-4-HOUR-LAST-EXTERNAL
2022-11-03 15:55:00,93.871803,94.29,93.830001,94.138298,64743.0,ABNB.NYSE-4-HOUR-LAST-EXTERNAL
2022-11-03 19:55:00,92.260002,92.269996,91.919998,92.050003,629681.0,ABNB.NYSE-4-HOUR-LAST-EXTERNAL
2022-11-04 15:55:00,94.779998,94.86,94.459999,94.480003,127860.0,ABNB.NYSE-4-HOUR-LAST-EXTERNAL
2022-11-04 19:55:00,95.910003,96.150001,95.870002,96.099998,620126.0,ABNB.NYSE-4-HOUR-LAST-EXTERNAL
2022-11-07 15:55:00,94.54,94.550003,94.2406,94.43,91796.0,ABNB.NYSE-4-HOUR-LAST-EXTERNAL
2022-11-07 19:55:00,95.220001,95.269996,94.879997,95.139999,95039.0,ABNB.NYSE-4-HOUR-LAST-EXTERNAL
2022-11-07 21:00:00,95.459999,95.459999,95.459999,95.459999,319974.0,ABNB.NYSE-4-HOUR-LAST-EXTERNAL
2022-11-08 15:55:00,98.29,98.735,98.285003,98.480003,112601.0,ABNB.NYSE-4-HOUR-LAST-EXTERNAL
2022-11-08 19:55:00,98.410003,98.43,98.235,98.235,38088.0,ABNB.NYSE-4-HOUR-LAST-EXTERNAL
2022-11-08 21:00:00,98.900001,98.900001,98.900001,98.900001,368835.0,ABNB.NYSE-4-HOUR-LAST-EXTERNAL
2022-11-09 15:55:00,96.919998,97.139999,96.644996,96.800003,53668.0,ABNB.NYSE-4-HOUR-LAST-EXTERNAL
2022-11-09 19:55:00,95.370002,95.370002,95.230003,95.349998,27461.0,ABNB.NYSE-4-HOUR-LAST-EXTERNAL
2022-11-09 21:00:00,95.79,95.79,95.79,95.79,330434.0,ABNB.NYSE-4-HOUR-LAST-EXTERNAL
2022-11-10 15:55:00,101.551597,102.089996,101.449996,101.980003,143876.0,ABNB.NYSE-4-HOUR-LAST-EXTERNAL
2022-11-10 19:55:00,101.129997,101.169998,101.0335,101.139999,32610.0,ABNB.NYSE-4-HOUR-LAST-EXTERNAL
2022-11-10 21:00:00,102.400001,102.400001,102.400001,102.400001,496718.0,ABNB.NYSE-4-HOUR-LAST-EXTERNAL
2022-11-11 15:55:00,107.18,107.43,106.959999,107.230003,45810.0,ABNB.NYSE-4-HOUR-LAST-EXTERNAL
2022-11-11 19:55:00,109.709999,109.769996,109.599998,109.709999,49960.0,ABNB.NYSE-4-HOUR-LAST-EXTERNAL
2022-11-11 21:00:00,109.569999,109.569999,109.569999,109.569999,299993.0,ABNB.NYSE-4-HOUR-LAST-EXTERNAL
2022-11-14 15:55:00,107.5,107.800003,107.459999,107.519996,32400.0,ABNB.NYSE-4-HOUR-LAST-EXTERNAL
2022-11-14 19:55:00,106.959999,107.069999,106.86,107.0,36743.0,ABNB.NYSE-4-HOUR-LAST-EXTERNAL
2022-11-14 21:00:00,105.160003,105.160003,105.160003,105.160003,410236.0,ABNB.NYSE-4-HOUR-LAST-EXTERNAL
2022-11-15 15:55:00,110.608398,110.699996,110.470001,110.470001,56863.0,ABNB.NYSE-4-HOUR-LAST-EXTERNAL
2022-11-15 19:55:00,107.93,108.36,107.889999,108.309997,65572.0,ABNB.NYSE-4-HOUR-LAST-EXTERNAL
2022-11-15 21:00:00,107.010002,107.010002,107.010002,107.010002,235532.0,ABNB.NYSE-4-HOUR-LAST-EXTERNAL
2022-11-16 15:55:00,104.629997,104.940002,104.629997,104.779998,56617.0,ABNB.NYSE-4-HOUR-LAST-EXTERNAL
2022-11-16 19:55:00,105.309997,105.440002,105.279998,105.404998,20628.0,ABNB.NYSE-4-HOUR-LAST-EXTERNAL
2022-11-16 21:00:00,104.43,104.43,104.43,104.43,265278.0,ABNB.NYSE-4-HOUR-LAST-EXTERNAL
2022-11-17 15:55:00,100.709999,100.745201,100.351799,100.389999,41284.0,ABNB.NYSE-4-HOUR-LAST-EXTERNAL
2022-11-17 19:55:00,100.319999,100.349998,100.18,100.199996,30443.0,ABNB.NYSE-4-HOUR-LAST-EXTERNAL
2022-11-17 21:00:00,99.300003,99.300003,99.300003,99.300003,432358.0,ABNB.NYSE-4-HOUR-LAST-EXTERNAL
2022-11-18 15:55:00,97.224998,97.233398,96.599998,96.730003,83928.0,ABNB.NYSE-4-HOUR-LAST-EXTERNAL
2022-11-18 19:55:00,97.230003,97.559997,97.209999,97.529998,49644.0,ABNB.NYSE-4-HOUR-LAST-EXTERNAL
2022-11-18 21:00:00,97.769996,97.769996,97.769996,97.769996,360106.0,ABNB.NYSE-4-HOUR-LAST-EXTERNAL
2022-11-21 15:55:00,94.019996,94.559997,94.010002,94.480003,111997.0,ABNB.NYSE-4-HOUR-LAST-EXTERNAL
2022-11-21 19:55:00,95.565696,95.620002,95.43,95.470001,27845.0,ABNB.NYSE-4-HOUR-LAST-EXTERNAL
2022-11-21 21:00:00,95.709999,95.709999,95.709999,95.709999,429152.0,ABNB.NYSE-4-HOUR-LAST-EXTERNAL
2022-11-22 15:55:00,94.0,94.199996,93.86,93.949996,66335.0,ABNB.NYSE-4-HOUR-LAST-EXTERNAL
2022-11-22 19:55:00,94.559997,94.582496,94.444999,94.449996,30178.0,ABNB.NYSE-4-HOUR-LAST-EXTERNAL
2022-11-22 21:00:00,95.279998,95.279998,95.279998,95.279998,298312.0,ABNB.NYSE-4-HOUR-LAST-EXTERNAL
2022-11-23 15:55:00,96.349998,96.470001,96.300003,96.364997,47280.0,ABNB.NYSE-4-HOUR-LAST-EXTERNAL
2022-11-23 19:55:00,96.5,96.599998,96.495002,96.550003,37907.0,ABNB.NYSE-4-HOUR-LAST-EXTERNAL
2022-11-23 21:00:00,96.629997,96.629997,96.629997,96.629997,170189.0,ABNB.NYSE-4-HOUR-LAST-EXTERNAL
2022-11-25 15:55:00,97.800003,97.93,97.684997,97.760002,38969.0,ABNB.NYSE-4-HOUR-LAST-EXTERNAL
2022-11-25 18:00:00,97.669998,97.690002,97.599998,97.669998,2241101.0,ABNB.NYSE-4-HOUR-LAST-EXTERNAL
2022-11-28 15:55:00,95.480003,95.650001,95.339996,95.339996,63005.0,ABNB.NYSE-4-HOUR-LAST-EXTERNAL
2022-11-28 19:55:00,95.254997,95.254997,95.04,95.04,24932.0,ABNB.NYSE-4-HOUR-LAST-EXTERNAL
2022-11-28 21:00:00,95.300003,95.300003,95.300003,95.300003,316032.0,ABNB.NYSE-4-HOUR-LAST-EXTERNAL
2022-11-29 15:55:00,96.620002,97.069999,96.580101,96.870002,40907.0,ABNB.NYSE-4-HOUR-LAST-EXTERNAL
2022-11-29 19:55:00,95.639999,95.819999,95.639999,95.815002,27680.0,ABNB.NYSE-4-HOUR-LAST-EXTERNAL
2022-11-29 21:00:00,95.379997,95.379997,95.379997,95.379997,211208.0,ABNB.NYSE-4-HOUR-LAST-EXTERNAL
2022-11-30 15:55:00,96.144996,96.334999,96.099998,96.099998,30317.0,ABNB.NYSE-4-HOUR-LAST-EXTERNAL
2022-11-30 19:55:00,99.701896,99.919998,99.639999,99.904998,43992.0,ABNB.NYSE-4-HOUR-LAST-EXTERNAL
2022-11-30 21:00:00,102.139999,102.139999,102.139999,102.139999,735589.0,ABNB.NYSE-4-HOUR-LAST-EXTERNAL
2022-12-01 15:55:00,99.989997,100.699203,99.900001,100.660003,67098.0,ABNB.NYSE-4-HOUR-LAST-EXTERNAL
2022-12-01 19:55:00,101.440002,101.650001,101.379997,101.644996,33682.0,ABNB.NYSE-4-HOUR-LAST-EXTERNAL
2022-12-01 21:00:00,101.269996,101.269996,101.269996,101.269996,239889.0,ABNB.NYSE-4-HOUR-LAST-EXTERNAL
2022-12-02 15:55:00,100.639999,100.639999,100.220001,100.269996,29043.0,ABNB.NYSE-4-HOUR-LAST-EXTERNAL
2022-12-02 19:55:00,100.319999,100.650001,100.25,100.650001,85779.0,ABNB.NYSE-4-HOUR-LAST-EXTERNAL
2022-12-02 21:00:00,101.0,101.0,101.0,101.0,235569.0,ABNB.NYSE-4-HOUR-LAST-EXTERNAL
2022-12-05 15:55:00,99.830001,100.099998,99.819999,100.059997,21960.0,ABNB.NYSE-4-HOUR-LAST-EXTERNAL
2022-12-05 19:55:00,98.617202,98.660003,98.43,98.629997,27684.0,ABNB.NYSE-4-HOUR-LAST-EXTERNAL
2022-12-05 21:00:00,98.510002,98.510002,98.510002,98.510002,222306.0,ABNB.NYSE-4-HOUR-LAST-EXTERNAL
2022-12-06 15:55:00,93.68,93.779502,93.400001,93.449996,92283.0,ABNB.NYSE-4-HOUR-LAST-EXTERNAL
2022-12-06 19:55:00,92.830001,93.019996,92.699996,92.75,39990.0,ABNB.NYSE-4-HOUR-LAST-EXTERNAL
2022-12-06 21:00:00,93.120002,93.120002,93.120002,93.120002,344664.0,ABNB.NYSE-4-HOUR-LAST-EXTERNAL
2022-12-07 15:55:00,88.8227,89.050003,88.79,88.904998,121173.0,ABNB.NYSE-4-HOUR-LAST-EXTERNAL
2022-12-07 19:55:00,90.724502,90.811798,90.637001,90.788497,60872.0,ABNB.NYSE-4-HOUR-LAST-EXTERNAL
2022-12-07 21:00:00,91.5,91.5,91.5,91.5,514457.0,ABNB.NYSE-4-HOUR-LAST-EXTERNAL
2022-12-08 15:55:00,94.269996,94.54,94.25,94.370002,41833.0,ABNB.NYSE-4-HOUR-LAST-EXTERNAL
2022-12-08 19:55:00,94.730003,94.764999,94.455001,94.489997,63946.0,ABNB.NYSE-4-HOUR-LAST-EXTERNAL
2022-12-08 21:00:00,94.830001,94.830001,94.830001,94.830001,275569.0,ABNB.NYSE-4-HOUR-LAST-EXTERNAL
2022-12-09 15:55:00,95.930198,96.150001,95.839996,96.150001,31149.0,ABNB.NYSE-4-HOUR-LAST-EXTERNAL
2022-12-09 19:55:00,96.0,96.010002,95.940002,95.949996,19910.0,ABNB.NYSE-4-HOUR-LAST-EXTERNAL
2022-12-09 21:00:00,94.699996,94.699996,94.699996,94.699996,239152.0,ABNB.NYSE-4-HOUR-LAST-EXTERNAL
2022-12-12 15:55:00,94.870002,94.959999,94.739997,94.944999,52282.0,ABNB.NYSE-4-HOUR-LAST-EXTERNAL
2022-12-12 19:55:00,95.870002,95.959999,95.870002,95.910003,38147.0,ABNB.NYSE-4-HOUR-LAST-EXTERNAL
2022-12-12 21:00:00,95.580001,95.580001,95.580001,95.580001,405855.0,ABNB.NYSE-4-HOUR-LAST-EXTERNAL
2022-12-13 15:55:00,94.900001,95.099998,94.43,95.099998,128104.0,ABNB.NYSE-4-HOUR-LAST-EXTERNAL
2022-12-13 19:55:00,93.940002,94.04,93.86,94.019996,40917.0,ABNB.NYSE-4-HOUR-LAST-EXTERNAL
2022-12-13 21:00:00,93.339996,93.339996,93.339996,93.339996,354504.0,ABNB.NYSE-4-HOUR-LAST-EXTERNAL
2022-12-14 15:55:00,92.120002,92.150001,91.849998,91.910003,45698.0,ABNB.NYSE-4-HOUR-LAST-EXTERNAL
2022-12-14 19:55:00,93.449996,93.61,93.11,93.400001,77616.0,ABNB.NYSE-4-HOUR-LAST-EXTERNAL
2022-12-14 21:00:00,93.93,93.93,93.93,93.93,223647.0,ABNB.NYSE-4-HOUR-LAST-EXTERNAL
2022-12-15 15:55:00,90.114997,90.175003,89.944999,90.059997,50115.0,ABNB.NYSE-4-HOUR-LAST-EXTERNAL
2022-12-15 19:55:00,90.415,90.739997,90.379997,90.723701,41302.0,ABNB.NYSE-4-HOUR-LAST-EXTERNAL
2022-12-15 21:00:00,90.61,90.61,90.61,90.61,321500.0,ABNB.NYSE-4-HOUR-LAST-EXTERNAL
2022-12-16 15:55:00,89.450103,89.679901,89.339996,89.61,32307.0,ABNB.NYSE-4-HOUR-LAST-EXTERNAL
2022-12-16 19:55:00,88.769996,89.050003,88.739997,89.050003,39143.0,ABNB.NYSE-4-HOUR-LAST-EXTERNAL
2022-12-16 21:00:00,89.569999,89.569999,89.569999,89.569999,332428.0,ABNB.NYSE-4-HOUR-LAST-EXTERNAL
2022-12-19 15:55:00,86.9999,86.9999,86.650001,86.68,68273.0,ABNB.NYSE-4-HOUR-LAST-EXTERNAL
2022-12-19 19:55:00,85.694801,85.809997,85.660003,85.730003,28681.0,ABNB.NYSE-4-HOUR-LAST-EXTERNAL
2022-12-19 21:00:00,85.93,85.93,85.93,85.93,218615.0,ABNB.NYSE-4-HOUR-LAST-EXTERNAL
2022-12-20 15:55:00,90.0,90.059997,89.419998,89.440002,81592.0,ABNB.NYSE-4-HOUR-LAST-EXTERNAL
2022-12-20 19:55:00,87.379997,87.43,87.260101,87.332397,33695.0,ABNB.NYSE-4-HOUR-LAST-EXTERNAL
2022-12-20 21:00:00,87.620002,87.620002,87.620002,87.620002,262576.0,ABNB.NYSE-4-HOUR-LAST-EXTERNAL
2022-12-21 15:55:00,87.690002,87.969902,87.68,87.93,46416.0,ABNB.NYSE-4-HOUR-LAST-EXTERNAL
2022-12-21 19:55:00,87.080001,87.150001,86.93,87.150001,70947.0,ABNB.NYSE-4-HOUR-LAST-EXTERNAL
2022-12-21 21:00:00,87.069999,87.069999,87.069999,87.069999,317735.0,ABNB.NYSE-4-HOUR-LAST-EXTERNAL
2022-12-22 15:55:00,83.629997,83.68,83.379997,83.639999,68497.0,ABNB.NYSE-4-HOUR-LAST-EXTERNAL
2022-12-22 19:55:00,84.220001,84.281402,84.139999,84.279998,29687.0,ABNB.NYSE-4-HOUR-LAST-EXTERNAL
2022-12-22 21:00:00,84.870002,84.870002,84.870002,84.870002,249374.0,ABNB.NYSE-4-HOUR-LAST-EXTERNAL
2022-12-23 15:55:00,84.964996,84.980003,84.449996,84.510002,20021.0,ABNB.NYSE-4-HOUR-LAST-EXTERNAL
2022-12-23 19:55:00,85.195899,85.289901,85.169998,85.25,38264.0,ABNB.NYSE-4-HOUR-LAST-EXTERNAL
2022-12-23 21:00:00,85.25,85.25,85.25,85.25,221997.0,ABNB.NYSE-4-HOUR-LAST-EXTERNAL
2022-12-27 15:55:00,84.279998,84.29,84.095001,84.190002,28038.0,ABNB.NYSE-4-HOUR-LAST-EXTERNAL
2022-12-27 19:55:00,83.54,83.54,83.480003,83.514999,45433.0,ABNB.NYSE-4-HOUR-LAST-EXTERNAL
2022-12-27 21:00:00,83.489997,83.489997,83.489997,83.489997,201507.0,ABNB.NYSE-4-HOUR-LAST-EXTERNAL
2022-12-28 15:55:00,82.279998,82.410003,82.050003,82.050003,60528.0,ABNB.NYSE-4-HOUR-LAST-EXTERNAL
2022-12-28 19:55:00,83.154998,83.165,83.030998,83.080001,18344.0,ABNB.NYSE-4-HOUR-LAST-EXTERNAL
2022-12-28 21:00:00,82.489997,82.489997,82.489997,82.489997,316606.0,ABNB.NYSE-4-HOUR-LAST-EXTERNAL
2022-12-29 15:55:00,85.169998,85.305,85.120002,85.25,34334.0,ABNB.NYSE-4-HOUR-LAST-EXTERNAL
2022-12-29 19:55:00,84.830001,84.889999,84.809997,84.819999,20405.0,ABNB.NYSE-4-HOUR-LAST-EXTERNAL
2022-12-29 21:00:00,85.230003,85.230003,85.230003,85.230003,203700.0,ABNB.NYSE-4-HOUR-LAST-EXTERNAL
2022-12-30 15:55:00,85.625,85.690002,85.230003,85.265602,34944.0,ABNB.NYSE-4-HOUR-LAST-EXTERNAL
2022-12-30 19:55:00,84.385002,84.400001,84.274902,84.36,17018.0,ABNB.NYSE-4-HOUR-LAST-EXTERNAL
2022-12-30 21:00:00,85.5,85.5,85.5,85.5,201590.0,ABNB.NYSE-4-HOUR-LAST-EXTERNAL
2023-01-03 15:55:00,84.705001,85.399597,84.690002,85.330001,46804.0,ABNB.NYSE-4-HOUR-LAST-EXTERNAL
2023-01-03 19:55:00,85.264999,85.359901,85.099998,85.169998,34071.0,ABNB.NYSE-4-HOUR-LAST-EXTERNAL
2023-01-03 21:00:00,84.900001,84.900001,84.900001,84.900001,212598.0,ABNB.NYSE-4-HOUR-LAST-EXTERNAL
2023-01-04 15:55:00,86.0,86.36,85.93,86.36,65209.0,ABNB.NYSE-4-HOUR-LAST-EXTERNAL
2023-01-04 19:55:00,88.300003,88.639999,88.300003,88.620002,35469.0,ABNB.NYSE-4-HOUR-LAST-EXTERNAL
2023-01-04 21:00:00,88.720001,88.720001,88.720001,88.720001,304609.0,ABNB.NYSE-4-HOUR-LAST-EXTERNAL
2023-01-05 15:55:00,87.599998,87.68,87.510002,87.569999,34848.0,ABNB.NYSE-4-HOUR-LAST-EXTERNAL
2023-01-05 19:55:00,88.019996,88.031501,87.709999,87.709999,19437.0,ABNB.NYSE-4-HOUR-LAST-EXTERNAL
2023-01-05 21:00:00,87.709999,87.709999,87.709999,87.709999,306127.0,ABNB.NYSE-4-HOUR-LAST-EXTERNAL
2023-01-06 15:55:00,86.61,86.739997,86.5,86.589996,35039.0,ABNB.NYSE-4-HOUR-LAST-EXTERNAL
2023-01-06 19:55:00,88.160003,88.160003,88.04,88.120002,25301.0,ABNB.NYSE-4-HOUR-LAST-EXTERNAL
2023-01-06 21:00:00,88.519996,88.519996,88.519996,88.519996,286804.0,ABNB.NYSE-4-HOUR-LAST-EXTERNAL
2023-01-09 15:55:00,91.934997,91.949996,91.300003,91.319999,42324.0,ABNB.NYSE-4-HOUR-LAST-EXTERNAL
2023-01-09 19:55:00,91.11,91.165,90.673797,90.720001,36193.0,ABNB.NYSE-4-HOUR-LAST-EXTERNAL
2023-01-09 21:00:00,89.239997,89.239997,89.239997,89.239997,261189.0,ABNB.NYSE-4-HOUR-LAST-EXTERNAL
2023-01-10 15:55:00,87.769996,87.929901,87.660003,87.869903,60632.0,ABNB.NYSE-4-HOUR-LAST-EXTERNAL
2023-01-10 19:55:00,88.169998,88.18,88.050003,88.150001,25265.0,ABNB.NYSE-4-HOUR-LAST-EXTERNAL
2023-01-10 21:00:00,88.54,88.54,88.54,88.54,231786.0,ABNB.NYSE-4-HOUR-LAST-EXTERNAL
2023-01-11 15:55:00,91.5,91.550003,91.190002,91.223098,93140.0,ABNB.NYSE-4-HOUR-LAST-EXTERNAL
2023-01-11 19:55:00,93.93,93.93,93.760002,93.819999,44813.0,ABNB.NYSE-4-HOUR-LAST-EXTERNAL
2023-01-11 21:00:00,94.440002,94.440002,94.440002,94.440002,412662.0,ABNB.NYSE-4-HOUR-LAST-EXTERNAL
2023-01-12 15:55:00,97.059997,97.120002,96.720001,96.760002,58903.0,ABNB.NYSE-4-HOUR-LAST-EXTERNAL
2023-01-12 19:55:00,98.720001,98.849998,98.650001,98.849998,93285.0,ABNB.NYSE-4-HOUR-LAST-EXTERNAL
2023-01-12 21:00:00,98.489997,98.489997,98.489997,98.489997,383949.0,ABNB.NYSE-4-HOUR-LAST-EXTERNAL
2023-01-13 15:55:00,99.449996,99.639999,99.339996,99.410003,63260.0,ABNB.NYSE-4-HOUR-LAST-EXTERNAL
2023-01-13 19:55:00,100.529998,100.550003,100.434997,100.449996,52597.0,ABNB.NYSE-4-HOUR-LAST-EXTERNAL
2023-01-13 21:00:00,100.370002,100.370002,100.370002,100.370002,708610.0,ABNB.NYSE-4-HOUR-LAST-EXTERNAL
2023-01-17 15:55:00,101.720001,102.095001,101.599998,101.919998,59971.0,ABNB.NYSE-4-HOUR-LAST-EXTERNAL
2023-01-17 19:55:00,101.629997,101.650001,101.4701,101.559997,27235.0,ABNB.NYSE-4-HOUR-LAST-EXTERNAL
2023-01-17 21:00:00,101.269996,101.269996,101.269996,101.269996,324301.0,ABNB.NYSE-4-HOUR-LAST-EXTERNAL
2023-01-18 15:55:00,102.059997,102.730003,102.04,102.699996,57750.0,ABNB.NYSE-4-HOUR-LAST-EXTERNAL
2023-01-18 19:55:00,101.456199,101.705001,101.449996,101.660003,28478.0,ABNB.NYSE-4-HOUR-LAST-EXTERNAL
2023-01-18 21:00:00,101.11,101.11,101.11,101.11,304165.0,ABNB.NYSE-4-HOUR-LAST-EXTERNAL
2023-01-19 15:55:00,98.389999,98.415,98.11,98.260002,53811.0,ABNB.NYSE-4-HOUR-LAST-EXTERNAL
2023-01-19 19:55:00,99.330001,99.438598,99.25,99.25,33646.0,ABNB.NYSE-4-HOUR-LAST-EXTERNAL
2023-01-19 21:00:00,99.099998,99.099998,99.099998,99.099998,241926.0,ABNB.NYSE-4-HOUR-LAST-EXTERNAL
2023-01-20 15:55:00,99.260002,99.54,99.239997,99.449996,39615.0,ABNB.NYSE-4-HOUR-LAST-EXTERNAL
2023-01-20 19:55:00,100.400001,100.529998,100.349998,100.510002,38826.0,ABNB.NYSE-4-HOUR-LAST-EXTERNAL
2023-01-20 21:00:00,101.279998,101.279998,101.279998,101.279998,386016.0,ABNB.NYSE-4-HOUR-LAST-EXTERNAL
2023-01-23 15:55:00,102.470001,102.580001,102.3908,102.3908,17834.0,ABNB.NYSE-4-HOUR-LAST-EXTERNAL
2023-01-23 19:55:00,104.589996,104.776901,104.379997,104.639999,37802.0,ABNB.NYSE-4-HOUR-LAST-EXTERNAL
2023-01-23 21:00:00,105.220001,105.220001,105.220001,105.220001,327060.0,ABNB.NYSE-4-HOUR-LAST-EXTERNAL
2023-01-24 15:55:00,105.010002,105.169998,104.93,104.936096,29828.0,ABNB.NYSE-4-HOUR-LAST-EXTERNAL
2023-01-24 19:55:00,104.898803,104.93,104.779998,104.879997,20744.0,ABNB.NYSE-4-HOUR-LAST-EXTERNAL
2023-01-24 21:00:00,104.129997,104.129997,104.129997,104.129997,254602.0,ABNB.NYSE-4-HOUR-LAST-EXTERNAL
2023-01-25 15:55:00,100.660003,101.18,100.614997,101.18,44331.0,ABNB.NYSE-4-HOUR-LAST-EXTERNAL
2023-01-25 19:55:00,104.25,104.355003,104.209999,104.230003,57382.0,ABNB.NYSE-4-HOUR-LAST-EXTERNAL
2023-01-25 21:00:00,104.440002,104.440002,104.440002,104.440002,262710.0,ABNB.NYSE-4-HOUR-LAST-EXTERNAL
2023-01-26 15:55:00,105.970001,106.04,105.819999,105.915,76198.0,ABNB.NYSE-4-HOUR-LAST-EXTERNAL
2023-01-26 19:55:00,108.319999,108.565002,108.319999,108.559997,65336.0,ABNB.NYSE-4-HOUR-LAST-EXTERNAL
2023-01-26 21:00:00,109.419998,109.419998,109.419998,109.419998,363337.0,ABNB.NYSE-4-HOUR-LAST-EXTERNAL
2023-01-27 15:55:00,110.035003,110.389602,109.934997,110.364997,42930.0,ABNB.NYSE-4-HOUR-LAST-EXTERNAL
2023-01-27 19:55:00,116.089996,116.389999,115.870002,116.230003,184110.0,ABNB.NYSE-4-HOUR-LAST-EXTERNAL
2023-01-27 21:00:00,115.940002,115.940002,115.940002,115.940002,612928.0,ABNB.NYSE-4-HOUR-LAST-EXTERNAL
2023-01-30 15:55:00,111.319999,111.709999,111.300003,111.699996,51712.0,ABNB.NYSE-4-HOUR-LAST-EXTERNAL
2023-01-30 19:55:00,110.300003,110.489997,110.160003,110.470001,31115.0,ABNB.NYSE-4-HOUR-LAST-EXTERNAL
2023-01-30 21:00:00,109.480003,109.480003,109.480003,109.480003,288370.0,ABNB.NYSE-4-HOUR-LAST-EXTERNAL
2023-01-31 15:55:00,109.819999,110.269996,109.79,110.177497,103709.0,ABNB.NYSE-4-HOUR-LAST-EXTERNAL
2023-01-31 19:55:00,110.0,110.139999,110.0,110.120002,20051.0,ABNB.NYSE-4-HOUR-LAST-EXTERNAL
2023-01-31 21:00:00,111.11,111.11,111.11,111.11,290207.0,ABNB.NYSE-4-HOUR-LAST-EXTERNAL
2023-02-01 15:55:00,110.309997,110.410003,110.080001,110.245002,25643.0,ABNB.NYSE-4-HOUR-LAST-EXTERNAL
2023-02-01 19:55:00,112.839996,112.987503,112.339996,112.339996,66212.0,ABNB.NYSE-4-HOUR-LAST-EXTERNAL
2023-02-01 21:00:00,113.989997,113.989997,113.989997,113.989997,279756.0,ABNB.NYSE-4-HOUR-LAST-EXTERNAL
2023-02-02 15:55:00,118.769996,118.769996,118.279998,118.629997,58603.0,ABNB.NYSE-4-HOUR-LAST-EXTERNAL
2023-02-02 19:55:00,117.514999,117.550003,116.900001,116.964996,70981.0,ABNB.NYSE-4-HOUR-LAST-EXTERNAL
2023-02-02 21:00:00,118.519996,118.519996,118.519996,118.519996,345317.0,ABNB.NYSE-4-HOUR-LAST-EXTERNAL
2023-02-03 15:55:00,119.980003,120.069999,119.370697,119.900001,90701.0,ABNB.NYSE-4-HOUR-LAST-EXTERNAL
2023-02-03 19:55:00,119.150001,119.190002,118.559997,118.730003,82486.0,ABNB.NYSE-4-HOUR-LAST-EXTERNAL
2023-02-03 21:00:00,118.699996,118.699996,118.699996,118.699996,274940.0,ABNB.NYSE-4-HOUR-LAST-EXTERNAL
2023-02-06 15:55:00,117.559997,117.900001,117.449996,117.86,34704.0,ABNB.NYSE-4-HOUR-LAST-EXTERNAL
2023-02-06 19:55:00,118.220001,118.239997,118.0,118.190002,29351.0,ABNB.NYSE-4-HOUR-LAST-EXTERNAL
2023-02-06 21:00:00,118.349998,118.349998,118.349998,118.349998,170101.0,ABNB.NYSE-4-HOUR-LAST-EXTERNAL
2023-02-07 15:55:00,116.36,116.36,115.944999,116.129997,44177.0,ABNB.NYSE-4-HOUR-LAST-EXTERNAL
2023-02-07 19:55:00,118.529998,118.61,118.260002,118.519996,46900.0,ABNB.NYSE-4-HOUR-LAST-EXTERNAL
2023-02-07 21:00:00,119.690002,119.690002,119.690002,119.690002,256624.0,ABNB.NYSE-4-HOUR-LAST-EXTERNAL
2023-02-08 15:55:00,117.559997,117.730003,117.349998,117.349998,15254.0,ABNB.NYSE-4-HOUR-LAST-EXTERNAL
2023-02-08 19:55:00,116.220001,116.379997,116.169998,116.370002,34575.0,ABNB.NYSE-4-HOUR-LAST-EXTERNAL
2023-02-08 21:00:00,116.36,116.36,116.36,116.36,212659.0,ABNB.NYSE-4-HOUR-LAST-EXTERNAL
2023-02-09 15:55:00,118.330001,119.0,118.214996,118.995002,47127.0,ABNB.NYSE-4-HOUR-LAST-EXTERNAL
2023-02-09 19:55:00,116.160003,116.160003,115.879997,115.940002,36424.0,ABNB.NYSE-4-HOUR-LAST-EXTERNAL
2023-02-09 21:00:00,114.940002,114.940002,114.940002,114.940002,234317.0,ABNB.NYSE-4-HOUR-LAST-EXTERNAL
2023-02-10 15:55:00,109.300003,109.36,108.940002,109.089996,95022.0,ABNB.NYSE-4-HOUR-LAST-EXTERNAL
2023-02-10 19:55:00,107.819999,107.959999,107.709999,107.86,36719.0,ABNB.NYSE-4-HOUR-LAST-EXTERNAL
2023-02-10 21:00:00,108.870002,108.870002,108.870002,108.870002,333843.0,ABNB.NYSE-4-HOUR-LAST-EXTERNAL
2023-02-13 15:55:00,113.04,113.410003,113.010002,113.11,55405.0,ABNB.NYSE-4-HOUR-LAST-EXTERNAL
2023-02-13 19:55:00,115.269996,115.419998,115.230003,115.410003,46811.0,ABNB.NYSE-4-HOUR-LAST-EXTERNAL
2023-02-13 21:00:00,116.419998,116.419998,116.419998,116.419998,452625.0,ABNB.NYSE-4-HOUR-LAST-EXTERNAL
2023-02-14 15:55:00,117.910003,118.348899,117.760299,118.168998,104109.0,ABNB.NYSE-4-HOUR-LAST-EXTERNAL
2023-02-14 19:55:00,119.830001,119.988197,119.54,119.644996,126917.0,ABNB.NYSE-4-HOUR-LAST-EXTERNAL
2023-02-14 21:00:00,120.870002,120.870002,120.870002,120.870002,763989.0,ABNB.NYSE-4-HOUR-LAST-EXTERNAL
2023-02-15 15:55:00,135.869995,135.979904,134.854202,135.729995,339822.0,ABNB.NYSE-4-HOUR-LAST-EXTERNAL
2023-02-15 19:55:00,138.054992,138.169998,137.300003,137.345001,247645.0,ABNB.NYSE-4-HOUR-LAST-EXTERNAL
2023-02-15 21:00:00,137.009994,137.009994,137.009994,137.009994,749811.0,ABNB.NYSE-4-HOUR-LAST-EXTERNAL
2023-02-16 15:55:00,143.354995,143.529907,142.940002,143.070007,174301.0,ABNB.NYSE-4-HOUR-LAST-EXTERNAL
2023-02-16 19:55:00,142.61,142.809997,142.429992,142.457305,97295.0,ABNB.NYSE-4-HOUR-LAST-EXTERNAL
2023-02-16 21:00:00,139.419998,139.419998,139.419998,139.419998,818047.0,ABNB.NYSE-4-HOUR-LAST-EXTERNAL
2023-02-17 15:55:00,132.990005,132.990005,132.029998,132.089996,196805.0,ABNB.NYSE-4-HOUR-LAST-EXTERNAL
2023-02-17 19:55:00,132.520004,132.789993,132.270004,132.514999,80383.0,ABNB.NYSE-4-HOUR-LAST-EXTERNAL
2023-02-17 21:00:00,131.600006,131.600006,131.600006,131.600006,313720.0,ABNB.NYSE-4-HOUR-LAST-EXTERNAL
2023-02-21 15:55:00,129.964996,130.192001,129.964996,130.0,13366.0,ABNB.NYSE-4-HOUR-LAST-EXTERNAL
2023-02-21 19:55:00,129.1725,129.229995,128.899993,129.0578,47861.0,ABNB.NYSE-4-HOUR-LAST-EXTERNAL
2023-02-21 21:00:00,128.779998,128.779998,128.779998,128.779998,296027.0,ABNB.NYSE-4-HOUR-LAST-EXTERNAL
2023-02-22 15:55:00,127.019996,127.209999,126.779998,127.069999,64385.0,ABNB.NYSE-4-HOUR-LAST-EXTERNAL
2023-02-22 19:55:00,126.819999,126.819999,126.419998,126.419998,44478.0,ABNB.NYSE-4-HOUR-LAST-EXTERNAL
2023-02-22 21:00:00,127.209999,127.209999,127.209999,127.209999,340503.0,ABNB.NYSE-4-HOUR-LAST-EXTERNAL
2023-02-23 15:55:00,123.419998,123.459999,123.099998,123.129997,92220.0,ABNB.NYSE-4-HOUR-LAST-EXTERNAL
2023-02-23 19:55:00,124.970001,124.970001,124.639999,124.75,41421.0,ABNB.NYSE-4-HOUR-LAST-EXTERNAL
2023-02-23 21:00:00,125.519996,125.519996,125.519996,125.519996,227015.0,ABNB.NYSE-4-HOUR-LAST-EXTERNAL
2023-02-24 15:55:00,120.230003,120.849998,120.2201,120.699996,85474.0,ABNB.NYSE-4-HOUR-LAST-EXTERNAL
2023-02-24 19:55:00,122.3992,122.550003,122.220001,122.309997,42123.0,ABNB.NYSE-4-HOUR-LAST-EXTERNAL
2023-02-24 21:00:00,122.779998,122.779998,122.779998,122.779998,319414.0,ABNB.NYSE-4-HOUR-LAST-EXTERNAL
2023-02-27 15:55:00,123.36,123.489997,122.978996,123.449996,47566.0,ABNB.NYSE-4-HOUR-LAST-EXTERNAL
2023-02-27 19:55:00,124.269996,124.529998,124.269996,124.305,37478.0,ABNB.NYSE-4-HOUR-LAST-EXTERNAL
2023-02-27 21:00:00,123.529998,123.529998,123.529998,123.529998,295589.0,ABNB.NYSE-4-HOUR-LAST-EXTERNAL
2023-02-28 15:55:00,123.669998,124.324996,123.650001,124.25,110900.0,ABNB.NYSE-4-HOUR-LAST-EXTERNAL
2023-02-28 19:55:00,124.260002,124.29,124.019996,124.069999,68701.0,ABNB.NYSE-4-HOUR-LAST-EXTERNAL
2023-02-28 21:00:00,123.279998,123.279998,123.279998,123.279998,418856.0,ABNB.NYSE-4-HOUR-LAST-EXTERNAL
2023-03-01 15:55:00,121.767303,121.767303,121.43,121.629997,46168.0,ABNB.NYSE-4-HOUR-LAST-EXTERNAL
2023-03-01 19:55:00,120.605003,120.75,120.559997,120.569999,49227.0,ABNB.NYSE-4-HOUR-LAST-EXTERNAL
2023-03-01 21:00:00,120.830001,120.830001,120.830001,120.830001,285314.0,ABNB.NYSE-4-HOUR-LAST-EXTERNAL
2023-03-02 15:55:00,120.989997,121.25,120.93,120.970001,36783.0,ABNB.NYSE-4-HOUR-LAST-EXTERNAL
2023-03-02 19:55:00,122.870002,123.089996,122.86,122.949996,23529.0,ABNB.NYSE-4-HOUR-LAST-EXTERNAL
2023-03-02 21:00:00,122.379997,122.379997,122.379997,122.379997,177700.0,ABNB.NYSE-4-HOUR-LAST-EXTERNAL
2023-03-03 15:55:00,124.385002,124.709999,124.379997,124.699996,44906.0,ABNB.NYSE-4-HOUR-LAST-EXTERNAL
2023-03-03 19:55:00,125.478698,125.54,125.339996,125.54,44360.0,ABNB.NYSE-4-HOUR-LAST-EXTERNAL
2023-03-03 21:00:00,125.730003,125.730003,125.730003,125.730003,274545.0,ABNB.NYSE-4-HOUR-LAST-EXTERNAL
2023-03-06 15:55:00,128.020004,128.139999,127.809997,127.889999,143883.0,ABNB.NYSE-4-HOUR-LAST-EXTERNAL
2023-03-06 19:55:00,126.084999,126.209899,126.010002,126.089996,30757.0,ABNB.NYSE-4-HOUR-LAST-EXTERNAL
2023-03-06 21:00:00,126.330001,126.330001,126.330001,126.330001,241000.0,ABNB.NYSE-4-HOUR-LAST-EXTERNAL
2023-03-07 15:55:00,127.669998,127.785003,127.239997,127.309997,80870.0,ABNB.NYSE-4-HOUR-LAST-EXTERNAL
2023-03-07 19:55:00,127.540199,127.550003,127.389999,127.519996,27158.0,ABNB.NYSE-4-HOUR-LAST-EXTERNAL
2023-03-07 21:00:00,126.940002,126.940002,126.940002,126.940002,302071.0,ABNB.NYSE-4-HOUR-LAST-EXTERNAL
2023-03-08 15:55:00,126.260002,126.550003,126.230003,126.245002,51523.0,ABNB.NYSE-4-HOUR-LAST-EXTERNAL
2023-03-08 19:55:00,125.309997,125.495002,125.261703,125.29,22048.0,ABNB.NYSE-4-HOUR-LAST-EXTERNAL
2023-03-08 21:00:00,125.0,125.0,125.0,125.0,251312.0,ABNB.NYSE-4-HOUR-LAST-EXTERNAL
2023-03-09 15:55:00,124.059997,124.175003,123.779998,124.175003,87948.0,ABNB.NYSE-4-HOUR-LAST-EXTERNAL
2023-03-09 19:55:00,120.93,120.980003,120.730003,120.949996,88664.0,ABNB.NYSE-4-HOUR-LAST-EXTERNAL
2023-03-09 21:00:00,119.839996,119.839996,119.839996,119.839996,353790.0,ABNB.NYSE-4-HOUR-LAST-EXTERNAL
2023-03-10 15:55:00,120.025001,121.069999,120.0,121.050003,74940.0,ABNB.NYSE-4-HOUR-LAST-EXTERNAL
2023-03-10 19:55:00,119.68,119.79,119.019996,119.194999,88992.0,ABNB.NYSE-4-HOUR-LAST-EXTERNAL
2023-03-10 21:00:00,118.300003,118.300003,118.300003,118.300003,420814.0,ABNB.NYSE-4-HOUR-LAST-EXTERNAL
2023-03-13 15:55:00,117.069999,117.377601,116.890098,117.059997,47313.0,ABNB.NYSE-4-HOUR-LAST-EXTERNAL
2023-03-13 19:55:00,115.970001,116.099998,115.93,115.959999,281379.0,ABNB.NYSE-4-HOUR-LAST-EXTERNAL
2023-03-14 15:55:00,117.86,117.940002,117.760002,117.809997,39740.0,ABNB.NYSE-4-HOUR-LAST-EXTERNAL
2023-03-14 19:55:00,115.889999,116.43,115.889999,116.408996,373536.0,ABNB.NYSE-4-HOUR-LAST-EXTERNAL
2023-03-15 15:55:00,112.629997,112.75,112.519996,112.584999,46125.0,ABNB.NYSE-4-HOUR-LAST-EXTERNAL
2023-03-15 19:55:00,112.699996,113.580001,112.699996,113.580001,314513.0,ABNB.NYSE-4-HOUR-LAST-EXTERNAL
2023-03-16 15:55:00,117.964996,118.139999,117.79,117.79,64165.0,ABNB.NYSE-4-HOUR-LAST-EXTERNAL
2023-03-16 19:55:00,119.555,120.059997,119.529998,120.010002,521219.0,ABNB.NYSE-4-HOUR-LAST-EXTERNAL
2023-03-17 15:55:00,116.964996,117.089996,116.779998,116.989997,43926.0,ABNB.NYSE-4-HOUR-LAST-EXTERNAL
2023-03-17 19:55:00,117.980003,118.224998,117.93,118.150001,323495.0,ABNB.NYSE-4-HOUR-LAST-EXTERNAL
2023-03-20 15:55:00,117.449996,117.629997,117.260002,117.489997,16747.0,ABNB.NYSE-4-HOUR-LAST-EXTERNAL
2023-03-20 19:55:00,118.209999,118.529998,118.209999,118.529998,178187.0,ABNB.NYSE-4-HOUR-LAST-EXTERNAL
2023-03-21 15:55:00,123.044998,123.120002,122.917098,122.917098,35063.0,ABNB.NYSE-4-HOUR-LAST-EXTERNAL
2023-03-21 19:55:00,123.910003,123.93,123.519996,123.699996,330729.0,ABNB.NYSE-4-HOUR-LAST-EXTERNAL
2023-03-22 15:55:00,123.690002,123.690002,123.440101,123.550003,20050.0,ABNB.NYSE-4-HOUR-LAST-EXTERNAL
2023-03-22 19:55:00,121.68,121.68,121.0,121.050003,312582.0,ABNB.NYSE-4-HOUR-LAST-EXTERNAL
2023-03-23 15:55:00,123.440002,123.444999,122.830001,122.919998,44044.0,ABNB.NYSE-4-HOUR-LAST-EXTERNAL
2023-03-23 19:55:00,120.449996,120.510002,120.220001,120.300003,231106.0,ABNB.NYSE-4-HOUR-LAST-EXTERNAL
2023-03-24 15:55:00,116.61,117.042999,116.580001,116.900001,30713.0,ABNB.NYSE-4-HOUR-LAST-EXTERNAL
2023-03-24 19:55:00,116.480003,117.0,116.230003,116.919998,233929.0,ABNB.NYSE-4-HOUR-LAST-EXTERNAL
2023-03-27 15:55:00,116.980003,117.004997,116.739997,116.959999,42043.0,ABNB.NYSE-4-HOUR-LAST-EXTERNAL
2023-03-27 19:55:00,118.150001,118.169998,117.79,117.910003,210002.0,ABNB.NYSE-4-HOUR-LAST-EXTERNAL
2023-03-28 15:55:00,117.190002,117.330001,117.190002,117.330001,11534.0,ABNB.NYSE-4-HOUR-LAST-EXTERNAL
2023-03-28 19:55:00,116.639999,116.68,116.440002,116.639999,178594.0,ABNB.NYSE-4-HOUR-LAST-EXTERNAL
2023-03-29 15:55:00,118.589996,118.650001,118.482597,118.639999,13119.0,ABNB.NYSE-4-HOUR-LAST-EXTERNAL
2023-03-29 19:55:00,118.800003,118.93,118.660003,118.779998,184562.0,ABNB.NYSE-4-HOUR-LAST-EXTERNAL
2023-03-30 15:55:00,121.79,122.059997,121.79,121.93,43787.0,ABNB.NYSE-4-HOUR-LAST-EXTERNAL
2023-03-30 19:55:00,122.095001,122.459999,122.095001,122.300003,315817.0,ABNB.NYSE-4-HOUR-LAST-EXTERNAL
2023-03-31 15:55:00,124.900001,125.069999,124.889999,125.035003,24638.0,ABNB.NYSE-4-HOUR-LAST-EXTERNAL
2023-03-31 19:55:00,124.089996,124.5,124.074996,124.43,226223.0,ABNB.NYSE-4-HOUR-LAST-EXTERNAL
2023-04-03 15:55:00,120.260002,120.550003,120.260002,120.550003,28661.0,ABNB.NYSE-4-HOUR-LAST-EXTERNAL
2023-04-03 19:55:00,121.269996,121.559997,121.260002,121.489997,201004.0,ABNB.NYSE-4-HOUR-LAST-EXTERNAL
2023-04-04 15:55:00,120.019996,120.04,119.7518,119.785003,24070.0,ABNB.NYSE-4-HOUR-LAST-EXTERNAL
2023-04-04 19:55:00,118.36,118.480003,118.209999,118.449996,264752.0,ABNB.NYSE-4-HOUR-LAST-EXTERNAL
2023-04-05 15:55:00,112.739997,113.264999,112.739997,113.230003,26958.0,ABNB.NYSE-4-HOUR-LAST-EXTERNAL
2023-04-05 19:55:00,115.510002,115.550003,115.309997,115.309997,261079.0,ABNB.NYSE-4-HOUR-LAST-EXTERNAL
2023-04-06 15:55:00,111.699996,112.019996,111.696403,111.879997,113511.0,ABNB.NYSE-4-HOUR-LAST-EXTERNAL
2023-04-06 19:55:00,109.855003,109.870002,109.660003,109.669998,413047.0,ABNB.NYSE-4-HOUR-LAST-EXTERNAL
2023-04-10 15:55:00,110.309997,110.309997,109.910003,109.964996,46497.0,ABNB.NYSE-4-HOUR-LAST-EXTERNAL
2023-04-10 19:55:00,112.389999,112.629997,112.150001,112.61,232785.0,ABNB.NYSE-4-HOUR-LAST-EXTERNAL
2023-04-11 15:55:00,112.819999,113.099899,112.68,113.029998,37262.0,ABNB.NYSE-4-HOUR-LAST-EXTERNAL
2023-04-11 19:55:00,114.019996,114.269996,113.93,114.25,317587.0,ABNB.NYSE-4-HOUR-LAST-EXTERNAL
2023-04-12 15:55:00,112.925003,113.175003,112.925003,113.099998,24978.0,ABNB.NYSE-4-HOUR-LAST-EXTERNAL
2023-04-12 19:55:00,112.059997,112.43,111.879997,112.419998,435770.0,ABNB.NYSE-4-HOUR-LAST-EXTERNAL
2023-04-13 15:55:00,113.809997,114.099601,113.800003,114.04,47503.0,ABNB.NYSE-4-HOUR-LAST-EXTERNAL
2023-04-13 19:55:00,113.75,114.0,113.54,113.949996,430851.0,ABNB.NYSE-4-HOUR-LAST-EXTERNAL
2023-04-14 15:55:00,113.580001,113.68,113.449996,113.68,24197.0,ABNB.NYSE-4-HOUR-LAST-EXTERNAL
2023-04-14 19:55:00,114.389999,114.660003,114.330001,114.660003,223902.0,ABNB.NYSE-4-HOUR-LAST-EXTERNAL
2023-04-17 15:55:00,115.300003,115.36,115.245002,115.279998,24822.0,ABNB.NYSE-4-HOUR-LAST-EXTERNAL
2023-04-17 19:55:00,115.864997,116.18,115.849998,116.169998,196309.0,ABNB.NYSE-4-HOUR-LAST-EXTERNAL
2023-04-18 15:55:00,119.199996,119.199996,118.75,119.089996,43947.0,ABNB.NYSE-4-HOUR-LAST-EXTERNAL
2023-04-18 19:55:00,118.819999,119.260002,118.79,119.254997,360586.0,ABNB.NYSE-4-HOUR-LAST-EXTERNAL
2023-04-19 15:55:00,118.699996,118.875,118.671302,118.794998,13377.0,ABNB.NYSE-4-HOUR-LAST-EXTERNAL
2023-04-19 19:55:00,119.809997,120.120002,119.470001,120.099998,459309.0,ABNB.NYSE-4-HOUR-LAST-EXTERNAL
2023-04-20 15:55:00,118.5,118.639999,118.470001,118.5,23109.0,ABNB.NYSE-4-HOUR-LAST-EXTERNAL
2023-04-20 19:55:00,118.04,118.419998,118.019996,118.400001,403855.0,ABNB.NYSE-4-HOUR-LAST-EXTERNAL
2023-04-21 15:55:00,115.410003,115.709999,115.400001,115.535003,85060.0,ABNB.NYSE-4-HOUR-LAST-EXTERNAL
2023-04-21 19:55:00,115.199996,115.519996,115.050003,115.5,585407.0,ABNB.NYSE-4-HOUR-LAST-EXTERNAL
2023-04-24 15:55:00,114.779998,114.849998,114.669998,114.849998,24794.0,ABNB.NYSE-4-HOUR-LAST-EXTERNAL
2023-04-24 19:55:00,115.974998,116.129997,115.970001,116.120002,195248.0,ABNB.NYSE-4-HOUR-LAST-EXTERNAL
2023-04-25 15:55:00,113.864997,113.919998,113.766502,113.79,29526.0,ABNB.NYSE-4-HOUR-LAST-EXTERNAL
2023-04-25 19:55:00,112.589996,112.779998,112.470001,112.510002,349752.0,ABNB.NYSE-4-HOUR-LAST-EXTERNAL
2023-04-26 15:55:00,114.019996,114.260002,114.019996,114.209999,19564.0,ABNB.NYSE-4-HOUR-LAST-EXTERNAL
2023-04-26 19:55:00,113.589996,113.760002,113.529998,113.68,264735.0,ABNB.NYSE-4-HOUR-LAST-EXTERNAL
