2022-01-03 15:55:00,62.549999,62.720001,62.490001,62.490001,37622.0,ARKG.NYSE-5-MINUTE-LAST-EXTERNAL
2022-01-03 19:55:00,62.669998,62.810001,62.669998,62.810001,18894.0,ARKG.NYSE-5-MINUTE-LAST-EXTERNAL
2022-01-03 20:55:00,63.209999,63.259998,63.09,63.25,291452.0,ARKG.NYSE-5-MINUTE-LAST-EXTERNAL
2022-01-04 15:55:00,59.599998,59.61,59.369998,59.549999,45441.0,ARKG.NYSE-5-MINUTE-LAST-EXTERNAL
2022-01-04 19:55:00,59.659999,59.819999,59.599998,59.819999,29544.0,ARKG.NYSE-5-MINUTE-LAST-EXTERNAL
2022-01-04 20:55:00,60.310001,60.3899,60.25,60.279998,102257.0,ARKG.NYSE-5-MINUTE-LAST-EXTERNAL
2022-01-05 15:55:00,59.400001,59.596,59.389999,59.389999,9332.0,ARKG.NYSE-5-MINUTE-LAST-EXTERNAL
2022-01-05 19:55:00,56.93,56.969898,56.77,56.819999,56376.0,ARKG.NYSE-5-MINUTE-LAST-EXTERNAL
2022-01-05 20:55:00,56.139999,56.18,55.95,55.95,264793.0,ARKG.NYSE-5-MINUTE-LAST-EXTERNAL
2022-01-06 15:55:00,55.36,55.569999,55.169998,55.560001,69670.0,ARKG.NYSE-5-MINUTE-LAST-EXTERNAL
2022-01-06 19:55:00,55.6207,55.639999,55.560001,55.580001,30263.0,ARKG.NYSE-5-MINUTE-LAST-EXTERNAL
2022-01-06 20:55:00,54.970001,55.049999,54.830001,55.049999,145935.0,ARKG.NYSE-5-MINUTE-LAST-EXTERNAL
2022-01-07 15:55:00,54.779998,55.009998,54.619998,54.740001,63763.0,ARKG.NYSE-5-MINUTE-LAST-EXTERNAL
2022-01-07 19:55:00,54.52,54.59,54.52,54.549999,3229593.0,ARKG.NYSE-5-MINUTE-LAST-EXTERNAL
2022-01-07 20:55:00,54.299999,54.384998,54.27,54.275001,200797.0,ARKG.NYSE-5-MINUTE-LAST-EXTERNAL
2022-01-10 15:55:00,51.970001,52.119998,51.810001,51.990001,101645.0,ARKG.NYSE-5-MINUTE-LAST-EXTERNAL
2022-01-10 19:55:00,53.080001,53.27,53.060001,53.099998,56332.0,ARKG.NYSE-5-MINUTE-LAST-EXTERNAL
2022-01-10 20:55:00,54.049999,54.259998,54.029998,54.259601,234591.0,ARKG.NYSE-5-MINUTE-LAST-EXTERNAL
2022-01-11 15:55:00,54.009998,54.18,53.86,54.169998,51047.0,ARKG.NYSE-5-MINUTE-LAST-EXTERNAL
2022-01-11 19:55:00,55.779998,55.869998,55.630001,55.650001,24453.0,ARKG.NYSE-5-MINUTE-LAST-EXTERNAL
2022-01-11 20:55:00,55.479999,55.659999,55.470001,55.659999,116932.0,ARKG.NYSE-5-MINUTE-LAST-EXTERNAL
2022-01-12 15:55:00,54.220001,54.259998,54.049999,54.220001,43679.0,ARKG.NYSE-5-MINUTE-LAST-EXTERNAL
2022-01-12 19:55:00,54.009998,54.062099,53.990001,54.029998,23697.0,ARKG.NYSE-5-MINUTE-LAST-EXTERNAL
2022-01-12 20:55:00,53.380001,53.419998,53.25,53.36,222525.0,ARKG.NYSE-5-MINUTE-LAST-EXTERNAL
2022-01-13 15:55:00,51.479999,51.619998,51.439998,51.490001,55622.0,ARKG.NYSE-5-MINUTE-LAST-EXTERNAL
2022-01-13 19:55:00,51.549999,51.75,51.549999,51.729999,53744.0,ARKG.NYSE-5-MINUTE-LAST-EXTERNAL
2022-01-13 20:55:00,50.990001,51.139999,50.959999,51.139999,163337.0,ARKG.NYSE-5-MINUTE-LAST-EXTERNAL
2022-01-14 15:55:00,50.61,50.68,50.27,50.29,41603.0,ARKG.NYSE-5-MINUTE-LAST-EXTERNAL
2022-01-14 19:55:00,50.799999,50.889999,50.751098,50.759998,22736.0,ARKG.NYSE-5-MINUTE-LAST-EXTERNAL
2022-01-14 20:55:00,51.619998,51.669998,51.54,51.630001,264120.0,ARKG.NYSE-5-MINUTE-LAST-EXTERNAL
2022-01-18 15:55:00,50.130001,50.27,49.979999,50.005001,76733.0,ARKG.NYSE-5-MINUTE-LAST-EXTERNAL
2022-01-18 19:55:00,49.639999,49.689998,49.479999,49.479999,41084.0,ARKG.NYSE-5-MINUTE-LAST-EXTERNAL
2022-01-18 20:55:00,48.580001,48.709999,48.560001,48.68,135317.0,ARKG.NYSE-5-MINUTE-LAST-EXTERNAL
2022-01-19 15:55:00,48.27,48.7,48.25,48.441001,1977184.0,ARKG.NYSE-5-MINUTE-LAST-EXTERNAL
2022-01-19 19:55:00,48.490001,48.709999,48.409999,48.43,88796.0,ARKG.NYSE-5-MINUTE-LAST-EXTERNAL
2022-01-19 20:55:00,47.729999,47.799999,47.669998,47.79,387794.0,ARKG.NYSE-5-MINUTE-LAST-EXTERNAL
2022-01-20 15:55:00,50.86,50.959999,50.799999,50.849998,69039.0,ARKG.NYSE-5-MINUTE-LAST-EXTERNAL
2022-01-20 19:55:00,48.997501,49.130001,48.95,49.080001,18920.0,ARKG.NYSE-5-MINUTE-LAST-EXTERNAL
2022-01-20 20:55:00,47.799999,47.86,47.59,47.779998,336411.0,ARKG.NYSE-5-MINUTE-LAST-EXTERNAL
2022-01-21 15:55:00,48.490001,48.630001,48.159999,48.299999,109288.0,ARKG.NYSE-5-MINUTE-LAST-EXTERNAL
2022-01-21 19:55:00,47.169998,47.27,46.95,46.95,30656.0,ARKG.NYSE-5-MINUTE-LAST-EXTERNAL
2022-01-21 20:55:00,46.709999,46.779998,46.580001,46.580001,326874.0,ARKG.NYSE-5-MINUTE-LAST-EXTERNAL
2022-01-24 15:55:00,44.911998,44.990001,44.479999,44.61,82032.0,ARKG.NYSE-5-MINUTE-LAST-EXTERNAL
2022-01-24 19:55:00,46.279998,46.689998,45.9701,46.54,46185.0,ARKG.NYSE-5-MINUTE-LAST-EXTERNAL
2022-01-24 20:55:00,48.119998,48.18,47.919998,48.11,308121.0,ARKG.NYSE-5-MINUTE-LAST-EXTERNAL
2022-01-25 15:55:00,46.18,46.259998,45.900001,45.970001,54397.0,ARKG.NYSE-5-MINUTE-LAST-EXTERNAL
2022-01-25 19:55:00,47.830001,47.990001,47.75,47.880001,42064.0,ARKG.NYSE-5-MINUTE-LAST-EXTERNAL
2022-01-25 20:55:00,46.580001,46.740001,46.514999,46.669998,319759.0,ARKG.NYSE-5-MINUTE-LAST-EXTERNAL
2022-01-26 15:55:00,47.490001,47.849998,47.439998,47.799999,1708394.0,ARKG.NYSE-5-MINUTE-LAST-EXTERNAL
2022-01-26 19:55:00,47.209999,47.229999,46.729999,46.810001,115941.0,ARKG.NYSE-5-MINUTE-LAST-EXTERNAL
2022-01-26 20:55:00,45.650001,45.77,45.439998,45.689998,192100.0,ARKG.NYSE-5-MINUTE-LAST-EXTERNAL
2022-01-27 15:55:00,45.150001,45.579399,45.099998,45.529998,23433.0,ARKG.NYSE-5-MINUTE-LAST-EXTERNAL
2022-01-27 19:55:00,44.34,44.560001,44.259998,44.409999,25161.0,ARKG.NYSE-5-MINUTE-LAST-EXTERNAL
2022-01-27 20:55:00,44.189998,44.2,43.959999,44.02,208634.0,ARKG.NYSE-5-MINUTE-LAST-EXTERNAL
2022-01-28 15:55:00,44.159999,44.325,44.069999,44.310001,60813.0,ARKG.NYSE-5-MINUTE-LAST-EXTERNAL
2022-01-28 19:55:00,44.439998,44.799999,44.439998,44.77,45164.0,ARKG.NYSE-5-MINUTE-LAST-EXTERNAL
2022-01-28 20:55:00,45.639999,45.95,45.619998,45.95,113644.0,ARKG.NYSE-5-MINUTE-LAST-EXTERNAL
2022-01-31 15:55:00,48.220001,48.240001,48.099998,48.209999,42802.0,ARKG.NYSE-5-MINUTE-LAST-EXTERNAL
2022-01-31 19:55:00,48.819999,49.09,48.810001,49.080001,40094.0,ARKG.NYSE-5-MINUTE-LAST-EXTERNAL
2022-01-31 20:55:00,49.639999,49.759998,49.54,49.729999,245358.0,ARKG.NYSE-5-MINUTE-LAST-EXTERNAL
2022-02-01 15:55:00,50.080001,50.34,50.080001,50.34,27497.0,ARKG.NYSE-5-MINUTE-LAST-EXTERNAL
2022-02-01 19:55:00,50.0,50.080001,49.900001,50.009998,53385.0,ARKG.NYSE-5-MINUTE-LAST-EXTERNAL
2022-02-01 20:55:00,50.669998,50.779998,50.659999,50.7,87795.0,ARKG.NYSE-5-MINUTE-LAST-EXTERNAL
2022-02-02 15:55:00,48.919998,49.009998,48.819999,49.009998,10753.0,ARKG.NYSE-5-MINUTE-LAST-EXTERNAL
2022-02-02 19:55:00,49.04,49.04,48.95,49.0,18050.0,ARKG.NYSE-5-MINUTE-LAST-EXTERNAL
2022-02-02 20:55:00,49.09,49.235,49.09,49.159999,60217.0,ARKG.NYSE-5-MINUTE-LAST-EXTERNAL
2022-02-03 15:55:00,48.419998,48.560001,48.34,48.409999,24741.0,ARKG.NYSE-5-MINUTE-LAST-EXTERNAL
2022-02-03 19:55:00,47.68,47.75,47.619998,47.709999,11792.0,ARKG.NYSE-5-MINUTE-LAST-EXTERNAL
2022-02-03 21:00:00,47.45,47.45,47.45,47.45,167616.0,ARKG.NYSE-5-MINUTE-LAST-EXTERNAL
2022-02-04 15:55:00,47.27,47.319999,47.080001,47.203899,48643.0,ARKG.NYSE-5-MINUTE-LAST-EXTERNAL
2022-02-04 19:55:00,48.479999,48.529998,48.349998,48.525001,30844.0,ARKG.NYSE-5-MINUTE-LAST-EXTERNAL
2022-02-04 20:55:00,48.330001,48.36,48.220001,48.349998,298067.0,ARKG.NYSE-5-MINUTE-LAST-EXTERNAL
2022-02-07 15:55:00,49.669998,49.819999,49.59,49.77,26559.0,ARKG.NYSE-5-MINUTE-LAST-EXTERNAL
2022-02-07 19:55:00,49.5,49.569999,49.459999,49.52,21785.0,ARKG.NYSE-5-MINUTE-LAST-EXTERNAL
2022-02-07 20:55:00,48.909999,49.09,48.900001,49.055,60088.0,ARKG.NYSE-5-MINUTE-LAST-EXTERNAL
2022-02-08 15:55:00,48.580001,48.669998,48.5,48.599998,12327.0,ARKG.NYSE-5-MINUTE-LAST-EXTERNAL
2022-02-08 19:55:00,48.139999,48.139999,47.979999,47.990001,17146.0,ARKG.NYSE-5-MINUTE-LAST-EXTERNAL
2022-02-08 20:55:00,48.580001,48.630001,48.54,48.54,84825.0,ARKG.NYSE-5-MINUTE-LAST-EXTERNAL
2022-02-09 15:55:00,50.439998,50.799999,50.439998,50.799999,41252.0,ARKG.NYSE-5-MINUTE-LAST-EXTERNAL
2022-02-09 19:55:00,51.069999,51.069999,50.900001,50.904998,28360.0,ARKG.NYSE-5-MINUTE-LAST-EXTERNAL
2022-02-09 20:55:00,51.09,51.189998,51.025001,51.154998,121610.0,ARKG.NYSE-5-MINUTE-LAST-EXTERNAL
2022-02-10 15:55:00,51.659999,51.900001,51.599998,51.849998,14249.0,ARKG.NYSE-5-MINUTE-LAST-EXTERNAL
2022-02-10 19:55:00,50.049999,50.049999,49.819999,49.959999,48997.0,ARKG.NYSE-5-MINUTE-LAST-EXTERNAL
2022-02-10 20:55:00,49.549999,49.830001,49.549999,49.68,64880.0,ARKG.NYSE-5-MINUTE-LAST-EXTERNAL
2022-02-11 15:55:00,51.060001,51.060001,50.86,50.919998,15533.0,ARKG.NYSE-5-MINUTE-LAST-EXTERNAL
2022-02-11 19:55:00,48.130001,48.409999,48.119998,48.400001,2764267.0,ARKG.NYSE-5-MINUTE-LAST-EXTERNAL
2022-02-11 20:55:00,48.529998,48.759998,48.529998,48.549999,134687.0,ARKG.NYSE-5-MINUTE-LAST-EXTERNAL
2022-02-14 15:55:00,48.720001,48.819999,48.54,48.54,23661.0,ARKG.NYSE-5-MINUTE-LAST-EXTERNAL
2022-02-14 19:55:00,48.064998,48.130001,48.009998,48.069999,2082806.0,ARKG.NYSE-5-MINUTE-LAST-EXTERNAL
2022-02-14 21:00:00,47.650001,47.650001,47.650001,47.650001,71417.0,ARKG.NYSE-5-MINUTE-LAST-EXTERNAL
2022-02-15 15:55:00,48.810001,48.95,48.7,48.75,19972.0,ARKG.NYSE-5-MINUTE-LAST-EXTERNAL
2022-02-15 19:55:00,49.490001,49.549999,49.419998,49.5,14294.0,ARKG.NYSE-5-MINUTE-LAST-EXTERNAL
2022-02-15 21:00:00,49.77,49.77,49.77,49.77,109203.0,ARKG.NYSE-5-MINUTE-LAST-EXTERNAL
2022-02-16 15:55:00,49.330001,49.409999,49.060001,49.150001,22236.0,ARKG.NYSE-5-MINUTE-LAST-EXTERNAL
2022-02-16 19:55:00,49.060001,49.240001,49.060001,49.2,30095.0,ARKG.NYSE-5-MINUTE-LAST-EXTERNAL
2022-02-16 21:00:00,49.130001,49.130001,49.130001,49.130001,61876.0,ARKG.NYSE-5-MINUTE-LAST-EXTERNAL
2022-02-17 15:55:00,47.5,47.659999,47.5,47.650199,15976.0,ARKG.NYSE-5-MINUTE-LAST-EXTERNAL
2022-02-17 19:55:00,46.630001,46.714,46.619998,46.630001,29806.0,ARKG.NYSE-5-MINUTE-LAST-EXTERNAL
2022-02-17 21:00:00,46.45,46.45,46.45,46.45,205848.0,ARKG.NYSE-5-MINUTE-LAST-EXTERNAL
2022-02-18 15:55:00,45.470001,45.470001,45.36,45.43,32715.0,ARKG.NYSE-5-MINUTE-LAST-EXTERNAL
2022-02-18 19:55:00,46.09,46.2,46.029998,46.159999,33844.0,ARKG.NYSE-5-MINUTE-LAST-EXTERNAL
2022-02-18 21:00:00,45.349998,45.349998,45.349998,45.349998,195171.0,ARKG.NYSE-5-MINUTE-LAST-EXTERNAL
2022-02-22 15:55:00,45.069999,45.11,44.93,44.959999,32435.0,ARKG.NYSE-5-MINUTE-LAST-EXTERNAL
2022-02-22 19:55:00,44.990001,45.147701,44.974998,45.009998,50017.0,ARKG.NYSE-5-MINUTE-LAST-EXTERNAL
2022-02-22 21:00:00,44.229999,44.229999,44.229999,44.229999,80406.0,ARKG.NYSE-5-MINUTE-LAST-EXTERNAL
2022-02-23 15:55:00,43.169898,43.45,43.150001,43.395099,13211.0,ARKG.NYSE-5-MINUTE-LAST-EXTERNAL
2022-02-23 19:55:00,43.09,43.09,42.990001,43.02,14624.0,ARKG.NYSE-5-MINUTE-LAST-EXTERNAL
2022-02-23 21:00:00,42.68,42.68,42.68,42.68,77405.0,ARKG.NYSE-5-MINUTE-LAST-EXTERNAL
2022-02-24 15:55:00,43.279998,43.569999,43.279998,43.36,58086.0,ARKG.NYSE-5-MINUTE-LAST-EXTERNAL
2022-02-24 19:55:00,45.36,45.369998,45.209999,45.349998,49306.0,ARKG.NYSE-5-MINUTE-LAST-EXTERNAL
2022-02-24 21:00:00,45.990001,45.990001,45.990001,45.990001,202940.0,ARKG.NYSE-5-MINUTE-LAST-EXTERNAL
2022-02-25 15:55:00,46.740001,46.919998,46.7,46.759998,96494.0,ARKG.NYSE-5-MINUTE-LAST-EXTERNAL
2022-02-25 19:55:00,46.810001,46.93,46.799999,46.919998,32039.0,ARKG.NYSE-5-MINUTE-LAST-EXTERNAL
2022-02-25 21:00:00,47.470001,47.470001,47.470001,47.470001,299984.0,ARKG.NYSE-5-MINUTE-LAST-EXTERNAL
2022-02-28 15:55:00,48.740001,48.810001,48.59,48.650001,31447.0,ARKG.NYSE-5-MINUTE-LAST-EXTERNAL
2022-02-28 19:55:00,47.880001,48.060001,47.880001,48.044998,33262.0,ARKG.NYSE-5-MINUTE-LAST-EXTERNAL
2022-02-28 21:00:00,48.380001,48.380001,48.380001,48.380001,193543.0,ARKG.NYSE-5-MINUTE-LAST-EXTERNAL
2022-03-01 15:55:00,47.909999,47.95,47.720001,47.875,25875.0,ARKG.NYSE-5-MINUTE-LAST-EXTERNAL
2022-03-01 19:55:00,47.799999,47.869998,47.709999,47.79,15832.0,ARKG.NYSE-5-MINUTE-LAST-EXTERNAL
2022-03-01 21:00:00,47.5,47.5,47.5,47.5,83581.0,ARKG.NYSE-5-MINUTE-LAST-EXTERNAL
2022-03-02 15:55:00,46.25,46.409999,46.159999,46.310001,54855.0,ARKG.NYSE-5-MINUTE-LAST-EXTERNAL
2022-03-02 19:55:00,47.029998,47.080001,46.849998,46.93,24848.0,ARKG.NYSE-5-MINUTE-LAST-EXTERNAL
2022-03-02 21:00:00,46.810001,46.810001,46.810001,46.810001,156374.0,ARKG.NYSE-5-MINUTE-LAST-EXTERNAL
2022-03-03 15:55:00,44.869998,44.909999,44.75,44.830001,32640.0,ARKG.NYSE-5-MINUTE-LAST-EXTERNAL
2022-03-03 19:55:00,44.619998,44.650001,44.54,44.619998,19982.0,ARKG.NYSE-5-MINUTE-LAST-EXTERNAL
2022-03-03 21:00:00,44.669998,44.669998,44.669998,44.669998,111494.0,ARKG.NYSE-5-MINUTE-LAST-EXTERNAL
2022-03-04 15:55:00,43.505001,43.505001,43.27,43.27,75260.0,ARKG.NYSE-5-MINUTE-LAST-EXTERNAL
2022-03-04 19:55:00,42.759998,42.779998,42.59,42.599998,55773.0,ARKG.NYSE-5-MINUTE-LAST-EXTERNAL
2022-03-04 21:00:00,42.799999,42.799999,42.799999,42.799999,157973.0,ARKG.NYSE-5-MINUTE-LAST-EXTERNAL
2022-03-07 15:55:00,41.95,42.139999,41.93,42.02,25243.0,ARKG.NYSE-5-MINUTE-LAST-EXTERNAL
2022-03-07 19:55:00,42.240001,42.279998,42.119998,42.2,2135353.0,ARKG.NYSE-5-MINUTE-LAST-EXTERNAL
2022-03-07 21:00:00,42.04,42.04,42.04,42.04,148416.0,ARKG.NYSE-5-MINUTE-LAST-EXTERNAL
2022-03-08 15:55:00,42.470001,42.77,42.439998,42.720001,86899.0,ARKG.NYSE-5-MINUTE-LAST-EXTERNAL
2022-03-08 19:55:00,43.349998,43.36,43.220001,43.34,2692395.0,ARKG.NYSE-5-MINUTE-LAST-EXTERNAL
2022-03-08 21:00:00,42.569999,42.569999,42.569999,42.569999,70734.0,ARKG.NYSE-5-MINUTE-LAST-EXTERNAL
2022-03-09 15:55:00,45.119998,45.25,45.119998,45.130001,27773.0,ARKG.NYSE-5-MINUTE-LAST-EXTERNAL
2022-03-09 19:55:00,44.409999,44.569999,44.404998,44.529998,17426.0,ARKG.NYSE-5-MINUTE-LAST-EXTERNAL
2022-03-09 21:00:00,44.77,44.77,44.77,44.77,168834.0,ARKG.NYSE-5-MINUTE-LAST-EXTERNAL
2022-03-10 15:55:00,42.79,42.889999,42.729999,42.889999,14417.0,ARKG.NYSE-5-MINUTE-LAST-EXTERNAL
2022-03-10 19:55:00,43.61,43.68,43.599998,43.630001,16811.0,ARKG.NYSE-5-MINUTE-LAST-EXTERNAL
2022-03-10 21:00:00,43.569999,43.569999,43.569999,43.569999,63597.0,ARKG.NYSE-5-MINUTE-LAST-EXTERNAL
2022-03-11 15:55:00,42.509998,42.580001,42.479999,42.549999,14034.0,ARKG.NYSE-5-MINUTE-LAST-EXTERNAL
2022-03-11 19:55:00,41.259998,41.27,41.150001,41.159999,33605.0,ARKG.NYSE-5-MINUTE-LAST-EXTERNAL
2022-03-11 21:00:00,40.689998,40.689998,40.689998,40.689998,391809.0,ARKG.NYSE-5-MINUTE-LAST-EXTERNAL
2022-03-14 15:55:00,39.139999,39.2,39.080001,39.169998,1237626.0,ARKG.NYSE-5-MINUTE-LAST-EXTERNAL
2022-03-14 19:55:00,38.159999,38.215,38.130001,38.159999,113916.0,ARKG.NYSE-5-MINUTE-LAST-EXTERNAL
2022-03-15 15:55:00,38.61,38.75,38.5,38.75,32925.0,ARKG.NYSE-5-MINUTE-LAST-EXTERNAL
2022-03-15 19:55:00,39.389999,39.419998,39.330001,39.419998,56774.0,ARKG.NYSE-5-MINUTE-LAST-EXTERNAL
2022-03-16 15:55:00,42.169998,42.189998,42.111999,42.169998,14543.0,ARKG.NYSE-5-MINUTE-LAST-EXTERNAL
2022-03-16 19:55:00,42.5,42.61,42.400001,42.580001,140300.0,ARKG.NYSE-5-MINUTE-LAST-EXTERNAL
2022-03-17 15:55:00,43.52,43.560001,43.45,43.5,9551.0,ARKG.NYSE-5-MINUTE-LAST-EXTERNAL
2022-03-17 19:55:00,44.669998,44.740001,44.650001,44.729999,101442.0,ARKG.NYSE-5-MINUTE-LAST-EXTERNAL
2022-03-18 15:55:00,45.669998,45.799999,45.669998,45.709999,14542.0,ARKG.NYSE-5-MINUTE-LAST-EXTERNAL
2022-03-18 19:55:00,46.139999,46.18,46.080001,46.150001,179932.0,ARKG.NYSE-5-MINUTE-LAST-EXTERNAL
2022-03-21 15:55:00,45.549999,45.709999,45.52,45.639999,12733.0,ARKG.NYSE-5-MINUTE-LAST-EXTERNAL
2022-03-21 19:55:00,44.43,44.619998,44.43,44.599998,87921.0,ARKG.NYSE-5-MINUTE-LAST-EXTERNAL
2022-03-22 15:55:00,46.470001,46.470001,46.3483,46.365001,11289.0,ARKG.NYSE-5-MINUTE-LAST-EXTERNAL
2022-03-22 19:55:00,46.5,46.52,46.409999,46.490001,51370.0,ARKG.NYSE-5-MINUTE-LAST-EXTERNAL
2022-03-23 15:55:00,46.909999,46.95,46.869998,46.919998,12578.0,ARKG.NYSE-5-MINUTE-LAST-EXTERNAL
2022-03-23 19:55:00,45.419998,45.424999,45.349998,45.389999,66375.0,ARKG.NYSE-5-MINUTE-LAST-EXTERNAL
2022-03-24 15:55:00,45.229999,45.319999,45.224998,45.279998,6763.0,ARKG.NYSE-5-MINUTE-LAST-EXTERNAL
2022-03-24 19:55:00,45.7,45.909999,45.7,45.889999,94262.0,ARKG.NYSE-5-MINUTE-LAST-EXTERNAL
2022-03-25 15:55:00,44.599998,44.599998,44.409999,44.439998,16635.0,ARKG.NYSE-5-MINUTE-LAST-EXTERNAL
2022-03-25 19:55:00,44.79,44.849998,44.779998,44.799999,193652.0,ARKG.NYSE-5-MINUTE-LAST-EXTERNAL
2022-03-28 15:55:00,44.419998,44.439998,44.240001,44.25,74525.0,ARKG.NYSE-5-MINUTE-LAST-EXTERNAL
2022-03-28 19:55:00,45.25,45.479999,45.229999,45.470001,122281.0,ARKG.NYSE-5-MINUTE-LAST-EXTERNAL
2022-03-29 15:55:00,48.45,48.479999,48.389999,48.439998,100126.0,ARKG.NYSE-5-MINUTE-LAST-EXTERNAL
2022-03-29 19:55:00,48.439998,48.529998,48.400001,48.529998,260891.0,ARKG.NYSE-5-MINUTE-LAST-EXTERNAL
2022-03-30 15:55:00,48.11,48.2,48.064998,48.099998,38296.0,ARKG.NYSE-5-MINUTE-LAST-EXTERNAL
2022-03-30 19:55:00,46.68,46.8399,46.68,46.8399,191370.0,ARKG.NYSE-5-MINUTE-LAST-EXTERNAL
2022-03-31 15:55:00,46.5,46.640998,46.490001,46.639999,23921.0,ARKG.NYSE-5-MINUTE-LAST-EXTERNAL
2022-03-31 19:55:00,46.080001,46.150001,46.0,46.0,208099.0,ARKG.NYSE-5-MINUTE-LAST-EXTERNAL
2022-04-01 15:55:00,47.650001,47.650001,47.419998,47.479999,57745.0,ARKG.NYSE-5-MINUTE-LAST-EXTERNAL
2022-04-01 19:55:00,48.04,48.099998,48.0083,48.060001,164390.0,ARKG.NYSE-5-MINUTE-LAST-EXTERNAL
2022-04-04 15:55:00,48.889999,48.909999,48.810001,48.889999,28959.0,ARKG.NYSE-5-MINUTE-LAST-EXTERNAL
2022-04-04 19:55:00,48.84,48.919998,48.799999,48.919998,117778.0,ARKG.NYSE-5-MINUTE-LAST-EXTERNAL
2022-04-05 15:55:00,46.8782,46.970001,46.86,46.919998,33285.0,ARKG.NYSE-5-MINUTE-LAST-EXTERNAL
2022-04-05 19:55:00,46.400001,46.459999,46.279998,46.349998,63349.0,ARKG.NYSE-5-MINUTE-LAST-EXTERNAL
2022-04-06 15:55:00,44.650001,44.669998,44.349998,44.45,42897.0,ARKG.NYSE-5-MINUTE-LAST-EXTERNAL
2022-04-06 19:55:00,45.220001,45.34,45.18,45.189998,159484.0,ARKG.NYSE-5-MINUTE-LAST-EXTERNAL
2022-04-07 15:55:00,44.229999,44.349998,44.229999,44.310001,52094.0,ARKG.NYSE-5-MINUTE-LAST-EXTERNAL
2022-04-07 19:55:00,44.880001,44.909999,44.819999,44.84,45413.0,ARKG.NYSE-5-MINUTE-LAST-EXTERNAL
2022-04-08 15:55:00,44.18,44.27,44.119998,44.240001,26252.0,ARKG.NYSE-5-MINUTE-LAST-EXTERNAL
2022-04-08 19:55:00,43.595001,43.650001,43.595001,43.650001,159458.0,ARKG.NYSE-5-MINUTE-LAST-EXTERNAL
2022-04-11 15:55:00,42.560001,42.569999,42.419998,42.490001,54358.0,ARKG.NYSE-5-MINUTE-LAST-EXTERNAL
2022-04-11 19:55:00,42.560001,42.669998,42.560001,42.650001,92328.0,ARKG.NYSE-5-MINUTE-LAST-EXTERNAL
2022-04-12 15:55:00,44.009998,44.04,43.810001,43.84,23841.0,ARKG.NYSE-5-MINUTE-LAST-EXTERNAL
2022-04-12 19:55:00,43.09,43.09,42.970001,43.080001,234543.0,ARKG.NYSE-5-MINUTE-LAST-EXTERNAL
2022-04-13 15:55:00,44.02,44.169998,44.02,44.169998,14635.0,ARKG.NYSE-5-MINUTE-LAST-EXTERNAL
2022-04-13 19:55:00,44.189998,44.205001,44.119998,44.159999,105617.0,ARKG.NYSE-5-MINUTE-LAST-EXTERNAL
2022-04-14 15:55:00,42.380001,42.45,42.34,42.34,1396495.0,ARKG.NYSE-5-MINUTE-LAST-EXTERNAL
2022-04-14 19:55:00,42.459999,42.494998,42.380001,42.409999,106593.0,ARKG.NYSE-5-MINUTE-LAST-EXTERNAL
2022-04-18 15:55:00,40.740001,40.900001,40.740001,40.880001,18975.0,ARKG.NYSE-5-MINUTE-LAST-EXTERNAL
2022-04-18 19:55:00,40.759998,40.869998,40.729999,40.849998,103725.0,ARKG.NYSE-5-MINUTE-LAST-EXTERNAL
2022-04-19 15:55:00,42.360198,42.369998,42.27,42.330001,19119.0,ARKG.NYSE-5-MINUTE-LAST-EXTERNAL
2022-04-19 19:55:00,41.650001,41.669998,41.580001,41.659999,81426.0,ARKG.NYSE-5-MINUTE-LAST-EXTERNAL
2022-04-20 15:55:00,41.160999,41.224998,41.119998,41.139999,14239.0,ARKG.NYSE-5-MINUTE-LAST-EXTERNAL
2022-04-20 19:55:00,40.819999,40.86,40.784999,40.810001,147716.0,ARKG.NYSE-5-MINUTE-LAST-EXTERNAL
2022-04-21 15:55:00,39.3003,39.3003,39.11,39.119998,96986.0,ARKG.NYSE-5-MINUTE-LAST-EXTERNAL
2022-04-21 19:55:00,38.869998,38.869998,38.764999,38.79,193984.0,ARKG.NYSE-5-MINUTE-LAST-EXTERNAL
2022-04-22 15:55:00,38.119998,38.189998,38.119998,38.119998,56146.0,ARKG.NYSE-5-MINUTE-LAST-EXTERNAL
2022-04-22 19:55:00,38.27,38.29,38.189998,38.229999,48497.0,ARKG.NYSE-5-MINUTE-LAST-EXTERNAL
2022-04-25 15:55:00,38.849998,38.880001,38.79,38.819999,15886.0,ARKG.NYSE-5-MINUTE-LAST-EXTERNAL
2022-04-25 19:55:00,39.490001,39.54,39.400001,39.54,139540.0,ARKG.NYSE-5-MINUTE-LAST-EXTERNAL
2022-04-26 15:55:00,37.784999,37.79,37.650001,37.7,25080.0,ARKG.NYSE-5-MINUTE-LAST-EXTERNAL
2022-04-26 19:55:00,37.18,37.279998,37.11,37.119998,121045.0,ARKG.NYSE-5-MINUTE-LAST-EXTERNAL
2022-04-27 15:55:00,36.729999,36.880001,36.709999,36.880001,11726.0,ARKG.NYSE-5-MINUTE-LAST-EXTERNAL
2022-04-27 19:55:00,36.959999,37.049999,36.909999,36.93,99124.0,ARKG.NYSE-5-MINUTE-LAST-EXTERNAL
2022-04-28 15:55:00,33.880001,33.880001,33.729999,33.84,79009.0,ARKG.NYSE-5-MINUTE-LAST-EXTERNAL
2022-04-28 19:55:00,35.59,35.61,35.505001,35.61,106334.0,ARKG.NYSE-5-MINUTE-LAST-EXTERNAL
2022-04-29 15:55:00,35.330001,35.36,35.18,35.18,10695.0,ARKG.NYSE-5-MINUTE-LAST-EXTERNAL
2022-04-29 19:55:00,33.939998,34.0,33.889999,33.990001,176527.0,ARKG.NYSE-5-MINUTE-LAST-EXTERNAL
2022-05-02 15:55:00,35.130001,35.259998,35.09,35.2429,19513.0,ARKG.NYSE-5-MINUTE-LAST-EXTERNAL
2022-05-02 19:55:00,35.659999,35.77,35.61,35.759998,171637.0,ARKG.NYSE-5-MINUTE-LAST-EXTERNAL
2022-05-03 15:55:00,35.919998,35.919998,35.810001,35.845001,993868.0,ARKG.NYSE-5-MINUTE-LAST-EXTERNAL
2022-05-03 19:55:00,35.669998,35.715,35.639999,35.669998,68279.0,ARKG.NYSE-5-MINUTE-LAST-EXTERNAL
2022-05-04 15:55:00,34.880001,34.900001,34.819999,34.880001,94439.0,ARKG.NYSE-5-MINUTE-LAST-EXTERNAL
2022-05-04 19:55:00,37.220001,37.279998,37.150001,37.2,203077.0,ARKG.NYSE-5-MINUTE-LAST-EXTERNAL
2022-05-05 15:55:00,34.650001,34.68,34.560001,34.604999,20428.0,ARKG.NYSE-5-MINUTE-LAST-EXTERNAL
2022-05-05 19:55:00,34.299999,34.349998,34.240001,34.338001,165209.0,ARKG.NYSE-5-MINUTE-LAST-EXTERNAL
2022-05-06 15:55:00,32.720001,32.779998,32.630001,32.650001,52804.0,ARKG.NYSE-5-MINUTE-LAST-EXTERNAL
2022-05-06 19:55:00,32.645,32.740001,32.580001,32.729999,182219.0,ARKG.NYSE-5-MINUTE-LAST-EXTERNAL
2022-05-09 15:55:00,30.78,30.92,30.659999,30.729999,66077.0,ARKG.NYSE-5-MINUTE-LAST-EXTERNAL
2022-05-09 19:55:00,29.459999,29.6,29.459999,29.575,150017.0,ARKG.NYSE-5-MINUTE-LAST-EXTERNAL
2022-05-10 15:55:00,29.469999,29.5583,29.235,29.51,55638.0,ARKG.NYSE-5-MINUTE-LAST-EXTERNAL
2022-05-10 19:55:00,30.52,30.549999,30.43,30.524999,492695.0,ARKG.NYSE-5-MINUTE-LAST-EXTERNAL
2022-05-11 15:55:00,29.959999,29.969999,29.79,29.912,20422.0,ARKG.NYSE-5-MINUTE-LAST-EXTERNAL
2022-05-11 19:55:00,28.079999,28.139999,28.069999,28.12,1062083.0,ARKG.NYSE-5-MINUTE-LAST-EXTERNAL
2022-05-12 15:55:00,29.19,29.25,29.139999,29.149999,66425.0,ARKG.NYSE-5-MINUTE-LAST-EXTERNAL
2022-05-12 19:55:00,29.299999,29.579999,29.26,29.559999,320944.0,ARKG.NYSE-5-MINUTE-LAST-EXTERNAL
2022-05-13 15:55:00,32.5,32.599998,32.470001,32.59,91432.0,ARKG.NYSE-5-MINUTE-LAST-EXTERNAL
2022-05-13 19:55:00,32.279998,32.380001,32.229999,32.36,593825.0,ARKG.NYSE-5-MINUTE-LAST-EXTERNAL
2022-05-16 15:55:00,32.139999,32.2,32.080001,32.150001,2348594.0,ARKG.NYSE-5-MINUTE-LAST-EXTERNAL
2022-05-16 19:55:00,31.43,31.459999,31.299999,31.37,109843.0,ARKG.NYSE-5-MINUTE-LAST-EXTERNAL
2022-05-17 15:55:00,32.34,32.400001,32.29,32.290798,83613.0,ARKG.NYSE-5-MINUTE-LAST-EXTERNAL
2022-05-17 19:55:00,32.650001,32.779998,32.580001,32.779998,554072.0,ARKG.NYSE-5-MINUTE-LAST-EXTERNAL
2022-05-18 15:55:00,31.719999,31.829999,31.711299,31.75,25516.0,ARKG.NYSE-5-MINUTE-LAST-EXTERNAL
2022-05-18 19:55:00,31.139999,31.309999,31.139999,31.27,104431.0,ARKG.NYSE-5-MINUTE-LAST-EXTERNAL
2022-05-19 15:55:00,32.720001,32.810001,32.659999,32.779998,53708.0,ARKG.NYSE-5-MINUTE-LAST-EXTERNAL
2022-05-19 19:55:00,32.380001,32.470001,32.369998,32.439998,91969.0,ARKG.NYSE-5-MINUTE-LAST-EXTERNAL
2022-05-20 15:55:00,31.78,31.86,31.739999,31.75,19030.0,ARKG.NYSE-5-MINUTE-LAST-EXTERNAL
2022-05-20 19:55:00,32.529998,32.659999,32.474998,32.630001,141992.0,ARKG.NYSE-5-MINUTE-LAST-EXTERNAL
2022-05-23 15:55:00,32.549999,32.59,32.459999,32.459999,30776.0,ARKG.NYSE-5-MINUTE-LAST-EXTERNAL
2022-05-23 19:55:00,32.45,32.599998,32.43,32.584999,44853.0,ARKG.NYSE-5-MINUTE-LAST-EXTERNAL
2022-05-24 15:55:00,31.650699,31.7,31.59,31.59,15851.0,ARKG.NYSE-5-MINUTE-LAST-EXTERNAL
2022-05-24 19:55:00,30.864999,30.93,30.84,30.92,99863.0,ARKG.NYSE-5-MINUTE-LAST-EXTERNAL
2022-05-25 15:55:00,30.829999,30.86,30.79,30.799999,20456.0,ARKG.NYSE-5-MINUTE-LAST-EXTERNAL
2022-05-25 19:55:00,31.45,31.5,31.45,31.479999,114545.0,ARKG.NYSE-5-MINUTE-LAST-EXTERNAL
2022-05-26 15:55:00,32.229999,32.25,32.165,32.18,34649.0,ARKG.NYSE-5-MINUTE-LAST-EXTERNAL
2022-05-26 19:55:00,31.975,32.0,31.85,31.85,565997.0,ARKG.NYSE-5-MINUTE-LAST-EXTERNAL
2022-05-27 15:55:00,33.029998,33.095001,33.0,33.09,13849.0,ARKG.NYSE-5-MINUTE-LAST-EXTERNAL
2022-05-27 19:55:00,33.525001,33.619998,33.509998,33.61,160653.0,ARKG.NYSE-5-MINUTE-LAST-EXTERNAL
2022-05-31 15:55:00,32.979999,33.0,32.880001,32.909999,29412.0,ARKG.NYSE-5-MINUTE-LAST-EXTERNAL
2022-05-31 19:55:00,32.36,32.400001,32.259998,32.259998,209344.0,ARKG.NYSE-5-MINUTE-LAST-EXTERNAL
2022-06-01 15:55:00,31.128299,31.149999,31.0,31.024999,57174.0,ARKG.NYSE-5-MINUTE-LAST-EXTERNAL
2022-06-01 19:55:00,31.245,31.26,31.139999,31.149999,106370.0,ARKG.NYSE-5-MINUTE-LAST-EXTERNAL
2022-06-02 15:55:00,32.619998,32.630001,32.5,32.529998,28799.0,ARKG.NYSE-5-MINUTE-LAST-EXTERNAL
2022-06-02 19:55:00,32.990001,33.049999,32.970001,33.049999,124153.0,ARKG.NYSE-5-MINUTE-LAST-EXTERNAL
2022-06-03 15:55:00,32.159999,32.210098,32.150001,32.18,13138.0,ARKG.NYSE-5-MINUTE-LAST-EXTERNAL
2022-06-03 19:55:00,32.36,32.409999,32.310798,32.319999,81183.0,ARKG.NYSE-5-MINUTE-LAST-EXTERNAL
2022-06-06 15:55:00,32.029998,32.060001,32.0,32.02,44452.0,ARKG.NYSE-5-MINUTE-LAST-EXTERNAL
2022-06-06 19:55:00,31.67,31.7,31.639999,31.684999,90772.0,ARKG.NYSE-5-MINUTE-LAST-EXTERNAL
2022-06-07 15:55:00,32.029998,32.25,32.02,32.240001,14239.0,ARKG.NYSE-5-MINUTE-LAST-EXTERNAL
2022-06-07 19:55:00,32.84,32.854999,32.810001,32.830001,103537.0,ARKG.NYSE-5-MINUTE-LAST-EXTERNAL
2022-06-08 15:55:00,34.125,34.189998,34.099998,34.11,23240.0,ARKG.NYSE-5-MINUTE-LAST-EXTERNAL
2022-06-08 19:55:00,33.580001,33.630001,33.560001,33.619998,206034.0,ARKG.NYSE-5-MINUTE-LAST-EXTERNAL
2022-06-09 15:55:00,32.509998,32.569999,32.45,32.54,19409.0,ARKG.NYSE-5-MINUTE-LAST-EXTERNAL
2022-06-09 19:55:00,31.85,31.87,31.739999,31.739999,189731.0,ARKG.NYSE-5-MINUTE-LAST-EXTERNAL
2022-06-10 15:55:00,29.59,29.719999,29.569999,29.67,58783.0,ARKG.NYSE-5-MINUTE-LAST-EXTERNAL
2022-06-10 19:55:00,29.6,29.626899,29.549999,29.549999,130760.0,ARKG.NYSE-5-MINUTE-LAST-EXTERNAL
2022-06-13 15:55:00,27.34,27.37,27.309999,27.36,1723550.0,ARKG.NYSE-5-MINUTE-LAST-EXTERNAL
2022-06-13 19:55:00,27.145,27.229999,27.139999,27.219999,125470.0,ARKG.NYSE-5-MINUTE-LAST-EXTERNAL
2022-06-14 15:55:00,27.43,27.52,27.43,27.500499,1549240.0,ARKG.NYSE-5-MINUTE-LAST-EXTERNAL
2022-06-14 19:55:00,27.59,27.62,27.549999,27.569999,359631.0,ARKG.NYSE-5-MINUTE-LAST-EXTERNAL
2022-06-15 15:55:00,28.59,28.729999,28.59,28.7145,30826.0,ARKG.NYSE-5-MINUTE-LAST-EXTERNAL
2022-06-15 19:55:00,28.93,28.989999,28.899999,28.95,310167.0,ARKG.NYSE-5-MINUTE-LAST-EXTERNAL
2022-06-16 15:55:00,27.5,27.635,27.485,27.635,18345.0,ARKG.NYSE-5-MINUTE-LAST-EXTERNAL
2022-06-16 19:55:00,27.879999,27.959999,27.864999,27.959999,63738.0,ARKG.NYSE-5-MINUTE-LAST-EXTERNAL
2022-06-17 15:55:00,29.67,29.7,29.61,29.649999,39157.0,ARKG.NYSE-5-MINUTE-LAST-EXTERNAL
2022-06-17 19:55:00,29.35,29.389999,29.2999,29.319999,570336.0,ARKG.NYSE-5-MINUTE-LAST-EXTERNAL
2022-06-21 15:55:00,30.739999,30.777799,30.715,30.719999,17945.0,ARKG.NYSE-5-MINUTE-LAST-EXTERNAL
2022-06-21 19:55:00,30.264999,30.27,30.149999,30.19,110635.0,ARKG.NYSE-5-MINUTE-LAST-EXTERNAL
2022-06-22 15:55:00,30.92,30.95,30.809999,30.809999,33721.0,ARKG.NYSE-5-MINUTE-LAST-EXTERNAL
2022-06-22 19:55:00,31.129999,31.145,31.049999,31.079999,88538.0,ARKG.NYSE-5-MINUTE-LAST-EXTERNAL
2022-06-23 15:55:00,32.639999,32.689998,32.599998,32.61,23500.0,ARKG.NYSE-5-MINUTE-LAST-EXTERNAL
2022-06-23 19:55:00,33.61,33.68,33.59,33.650001,98385.0,ARKG.NYSE-5-MINUTE-LAST-EXTERNAL
2022-06-24 15:55:00,33.319999,33.419998,33.27,33.400001,31077.0,ARKG.NYSE-5-MINUTE-LAST-EXTERNAL
2022-06-24 19:55:00,34.619998,34.639999,34.549999,34.619998,211582.0,ARKG.NYSE-5-MINUTE-LAST-EXTERNAL
2022-06-27 15:55:00,34.231998,34.259998,34.18,34.2,1827003.0,ARKG.NYSE-5-MINUTE-LAST-EXTERNAL
2022-06-27 19:55:00,33.979999,34.09,33.979999,34.080001,50025.0,ARKG.NYSE-5-MINUTE-LAST-EXTERNAL
2022-06-28 15:55:00,32.990001,33.049999,32.95,32.959999,18071.0,ARKG.NYSE-5-MINUTE-LAST-EXTERNAL
2022-06-28 19:55:00,32.380001,32.409999,32.320098,32.389999,122929.0,ARKG.NYSE-5-MINUTE-LAST-EXTERNAL
2022-06-29 15:55:00,32.334999,32.334999,32.209999,32.244998,19274.0,ARKG.NYSE-5-MINUTE-LAST-EXTERNAL
2022-06-29 19:55:00,32.125,32.229999,32.119998,32.189998,40719.0,ARKG.NYSE-5-MINUTE-LAST-EXTERNAL
2022-06-30 15:55:00,31.549999,31.709999,31.549999,31.69,14377.0,ARKG.NYSE-5-MINUTE-LAST-EXTERNAL
2022-06-30 19:55:00,31.409999,31.549999,31.37,31.54,88576.0,ARKG.NYSE-5-MINUTE-LAST-EXTERNAL
2022-07-01 15:55:00,32.220001,32.310001,32.2,32.25,19423.0,ARKG.NYSE-5-MINUTE-LAST-EXTERNAL
2022-07-01 19:55:00,32.740001,32.830001,32.729999,32.79,103479.0,ARKG.NYSE-5-MINUTE-LAST-EXTERNAL
2022-07-05 15:55:00,34.011001,34.064998,33.959899,33.9617,33242.0,ARKG.NYSE-5-MINUTE-LAST-EXTERNAL
2022-07-05 19:55:00,35.369998,35.470001,35.349998,35.45,343820.0,ARKG.NYSE-5-MINUTE-LAST-EXTERNAL
2022-07-06 15:55:00,35.259998,35.369998,35.25,35.29,2019437.0,ARKG.NYSE-5-MINUTE-LAST-EXTERNAL
2022-07-06 19:55:00,35.305,35.45,35.29,35.43,251001.0,ARKG.NYSE-5-MINUTE-LAST-EXTERNAL
2022-07-07 15:55:00,37.380001,37.43,37.349998,37.43,52173.0,ARKG.NYSE-5-MINUTE-LAST-EXTERNAL
2022-07-07 19:55:00,37.595001,37.709999,37.59,37.639999,359800.0,ARKG.NYSE-5-MINUTE-LAST-EXTERNAL
2022-07-08 15:55:00,37.79,37.830001,37.759998,37.830001,16258.0,ARKG.NYSE-5-MINUTE-LAST-EXTERNAL
2022-07-08 19:55:00,37.424999,37.549999,37.419998,37.459999,76884.0,ARKG.NYSE-5-MINUTE-LAST-EXTERNAL
2022-07-11 15:55:00,36.04,36.11,36.02,36.069999,8472.0,ARKG.NYSE-5-MINUTE-LAST-EXTERNAL
2022-07-11 19:55:00,35.549999,35.645,35.54,35.619998,169390.0,ARKG.NYSE-5-MINUTE-LAST-EXTERNAL
2022-07-12 15:55:00,35.709999,35.955001,35.674999,35.95,56817.0,ARKG.NYSE-5-MINUTE-LAST-EXTERNAL
2022-07-12 19:55:00,36.45,36.54,36.45,36.470001,332808.0,ARKG.NYSE-5-MINUTE-LAST-EXTERNAL
2022-07-13 15:55:00,36.819999,36.909999,36.77,36.849998,27972.0,ARKG.NYSE-5-MINUTE-LAST-EXTERNAL
2022-07-13 19:55:00,37.049999,37.069999,36.93,36.940101,170122.0,ARKG.NYSE-5-MINUTE-LAST-EXTERNAL
2022-07-14 15:55:00,36.220001,36.299999,36.139999,36.299999,17042.0,ARKG.NYSE-5-MINUTE-LAST-EXTERNAL
2022-07-14 19:55:00,36.294998,36.294998,36.189998,36.2,78886.0,ARKG.NYSE-5-MINUTE-LAST-EXTERNAL
2022-07-15 15:55:00,35.709999,35.799999,35.669998,35.799999,26472.0,ARKG.NYSE-5-MINUTE-LAST-EXTERNAL
2022-07-15 19:55:00,36.25,36.349998,36.25,36.345001,142947.0,ARKG.NYSE-5-MINUTE-LAST-EXTERNAL
2022-07-18 15:55:00,36.819999,36.819999,36.7,36.7,8284.0,ARKG.NYSE-5-MINUTE-LAST-EXTERNAL
2022-07-18 19:55:00,35.215,35.220001,35.159999,35.169998,96007.0,ARKG.NYSE-5-MINUTE-LAST-EXTERNAL
2022-07-19 15:55:00,36.77,36.810001,36.759998,36.810001,14478.0,ARKG.NYSE-5-MINUTE-LAST-EXTERNAL
2022-07-19 19:55:00,36.959999,37.080001,36.9304,37.021099,250352.0,ARKG.NYSE-5-MINUTE-LAST-EXTERNAL
2022-07-20 15:55:00,38.639999,38.669998,38.564998,38.659999,14831.0,ARKG.NYSE-5-MINUTE-LAST-EXTERNAL
2022-07-20 19:55:00,38.27,38.330001,38.235,38.259998,198873.0,ARKG.NYSE-5-MINUTE-LAST-EXTERNAL
2022-07-21 15:55:00,38.895,39.042999,38.895,39.005001,18921.0,ARKG.NYSE-5-MINUTE-LAST-EXTERNAL
2022-07-21 19:55:00,38.900001,38.970001,38.869998,38.970001,408679.0,ARKG.NYSE-5-MINUTE-LAST-EXTERNAL
2022-07-22 15:55:00,37.259998,37.259998,37.130001,37.25,38090.0,ARKG.NYSE-5-MINUTE-LAST-EXTERNAL
2022-07-22 19:55:00,36.799999,36.828899,36.775001,36.799999,337822.0,ARKG.NYSE-5-MINUTE-LAST-EXTERNAL
2022-07-25 15:55:00,36.650001,36.689998,36.639999,36.689998,4011.0,ARKG.NYSE-5-MINUTE-LAST-EXTERNAL
2022-07-25 19:55:00,36.709999,36.755001,36.68,36.729999,86953.0,ARKG.NYSE-5-MINUTE-LAST-EXTERNAL
2022-07-26 15:55:00,36.343799,36.406799,36.319999,36.374298,793232.0,ARKG.NYSE-5-MINUTE-LAST-EXTERNAL
2022-07-26 19:55:00,36.400001,36.409999,36.36,36.36,105049.0,ARKG.NYSE-5-MINUTE-LAST-EXTERNAL
2022-07-27 15:55:00,36.7,36.830001,36.7,36.729999,25871.0,ARKG.NYSE-5-MINUTE-LAST-EXTERNAL
2022-07-27 19:55:00,37.810001,37.84,37.68,37.740001,197296.0,ARKG.NYSE-5-MINUTE-LAST-EXTERNAL
2022-07-28 15:55:00,37.139999,37.220001,37.130001,37.18,26791.0,ARKG.NYSE-5-MINUTE-LAST-EXTERNAL
2022-07-28 19:55:00,37.235,37.275001,37.189998,37.251399,55166.0,ARKG.NYSE-5-MINUTE-LAST-EXTERNAL
2022-07-29 15:55:00,36.404998,36.409999,36.349998,36.369998,11708.0,ARKG.NYSE-5-MINUTE-LAST-EXTERNAL
2022-07-29 19:55:00,36.619998,36.689998,36.619998,36.639999,139937.0,ARKG.NYSE-5-MINUTE-LAST-EXTERNAL
2022-08-01 15:55:00,37.169998,37.169998,37.099998,37.099998,10990.0,ARKG.NYSE-5-MINUTE-LAST-EXTERNAL
2022-08-01 19:55:00,36.319999,36.419998,36.319999,36.389999,56600.0,ARKG.NYSE-5-MINUTE-LAST-EXTERNAL
2022-08-02 15:55:00,37.389999,37.424999,37.36,37.404998,13940.0,ARKG.NYSE-5-MINUTE-LAST-EXTERNAL
2022-08-02 19:55:00,37.174999,37.310001,37.174999,37.209999,79674.0,ARKG.NYSE-5-MINUTE-LAST-EXTERNAL
2022-08-03 15:55:00,39.029998,39.150001,39.009998,39.139999,41118.0,ARKG.NYSE-5-MINUTE-LAST-EXTERNAL
2022-08-03 19:55:00,38.939998,38.970001,38.880001,38.95,133213.0,ARKG.NYSE-5-MINUTE-LAST-EXTERNAL
2022-08-04 15:55:00,38.93,39.0,38.909999,38.979999,10212.0,ARKG.NYSE-5-MINUTE-LAST-EXTERNAL
2022-08-04 19:55:00,39.619998,39.7,39.569999,39.689998,63685.0,ARKG.NYSE-5-MINUTE-LAST-EXTERNAL
2022-08-05 15:55:00,39.580001,39.619998,39.470001,39.619998,26603.0,ARKG.NYSE-5-MINUTE-LAST-EXTERNAL
2022-08-05 19:55:00,40.435001,40.490001,40.43,40.45,169691.0,ARKG.NYSE-5-MINUTE-LAST-EXTERNAL
2022-08-08 15:55:00,41.459999,41.461299,41.330001,41.400001,18300.0,ARKG.NYSE-5-MINUTE-LAST-EXTERNAL
2022-08-08 19:55:00,40.77,40.869998,40.77,40.799999,135726.0,ARKG.NYSE-5-MINUTE-LAST-EXTERNAL
2022-08-09 15:55:00,38.639999,38.669998,38.5,38.5,52777.0,ARKG.NYSE-5-MINUTE-LAST-EXTERNAL
2022-08-09 19:55:00,38.639999,38.650001,38.575,38.599998,177263.0,ARKG.NYSE-5-MINUTE-LAST-EXTERNAL
2022-08-10 15:55:00,40.27,40.279998,40.165,40.174999,33830.0,ARKG.NYSE-5-MINUTE-LAST-EXTERNAL
2022-08-10 19:55:00,41.279998,41.369998,41.240001,41.330001,152969.0,ARKG.NYSE-5-MINUTE-LAST-EXTERNAL
2022-08-11 15:55:00,41.549999,41.650001,41.439998,41.544998,29548.0,ARKG.NYSE-5-MINUTE-LAST-EXTERNAL
2022-08-11 19:55:00,40.479999,40.485,40.435001,40.45,81733.0,ARKG.NYSE-5-MINUTE-LAST-EXTERNAL
2022-08-12 15:55:00,41.68,41.720001,41.419998,41.444999,31015.0,ARKG.NYSE-5-MINUTE-LAST-EXTERNAL
2022-08-12 19:55:00,41.849998,41.909999,41.810001,41.880001,79472.0,ARKG.NYSE-5-MINUTE-LAST-EXTERNAL
2022-08-15 15:55:00,42.0,42.060001,41.939998,42.060001,26901.0,ARKG.NYSE-5-MINUTE-LAST-EXTERNAL
2022-08-15 19:55:00,42.419998,42.439998,42.389999,42.409999,100405.0,ARKG.NYSE-5-MINUTE-LAST-EXTERNAL
2022-08-16 15:55:00,41.169998,41.259998,41.120098,41.18,12674.0,ARKG.NYSE-5-MINUTE-LAST-EXTERNAL
2022-08-16 19:55:00,40.77,40.77,40.709999,40.75,42361.0,ARKG.NYSE-5-MINUTE-LAST-EXTERNAL
2022-08-17 15:55:00,38.709999,38.847301,38.709999,38.810001,10815.0,ARKG.NYSE-5-MINUTE-LAST-EXTERNAL
2022-08-17 19:55:00,38.68,38.709999,38.650001,38.650001,99080.0,ARKG.NYSE-5-MINUTE-LAST-EXTERNAL
2022-08-18 15:55:00,37.93,37.959999,37.830001,37.84,19944.0,ARKG.NYSE-5-MINUTE-LAST-EXTERNAL
2022-08-18 19:55:00,38.139999,38.18,38.125,38.18,112782.0,ARKG.NYSE-5-MINUTE-LAST-EXTERNAL
2022-08-19 15:55:00,36.599998,36.599998,36.52,36.549999,18296.0,ARKG.NYSE-5-MINUTE-LAST-EXTERNAL
2022-08-19 19:55:00,36.389999,36.439998,36.369899,36.369998,150404.0,ARKG.NYSE-5-MINUTE-LAST-EXTERNAL
2022-08-22 15:55:00,36.43,36.459999,36.400001,36.431098,5355.0,ARKG.NYSE-5-MINUTE-LAST-EXTERNAL
2022-08-22 19:55:00,36.169998,36.229999,36.150001,36.189998,69234.0,ARKG.NYSE-5-MINUTE-LAST-EXTERNAL
2022-08-23 15:55:00,36.470001,36.479999,36.400001,36.439998,9986.0,ARKG.NYSE-5-MINUTE-LAST-EXTERNAL
2022-08-23 19:55:00,36.869998,36.919998,36.845001,36.849998,62731.0,ARKG.NYSE-5-MINUTE-LAST-EXTERNAL
2022-08-24 15:55:00,38.279998,38.279998,38.159999,38.18,881233.0,ARKG.NYSE-5-MINUTE-LAST-EXTERNAL
2022-08-24 19:55:00,38.130001,38.18,38.11,38.150001,99043.0,ARKG.NYSE-5-MINUTE-LAST-EXTERNAL
2022-08-25 15:55:00,38.4608,38.490001,38.400001,38.490001,714973.0,ARKG.NYSE-5-MINUTE-LAST-EXTERNAL
2022-08-25 19:55:00,38.849998,39.049999,38.825,39.009998,238539.0,ARKG.NYSE-5-MINUTE-LAST-EXTERNAL
2022-08-26 15:55:00,37.419998,37.45,37.330001,37.369998,8372.0,ARKG.NYSE-5-MINUTE-LAST-EXTERNAL
2022-08-26 19:55:00,36.639999,36.7,36.59,36.59,226328.0,ARKG.NYSE-5-MINUTE-LAST-EXTERNAL
2022-08-29 15:55:00,35.95,36.04,35.939998,35.979999,4984.0,ARKG.NYSE-5-MINUTE-LAST-EXTERNAL
2022-08-29 19:55:00,35.79,35.819999,35.709999,35.729999,63362.0,ARKG.NYSE-5-MINUTE-LAST-EXTERNAL
2022-08-30 15:55:00,35.119998,35.2,35.060001,35.061298,38487.0,ARKG.NYSE-5-MINUTE-LAST-EXTERNAL
2022-08-30 19:55:00,35.0,35.080001,34.990001,35.060001,279283.0,ARKG.NYSE-5-MINUTE-LAST-EXTERNAL
2022-08-31 15:55:00,35.5,35.599998,35.45,35.560001,10304.0,ARKG.NYSE-5-MINUTE-LAST-EXTERNAL
2022-08-31 19:55:00,35.630001,35.639999,35.5,35.5,131709.0,ARKG.NYSE-5-MINUTE-LAST-EXTERNAL
2022-09-01 15:55:00,34.310001,34.349998,34.220001,34.34,55271.0,ARKG.NYSE-5-MINUTE-LAST-EXTERNAL
2022-09-01 19:55:00,35.580001,35.79,35.580001,35.77,283587.0,ARKG.NYSE-5-MINUTE-LAST-EXTERNAL
2022-09-02 15:55:00,35.569999,35.630001,35.559898,35.61,11735.0,ARKG.NYSE-5-MINUTE-LAST-EXTERNAL
2022-09-02 19:55:00,34.720001,34.759998,34.619998,34.709999,64070.0,ARKG.NYSE-5-MINUTE-LAST-EXTERNAL
2022-09-06 15:55:00,34.504901,34.549999,34.459999,34.470001,10079.0,ARKG.NYSE-5-MINUTE-LAST-EXTERNAL
2022-09-06 19:55:00,34.009998,34.049999,33.979999,34.04,78101.0,ARKG.NYSE-5-MINUTE-LAST-EXTERNAL
2022-09-07 15:55:00,35.119998,35.130001,35.069999,35.069999,3956.0,ARKG.NYSE-5-MINUTE-LAST-EXTERNAL
2022-09-07 19:55:00,35.705001,35.709999,35.639999,35.689998,122175.0,ARKG.NYSE-5-MINUTE-LAST-EXTERNAL
2022-09-08 15:55:00,36.52,36.564998,36.490001,36.52,993272.0,ARKG.NYSE-5-MINUTE-LAST-EXTERNAL
2022-09-08 19:55:00,36.865001,36.919998,36.819999,36.900001,186745.0,ARKG.NYSE-5-MINUTE-LAST-EXTERNAL
2022-09-09 15:55:00,37.659999,37.77,37.639999,37.729999,7176.0,ARKG.NYSE-5-MINUTE-LAST-EXTERNAL
2022-09-09 19:55:00,37.709999,37.729999,37.68,37.709999,114586.0,ARKG.NYSE-5-MINUTE-LAST-EXTERNAL
2022-09-12 15:55:00,37.650001,37.674999,37.54,37.639999,11347.0,ARKG.NYSE-5-MINUTE-LAST-EXTERNAL
2022-09-12 19:55:00,38.560001,38.61,38.549999,38.59,308032.0,ARKG.NYSE-5-MINUTE-LAST-EXTERNAL
2022-09-13 15:55:00,36.45,36.459899,36.369998,36.380001,32916.0,ARKG.NYSE-5-MINUTE-LAST-EXTERNAL
2022-09-13 19:55:00,36.419998,36.45,36.330001,36.419998,87737.0,ARKG.NYSE-5-MINUTE-LAST-EXTERNAL
2022-09-14 15:55:00,36.900001,36.909999,36.869998,36.880001,14445.0,ARKG.NYSE-5-MINUTE-LAST-EXTERNAL
2022-09-14 19:55:00,36.924999,37.049999,36.909999,36.990001,302891.0,ARKG.NYSE-5-MINUTE-LAST-EXTERNAL
2022-09-15 15:55:00,37.68,37.789001,37.630001,37.779998,20582.0,ARKG.NYSE-5-MINUTE-LAST-EXTERNAL
2022-09-15 19:55:00,37.689998,37.740001,37.650001,37.659999,84620.0,ARKG.NYSE-5-MINUTE-LAST-EXTERNAL
2022-09-16 15:55:00,35.669998,35.689998,35.599998,35.669998,17072.0,ARKG.NYSE-5-MINUTE-LAST-EXTERNAL
2022-09-16 19:55:00,35.830001,35.830001,35.694999,35.729999,163066.0,ARKG.NYSE-5-MINUTE-LAST-EXTERNAL
2022-09-19 15:55:00,34.939998,34.95,34.799999,34.849998,10629.0,ARKG.NYSE-5-MINUTE-LAST-EXTERNAL
2022-09-19 19:55:00,35.349998,35.419998,35.330001,35.400001,80181.0,ARKG.NYSE-5-MINUTE-LAST-EXTERNAL
2022-09-20 15:55:00,35.459999,35.549999,35.43,35.529998,207083.0,ARKG.NYSE-5-MINUTE-LAST-EXTERNAL
2022-09-20 19:55:00,34.939998,34.939998,34.880001,34.900001,70082.0,ARKG.NYSE-5-MINUTE-LAST-EXTERNAL
2022-09-21 15:55:00,35.099998,35.119998,35.081001,35.11,2984.0,ARKG.NYSE-5-MINUTE-LAST-EXTERNAL
2022-09-21 19:55:00,34.099998,34.099998,33.919998,33.919998,130468.0,ARKG.NYSE-5-MINUTE-LAST-EXTERNAL
2022-09-22 15:55:00,33.04,33.060001,32.86,32.900001,24660.0,ARKG.NYSE-5-MINUTE-LAST-EXTERNAL
2022-09-22 19:55:00,33.049999,33.060001,32.919998,32.919998,123750.0,ARKG.NYSE-5-MINUTE-LAST-EXTERNAL
2022-09-23 15:55:00,31.799999,31.93,31.78,31.93,15198.0,ARKG.NYSE-5-MINUTE-LAST-EXTERNAL
2022-09-23 19:55:00,32.130001,32.189998,32.025001,32.18,182670.0,ARKG.NYSE-5-MINUTE-LAST-EXTERNAL
2022-09-26 15:55:00,31.77,31.87,31.729999,31.819999,18792.0,ARKG.NYSE-5-MINUTE-LAST-EXTERNAL
2022-09-26 19:55:00,31.709999,31.709999,31.53,31.549999,127871.0,ARKG.NYSE-5-MINUTE-LAST-EXTERNAL
2022-09-27 15:55:00,32.34,32.34,32.229999,32.229999,850607.0,ARKG.NYSE-5-MINUTE-LAST-EXTERNAL
2022-09-27 19:55:00,32.25,32.296798,32.220001,32.279998,95733.0,ARKG.NYSE-5-MINUTE-LAST-EXTERNAL
2022-09-28 15:55:00,33.959999,34.005001,33.95,33.95,24040.0,ARKG.NYSE-5-MINUTE-LAST-EXTERNAL
2022-09-28 19:55:00,34.310001,34.310001,34.189998,34.209999,199816.0,ARKG.NYSE-5-MINUTE-LAST-EXTERNAL
2022-09-29 15:55:00,33.04,33.049999,32.970001,32.979999,1002516.0,ARKG.NYSE-5-MINUTE-LAST-EXTERNAL
2022-09-29 19:55:00,32.84,32.935001,32.79,32.900001,86087.0,ARKG.NYSE-5-MINUTE-LAST-EXTERNAL
2022-09-30 15:55:00,33.939998,34.02,33.935001,34.02,8405.0,ARKG.NYSE-5-MINUTE-LAST-EXTERNAL
2022-09-30 19:55:00,32.880001,32.889999,32.794998,32.84,267440.0,ARKG.NYSE-5-MINUTE-LAST-EXTERNAL
2022-10-03 15:55:00,32.669998,32.689998,32.569999,32.630001,9778.0,ARKG.NYSE-5-MINUTE-LAST-EXTERNAL
2022-10-03 19:55:00,33.240001,33.240001,33.1399,33.18,81718.0,ARKG.NYSE-5-MINUTE-LAST-EXTERNAL
2022-10-04 15:55:00,35.303001,35.418899,35.25,35.418899,24638.0,ARKG.NYSE-5-MINUTE-LAST-EXTERNAL
2022-10-04 19:55:00,35.619998,35.740001,35.619998,35.720001,114325.0,ARKG.NYSE-5-MINUTE-LAST-EXTERNAL
2022-10-05 15:55:00,34.229999,34.279998,34.189998,34.189998,45245.0,ARKG.NYSE-5-MINUTE-LAST-EXTERNAL
2022-10-05 19:55:00,35.04,35.150001,35.04,35.04,186511.0,ARKG.NYSE-5-MINUTE-LAST-EXTERNAL
2022-10-06 15:55:00,35.02,35.049999,34.799999,34.799999,18261.0,ARKG.NYSE-5-MINUTE-LAST-EXTERNAL
2022-10-06 19:55:00,35.080001,35.139999,35.009998,35.02,45449.0,ARKG.NYSE-5-MINUTE-LAST-EXTERNAL
2022-10-07 15:55:00,33.534999,33.560001,33.509998,33.549999,8622.0,ARKG.NYSE-5-MINUTE-LAST-EXTERNAL
2022-10-07 19:55:00,32.86,32.970001,32.849998,32.86,141085.0,ARKG.NYSE-5-MINUTE-LAST-EXTERNAL
2022-10-10 15:55:00,31.93,31.93,31.834999,31.86,50394.0,ARKG.NYSE-5-MINUTE-LAST-EXTERNAL
2022-10-10 19:55:00,31.969999,31.975,31.864999,31.879999,83183.0,ARKG.NYSE-5-MINUTE-LAST-EXTERNAL
2022-10-11 15:55:00,32.27,32.319999,32.27,32.29,8366.0,ARKG.NYSE-5-MINUTE-LAST-EXTERNAL
2022-10-11 19:55:00,31.729999,31.799999,31.729999,31.75,55829.0,ARKG.NYSE-5-MINUTE-LAST-EXTERNAL
2022-10-12 15:55:00,31.6,31.62,31.53,31.54,10933.0,ARKG.NYSE-5-MINUTE-LAST-EXTERNAL
2022-10-12 19:55:00,31.969999,31.975,31.909999,31.909999,49326.0,ARKG.NYSE-5-MINUTE-LAST-EXTERNAL
2022-10-13 15:55:00,31.879999,31.923299,31.76,31.809999,35107.0,ARKG.NYSE-5-MINUTE-LAST-EXTERNAL
2022-10-13 19:55:00,31.76,31.77,31.7,31.709999,197379.0,ARKG.NYSE-5-MINUTE-LAST-EXTERNAL
2022-10-14 15:55:00,30.79,30.799999,30.75,30.75,7904.0,ARKG.NYSE-5-MINUTE-LAST-EXTERNAL
2022-10-14 19:55:00,30.59,30.59,30.45,30.5,305274.0,ARKG.NYSE-5-MINUTE-LAST-EXTERNAL
2022-10-17 15:55:00,32.11,32.11,31.979999,31.979999,16593.0,ARKG.NYSE-5-MINUTE-LAST-EXTERNAL
2022-10-17 19:55:00,32.055,32.055,31.909999,31.959999,155103.0,ARKG.NYSE-5-MINUTE-LAST-EXTERNAL
2022-10-18 15:55:00,32.29,32.299999,32.18,32.29,9770.0,ARKG.NYSE-5-MINUTE-LAST-EXTERNAL
2022-10-18 19:55:00,32.319999,32.369998,32.25,32.369998,36193.0,ARKG.NYSE-5-MINUTE-LAST-EXTERNAL
2022-10-19 15:55:00,31.084999,31.1,31.059999,31.065,693849.0,ARKG.NYSE-5-MINUTE-LAST-EXTERNAL
2022-10-19 19:55:00,30.479999,30.559999,30.459999,30.549999,56027.0,ARKG.NYSE-5-MINUTE-LAST-EXTERNAL
2022-10-20 15:55:00,31.45,31.459999,31.29,31.299999,9239.0,ARKG.NYSE-5-MINUTE-LAST-EXTERNAL
2022-10-20 19:55:00,30.389999,30.399999,30.329999,30.34,53321.0,ARKG.NYSE-5-MINUTE-LAST-EXTERNAL
2022-10-21 15:55:00,30.59,30.657499,30.53,30.629999,5622.0,ARKG.NYSE-5-MINUTE-LAST-EXTERNAL
2022-10-21 19:55:00,31.139999,31.139999,31.075,31.12,89236.0,ARKG.NYSE-5-MINUTE-LAST-EXTERNAL
2022-10-24 15:55:00,30.79,30.881599,30.77,30.87,10018.0,ARKG.NYSE-5-MINUTE-LAST-EXTERNAL
2022-10-24 19:55:00,30.979999,31.0,30.959999,30.989999,63394.0,ARKG.NYSE-5-MINUTE-LAST-EXTERNAL
2022-10-25 15:55:00,32.639999,32.639999,32.560001,32.560001,9883.0,ARKG.NYSE-5-MINUTE-LAST-EXTERNAL
2022-10-25 19:55:00,32.659999,32.669998,32.615001,32.639999,48930.0,ARKG.NYSE-5-MINUTE-LAST-EXTERNAL
2022-10-26 15:55:00,34.334999,34.400001,34.330001,34.374698,3607974.0,ARKG.NYSE-5-MINUTE-LAST-EXTERNAL
2022-10-26 19:55:00,33.689998,33.689998,33.549999,33.580001,70488.0,ARKG.NYSE-5-MINUTE-LAST-EXTERNAL
2022-10-27 15:55:00,33.189998,33.216999,33.099998,33.119998,6611.0,ARKG.NYSE-5-MINUTE-LAST-EXTERNAL
2022-10-27 19:55:00,32.990001,33.0,32.95,32.970001,48252.0,ARKG.NYSE-5-MINUTE-LAST-EXTERNAL
2022-10-28 15:55:00,33.45,33.490001,33.395,33.400001,8671.0,ARKG.NYSE-5-MINUTE-LAST-EXTERNAL
2022-10-28 19:55:00,34.25,34.27,34.169998,34.194999,58697.0,ARKG.NYSE-5-MINUTE-LAST-EXTERNAL
2022-10-31 15:55:00,34.169998,34.209999,33.889999,33.939998,28632.0,ARKG.NYSE-5-MINUTE-LAST-EXTERNAL
2022-10-31 19:55:00,33.729999,33.779998,33.708,33.759998,52442.0,ARKG.NYSE-5-MINUTE-LAST-EXTERNAL
2022-11-01 15:55:00,34.130001,34.189998,34.11,34.159999,495287.0,ARKG.NYSE-5-MINUTE-LAST-EXTERNAL
2022-11-01 19:55:00,34.25,34.25,34.189998,34.189998,26918.0,ARKG.NYSE-5-MINUTE-LAST-EXTERNAL
2022-11-02 15:55:00,33.970001,33.970001,33.869998,33.872001,1071163.0,ARKG.NYSE-5-MINUTE-LAST-EXTERNAL
2022-11-02 19:55:00,33.169998,33.169998,33.04,33.069999,137207.0,ARKG.NYSE-5-MINUTE-LAST-EXTERNAL
2022-11-03 15:55:00,32.900001,32.939998,32.86,32.86,7059.0,ARKG.NYSE-5-MINUTE-LAST-EXTERNAL
2022-11-03 19:55:00,32.689998,32.720001,32.659999,32.68,72849.0,ARKG.NYSE-5-MINUTE-LAST-EXTERNAL
2022-11-04 15:55:00,32.099998,32.139999,31.969999,31.979999,17087.0,ARKG.NYSE-5-MINUTE-LAST-EXTERNAL
2022-11-04 19:55:00,32.419998,32.549999,32.404998,32.54,43120.0,ARKG.NYSE-5-MINUTE-LAST-EXTERNAL
2022-11-07 15:55:00,31.5,31.5018,31.43,31.5,13543.0,ARKG.NYSE-5-MINUTE-LAST-EXTERNAL
2022-11-07 19:55:00,31.75,31.761299,31.674999,31.7,14960.0,ARKG.NYSE-5-MINUTE-LAST-EXTERNAL
2022-11-07 21:00:00,31.579999,31.579999,31.579999,31.579999,120473.0,ARKG.NYSE-5-MINUTE-LAST-EXTERNAL
2022-11-08 15:55:00,32.189998,32.299999,32.189998,32.299999,7538.0,ARKG.NYSE-5-MINUTE-LAST-EXTERNAL
2022-11-08 19:55:00,31.86,31.889999,31.77,31.77,4969.0,ARKG.NYSE-5-MINUTE-LAST-EXTERNAL
2022-11-08 21:00:00,32.139999,32.139999,32.139999,32.139999,106600.0,ARKG.NYSE-5-MINUTE-LAST-EXTERNAL
2022-11-09 15:55:00,31.629899,31.655,31.459999,31.51,16796.0,ARKG.NYSE-5-MINUTE-LAST-EXTERNAL
2022-11-09 19:55:00,31.0,31.060199,30.995,31.060199,14334.0,ARKG.NYSE-5-MINUTE-LAST-EXTERNAL
2022-11-09 21:00:00,30.77,30.77,30.77,30.77,67709.0,ARKG.NYSE-5-MINUTE-LAST-EXTERNAL
2022-11-10 15:55:00,33.169998,33.310001,33.150001,33.279998,32002.0,ARKG.NYSE-5-MINUTE-LAST-EXTERNAL
2022-11-10 19:55:00,33.799999,33.799999,33.759998,33.79,18400.0,ARKG.NYSE-5-MINUTE-LAST-EXTERNAL
2022-11-10 21:00:00,34.220001,34.220001,34.220001,34.220001,216461.0,ARKG.NYSE-5-MINUTE-LAST-EXTERNAL
2022-11-11 15:55:00,35.849998,35.919998,35.720001,35.779998,116285.0,ARKG.NYSE-5-MINUTE-LAST-EXTERNAL
2022-11-11 19:55:00,36.924999,36.970001,36.865001,36.924999,41147.0,ARKG.NYSE-5-MINUTE-LAST-EXTERNAL
2022-11-11 21:00:00,36.229999,36.229999,36.229999,36.229999,155344.0,ARKG.NYSE-5-MINUTE-LAST-EXTERNAL
2022-11-14 15:55:00,35.68,35.68,35.555,35.569999,5552.0,ARKG.NYSE-5-MINUTE-LAST-EXTERNAL
2022-11-14 19:55:00,35.5,35.544998,35.490001,35.509998,6936.0,ARKG.NYSE-5-MINUTE-LAST-EXTERNAL
2022-11-14 21:00:00,34.990001,34.990001,34.990001,34.990001,62579.0,ARKG.NYSE-5-MINUTE-LAST-EXTERNAL
2022-11-15 15:55:00,35.720001,35.740001,35.61,35.7,10718.0,ARKG.NYSE-5-MINUTE-LAST-EXTERNAL
2022-11-15 19:55:00,35.084999,35.29,35.014999,35.25,11852.0,ARKG.NYSE-5-MINUTE-LAST-EXTERNAL
2022-11-15 21:00:00,35.0,35.0,35.0,35.0,38615.0,ARKG.NYSE-5-MINUTE-LAST-EXTERNAL
2022-11-16 15:55:00,33.560001,33.639999,33.549999,33.619998,51269.0,ARKG.NYSE-5-MINUTE-LAST-EXTERNAL
2022-11-16 19:55:00,33.604999,33.68,33.604999,33.68,9491.0,ARKG.NYSE-5-MINUTE-LAST-EXTERNAL
2022-11-16 21:00:00,33.650001,33.650001,33.650001,33.650001,64800.0,ARKG.NYSE-5-MINUTE-LAST-EXTERNAL
2022-11-17 15:55:00,32.5,32.534999,32.43,32.43,10443.0,ARKG.NYSE-5-MINUTE-LAST-EXTERNAL
2022-11-17 19:55:00,32.761798,32.77,32.699901,32.709999,23252.0,ARKG.NYSE-5-MINUTE-LAST-EXTERNAL
2022-11-17 21:00:00,32.759998,32.759998,32.759998,32.759998,179348.0,ARKG.NYSE-5-MINUTE-LAST-EXTERNAL
2022-11-18 15:55:00,32.659999,32.659999,32.409999,32.490001,12828.0,ARKG.NYSE-5-MINUTE-LAST-EXTERNAL
2022-11-18 19:55:00,32.111999,32.185001,32.099998,32.169998,617378.0,ARKG.NYSE-5-MINUTE-LAST-EXTERNAL
2022-11-18 21:00:00,32.25,32.25,32.25,32.25,226639.0,ARKG.NYSE-5-MINUTE-LAST-EXTERNAL
2022-11-21 15:55:00,31.75,31.909999,31.75,31.889999,10384.0,ARKG.NYSE-5-MINUTE-LAST-EXTERNAL
2022-11-21 19:55:00,31.59,31.615999,31.53,31.53,7436.0,ARKG.NYSE-5-MINUTE-LAST-EXTERNAL
2022-11-21 21:00:00,31.709999,31.709999,31.709999,31.709999,47275.0,ARKG.NYSE-5-MINUTE-LAST-EXTERNAL
2022-11-22 15:55:00,31.469999,31.555,31.4347,31.504999,18262.0,ARKG.NYSE-5-MINUTE-LAST-EXTERNAL
2022-11-22 19:55:00,31.254999,31.254999,31.17,31.184999,10810.0,ARKG.NYSE-5-MINUTE-LAST-EXTERNAL
2022-11-22 21:00:00,31.59,31.59,31.59,31.59,81114.0,ARKG.NYSE-5-MINUTE-LAST-EXTERNAL
2022-11-23 15:55:00,32.139999,32.18,32.139999,32.18,4805.0,ARKG.NYSE-5-MINUTE-LAST-EXTERNAL
2022-11-23 19:55:00,32.0,32.029998,31.979999,31.979999,811425.0,ARKG.NYSE-5-MINUTE-LAST-EXTERNAL
2022-11-23 21:00:00,31.879999,31.879999,31.879999,31.879999,45677.0,ARKG.NYSE-5-MINUTE-LAST-EXTERNAL
2022-11-25 15:55:00,31.641099,31.76,31.639999,31.729999,8090.0,ARKG.NYSE-5-MINUTE-LAST-EXTERNAL
2022-11-25 18:00:00,31.7,31.7,31.7,31.7,600.0,ARKG.NYSE-5-MINUTE-LAST-EXTERNAL
2022-11-28 15:55:00,31.03,31.049999,30.979999,30.979999,12990.0,ARKG.NYSE-5-MINUTE-LAST-EXTERNAL
2022-11-28 19:55:00,30.69,30.709999,30.665,30.674999,2940576.0,ARKG.NYSE-5-MINUTE-LAST-EXTERNAL
2022-11-28 21:00:00,30.629999,30.629999,30.629999,30.629999,40096.0,ARKG.NYSE-5-MINUTE-LAST-EXTERNAL
2022-11-29 15:55:00,30.969999,31.049999,30.969999,30.989999,14725.0,ARKG.NYSE-5-MINUTE-LAST-EXTERNAL
2022-11-29 19:55:00,30.52,30.52,30.489999,30.489999,30446.0,ARKG.NYSE-5-MINUTE-LAST-EXTERNAL
2022-11-29 21:00:00,30.51,30.51,30.51,30.51,254241.0,ARKG.NYSE-5-MINUTE-LAST-EXTERNAL
2022-11-30 15:55:00,30.6,30.61,30.559999,30.559999,12422.0,ARKG.NYSE-5-MINUTE-LAST-EXTERNAL
2022-11-30 19:55:00,31.76,31.79,31.69,31.77,15852.0,ARKG.NYSE-5-MINUTE-LAST-EXTERNAL
2022-11-30 21:00:00,32.5,32.5,32.5,32.5,264002.0,ARKG.NYSE-5-MINUTE-LAST-EXTERNAL
2022-12-01 15:55:00,32.240001,32.479999,32.229999,32.470001,17071.0,ARKG.NYSE-5-MINUTE-LAST-EXTERNAL
2022-12-01 19:55:00,32.630001,32.659999,32.604999,32.659999,8369.0,ARKG.NYSE-5-MINUTE-LAST-EXTERNAL
2022-12-01 21:00:00,32.709999,32.709999,32.709999,32.709999,97481.0,ARKG.NYSE-5-MINUTE-LAST-EXTERNAL
2022-12-02 15:55:00,32.459999,32.459999,32.330001,32.330001,13940.0,ARKG.NYSE-5-MINUTE-LAST-EXTERNAL
2022-12-02 19:55:00,32.84,32.875,32.84,32.865001,986572.0,ARKG.NYSE-5-MINUTE-LAST-EXTERNAL
2022-12-02 21:00:00,32.979999,32.979999,32.979999,32.979999,84754.0,ARKG.NYSE-5-MINUTE-LAST-EXTERNAL
2022-12-05 15:55:00,32.130001,32.139999,32.04,32.0988,6979.0,ARKG.NYSE-5-MINUTE-LAST-EXTERNAL
2022-12-05 19:55:00,31.459999,31.51,31.45,31.479999,5387.0,ARKG.NYSE-5-MINUTE-LAST-EXTERNAL
2022-12-05 21:00:00,31.479999,31.479999,31.479999,31.479999,97435.0,ARKG.NYSE-5-MINUTE-LAST-EXTERNAL
2022-12-06 15:55:00,30.94,30.989999,30.899999,30.909999,7296.0,ARKG.NYSE-5-MINUTE-LAST-EXTERNAL
2022-12-06 19:55:00,30.459999,30.51,30.459999,30.469999,1050181.0,ARKG.NYSE-5-MINUTE-LAST-EXTERNAL
2022-12-06 21:00:00,30.489999,30.489999,30.489999,30.489999,85411.0,ARKG.NYSE-5-MINUTE-LAST-EXTERNAL
2022-12-07 15:55:00,30.59,30.629999,30.53,30.53,24700.0,ARKG.NYSE-5-MINUTE-LAST-EXTERNAL
2022-12-07 19:55:00,30.53,30.54,30.51,30.53,2219443.0,ARKG.NYSE-5-MINUTE-LAST-EXTERNAL
2022-12-07 21:00:00,30.579999,30.579999,30.579999,30.579999,55179.0,ARKG.NYSE-5-MINUTE-LAST-EXTERNAL
2022-12-08 15:55:00,31.219999,31.239999,31.159999,31.209999,483802.0,ARKG.NYSE-5-MINUTE-LAST-EXTERNAL
2022-12-08 19:55:00,31.125,31.129999,31.069999,31.075,5560.0,ARKG.NYSE-5-MINUTE-LAST-EXTERNAL
2022-12-08 21:00:00,31.26,31.26,31.26,31.26,48003.0,ARKG.NYSE-5-MINUTE-LAST-EXTERNAL
2022-12-09 15:55:00,30.94,31.039699,30.909999,31.039699,5172.0,ARKG.NYSE-5-MINUTE-LAST-EXTERNAL
2022-12-09 19:55:00,30.579999,30.594999,30.569999,30.579999,4518.0,ARKG.NYSE-5-MINUTE-LAST-EXTERNAL
2022-12-09 21:00:00,30.35,30.35,30.35,30.35,191408.0,ARKG.NYSE-5-MINUTE-LAST-EXTERNAL
2022-12-12 15:55:00,30.45,30.5,30.44,30.479999,13337.0,ARKG.NYSE-5-MINUTE-LAST-EXTERNAL
2022-12-12 19:55:00,30.6685,30.7,30.659999,30.689899,838165.0,ARKG.NYSE-5-MINUTE-LAST-EXTERNAL
2022-12-12 21:00:00,30.86,30.86,30.86,30.86,66000.0,ARKG.NYSE-5-MINUTE-LAST-EXTERNAL
2022-12-13 15:55:00,31.79,31.809999,31.659999,31.69,41732.0,ARKG.NYSE-5-MINUTE-LAST-EXTERNAL
2022-12-13 19:55:00,31.37,31.405,31.329999,31.379999,25735.0,ARKG.NYSE-5-MINUTE-LAST-EXTERNAL
2022-12-13 21:00:00,31.19,31.19,31.19,31.19,108706.0,ARKG.NYSE-5-MINUTE-LAST-EXTERNAL
2022-12-14 15:55:00,31.61,31.629999,31.549999,31.549999,6603.0,ARKG.NYSE-5-MINUTE-LAST-EXTERNAL
2022-12-14 19:55:00,30.899999,30.979999,30.799999,30.944999,1058215.0,ARKG.NYSE-5-MINUTE-LAST-EXTERNAL
2022-12-14 21:00:00,30.969999,30.969999,30.969999,30.969999,55047.0,ARKG.NYSE-5-MINUTE-LAST-EXTERNAL
2022-12-15 15:55:00,30.12,30.12,30.0783,30.11,10499.0,ARKG.NYSE-5-MINUTE-LAST-EXTERNAL
2022-12-15 19:55:00,30.03,30.079999,30.02,30.069999,9347.0,ARKG.NYSE-5-MINUTE-LAST-EXTERNAL
2022-12-15 21:00:00,29.889999,29.889999,29.889999,29.889999,60867.0,ARKG.NYSE-5-MINUTE-LAST-EXTERNAL
2022-12-16 15:55:00,29.831499,29.909999,29.809999,29.889999,12388.0,ARKG.NYSE-5-MINUTE-LAST-EXTERNAL
2022-12-16 19:55:00,30.1,30.17,30.09,30.139999,11371.0,ARKG.NYSE-5-MINUTE-LAST-EXTERNAL
2022-12-16 21:00:00,30.159999,30.159999,30.159999,30.159999,188002.0,ARKG.NYSE-5-MINUTE-LAST-EXTERNAL
2022-12-19 15:55:00,29.399999,29.43,29.274999,29.274999,44895.0,ARKG.NYSE-5-MINUTE-LAST-EXTERNAL
2022-12-19 19:55:00,28.969999,28.979999,28.954999,28.959999,1442948.0,ARKG.NYSE-5-MINUTE-LAST-EXTERNAL
2022-12-19 21:00:00,28.84,28.84,28.84,28.84,135018.0,ARKG.NYSE-5-MINUTE-LAST-EXTERNAL
2022-12-20 15:55:00,29.129999,29.139999,29.01,29.03,17364.0,ARKG.NYSE-5-MINUTE-LAST-EXTERNAL
2022-12-20 19:55:00,29.2,29.209999,29.18,29.2,7688.0,ARKG.NYSE-5-MINUTE-LAST-EXTERNAL
2022-12-20 21:00:00,29.059999,29.059999,29.059999,29.059999,38221.0,ARKG.NYSE-5-MINUTE-LAST-EXTERNAL
2022-12-21 15:55:00,30.17,30.209999,30.17,30.180099,10845.0,ARKG.NYSE-5-MINUTE-LAST-EXTERNAL
2022-12-21 19:55:00,29.774999,29.79,29.764999,29.78,7904.0,ARKG.NYSE-5-MINUTE-LAST-EXTERNAL
2022-12-21 21:00:00,29.7,29.7,29.7,29.7,124372.0,ARKG.NYSE-5-MINUTE-LAST-EXTERNAL
2022-12-22 15:55:00,28.829999,28.830099,28.77,28.789899,14178.0,ARKG.NYSE-5-MINUTE-LAST-EXTERNAL
2022-12-22 19:55:00,28.979999,29.03,28.959999,29.02,13677.0,ARKG.NYSE-5-MINUTE-LAST-EXTERNAL
2022-12-22 21:00:00,29.36,29.36,29.36,29.36,85507.0,ARKG.NYSE-5-MINUTE-LAST-EXTERNAL
2022-12-23 15:55:00,28.86,28.86,28.76,28.76,3684.0,ARKG.NYSE-5-MINUTE-LAST-EXTERNAL
2022-12-23 19:55:00,28.444999,28.45,28.42,28.43,863885.0,ARKG.NYSE-5-MINUTE-LAST-EXTERNAL
2022-12-23 21:00:00,28.42,28.42,28.42,28.42,86560.0,ARKG.NYSE-5-MINUTE-LAST-EXTERNAL
2022-12-27 15:55:00,27.86,27.86,27.739999,27.769899,18492.0,ARKG.NYSE-5-MINUTE-LAST-EXTERNAL
2022-12-27 19:55:00,27.25,27.264999,27.245,27.26,919742.0,ARKG.NYSE-5-MINUTE-LAST-EXTERNAL
2022-12-27 21:00:00,27.239999,27.239999,27.239999,27.239999,98615.0,ARKG.NYSE-5-MINUTE-LAST-EXTERNAL
2022-12-28 15:55:00,27.229999,27.264999,27.129999,27.139999,14154.0,ARKG.NYSE-5-MINUTE-LAST-EXTERNAL
2022-12-28 19:55:00,27.11,27.11,27.084999,27.11,16007.0,ARKG.NYSE-5-MINUTE-LAST-EXTERNAL
2022-12-28 21:00:00,27.084999,27.084999,27.084999,27.084999,169805.0,ARKG.NYSE-5-MINUTE-LAST-EXTERNAL
2022-12-29 15:55:00,28.309999,28.379999,28.27,28.375,16325.0,ARKG.NYSE-5-MINUTE-LAST-EXTERNAL
2022-12-29 19:55:00,28.219999,28.219999,28.17,28.178899,6807.0,ARKG.NYSE-5-MINUTE-LAST-EXTERNAL
2022-12-29 21:00:00,28.184999,28.184999,28.184999,28.184999,48854.0,ARKG.NYSE-5-MINUTE-LAST-EXTERNAL
2022-12-30 15:55:00,27.819999,27.84,27.77,27.784999,12425.0,ARKG.NYSE-5-MINUTE-LAST-EXTERNAL
2022-12-30 19:55:00,27.729999,27.745,27.68,27.719999,8886.0,ARKG.NYSE-5-MINUTE-LAST-EXTERNAL
2022-12-30 21:00:00,28.229999,28.229999,28.229999,28.229999,112269.0,ARKG.NYSE-5-MINUTE-LAST-EXTERNAL
2023-01-03 15:55:00,27.889999,28.075,27.889999,28.075,7765.0,ARKG.NYSE-5-MINUTE-LAST-EXTERNAL
2023-01-03 19:55:00,27.645,27.67,27.594999,27.62,16444.0,ARKG.NYSE-5-MINUTE-LAST-EXTERNAL
2023-01-03 21:00:00,27.61,27.61,27.61,27.61,51201.0,ARKG.NYSE-5-MINUTE-LAST-EXTERNAL
2023-01-04 15:55:00,28.229999,28.239999,28.1599,28.159999,12618.0,ARKG.NYSE-5-MINUTE-LAST-EXTERNAL
2023-01-04 19:55:00,28.614999,28.69,28.579999,28.69,15649.0,ARKG.NYSE-5-MINUTE-LAST-EXTERNAL
2023-01-04 21:00:00,28.649999,28.649999,28.649999,28.649999,155084.0,ARKG.NYSE-5-MINUTE-LAST-EXTERNAL
2023-01-05 15:55:00,28.36,28.409999,28.34,28.36,667445.0,ARKG.NYSE-5-MINUTE-LAST-EXTERNAL
2023-01-05 19:55:00,28.53,28.53,28.459999,28.459999,2472.0,ARKG.NYSE-5-MINUTE-LAST-EXTERNAL
2023-01-05 21:00:00,28.379999,28.379999,28.379999,28.379999,68687.0,ARKG.NYSE-5-MINUTE-LAST-EXTERNAL
2023-01-06 15:55:00,28.2,28.229999,28.159999,28.1716,55181.0,ARKG.NYSE-5-MINUTE-LAST-EXTERNAL
2023-01-06 19:55:00,28.399999,28.409999,28.36,28.36,7901.0,ARKG.NYSE-5-MINUTE-LAST-EXTERNAL
2023-01-06 21:00:00,28.28,28.28,28.28,28.28,108218.0,ARKG.NYSE-5-MINUTE-LAST-EXTERNAL
2023-01-09 15:55:00,29.459999,29.479999,29.37,29.43,17503.0,ARKG.NYSE-5-MINUTE-LAST-EXTERNAL
2023-01-09 19:55:00,29.54,29.549999,29.399999,29.399999,1952908.0,ARKG.NYSE-5-MINUTE-LAST-EXTERNAL
2023-01-09 21:00:00,29.18,29.18,29.18,29.18,85885.0,ARKG.NYSE-5-MINUTE-LAST-EXTERNAL
2023-01-10 15:55:00,29.802499,29.879999,29.77,29.86,476572.0,ARKG.NYSE-5-MINUTE-LAST-EXTERNAL
2023-01-10 19:55:00,30.12,30.149999,30.1009,30.139999,16917.0,ARKG.NYSE-5-MINUTE-LAST-EXTERNAL
2023-01-10 21:00:00,30.219999,30.219999,30.219999,30.219999,114014.0,ARKG.NYSE-5-MINUTE-LAST-EXTERNAL
2023-01-11 15:55:00,30.565,30.565,30.43,30.444999,12159.0,ARKG.NYSE-5-MINUTE-LAST-EXTERNAL
2023-01-11 19:55:00,31.11,31.11,31.079999,31.079999,15575.0,ARKG.NYSE-5-MINUTE-LAST-EXTERNAL
2023-01-11 21:00:00,31.309999,31.309999,31.309999,31.309999,88015.0,ARKG.NYSE-5-MINUTE-LAST-EXTERNAL
2023-01-12 15:55:00,31.25,31.29,31.09,31.09,35733.0,ARKG.NYSE-5-MINUTE-LAST-EXTERNAL
2023-01-12 19:55:00,31.94,32.0,31.93,32.0,8805.0,ARKG.NYSE-5-MINUTE-LAST-EXTERNAL
2023-01-12 21:00:00,32.389999,32.389999,32.389999,32.389999,83056.0,ARKG.NYSE-5-MINUTE-LAST-EXTERNAL
2023-01-13 15:55:00,32.819999,32.845001,32.77,32.810001,14793.0,ARKG.NYSE-5-MINUTE-LAST-EXTERNAL
2023-01-13 19:55:00,32.490001,32.52,32.479999,32.5,14297.0,ARKG.NYSE-5-MINUTE-LAST-EXTERNAL
2023-01-13 21:00:00,32.810001,32.810001,32.810001,32.810001,170408.0,ARKG.NYSE-5-MINUTE-LAST-EXTERNAL
2023-01-17 15:55:00,33.049999,33.060001,33.0,33.04,6992.0,ARKG.NYSE-5-MINUTE-LAST-EXTERNAL
2023-01-17 19:55:00,33.229999,33.244998,33.194999,33.229999,704573.0,ARKG.NYSE-5-MINUTE-LAST-EXTERNAL
2023-01-17 21:00:00,33.43,33.43,33.43,33.43,57659.0,ARKG.NYSE-5-MINUTE-LAST-EXTERNAL
2023-01-18 15:55:00,33.509998,33.599998,33.45,33.569999,20550.0,ARKG.NYSE-5-MINUTE-LAST-EXTERNAL
2023-01-18 19:55:00,33.174999,33.220001,33.169998,33.18,11329.0,ARKG.NYSE-5-MINUTE-LAST-EXTERNAL
2023-01-18 21:00:00,32.900001,32.900001,32.900001,32.900001,155454.0,ARKG.NYSE-5-MINUTE-LAST-EXTERNAL
2023-01-19 15:55:00,31.319999,31.319999,31.2499,31.299999,933731.0,ARKG.NYSE-5-MINUTE-LAST-EXTERNAL
2023-01-19 19:55:00,31.989999,32.069999,31.989999,32.009998,1658326.0,ARKG.NYSE-5-MINUTE-LAST-EXTERNAL
2023-01-19 21:00:00,31.799999,31.799999,31.799999,31.799999,83150.0,ARKG.NYSE-5-MINUTE-LAST-EXTERNAL
2023-01-20 15:55:00,31.94,32.02,31.92,31.979999,10475.0,ARKG.NYSE-5-MINUTE-LAST-EXTERNAL
2023-01-20 19:55:00,32.27,32.380001,32.27,32.380001,5666.0,ARKG.NYSE-5-MINUTE-LAST-EXTERNAL
2023-01-20 21:00:00,32.490001,32.490001,32.490001,32.490001,184921.0,ARKG.NYSE-5-MINUTE-LAST-EXTERNAL
2023-01-23 15:55:00,32.965,32.979999,32.880001,32.930099,9732.0,ARKG.NYSE-5-MINUTE-LAST-EXTERNAL
2023-01-23 19:55:00,33.099998,33.139999,33.080001,33.139999,12817.0,ARKG.NYSE-5-MINUTE-LAST-EXTERNAL
2023-01-23 21:00:00,33.36,33.36,33.36,33.36,40515.0,ARKG.NYSE-5-MINUTE-LAST-EXTERNAL
2023-01-24 15:55:00,33.220001,33.319999,33.220001,33.279998,8410.0,ARKG.NYSE-5-MINUTE-LAST-EXTERNAL
2023-01-24 19:55:00,33.014999,33.059898,33.009998,33.043201,668067.0,ARKG.NYSE-5-MINUTE-LAST-EXTERNAL
2023-01-24 21:00:00,32.889999,32.889999,32.889999,32.889999,45953.0,ARKG.NYSE-5-MINUTE-LAST-EXTERNAL
2023-01-25 15:55:00,31.84,32.04,31.84,32.031501,7878.0,ARKG.NYSE-5-MINUTE-LAST-EXTERNAL
2023-01-25 19:55:00,32.689998,32.759998,32.689998,32.729999,1696430.0,ARKG.NYSE-5-MINUTE-LAST-EXTERNAL
2023-01-25 21:00:00,33.060001,33.060001,33.060001,33.060001,132932.0,ARKG.NYSE-5-MINUTE-LAST-EXTERNAL
2023-01-26 15:55:00,32.720001,32.740001,32.630001,32.639999,16554.0,ARKG.NYSE-5-MINUTE-LAST-EXTERNAL
2023-01-26 19:55:00,32.880001,32.909999,32.86,32.9001,4672.0,ARKG.NYSE-5-MINUTE-LAST-EXTERNAL
2023-01-26 21:00:00,33.11,33.11,33.11,33.11,54510.0,ARKG.NYSE-5-MINUTE-LAST-EXTERNAL
2023-01-27 15:55:00,33.2,33.25,33.18,33.240001,266721.0,ARKG.NYSE-5-MINUTE-LAST-EXTERNAL
2023-01-27 19:55:00,34.139999,34.150001,34.080001,34.099998,12409.0,ARKG.NYSE-5-MINUTE-LAST-EXTERNAL
2023-01-27 21:00:00,34.060001,34.060001,34.060001,34.060001,82323.0,ARKG.NYSE-5-MINUTE-LAST-EXTERNAL
2023-01-30 15:55:00,32.779998,32.880001,32.75,32.86,16305.0,ARKG.NYSE-5-MINUTE-LAST-EXTERNAL
2023-01-30 19:55:00,32.77,32.84,32.759998,32.830001,11970.0,ARKG.NYSE-5-MINUTE-LAST-EXTERNAL
2023-01-30 21:00:00,32.7,32.7,32.7,32.7,121560.0,ARKG.NYSE-5-MINUTE-LAST-EXTERNAL
2023-01-31 15:55:00,33.459701,33.52,33.45,33.45,13101.0,ARKG.NYSE-5-MINUTE-LAST-EXTERNAL
2023-01-31 19:55:00,33.630001,33.630001,33.599998,33.61,3222.0,ARKG.NYSE-5-MINUTE-LAST-EXTERNAL
2023-01-31 21:00:00,33.7,33.7,33.7,33.7,69230.0,ARKG.NYSE-5-MINUTE-LAST-EXTERNAL
2023-02-01 15:55:00,33.489898,33.489898,33.330001,33.330001,8303.0,ARKG.NYSE-5-MINUTE-LAST-EXTERNAL
2023-02-01 19:55:00,34.209999,34.229999,34.04,34.09,59122.0,ARKG.NYSE-5-MINUTE-LAST-EXTERNAL
2023-02-01 21:00:00,34.5,34.5,34.5,34.5,114075.0,ARKG.NYSE-5-MINUTE-LAST-EXTERNAL
2023-02-02 15:55:00,36.305,36.319999,36.229698,36.235,51996.0,ARKG.NYSE-5-MINUTE-LAST-EXTERNAL
2023-02-02 19:55:00,36.130001,36.130001,35.919998,35.939998,22829.0,ARKG.NYSE-5-MINUTE-LAST-EXTERNAL
2023-02-02 21:00:00,36.490001,36.490001,36.490001,36.490001,152543.0,ARKG.NYSE-5-MINUTE-LAST-EXTERNAL
2023-02-03 15:55:00,36.02,36.029998,35.724998,35.849998,15168.0,ARKG.NYSE-5-MINUTE-LAST-EXTERNAL
2023-02-03 19:55:00,35.380001,35.380001,35.240001,35.240001,14992.0,ARKG.NYSE-5-MINUTE-LAST-EXTERNAL
2023-02-03 21:00:00,35.279998,35.279998,35.279998,35.279998,85255.0,ARKG.NYSE-5-MINUTE-LAST-EXTERNAL
2023-02-06 15:55:00,34.830001,34.93,34.830001,34.919998,14146.0,ARKG.NYSE-5-MINUTE-LAST-EXTERNAL
2023-02-06 19:55:00,34.669998,34.729999,34.669998,34.715,4972.0,ARKG.NYSE-5-MINUTE-LAST-EXTERNAL
2023-02-06 21:00:00,34.560001,34.560001,34.560001,34.560001,30462.0,ARKG.NYSE-5-MINUTE-LAST-EXTERNAL
2023-02-07 15:55:00,34.409999,34.409999,34.3101,34.319999,5473.0,ARKG.NYSE-5-MINUTE-LAST-EXTERNAL
2023-02-07 19:55:00,34.634998,34.669998,34.618,34.665,917681.0,ARKG.NYSE-5-MINUTE-LAST-EXTERNAL
2023-02-07 21:00:00,35.139999,35.139999,35.139999,35.139999,109503.0,ARKG.NYSE-5-MINUTE-LAST-EXTERNAL
2023-02-08 15:55:00,34.45,34.490001,34.404998,34.419998,51434.0,ARKG.NYSE-5-MINUTE-LAST-EXTERNAL
2023-02-08 19:55:00,33.819999,33.919998,33.814998,33.909999,6618.0,ARKG.NYSE-5-MINUTE-LAST-EXTERNAL
2023-02-08 21:00:00,33.720001,33.720001,33.720001,33.720001,50971.0,ARKG.NYSE-5-MINUTE-LAST-EXTERNAL
2023-02-09 15:55:00,33.86,33.93,33.819999,33.889999,9234.0,ARKG.NYSE-5-MINUTE-LAST-EXTERNAL
2023-02-09 19:55:00,33.099998,33.099998,33.02,33.049999,16388.0,ARKG.NYSE-5-MINUTE-LAST-EXTERNAL
2023-02-09 21:00:00,32.689998,32.689998,32.689998,32.689998,99466.0,ARKG.NYSE-5-MINUTE-LAST-EXTERNAL
2023-02-10 15:55:00,32.060001,32.069999,32.009998,32.049999,12176.0,ARKG.NYSE-5-MINUTE-LAST-EXTERNAL
2023-02-10 19:55:00,32.159999,32.174999,32.104999,32.119998,25953.0,ARKG.NYSE-5-MINUTE-LAST-EXTERNAL
2023-02-10 21:00:00,32.169998,32.169998,32.169998,32.169998,62909.0,ARKG.NYSE-5-MINUTE-LAST-EXTERNAL
2023-02-13 15:55:00,32.25,32.330001,32.25,32.259998,15566.0,ARKG.NYSE-5-MINUTE-LAST-EXTERNAL
2023-02-13 19:55:00,32.389999,32.400001,32.349998,32.380001,10825.0,ARKG.NYSE-5-MINUTE-LAST-EXTERNAL
2023-02-13 21:00:00,32.529998,32.529998,32.529998,32.529998,32825.0,ARKG.NYSE-5-MINUTE-LAST-EXTERNAL
2023-02-14 15:55:00,32.029998,32.139999,31.979999,32.11,63003.0,ARKG.NYSE-5-MINUTE-LAST-EXTERNAL
2023-02-14 19:55:00,32.659198,32.659198,32.569999,32.575,1887575.0,ARKG.NYSE-5-MINUTE-LAST-EXTERNAL
2023-02-14 21:00:00,32.799999,32.799999,32.799999,32.799999,45197.0,ARKG.NYSE-5-MINUTE-LAST-EXTERNAL
2023-02-15 15:55:00,33.009998,33.11,33.0,33.04,7870.0,ARKG.NYSE-5-MINUTE-LAST-EXTERNAL
2023-02-15 19:55:00,33.494998,33.5,33.409999,33.439998,10645.0,ARKG.NYSE-5-MINUTE-LAST-EXTERNAL
2023-02-15 21:00:00,33.509998,33.509998,33.509998,33.509998,337221.0,ARKG.NYSE-5-MINUTE-LAST-EXTERNAL
2023-02-16 15:55:00,33.169998,33.169998,32.990001,33.029998,46653.0,ARKG.NYSE-5-MINUTE-LAST-EXTERNAL
2023-02-16 19:55:00,33.25,33.27,33.240001,33.2499,3422.0,ARKG.NYSE-5-MINUTE-LAST-EXTERNAL
2023-02-16 21:00:00,32.529998,32.529998,32.529998,32.529998,196652.0,ARKG.NYSE-5-MINUTE-LAST-EXTERNAL
2023-02-17 15:55:00,31.86,31.885,31.78,31.829999,8877.0,ARKG.NYSE-5-MINUTE-LAST-EXTERNAL
2023-02-17 19:55:00,32.150001,32.229999,32.150001,32.229999,11911.0,ARKG.NYSE-5-MINUTE-LAST-EXTERNAL
2023-02-17 21:00:00,32.470001,32.470001,32.470001,32.470001,68601.0,ARKG.NYSE-5-MINUTE-LAST-EXTERNAL
2023-02-21 15:55:00,31.11,31.139999,31.099899,31.125,17334.0,ARKG.NYSE-5-MINUTE-LAST-EXTERNAL
2023-02-21 19:55:00,30.719999,30.735,30.67,30.69,35929.0,ARKG.NYSE-5-MINUTE-LAST-EXTERNAL
2023-02-21 21:00:00,30.44,30.44,30.44,30.44,185746.0,ARKG.NYSE-5-MINUTE-LAST-EXTERNAL
2023-02-22 15:55:00,30.649999,30.799999,30.649999,30.78,11652.0,ARKG.NYSE-5-MINUTE-LAST-EXTERNAL
2023-02-22 19:55:00,31.02,31.02,30.899999,30.904499,33509.0,ARKG.NYSE-5-MINUTE-LAST-EXTERNAL
2023-02-22 21:00:00,31.129999,31.129999,31.129999,31.129999,61992.0,ARKG.NYSE-5-MINUTE-LAST-EXTERNAL
2023-02-23 15:55:00,30.26,30.315,30.225,30.309999,20082.0,ARKG.NYSE-5-MINUTE-LAST-EXTERNAL
2023-02-23 19:55:00,30.62,30.62,30.549999,30.569999,24996.0,ARKG.NYSE-5-MINUTE-LAST-EXTERNAL
2023-02-23 21:00:00,30.719999,30.719999,30.719999,30.719999,37639.0,ARKG.NYSE-5-MINUTE-LAST-EXTERNAL
2023-02-24 15:55:00,29.739999,29.85,29.729999,29.834999,35304.0,ARKG.NYSE-5-MINUTE-LAST-EXTERNAL
2023-02-24 19:55:00,29.7,29.79,29.69,29.78,64902.0,ARKG.NYSE-5-MINUTE-LAST-EXTERNAL
2023-02-24 21:00:00,29.67,29.67,29.67,29.67,91934.0,ARKG.NYSE-5-MINUTE-LAST-EXTERNAL
2023-02-27 15:55:00,29.729999,29.78,29.67,29.76,32854.0,ARKG.NYSE-5-MINUTE-LAST-EXTERNAL
2023-02-27 19:55:00,29.92,29.93,29.905,29.92,1400308.0,ARKG.NYSE-5-MINUTE-LAST-EXTERNAL
2023-02-27 21:00:00,29.93,29.93,29.93,29.93,51903.0,ARKG.NYSE-5-MINUTE-LAST-EXTERNAL
2023-02-28 15:55:00,30.415,30.549999,30.415,30.5305,67331.0,ARKG.NYSE-5-MINUTE-LAST-EXTERNAL
2023-02-28 19:55:00,30.611,30.611,30.51,30.51,52470.0,ARKG.NYSE-5-MINUTE-LAST-EXTERNAL
2023-02-28 21:00:00,30.35,30.35,30.35,30.35,114461.0,ARKG.NYSE-5-MINUTE-LAST-EXTERNAL
2023-03-01 15:55:00,30.209999,30.229999,30.18,30.19,9253.0,ARKG.NYSE-5-MINUTE-LAST-EXTERNAL
2023-03-01 19:55:00,29.94,29.989999,29.93,29.969999,23150.0,ARKG.NYSE-5-MINUTE-LAST-EXTERNAL
2023-03-01 21:00:00,30.0,30.0,30.0,30.0,87963.0,ARKG.NYSE-5-MINUTE-LAST-EXTERNAL
2023-03-02 15:55:00,30.209999,30.211,30.179,30.18,23405.0,ARKG.NYSE-5-MINUTE-LAST-EXTERNAL
2023-03-02 19:55:00,30.149999,30.159999,30.11,30.149999,1824451.0,ARKG.NYSE-5-MINUTE-LAST-EXTERNAL
2023-03-02 21:00:00,30.149999,30.149999,30.149999,30.149999,46436.0,ARKG.NYSE-5-MINUTE-LAST-EXTERNAL
2023-03-03 15:55:00,30.209999,30.229999,30.149999,30.2,8293.0,ARKG.NYSE-5-MINUTE-LAST-EXTERNAL
2023-03-03 19:55:00,31.09,31.094999,31.069999,31.084999,1306444.0,ARKG.NYSE-5-MINUTE-LAST-EXTERNAL
2023-03-03 21:00:00,31.0,31.0,31.0,31.0,127026.0,ARKG.NYSE-5-MINUTE-LAST-EXTERNAL
2023-03-06 15:55:00,30.829999,30.84,30.774999,30.799999,663165.0,ARKG.NYSE-5-MINUTE-LAST-EXTERNAL
2023-03-06 19:55:00,30.12,30.135,30.09,30.09,21453.0,ARKG.NYSE-5-MINUTE-LAST-EXTERNAL
2023-03-06 21:00:00,30.129999,30.129999,30.129999,30.129999,91031.0,ARKG.NYSE-5-MINUTE-LAST-EXTERNAL
2023-03-07 15:55:00,29.93,29.95,29.834999,29.84,18326.0,ARKG.NYSE-5-MINUTE-LAST-EXTERNAL
2023-03-07 19:55:00,29.954999,29.959999,29.909999,29.934999,857360.0,ARKG.NYSE-5-MINUTE-LAST-EXTERNAL
2023-03-07 21:00:00,29.809999,29.809999,29.809999,29.809999,64557.0,ARKG.NYSE-5-MINUTE-LAST-EXTERNAL
2023-03-08 15:55:00,30.01,30.02,29.969999,29.979999,14573.0,ARKG.NYSE-5-MINUTE-LAST-EXTERNAL
2023-03-08 19:55:00,29.659999,29.6601,29.639999,29.645,2102956.0,ARKG.NYSE-5-MINUTE-LAST-EXTERNAL
2023-03-08 21:00:00,29.77,29.77,29.77,29.77,44380.0,ARKG.NYSE-5-MINUTE-LAST-EXTERNAL
2023-03-09 15:55:00,29.85,29.854999,29.77,29.77,241719.0,ARKG.NYSE-5-MINUTE-LAST-EXTERNAL
2023-03-09 19:55:00,28.739999,28.75,28.719999,28.735,34831.0,ARKG.NYSE-5-MINUTE-LAST-EXTERNAL
2023-03-09 21:00:00,28.649999,28.649999,28.649999,28.649999,50031.0,ARKG.NYSE-5-MINUTE-LAST-EXTERNAL
2023-03-10 15:55:00,27.79,28.014999,27.79,28.0,25250.0,ARKG.NYSE-5-MINUTE-LAST-EXTERNAL
2023-03-10 19:55:00,27.329999,27.3894,27.229999,27.29,39831.0,ARKG.NYSE-5-MINUTE-LAST-EXTERNAL
2023-03-10 21:00:00,27.459999,27.459999,27.459999,27.459999,150892.0,ARKG.NYSE-5-MINUTE-LAST-EXTERNAL
2023-03-13 15:55:00,28.77,28.909999,28.75,28.889999,30921.0,ARKG.NYSE-5-MINUTE-LAST-EXTERNAL
2023-03-13 19:55:00,28.549999,28.559999,28.469999,28.51,117440.0,ARKG.NYSE-5-MINUTE-LAST-EXTERNAL
2023-03-14 15:55:00,28.85,28.909999,28.84,28.889999,7327.0,ARKG.NYSE-5-MINUTE-LAST-EXTERNAL
2023-03-14 19:55:00,28.77,28.909999,28.76,28.879999,132060.0,ARKG.NYSE-5-MINUTE-LAST-EXTERNAL
2023-03-15 15:55:00,28.614999,28.639999,28.569999,28.6,13091.0,ARKG.NYSE-5-MINUTE-LAST-EXTERNAL
2023-03-15 19:55:00,28.764999,28.959999,28.76,28.959999,54545.0,ARKG.NYSE-5-MINUTE-LAST-EXTERNAL
2023-03-16 15:55:00,29.514999,29.559999,29.45,29.45,96718.0,ARKG.NYSE-5-MINUTE-LAST-EXTERNAL
2023-03-16 19:55:00,29.389999,29.459999,29.375,29.409999,119127.0,ARKG.NYSE-5-MINUTE-LAST-EXTERNAL
2023-03-17 15:55:00,28.309999,28.36,28.299999,28.35,8363.0,ARKG.NYSE-5-MINUTE-LAST-EXTERNAL
2023-03-17 19:55:00,28.54,28.569999,28.45,28.469999,207683.0,ARKG.NYSE-5-MINUTE-LAST-EXTERNAL
2023-03-20 15:55:00,28.26,28.26,28.159999,28.17,23174.0,ARKG.NYSE-5-MINUTE-LAST-EXTERNAL
2023-03-20 19:55:00,28.28,28.305,28.25,28.26,68488.0,ARKG.NYSE-5-MINUTE-LAST-EXTERNAL
2023-03-21 15:55:00,28.909999,28.94,28.909999,28.92,3793.0,ARKG.NYSE-5-MINUTE-LAST-EXTERNAL
2023-03-21 19:55:00,29.409999,29.415,29.295,29.329999,70448.0,ARKG.NYSE-5-MINUTE-LAST-EXTERNAL
2023-03-22 15:55:00,28.8801,28.889999,28.864999,28.879999,3009.0,ARKG.NYSE-5-MINUTE-LAST-EXTERNAL
2023-03-22 19:55:00,28.344999,28.344999,28.1,28.11,443049.0,ARKG.NYSE-5-MINUTE-LAST-EXTERNAL
2023-03-23 15:55:00,28.93,28.944999,28.86,28.87,16287.0,ARKG.NYSE-5-MINUTE-LAST-EXTERNAL
2023-03-23 19:55:00,28.37,28.37,28.28,28.28,92415.0,ARKG.NYSE-5-MINUTE-LAST-EXTERNAL
2023-03-24 15:55:00,28.2707,28.42,28.2707,28.409999,25255.0,ARKG.NYSE-5-MINUTE-LAST-EXTERNAL
2023-03-24 19:55:00,28.569999,28.7,28.54,28.67,86495.0,ARKG.NYSE-5-MINUTE-LAST-EXTERNAL
2023-03-27 15:55:00,28.6089,28.6089,28.52,28.54,18358.0,ARKG.NYSE-5-MINUTE-LAST-EXTERNAL
2023-03-27 19:55:00,28.78,28.78,28.62,28.67,40843.0,ARKG.NYSE-5-MINUTE-LAST-EXTERNAL
2023-03-28 15:55:00,28.36,28.37,28.329999,28.37,9369.0,ARKG.NYSE-5-MINUTE-LAST-EXTERNAL
2023-03-28 19:55:00,28.055,28.0559,28.0,28.0,63397.0,ARKG.NYSE-5-MINUTE-LAST-EXTERNAL
2023-03-29 15:55:00,28.6,28.6,28.579999,28.59,633405.0,ARKG.NYSE-5-MINUTE-LAST-EXTERNAL
2023-03-29 19:55:00,28.92,28.92,28.829999,28.899999,83295.0,ARKG.NYSE-5-MINUTE-LAST-EXTERNAL
2023-03-30 15:55:00,28.659999,28.704999,28.655,28.68,939860.0,ARKG.NYSE-5-MINUTE-LAST-EXTERNAL
2023-03-30 19:55:00,28.729999,28.739999,28.645,28.659999,103650.0,ARKG.NYSE-5-MINUTE-LAST-EXTERNAL
2023-03-31 15:55:00,29.95,30.01,29.95,30.01,52339.0,ARKG.NYSE-5-MINUTE-LAST-EXTERNAL
2023-03-31 19:55:00,29.975,30.075,29.975,30.059999,173914.0,ARKG.NYSE-5-MINUTE-LAST-EXTERNAL
2023-04-03 15:55:00,29.719999,29.77,29.719999,29.77,30294.0,ARKG.NYSE-5-MINUTE-LAST-EXTERNAL
2023-04-03 19:55:00,29.795,29.819999,29.754999,29.799999,25289.0,ARKG.NYSE-5-MINUTE-LAST-EXTERNAL
2023-04-04 15:55:00,29.629999,29.635,29.549999,29.579999,23056.0,ARKG.NYSE-5-MINUTE-LAST-EXTERNAL
2023-04-04 19:55:00,29.62,29.665,29.610099,29.649999,37096.0,ARKG.NYSE-5-MINUTE-LAST-EXTERNAL
2023-04-05 15:55:00,29.11,29.2,29.11,29.2,8429.0,ARKG.NYSE-5-MINUTE-LAST-EXTERNAL
2023-04-05 19:55:00,29.139999,29.159999,29.1,29.11,133429.0,ARKG.NYSE-5-MINUTE-LAST-EXTERNAL
2023-04-06 15:55:00,29.559999,29.629999,29.559999,29.629999,7548.0,ARKG.NYSE-5-MINUTE-LAST-EXTERNAL
2023-04-06 19:55:00,29.68,29.75,29.6699,29.739999,46909.0,ARKG.NYSE-5-MINUTE-LAST-EXTERNAL
2023-04-10 15:55:00,29.379999,29.379999,29.309999,29.319999,667834.0,ARKG.NYSE-5-MINUTE-LAST-EXTERNAL
2023-04-10 19:55:00,29.534999,29.584999,29.524999,29.569999,42735.0,ARKG.NYSE-5-MINUTE-LAST-EXTERNAL
2023-04-11 15:55:00,29.67,29.67,29.6,29.6,10777.0,ARKG.NYSE-5-MINUTE-LAST-EXTERNAL
2023-04-11 19:55:00,29.979999,29.9964,29.95,29.989999,87869.0,ARKG.NYSE-5-MINUTE-LAST-EXTERNAL
2023-04-12 15:55:00,29.709999,29.799999,29.68,29.799999,6199.0,ARKG.NYSE-5-MINUTE-LAST-EXTERNAL
2023-04-12 19:55:00,29.3005,29.325,29.264099,29.291999,138942.0,ARKG.NYSE-5-MINUTE-LAST-EXTERNAL
2023-04-13 15:55:00,30.78,30.84,30.739999,30.84,17730.0,ARKG.NYSE-5-MINUTE-LAST-EXTERNAL
2023-04-13 19:55:00,30.954999,30.954999,30.895,30.92,97515.0,ARKG.NYSE-5-MINUTE-LAST-EXTERNAL
2023-04-14 15:55:00,30.245,30.28,30.209999,30.28,950962.0,ARKG.NYSE-5-MINUTE-LAST-EXTERNAL
2023-04-14 19:55:00,30.229999,30.29,30.209999,30.29,76414.0,ARKG.NYSE-5-MINUTE-LAST-EXTERNAL
2023-04-17 15:55:00,30.78,30.798,30.729999,30.77,6396.0,ARKG.NYSE-5-MINUTE-LAST-EXTERNAL
2023-04-17 19:55:00,30.815,30.819999,30.729999,30.7301,50509.0,ARKG.NYSE-5-MINUTE-LAST-EXTERNAL
2023-04-18 15:55:00,30.489999,30.489999,30.45,30.475,6481.0,ARKG.NYSE-5-MINUTE-LAST-EXTERNAL
2023-04-18 19:55:00,30.475,30.479999,30.44,30.465,52100.0,ARKG.NYSE-5-MINUTE-LAST-EXTERNAL
2023-04-19 15:55:00,30.51,30.6,30.51,30.6,14435.0,ARKG.NYSE-5-MINUTE-LAST-EXTERNAL
2023-04-19 19:55:00,30.84,30.879999,30.834999,30.879999,29864.0,ARKG.NYSE-5-MINUTE-LAST-EXTERNAL
2023-04-20 15:55:00,30.149999,30.149999,30.11,30.114099,8014.0,ARKG.NYSE-5-MINUTE-LAST-EXTERNAL
2023-04-20 19:55:00,29.95,30.0,29.940099,29.959999,60868.0,ARKG.NYSE-5-MINUTE-LAST-EXTERNAL
2023-04-21 15:55:00,30.389999,30.475,30.389999,30.475,14349.0,ARKG.NYSE-5-MINUTE-LAST-EXTERNAL
2023-04-21 19:55:00,30.61,30.62,30.559999,30.6,116272.0,ARKG.NYSE-5-MINUTE-LAST-EXTERNAL
2023-04-24 15:55:00,29.979999,30.03,29.979999,30.03,3933.0,ARKG.NYSE-5-MINUTE-LAST-EXTERNAL
2023-04-24 19:55:00,30.12,30.159999,30.11,30.129999,102587.0,ARKG.NYSE-5-MINUTE-LAST-EXTERNAL
2023-04-25 15:55:00,29.5,29.52,29.44,29.454999,26000.0,ARKG.NYSE-5-MINUTE-LAST-EXTERNAL
2023-04-25 19:55:00,29.104999,29.139999,29.1,29.11,105966.0,ARKG.NYSE-5-MINUTE-LAST-EXTERNAL
2023-04-26 15:55:00,29.02,29.059999,29.014999,29.049999,6096.0,ARKG.NYSE-5-MINUTE-LAST-EXTERNAL
2023-04-26 19:55:00,28.67,28.76,28.67,28.709999,48870.0,ARKG.NYSE-5-MINUTE-LAST-EXTERNAL
