2022-01-03 21:00:00,82.650001,82.650001,82.650001,82.650001,190958.0,CNC.NYSE-1-DAY-LAST-EXTERNAL
2022-01-04 21:00:00,81.080001,81.080001,81.080001,81.080001,189005.0,CNC.NYSE-1-DAY-LAST-EXTERNAL
2022-01-05 21:00:00,79.79,79.79,79.79,79.79,225868.0,CNC.NYSE-1-DAY-LAST-EXTERNAL
2022-01-06 21:00:00,76.339996,76.339996,76.339996,76.339996,508647.0,CNC.NYSE-1-DAY-LAST-EXTERNAL
2022-01-07 21:00:00,76.339996,76.339996,76.339996,76.339996,256291.0,CNC.NYSE-1-DAY-LAST-EXTERNAL
2022-01-10 21:00:00,77.839996,77.839996,77.839996,77.839996,532481.0,CNC.NYSE-1-DAY-LAST-EXTERNAL
2022-01-11 21:00:00,80.019996,80.019996,80.019996,80.019996,227280.0,CNC.NYSE-1-DAY-LAST-EXTERNAL
2022-01-12 21:00:00,80.319999,80.319999,80.319999,80.319999,347358.0,CNC.NYSE-1-DAY-LAST-EXTERNAL
2022-01-13 21:00:00,79.879997,79.879997,79.879997,79.879997,242567.0,CNC.NYSE-1-DAY-LAST-EXTERNAL
2022-01-14 21:00:00,80.550003,80.550003,80.550003,80.550003,243358.0,CNC.NYSE-1-DAY-LAST-EXTERNAL
2022-01-18 21:00:00,78.690002,78.690002,78.690002,78.690002,199966.0,CNC.NYSE-1-DAY-LAST-EXTERNAL
2022-01-19 21:00:00,77.61,77.61,77.61,77.61,419903.0,CNC.NYSE-1-DAY-LAST-EXTERNAL
2022-01-20 21:00:00,78.949996,78.949996,78.949996,78.949996,362833.0,CNC.NYSE-1-DAY-LAST-EXTERNAL
2022-01-21 21:00:00,77.139999,77.139999,77.139999,77.139999,349142.0,CNC.NYSE-1-DAY-LAST-EXTERNAL
2022-01-24 21:00:00,77.529998,77.529998,77.529998,77.529998,226684.0,CNC.NYSE-1-DAY-LAST-EXTERNAL
2022-01-25 21:00:00,76.370002,76.370002,76.370002,76.370002,181760.0,CNC.NYSE-1-DAY-LAST-EXTERNAL
2022-01-26 21:00:00,75.339996,75.339996,75.339996,75.339996,271959.0,CNC.NYSE-1-DAY-LAST-EXTERNAL
2022-01-27 21:00:00,76.269996,76.269996,76.269996,76.269996,258013.0,CNC.NYSE-1-DAY-LAST-EXTERNAL
2022-01-28 21:00:00,77.269996,77.269996,77.269996,77.269996,189053.0,CNC.NYSE-1-DAY-LAST-EXTERNAL
2022-01-31 21:00:00,77.760002,77.760002,77.760002,77.760002,284938.0,CNC.NYSE-1-DAY-LAST-EXTERNAL
2022-02-01 21:00:00,76.949996,76.949996,76.949996,76.949996,226659.0,CNC.NYSE-1-DAY-LAST-EXTERNAL
2022-02-02 21:00:00,78.819999,78.819999,78.819999,78.819999,210526.0,CNC.NYSE-1-DAY-LAST-EXTERNAL
2022-02-03 21:00:00,81.529998,81.529998,81.529998,81.529998,346948.0,CNC.NYSE-1-DAY-LAST-EXTERNAL
2022-02-04 21:00:00,80.569999,80.569999,80.569999,80.569999,222020.0,CNC.NYSE-1-DAY-LAST-EXTERNAL
2022-02-07 21:00:00,80.79,80.79,80.79,80.79,124043.0,CNC.NYSE-1-DAY-LAST-EXTERNAL
2022-02-08 21:00:00,85.669998,85.669998,85.669998,85.669998,231673.0,CNC.NYSE-1-DAY-LAST-EXTERNAL
2022-02-09 21:00:00,85.949996,85.949996,85.949996,85.949996,147631.0,CNC.NYSE-1-DAY-LAST-EXTERNAL
2022-02-10 21:00:00,84.150001,84.150001,84.150001,84.150001,132548.0,CNC.NYSE-1-DAY-LAST-EXTERNAL
2022-02-11 21:00:00,83.319999,83.319999,83.319999,83.319999,227119.0,CNC.NYSE-1-DAY-LAST-EXTERNAL
2022-02-14 21:00:00,82.010002,82.010002,82.010002,82.010002,142379.0,CNC.NYSE-1-DAY-LAST-EXTERNAL
2022-02-15 21:00:00,84.080001,84.080001,84.080001,84.080001,120526.0,CNC.NYSE-1-DAY-LAST-EXTERNAL
2022-02-16 21:00:00,84.220001,84.220001,84.220001,84.220001,120896.0,CNC.NYSE-1-DAY-LAST-EXTERNAL
2022-02-17 21:00:00,82.809997,82.809997,82.809997,82.809997,129235.0,CNC.NYSE-1-DAY-LAST-EXTERNAL
2022-02-18 21:00:00,82.059997,82.059997,82.059997,82.059997,125605.0,CNC.NYSE-1-DAY-LAST-EXTERNAL
2022-02-22 21:00:00,81.330001,81.330001,81.330001,81.330001,93257.0,CNC.NYSE-1-DAY-LAST-EXTERNAL
2022-02-23 21:00:00,81.349998,81.349998,81.349998,81.349998,172521.0,CNC.NYSE-1-DAY-LAST-EXTERNAL
2022-02-24 21:00:00,80.839996,80.839996,80.839996,80.839996,184851.0,CNC.NYSE-1-DAY-LAST-EXTERNAL
2022-02-25 21:00:00,83.519996,83.519996,83.519996,83.519996,176369.0,CNC.NYSE-1-DAY-LAST-EXTERNAL
2022-02-28 21:00:00,82.620002,82.620002,82.620002,82.620002,207576.0,CNC.NYSE-1-DAY-LAST-EXTERNAL
2022-03-01 21:00:00,83.150001,83.150001,83.150001,83.150001,174209.0,CNC.NYSE-1-DAY-LAST-EXTERNAL
2022-03-02 21:00:00,84.68,84.68,84.68,84.68,231924.0,CNC.NYSE-1-DAY-LAST-EXTERNAL
2022-03-03 21:00:00,84.779998,84.779998,84.779998,84.779998,146355.0,CNC.NYSE-1-DAY-LAST-EXTERNAL
2022-03-04 21:00:00,86.050003,86.050003,86.050003,86.050003,239805.0,CNC.NYSE-1-DAY-LAST-EXTERNAL
2022-03-07 21:00:00,83.489997,83.489997,83.489997,83.489997,228414.0,CNC.NYSE-1-DAY-LAST-EXTERNAL
2022-03-08 21:00:00,81.569999,81.569999,81.569999,81.569999,148778.0,CNC.NYSE-1-DAY-LAST-EXTERNAL
2022-03-09 21:00:00,82.849998,82.849998,82.849998,82.849998,244330.0,CNC.NYSE-1-DAY-LAST-EXTERNAL
2022-03-10 21:00:00,84.440002,84.440002,84.440002,84.440002,345859.0,CNC.NYSE-1-DAY-LAST-EXTERNAL
2022-03-11 21:00:00,83.410003,83.410003,83.410003,83.410003,153601.0,CNC.NYSE-1-DAY-LAST-EXTERNAL
2022-03-14 20:00:00,84.330001,84.330001,84.330001,84.330001,220776.0,CNC.NYSE-1-DAY-LAST-EXTERNAL
2022-03-15 20:00:00,85.61,85.61,85.61,85.61,107364.0,CNC.NYSE-1-DAY-LAST-EXTERNAL
2022-03-16 20:00:00,86.870002,86.870002,86.870002,86.870002,258505.0,CNC.NYSE-1-DAY-LAST-EXTERNAL
2022-03-17 20:00:00,87.980003,87.980003,87.980003,87.980003,258257.0,CNC.NYSE-1-DAY-LAST-EXTERNAL
2022-03-18 20:00:00,87.739997,87.739997,87.739997,87.739997,234734.0,CNC.NYSE-1-DAY-LAST-EXTERNAL
2022-03-21 20:00:00,86.75,86.75,86.75,86.75,161865.0,CNC.NYSE-1-DAY-LAST-EXTERNAL
2022-03-22 20:00:00,87.569999,87.569999,87.569999,87.569999,398841.0,CNC.NYSE-1-DAY-LAST-EXTERNAL
2022-03-23 20:00:00,82.459999,82.459999,82.459999,82.459999,299066.0,CNC.NYSE-1-DAY-LAST-EXTERNAL
2022-03-24 20:00:00,84.709999,84.709999,84.709999,84.709999,223628.0,CNC.NYSE-1-DAY-LAST-EXTERNAL
2022-03-25 20:00:00,85.589996,85.589996,85.589996,85.589996,214143.0,CNC.NYSE-1-DAY-LAST-EXTERNAL
2022-03-28 20:00:00,85.239997,85.239997,85.239997,85.239997,359688.0,CNC.NYSE-1-DAY-LAST-EXTERNAL
2022-03-29 20:00:00,84.93,84.93,84.93,84.93,229958.0,CNC.NYSE-1-DAY-LAST-EXTERNAL
2022-03-30 20:00:00,86.36,86.36,86.36,86.36,152306.0,CNC.NYSE-1-DAY-LAST-EXTERNAL
2022-03-31 20:00:00,84.190002,84.190002,84.190002,84.190002,359835.0,CNC.NYSE-1-DAY-LAST-EXTERNAL
2022-04-01 20:00:00,85.510002,85.510002,85.510002,85.510002,140281.0,CNC.NYSE-1-DAY-LAST-EXTERNAL
2022-04-04 20:00:00,84.18,84.18,84.18,84.18,144680.0,CNC.NYSE-1-DAY-LAST-EXTERNAL
2022-04-05 20:00:00,84.830001,84.830001,84.830001,84.830001,244492.0,CNC.NYSE-1-DAY-LAST-EXTERNAL
2022-04-06 20:00:00,87.120002,87.120002,87.120002,87.120002,230604.0,CNC.NYSE-1-DAY-LAST-EXTERNAL
2022-04-07 20:00:00,88.559997,88.559997,88.559997,88.559997,236560.0,CNC.NYSE-1-DAY-LAST-EXTERNAL
2022-04-08 20:00:00,88.480003,88.480003,88.480003,88.480003,348941.0,CNC.NYSE-1-DAY-LAST-EXTERNAL
2022-04-11 20:00:00,86.900001,86.900001,86.900001,86.900001,213963.0,CNC.NYSE-1-DAY-LAST-EXTERNAL
2022-04-12 20:00:00,85.809997,85.809997,85.809997,85.809997,205647.0,CNC.NYSE-1-DAY-LAST-EXTERNAL
2022-04-13 20:00:00,86.209999,86.209999,86.209999,86.209999,191082.0,CNC.NYSE-1-DAY-LAST-EXTERNAL
2022-04-14 20:00:00,86.54,86.54,86.54,86.54,144660.0,CNC.NYSE-1-DAY-LAST-EXTERNAL
2022-04-18 20:00:00,84.879997,84.879997,84.879997,84.879997,237568.0,CNC.NYSE-1-DAY-LAST-EXTERNAL
2022-04-19 20:00:00,85.989997,85.989997,85.989997,85.989997,128547.0,CNC.NYSE-1-DAY-LAST-EXTERNAL
2022-04-20 20:00:00,89.010002,89.010002,89.010002,89.010002,228953.0,CNC.NYSE-1-DAY-LAST-EXTERNAL
2022-04-21 20:00:00,87.839996,87.839996,87.839996,87.839996,109619.0,CNC.NYSE-1-DAY-LAST-EXTERNAL
2022-04-22 20:00:00,84.410003,84.410003,84.410003,84.410003,145086.0,CNC.NYSE-1-DAY-LAST-EXTERNAL
2022-04-25 20:00:00,84.86,84.86,84.86,84.86,305422.0,CNC.NYSE-1-DAY-LAST-EXTERNAL
2022-04-26 20:00:00,81.879997,81.879997,81.879997,81.879997,395640.0,CNC.NYSE-1-DAY-LAST-EXTERNAL
2022-04-27 20:00:00,80.720001,80.720001,80.720001,80.720001,214867.0,CNC.NYSE-1-DAY-LAST-EXTERNAL
2022-04-28 20:00:00,81.589996,81.589996,81.589996,81.589996,203936.0,CNC.NYSE-1-DAY-LAST-EXTERNAL
2022-04-29 20:00:00,80.550003,80.550003,80.550003,80.550003,305058.0,CNC.NYSE-1-DAY-LAST-EXTERNAL
2022-05-02 20:00:00,79.059997,79.059997,79.059997,79.059997,340536.0,CNC.NYSE-1-DAY-LAST-EXTERNAL
2022-05-03 20:00:00,80.339996,80.339996,80.339996,80.339996,232277.0,CNC.NYSE-1-DAY-LAST-EXTERNAL
2022-05-04 20:00:00,82.910003,82.910003,82.910003,82.910003,175790.0,CNC.NYSE-1-DAY-LAST-EXTERNAL
2022-05-05 20:00:00,84.819999,84.819999,84.819999,84.819999,325128.0,CNC.NYSE-1-DAY-LAST-EXTERNAL
2022-05-06 20:00:00,84.029998,84.029998,84.029998,84.029998,158799.0,CNC.NYSE-1-DAY-LAST-EXTERNAL
2022-05-09 20:00:00,79.190002,79.190002,79.190002,79.190002,300951.0,CNC.NYSE-1-DAY-LAST-EXTERNAL
2022-05-10 20:00:00,79.959999,79.959999,79.959999,79.959999,141086.0,CNC.NYSE-1-DAY-LAST-EXTERNAL
2022-05-11 20:00:00,80.650001,80.650001,80.650001,80.650001,230891.0,CNC.NYSE-1-DAY-LAST-EXTERNAL
2022-05-12 20:00:00,81.230003,81.230003,81.230003,81.230003,173963.0,CNC.NYSE-1-DAY-LAST-EXTERNAL
2022-05-13 20:00:00,82.319999,82.319999,82.319999,82.319999,135176.0,CNC.NYSE-1-DAY-LAST-EXTERNAL
2022-05-16 20:00:00,84.720001,84.720001,84.720001,84.720001,153252.0,CNC.NYSE-1-DAY-LAST-EXTERNAL
2022-05-17 20:00:00,84.099998,84.099998,84.099998,84.099998,227013.0,CNC.NYSE-1-DAY-LAST-EXTERNAL
2022-05-18 20:00:00,81.769996,81.769996,81.769996,81.769996,181309.0,CNC.NYSE-1-DAY-LAST-EXTERNAL
2022-05-19 20:00:00,82.639999,82.639999,82.639999,82.639999,134119.0,CNC.NYSE-1-DAY-LAST-EXTERNAL
2022-05-20 20:00:00,84.959999,84.959999,84.959999,84.959999,195693.0,CNC.NYSE-1-DAY-LAST-EXTERNAL
2022-05-23 20:00:00,86.04,86.04,86.04,86.04,151485.0,CNC.NYSE-1-DAY-LAST-EXTERNAL
2022-05-24 20:00:00,87.209999,87.209999,87.209999,87.209999,192108.0,CNC.NYSE-1-DAY-LAST-EXTERNAL
2022-05-25 20:00:00,85.309997,85.309997,85.309997,85.309997,235212.0,CNC.NYSE-1-DAY-LAST-EXTERNAL
2022-05-26 20:00:00,81.889999,81.889999,81.889999,81.889999,340121.0,CNC.NYSE-1-DAY-LAST-EXTERNAL
2022-05-27 20:00:00,84.410003,84.410003,84.410003,84.410003,254019.0,CNC.NYSE-1-DAY-LAST-EXTERNAL
2022-05-31 20:00:00,81.440002,81.440002,81.440002,81.440002,479277.0,CNC.NYSE-1-DAY-LAST-EXTERNAL
2022-06-01 20:00:00,81.209999,81.209999,81.209999,81.209999,142656.0,CNC.NYSE-1-DAY-LAST-EXTERNAL
2022-06-02 20:00:00,82.559997,82.559997,82.559997,82.559997,206843.0,CNC.NYSE-1-DAY-LAST-EXTERNAL
2022-06-03 20:00:00,81.970001,81.970001,81.970001,81.970001,141222.0,CNC.NYSE-1-DAY-LAST-EXTERNAL
2022-06-06 20:00:00,83.239997,83.239997,83.239997,83.239997,85241.0,CNC.NYSE-1-DAY-LAST-EXTERNAL
2022-06-07 20:00:00,83.349998,83.349998,83.349998,83.349998,99560.0,CNC.NYSE-1-DAY-LAST-EXTERNAL
2022-06-08 20:00:00,82.599998,82.599998,82.599998,82.599998,96744.0,CNC.NYSE-1-DAY-LAST-EXTERNAL
2022-06-09 20:00:00,80.019996,80.019996,80.019996,80.019996,154618.0,CNC.NYSE-1-DAY-LAST-EXTERNAL
2022-06-10 20:00:00,79.510002,79.510002,79.510002,79.510002,162729.0,CNC.NYSE-1-DAY-LAST-EXTERNAL
2022-06-13 20:00:00,75.699996,75.699996,75.699996,75.699996,301578.0,CNC.NYSE-1-DAY-LAST-EXTERNAL
2022-06-14 20:00:00,76.230003,76.230003,76.230003,76.230003,194667.0,CNC.NYSE-1-DAY-LAST-EXTERNAL
2022-06-15 20:00:00,77.459999,77.459999,77.459999,77.459999,264328.0,CNC.NYSE-1-DAY-LAST-EXTERNAL
2022-06-16 20:00:00,76.639999,76.639999,76.639999,76.639999,394442.0,CNC.NYSE-1-DAY-LAST-EXTERNAL
2022-06-17 20:00:00,76.319999,76.319999,76.319999,76.319999,457562.0,CNC.NYSE-1-DAY-LAST-EXTERNAL
2022-06-21 20:00:00,80.86,80.86,80.86,80.86,362380.0,CNC.NYSE-1-DAY-LAST-EXTERNAL
2022-06-22 20:00:00,81.870002,81.870002,81.870002,81.870002,238259.0,CNC.NYSE-1-DAY-LAST-EXTERNAL
2022-06-23 20:00:00,83.639999,83.639999,83.639999,83.639999,157549.0,CNC.NYSE-1-DAY-LAST-EXTERNAL
2022-06-24 20:00:00,82.949996,82.949996,82.949996,82.949996,260870.0,CNC.NYSE-1-DAY-LAST-EXTERNAL
2022-06-27 20:00:00,84.569999,84.569999,84.569999,84.569999,139722.0,CNC.NYSE-1-DAY-LAST-EXTERNAL
2022-06-28 20:00:00,84.330001,84.330001,84.330001,84.330001,144145.0,CNC.NYSE-1-DAY-LAST-EXTERNAL
2022-06-29 20:00:00,84.940002,84.940002,84.940002,84.940002,198190.0,CNC.NYSE-1-DAY-LAST-EXTERNAL
2022-06-30 20:00:00,84.61,84.61,84.61,84.61,195932.0,CNC.NYSE-1-DAY-LAST-EXTERNAL
2022-07-01 20:00:00,86.209999,86.209999,86.209999,86.209999,136406.0,CNC.NYSE-1-DAY-LAST-EXTERNAL
2022-07-05 20:00:00,84.75,84.75,84.75,84.75,139397.0,CNC.NYSE-1-DAY-LAST-EXTERNAL
2022-07-06 20:00:00,86.010002,86.010002,86.010002,86.010002,182609.0,CNC.NYSE-1-DAY-LAST-EXTERNAL
2022-07-07 20:00:00,85.260002,85.260002,85.260002,85.260002,174802.0,CNC.NYSE-1-DAY-LAST-EXTERNAL
2022-07-08 20:00:00,88.010002,88.010002,88.010002,88.010002,332508.0,CNC.NYSE-1-DAY-LAST-EXTERNAL
2022-07-11 20:00:00,87.220001,87.220001,87.220001,87.220001,142567.0,CNC.NYSE-1-DAY-LAST-EXTERNAL
2022-07-12 20:00:00,86.910003,86.910003,86.910003,86.910003,132106.0,CNC.NYSE-1-DAY-LAST-EXTERNAL
2022-07-13 20:00:00,85.190002,85.190002,85.190002,85.190002,241504.0,CNC.NYSE-1-DAY-LAST-EXTERNAL
2022-07-14 20:00:00,85.760002,85.760002,85.760002,85.760002,207158.0,CNC.NYSE-1-DAY-LAST-EXTERNAL
2022-07-15 20:00:00,89.660003,89.660003,89.660003,89.660003,186999.0,CNC.NYSE-1-DAY-LAST-EXTERNAL
2022-07-18 20:00:00,89.720001,89.720001,89.720001,89.720001,212737.0,CNC.NYSE-1-DAY-LAST-EXTERNAL
2022-07-19 20:00:00,91.349998,91.349998,91.349998,91.349998,181902.0,CNC.NYSE-1-DAY-LAST-EXTERNAL
2022-07-20 20:00:00,90.160003,90.160003,90.160003,90.160003,221346.0,CNC.NYSE-1-DAY-LAST-EXTERNAL
2022-07-21 20:00:00,90.510002,90.510002,90.510002,90.510002,147546.0,CNC.NYSE-1-DAY-LAST-EXTERNAL
2022-07-22 20:00:00,90.940002,90.940002,90.940002,90.940002,234577.0,CNC.NYSE-1-DAY-LAST-EXTERNAL
2022-07-25 20:00:00,91.93,91.93,91.93,91.93,260892.0,CNC.NYSE-1-DAY-LAST-EXTERNAL
2022-07-26 20:00:00,93.150001,93.150001,93.150001,93.150001,218293.0,CNC.NYSE-1-DAY-LAST-EXTERNAL
2022-07-27 20:00:00,92.510002,92.510002,92.510002,92.510002,189188.0,CNC.NYSE-1-DAY-LAST-EXTERNAL
2022-07-28 20:00:00,92.349998,92.349998,92.349998,92.349998,211850.0,CNC.NYSE-1-DAY-LAST-EXTERNAL
2022-07-29 20:00:00,92.970001,92.970001,92.970001,92.970001,283653.0,CNC.NYSE-1-DAY-LAST-EXTERNAL
2022-08-01 20:00:00,92.25,92.25,92.25,92.25,146058.0,CNC.NYSE-1-DAY-LAST-EXTERNAL
2022-08-02 20:00:00,93.309997,93.309997,93.309997,93.309997,190567.0,CNC.NYSE-1-DAY-LAST-EXTERNAL
2022-08-03 20:00:00,92.800003,92.800003,92.800003,92.800003,211295.0,CNC.NYSE-1-DAY-LAST-EXTERNAL
2022-08-04 20:00:00,92.970001,92.970001,92.970001,92.970001,140211.0,CNC.NYSE-1-DAY-LAST-EXTERNAL
2022-08-05 20:00:00,93.050003,93.050003,93.050003,93.050003,120961.0,CNC.NYSE-1-DAY-LAST-EXTERNAL
2022-08-08 20:00:00,93.319999,93.319999,93.319999,93.319999,130431.0,CNC.NYSE-1-DAY-LAST-EXTERNAL
2022-08-09 20:00:00,94.769996,94.769996,94.769996,94.769996,156997.0,CNC.NYSE-1-DAY-LAST-EXTERNAL
2022-08-10 20:00:00,94.819999,94.819999,94.819999,94.819999,139285.0,CNC.NYSE-1-DAY-LAST-EXTERNAL
2022-08-11 20:00:00,94.010002,94.010002,94.010002,94.010002,145787.0,CNC.NYSE-1-DAY-LAST-EXTERNAL
2022-08-12 20:00:00,96.639999,96.639999,96.639999,96.639999,175706.0,CNC.NYSE-1-DAY-LAST-EXTERNAL
2022-08-15 20:00:00,97.220001,97.220001,97.220001,97.220001,174505.0,CNC.NYSE-1-DAY-LAST-EXTERNAL
2022-08-16 20:00:00,96.330001,96.330001,96.330001,96.330001,116028.0,CNC.NYSE-1-DAY-LAST-EXTERNAL
2022-08-17 20:00:00,94.830001,94.830001,94.830001,94.830001,156913.0,CNC.NYSE-1-DAY-LAST-EXTERNAL
2022-08-18 20:00:00,95.339996,95.339996,95.339996,95.339996,148606.0,CNC.NYSE-1-DAY-LAST-EXTERNAL
2022-08-19 20:00:00,96.900001,96.900001,96.900001,96.900001,197772.0,CNC.NYSE-1-DAY-LAST-EXTERNAL
2022-08-22 20:00:00,96.800003,96.800003,96.800003,96.800003,172849.0,CNC.NYSE-1-DAY-LAST-EXTERNAL
2022-08-23 20:00:00,95.11,95.11,95.11,95.11,268276.0,CNC.NYSE-1-DAY-LAST-EXTERNAL
2022-08-24 20:00:00,95.620002,95.620002,95.620002,95.620002,131417.0,CNC.NYSE-1-DAY-LAST-EXTERNAL
2022-08-25 20:00:00,95.730003,95.730003,95.730003,95.730003,233712.0,CNC.NYSE-1-DAY-LAST-EXTERNAL
2022-08-26 20:00:00,89.940002,89.940002,89.940002,89.940002,468240.0,CNC.NYSE-1-DAY-LAST-EXTERNAL
2022-08-29 20:00:00,91.440002,91.440002,91.440002,91.440002,169475.0,CNC.NYSE-1-DAY-LAST-EXTERNAL
2022-08-30 20:00:00,91.190002,91.190002,91.190002,91.190002,175132.0,CNC.NYSE-1-DAY-LAST-EXTERNAL
2022-08-31 20:00:00,89.739997,89.739997,89.739997,89.739997,485480.0,CNC.NYSE-1-DAY-LAST-EXTERNAL
2022-09-01 20:00:00,91.239997,91.239997,91.239997,91.239997,203714.0,CNC.NYSE-1-DAY-LAST-EXTERNAL
2022-09-02 20:00:00,90.050003,90.050003,90.050003,90.050003,205437.0,CNC.NYSE-1-DAY-LAST-EXTERNAL
2022-09-06 20:00:00,88.330001,88.330001,88.330001,88.330001,328807.0,CNC.NYSE-1-DAY-LAST-EXTERNAL
2022-09-07 20:00:00,89.330001,89.330001,89.330001,89.330001,204521.0,CNC.NYSE-1-DAY-LAST-EXTERNAL
2022-09-08 20:00:00,91.260002,91.260002,91.260002,91.260002,276711.0,CNC.NYSE-1-DAY-LAST-EXTERNAL
2022-09-09 20:00:00,91.989997,91.989997,91.989997,91.989997,156134.0,CNC.NYSE-1-DAY-LAST-EXTERNAL
2022-09-12 20:00:00,92.900001,92.900001,92.900001,92.900001,152911.0,CNC.NYSE-1-DAY-LAST-EXTERNAL
2022-09-13 20:00:00,90.029998,90.029998,90.029998,90.029998,296156.0,CNC.NYSE-1-DAY-LAST-EXTERNAL
2022-09-14 20:00:00,83.919998,83.919998,83.919998,83.919998,639695.0,CNC.NYSE-1-DAY-LAST-EXTERNAL
2022-09-15 20:00:00,86.0,86.0,86.0,86.0,554030.0,CNC.NYSE-1-DAY-LAST-EXTERNAL
2022-09-16 20:00:00,84.279998,84.279998,84.279998,84.279998,416492.0,CNC.NYSE-1-DAY-LAST-EXTERNAL
2022-09-19 20:00:00,84.769996,84.769996,84.769996,84.769996,200297.0,CNC.NYSE-1-DAY-LAST-EXTERNAL
2022-09-20 20:00:00,83.410003,83.410003,83.410003,83.410003,238748.0,CNC.NYSE-1-DAY-LAST-EXTERNAL
2022-09-21 20:00:00,80.910003,80.910003,80.910003,80.910003,464009.0,CNC.NYSE-1-DAY-LAST-EXTERNAL
2022-09-22 20:00:00,78.940002,78.940002,78.940002,78.940002,460114.0,CNC.NYSE-1-DAY-LAST-EXTERNAL
2022-09-23 20:00:00,78.709999,78.709999,78.709999,78.709999,409168.0,CNC.NYSE-1-DAY-LAST-EXTERNAL
2022-09-26 20:00:00,77.709999,77.709999,77.709999,77.709999,194617.0,CNC.NYSE-1-DAY-LAST-EXTERNAL
2022-09-27 20:00:00,77.300003,77.300003,77.300003,77.300003,325084.0,CNC.NYSE-1-DAY-LAST-EXTERNAL
2022-09-28 20:00:00,78.18,78.18,78.18,78.18,248236.0,CNC.NYSE-1-DAY-LAST-EXTERNAL
2022-09-29 20:00:00,77.68,77.68,77.68,77.68,188073.0,CNC.NYSE-1-DAY-LAST-EXTERNAL
2022-09-30 20:00:00,77.809997,77.809997,77.809997,77.809997,556953.0,CNC.NYSE-1-DAY-LAST-EXTERNAL
2022-10-03 20:00:00,80.0,80.0,80.0,80.0,224037.0,CNC.NYSE-1-DAY-LAST-EXTERNAL
2022-10-04 20:00:00,80.870002,80.870002,80.870002,80.870002,208418.0,CNC.NYSE-1-DAY-LAST-EXTERNAL
2022-10-05 20:00:00,80.809997,80.809997,80.809997,80.809997,324359.0,CNC.NYSE-1-DAY-LAST-EXTERNAL
2022-10-06 20:00:00,80.239997,80.239997,80.239997,80.239997,338701.0,CNC.NYSE-1-DAY-LAST-EXTERNAL
2022-10-07 20:00:00,74.819999,74.819999,74.819999,74.819999,479321.0,CNC.NYSE-1-DAY-LAST-EXTERNAL
2022-10-10 20:00:00,73.760002,73.760002,73.760002,73.760002,320822.0,CNC.NYSE-1-DAY-LAST-EXTERNAL
2022-10-11 20:00:00,75.319999,75.319999,75.319999,75.319999,233652.0,CNC.NYSE-1-DAY-LAST-EXTERNAL
2022-10-12 20:00:00,74.319999,74.319999,74.319999,74.319999,169261.0,CNC.NYSE-1-DAY-LAST-EXTERNAL
2022-10-13 20:00:00,75.260002,75.260002,75.260002,75.260002,217654.0,CNC.NYSE-1-DAY-LAST-EXTERNAL
2022-10-14 20:00:00,74.300003,74.300003,74.300003,74.300003,270477.0,CNC.NYSE-1-DAY-LAST-EXTERNAL
2022-10-17 20:00:00,75.18,75.18,75.18,75.18,201544.0,CNC.NYSE-1-DAY-LAST-EXTERNAL
2022-10-18 20:00:00,75.319999,75.319999,75.319999,75.319999,227037.0,CNC.NYSE-1-DAY-LAST-EXTERNAL
2022-10-19 20:00:00,75.720001,75.720001,75.720001,75.720001,217779.0,CNC.NYSE-1-DAY-LAST-EXTERNAL
2022-10-20 20:00:00,74.150001,74.150001,74.150001,74.150001,203010.0,CNC.NYSE-1-DAY-LAST-EXTERNAL
2022-10-21 20:00:00,73.849998,73.849998,73.849998,73.849998,437912.0,CNC.NYSE-1-DAY-LAST-EXTERNAL
2022-10-24 20:00:00,75.809997,75.809997,75.809997,75.809997,293215.0,CNC.NYSE-1-DAY-LAST-EXTERNAL
2022-10-25 20:00:00,83.629997,83.629997,83.629997,83.629997,425723.0,CNC.NYSE-1-DAY-LAST-EXTERNAL
2022-10-26 20:00:00,84.800003,84.800003,84.800003,84.800003,328224.0,CNC.NYSE-1-DAY-LAST-EXTERNAL
2022-10-27 20:00:00,84.069999,84.069999,84.069999,84.069999,298205.0,CNC.NYSE-1-DAY-LAST-EXTERNAL
2022-10-28 20:00:00,85.800003,85.800003,85.800003,85.800003,240482.0,CNC.NYSE-1-DAY-LAST-EXTERNAL
2022-10-31 20:00:00,85.129997,85.129997,85.129997,85.129997,242637.0,CNC.NYSE-1-DAY-LAST-EXTERNAL
2022-11-01 20:00:00,85.93,85.93,85.93,85.93,180452.0,CNC.NYSE-1-DAY-LAST-EXTERNAL
2022-11-02 20:00:00,85.059997,85.059997,85.059997,85.059997,176644.0,CNC.NYSE-1-DAY-LAST-EXTERNAL
2022-11-03 20:00:00,85.080001,85.080001,85.080001,85.080001,206685.0,CNC.NYSE-1-DAY-LAST-EXTERNAL
2022-11-04 20:00:00,81.730003,81.730003,81.730003,81.730003,227177.0,CNC.NYSE-1-DAY-LAST-EXTERNAL
2022-11-07 21:00:00,82.949996,82.949996,82.949996,82.949996,305803.0,CNC.NYSE-1-DAY-LAST-EXTERNAL
2022-11-08 21:00:00,84.0,84.0,84.0,84.0,346654.0,CNC.NYSE-1-DAY-LAST-EXTERNAL
2022-11-09 21:00:00,83.879997,83.879997,83.879997,83.879997,240823.0,CNC.NYSE-1-DAY-LAST-EXTERNAL
2022-11-10 21:00:00,84.43,84.43,84.43,84.43,174106.0,CNC.NYSE-1-DAY-LAST-EXTERNAL
2022-11-11 21:00:00,82.069999,82.069999,82.069999,82.069999,319345.0,CNC.NYSE-1-DAY-LAST-EXTERNAL
2022-11-14 21:00:00,82.04,82.04,82.04,82.04,155763.0,CNC.NYSE-1-DAY-LAST-EXTERNAL
2022-11-15 21:00:00,79.669998,79.669998,79.669998,79.669998,602743.0,CNC.NYSE-1-DAY-LAST-EXTERNAL
2022-11-16 21:00:00,79.510002,79.510002,79.510002,79.510002,277004.0,CNC.NYSE-1-DAY-LAST-EXTERNAL
2022-11-17 21:00:00,80.93,80.93,80.93,80.93,241304.0,CNC.NYSE-1-DAY-LAST-EXTERNAL
2022-11-18 21:00:00,82.68,82.68,82.68,82.68,158779.0,CNC.NYSE-1-DAY-LAST-EXTERNAL
2022-11-21 21:00:00,82.120002,82.120002,82.120002,82.120002,251599.0,CNC.NYSE-1-DAY-LAST-EXTERNAL
2022-11-22 21:00:00,82.959999,82.959999,82.959999,82.959999,415406.0,CNC.NYSE-1-DAY-LAST-EXTERNAL
2022-11-23 21:00:00,83.629997,83.629997,83.629997,83.629997,154602.0,CNC.NYSE-1-DAY-LAST-EXTERNAL
2022-11-25 18:00:00,84.86,84.86,84.86,84.86,19775.0,CNC.NYSE-1-DAY-LAST-EXTERNAL
2022-11-28 21:00:00,84.93,84.93,84.93,84.93,239932.0,CNC.NYSE-1-DAY-LAST-EXTERNAL
2022-11-29 21:00:00,84.419998,84.419998,84.419998,84.419998,209636.0,CNC.NYSE-1-DAY-LAST-EXTERNAL
2022-11-30 21:00:00,87.050003,87.050003,87.050003,87.050003,312918.0,CNC.NYSE-1-DAY-LAST-EXTERNAL
2022-12-01 21:00:00,85.809997,85.809997,85.809997,85.809997,232360.0,CNC.NYSE-1-DAY-LAST-EXTERNAL
2022-12-02 21:00:00,85.79,85.79,85.79,85.79,143267.0,CNC.NYSE-1-DAY-LAST-EXTERNAL
2022-12-05 21:00:00,86.349998,86.349998,86.349998,86.349998,269536.0,CNC.NYSE-1-DAY-LAST-EXTERNAL
2022-12-06 21:00:00,85.93,85.93,85.93,85.93,172016.0,CNC.NYSE-1-DAY-LAST-EXTERNAL
2022-12-07 21:00:00,87.349998,87.349998,87.349998,87.349998,303441.0,CNC.NYSE-1-DAY-LAST-EXTERNAL
2022-12-08 21:00:00,86.489997,86.489997,86.489997,86.489997,279331.0,CNC.NYSE-1-DAY-LAST-EXTERNAL
2022-12-09 21:00:00,86.25,86.25,86.25,86.25,163864.0,CNC.NYSE-1-DAY-LAST-EXTERNAL
2022-12-12 21:00:00,86.889999,86.889999,86.889999,86.889999,233730.0,CNC.NYSE-1-DAY-LAST-EXTERNAL
2022-12-13 21:00:00,83.220001,83.220001,83.220001,83.220001,262079.0,CNC.NYSE-1-DAY-LAST-EXTERNAL
2022-12-14 21:00:00,83.0,83.0,83.0,83.0,329026.0,CNC.NYSE-1-DAY-LAST-EXTERNAL
2022-12-15 21:00:00,80.309997,80.309997,80.309997,80.309997,330884.0,CNC.NYSE-1-DAY-LAST-EXTERNAL
2022-12-16 21:00:00,81.400001,81.400001,81.400001,81.400001,458590.0,CNC.NYSE-1-DAY-LAST-EXTERNAL
2022-12-19 21:00:00,81.419998,81.419998,81.419998,81.419998,189312.0,CNC.NYSE-1-DAY-LAST-EXTERNAL
2022-12-20 21:00:00,80.379997,80.379997,80.379997,80.379997,264741.0,CNC.NYSE-1-DAY-LAST-EXTERNAL
2022-12-21 21:00:00,81.650001,81.650001,81.650001,81.650001,295735.0,CNC.NYSE-1-DAY-LAST-EXTERNAL
2022-12-22 21:00:00,82.239997,82.239997,82.239997,82.239997,177488.0,CNC.NYSE-1-DAY-LAST-EXTERNAL
2022-12-23 21:00:00,81.629997,81.629997,81.629997,81.629997,139970.0,CNC.NYSE-1-DAY-LAST-EXTERNAL
2022-12-27 21:00:00,81.580001,81.580001,81.580001,81.580001,150517.0,CNC.NYSE-1-DAY-LAST-EXTERNAL
2022-12-28 21:00:00,81.580001,81.580001,81.580001,81.580001,139716.0,CNC.NYSE-1-DAY-LAST-EXTERNAL
2022-12-29 21:00:00,81.720001,81.720001,81.720001,81.720001,172029.0,CNC.NYSE-1-DAY-LAST-EXTERNAL
2022-12-30 21:00:00,82.010002,82.010002,82.010002,82.010002,135612.0,CNC.NYSE-1-DAY-LAST-EXTERNAL
2023-01-03 21:00:00,79.739997,79.739997,79.739997,79.739997,299161.0,CNC.NYSE-1-DAY-LAST-EXTERNAL
2023-01-04 21:00:00,79.459999,79.459999,79.459999,79.459999,320077.0,CNC.NYSE-1-DAY-LAST-EXTERNAL
2023-01-05 21:00:00,77.260002,77.260002,77.260002,77.260002,548079.0,CNC.NYSE-1-DAY-LAST-EXTERNAL
2023-01-06 21:00:00,78.660003,78.660003,78.660003,78.660003,223578.0,CNC.NYSE-1-DAY-LAST-EXTERNAL
2023-01-09 21:00:00,77.589996,77.589996,77.589996,77.589996,281100.0,CNC.NYSE-1-DAY-LAST-EXTERNAL
2023-01-10 21:00:00,76.120002,76.120002,76.120002,76.120002,250574.0,CNC.NYSE-1-DAY-LAST-EXTERNAL
2023-01-11 21:00:00,78.440002,78.440002,78.440002,78.440002,212184.0,CNC.NYSE-1-DAY-LAST-EXTERNAL
2023-01-12 21:00:00,78.18,78.18,78.18,78.18,303786.0,CNC.NYSE-1-DAY-LAST-EXTERNAL
2023-01-13 21:00:00,77.04,77.04,77.04,77.04,204725.0,CNC.NYSE-1-DAY-LAST-EXTERNAL
2023-01-17 21:00:00,76.739997,76.739997,76.739997,76.739997,222079.0,CNC.NYSE-1-DAY-LAST-EXTERNAL
2023-01-18 21:00:00,75.089996,75.089996,75.089996,75.089996,257077.0,CNC.NYSE-1-DAY-LAST-EXTERNAL
2023-01-19 21:00:00,75.86,75.86,75.86,75.86,160498.0,CNC.NYSE-1-DAY-LAST-EXTERNAL
2023-01-20 21:00:00,76.150001,76.150001,76.150001,76.150001,222638.0,CNC.NYSE-1-DAY-LAST-EXTERNAL
2023-01-23 21:00:00,75.79,75.79,75.79,75.79,181273.0,CNC.NYSE-1-DAY-LAST-EXTERNAL
2023-01-24 21:00:00,75.760002,75.760002,75.760002,75.760002,378031.0,CNC.NYSE-1-DAY-LAST-EXTERNAL
2023-01-25 21:00:00,76.050003,76.050003,76.050003,76.050003,355121.0,CNC.NYSE-1-DAY-LAST-EXTERNAL
2023-01-26 21:00:00,76.61,76.61,76.61,76.61,302171.0,CNC.NYSE-1-DAY-LAST-EXTERNAL
2023-01-27 21:00:00,75.25,75.25,75.25,75.25,252129.0,CNC.NYSE-1-DAY-LAST-EXTERNAL
2023-01-30 21:00:00,74.699996,74.699996,74.699996,74.699996,478899.0,CNC.NYSE-1-DAY-LAST-EXTERNAL
2023-01-31 21:00:00,76.239997,76.239997,76.239997,76.239997,655531.0,CNC.NYSE-1-DAY-LAST-EXTERNAL
2023-02-01 21:00:00,75.139999,75.139999,75.139999,75.139999,364668.0,CNC.NYSE-1-DAY-LAST-EXTERNAL
2023-02-02 21:00:00,72.569999,72.569999,72.569999,72.569999,410995.0,CNC.NYSE-1-DAY-LAST-EXTERNAL
2023-02-03 21:00:00,71.010002,71.010002,71.010002,71.010002,651781.0,CNC.NYSE-1-DAY-LAST-EXTERNAL
2023-02-06 21:00:00,71.010002,71.010002,71.010002,71.010002,530368.0,CNC.NYSE-1-DAY-LAST-EXTERNAL
2023-02-07 21:00:00,70.980003,70.980003,70.980003,70.980003,517668.0,CNC.NYSE-1-DAY-LAST-EXTERNAL
2023-02-08 21:00:00,72.919998,72.919998,72.919998,72.919998,733088.0,CNC.NYSE-1-DAY-LAST-EXTERNAL
2023-02-09 21:00:00,71.559997,71.559997,71.559997,71.559997,349010.0,CNC.NYSE-1-DAY-LAST-EXTERNAL
2023-02-10 21:00:00,72.739997,72.739997,72.739997,72.739997,220152.0,CNC.NYSE-1-DAY-LAST-EXTERNAL
2023-02-13 21:00:00,73.080001,73.080001,73.080001,73.080001,433418.0,CNC.NYSE-1-DAY-LAST-EXTERNAL
2023-02-14 21:00:00,73.379997,73.379997,73.379997,73.379997,252587.0,CNC.NYSE-1-DAY-LAST-EXTERNAL
2023-02-15 21:00:00,73.099998,73.099998,73.099998,73.099998,287513.0,CNC.NYSE-1-DAY-LAST-EXTERNAL
2023-02-16 21:00:00,73.010002,73.010002,73.010002,73.010002,319555.0,CNC.NYSE-1-DAY-LAST-EXTERNAL
2023-02-17 21:00:00,73.36,73.36,73.36,73.36,204504.0,CNC.NYSE-1-DAY-LAST-EXTERNAL
2023-02-21 21:00:00,72.269996,72.269996,72.269996,72.269996,250000.0,CNC.NYSE-1-DAY-LAST-EXTERNAL
2023-02-22 21:00:00,72.279998,72.279998,72.279998,72.279998,226964.0,CNC.NYSE-1-DAY-LAST-EXTERNAL
2023-02-23 21:00:00,71.669998,71.669998,71.669998,71.669998,294966.0,CNC.NYSE-1-DAY-LAST-EXTERNAL
2023-02-24 21:00:00,70.279998,70.279998,70.279998,70.279998,301690.0,CNC.NYSE-1-DAY-LAST-EXTERNAL
2023-02-27 21:00:00,70.089996,70.089996,70.089996,70.089996,270766.0,CNC.NYSE-1-DAY-LAST-EXTERNAL
2023-02-28 21:00:00,68.400001,68.400001,68.400001,68.400001,348097.0,CNC.NYSE-1-DAY-LAST-EXTERNAL
2023-03-01 21:00:00,68.510002,68.510002,68.510002,68.510002,180418.0,CNC.NYSE-1-DAY-LAST-EXTERNAL
2023-03-02 21:00:00,68.589996,68.589996,68.589996,68.589996,190388.0,CNC.NYSE-1-DAY-LAST-EXTERNAL
2023-03-03 21:00:00,69.069999,69.069999,69.069999,69.069999,220931.0,CNC.NYSE-1-DAY-LAST-EXTERNAL
2023-03-06 21:00:00,68.959999,68.959999,68.959999,68.959999,240407.0,CNC.NYSE-1-DAY-LAST-EXTERNAL
2023-03-07 21:00:00,67.949996,67.949996,67.949996,67.949996,249159.0,CNC.NYSE-1-DAY-LAST-EXTERNAL
2023-03-08 21:00:00,66.900001,66.900001,66.900001,66.900001,301856.0,CNC.NYSE-1-DAY-LAST-EXTERNAL
2023-03-09 21:00:00,65.54,65.54,65.54,65.54,282964.0,CNC.NYSE-1-DAY-LAST-EXTERNAL
2023-03-10 21:00:00,65.099998,65.099998,65.099998,65.099998,218162.0,CNC.NYSE-1-DAY-LAST-EXTERNAL
2023-03-13 20:00:00,64.169998,64.169998,64.169998,64.169998,218374.0,CNC.NYSE-1-DAY-LAST-EXTERNAL
2023-03-14 20:00:00,63.34,63.34,63.34,63.34,443196.0,CNC.NYSE-1-DAY-LAST-EXTERNAL
2023-03-15 20:00:00,63.54,63.54,63.54,63.54,265566.0,CNC.NYSE-1-DAY-LAST-EXTERNAL
2023-03-16 20:00:00,63.189998,63.189998,63.189998,63.189998,411895.0,CNC.NYSE-1-DAY-LAST-EXTERNAL
2023-03-17 20:00:00,62.549999,62.549999,62.549999,62.549999,877419.0,CNC.NYSE-1-DAY-LAST-EXTERNAL
2023-03-20 20:00:00,64.150001,64.150001,64.150001,64.150001,301134.0,CNC.NYSE-1-DAY-LAST-EXTERNAL
2023-03-21 20:00:00,65.29,65.29,65.29,65.29,292950.0,CNC.NYSE-1-DAY-LAST-EXTERNAL
2023-03-22 20:00:00,63.599998,63.599998,63.599998,63.599998,280330.0,CNC.NYSE-1-DAY-LAST-EXTERNAL
2023-03-23 20:00:00,62.580001,62.580001,62.580001,62.580001,289460.0,CNC.NYSE-1-DAY-LAST-EXTERNAL
2023-03-24 20:00:00,64.050003,64.050003,64.050003,64.050003,263944.0,CNC.NYSE-1-DAY-LAST-EXTERNAL
2023-03-27 20:00:00,64.75,64.75,64.75,64.75,250008.0,CNC.NYSE-1-DAY-LAST-EXTERNAL
2023-03-28 20:00:00,63.119998,63.119998,63.119998,63.119998,238357.0,CNC.NYSE-1-DAY-LAST-EXTERNAL
2023-03-29 20:00:00,63.650001,63.650001,63.650001,63.650001,237949.0,CNC.NYSE-1-DAY-LAST-EXTERNAL
2023-03-30 20:00:00,64.129997,64.129997,64.129997,64.129997,294359.0,CNC.NYSE-1-DAY-LAST-EXTERNAL
2023-03-31 20:00:00,63.209999,63.209999,63.209999,63.209999,665482.0,CNC.NYSE-1-DAY-LAST-EXTERNAL
2023-04-03 20:00:00,64.669998,64.669998,64.669998,64.669998,306172.0,CNC.NYSE-1-DAY-LAST-EXTERNAL
2023-04-04 20:00:00,63.979999,63.979999,63.979999,63.979999,361105.0,CNC.NYSE-1-DAY-LAST-EXTERNAL
2023-04-05 20:00:00,65.79,65.79,65.79,65.79,333043.0,CNC.NYSE-1-DAY-LAST-EXTERNAL
2023-04-06 20:00:00,66.019996,66.019996,66.019996,66.019996,225578.0,CNC.NYSE-1-DAY-LAST-EXTERNAL
2023-04-10 20:00:00,66.319999,66.319999,66.319999,66.319999,440785.0,CNC.NYSE-1-DAY-LAST-EXTERNAL
2023-04-11 20:00:00,67.36,67.36,67.36,67.36,221200.0,CNC.NYSE-1-DAY-LAST-EXTERNAL
2023-04-12 20:00:00,67.18,67.18,67.18,67.18,277284.0,CNC.NYSE-1-DAY-LAST-EXTERNAL
2023-04-13 20:00:00,69.36,69.36,69.36,69.36,422967.0,CNC.NYSE-1-DAY-LAST-EXTERNAL
2023-04-14 20:00:00,68.069999,68.069999,68.069999,68.069999,443776.0,CNC.NYSE-1-DAY-LAST-EXTERNAL
2023-04-17 20:00:00,68.699996,68.699996,68.699996,68.699996,222384.0,CNC.NYSE-1-DAY-LAST-EXTERNAL
2023-04-18 20:00:00,68.93,68.93,68.93,68.93,353617.0,CNC.NYSE-1-DAY-LAST-EXTERNAL
2023-04-19 20:00:00,66.779998,66.779998,66.779998,66.779998,262672.0,CNC.NYSE-1-DAY-LAST-EXTERNAL
2023-04-20 20:00:00,65.86,65.86,65.86,65.86,246024.0,CNC.NYSE-1-DAY-LAST-EXTERNAL
2023-04-21 20:00:00,65.989997,65.989997,65.989997,65.989997,169331.0,CNC.NYSE-1-DAY-LAST-EXTERNAL
2023-04-24 20:00:00,67.660003,67.660003,67.660003,67.660003,407113.0,CNC.NYSE-1-DAY-LAST-EXTERNAL
2023-04-25 20:00:00,69.29,69.29,69.29,69.29,326198.0,CNC.NYSE-1-DAY-LAST-EXTERNAL
2023-04-26 20:00:00,66.629997,66.629997,66.629997,66.629997,325833.0,CNC.NYSE-1-DAY-LAST-EXTERNAL
