2022-01-03 15:55:00,254.764999,254.949996,254.4095,254.690002,18805.0,COIN.NYSE-4-HOUR-LAST-EXTERNAL
2022-01-03 19:55:00,252.699996,253.214996,252.669998,253.104995,38786.0,COIN.NYSE-4-HOUR-LAST-EXTERNAL
2022-01-03 21:00:00,251.050003,251.050003,251.050003,251.050003,80963.0,COIN.NYSE-4-HOUR-LAST-EXTERNAL
2022-01-04 15:55:00,247.145004,247.179992,245.699996,245.869995,59825.0,COIN.NYSE-4-HOUR-LAST-EXTERNAL
2022-01-04 19:55:00,248.684997,248.75,248.220001,248.699996,28538.0,COIN.NYSE-4-HOUR-LAST-EXTERNAL
2022-01-04 21:00:00,250.149993,250.149993,250.149993,250.149993,114111.0,COIN.NYSE-4-HOUR-LAST-EXTERNAL
2022-01-05 15:55:00,243.899993,244.820007,243.824996,244.289993,41197.0,COIN.NYSE-4-HOUR-LAST-EXTERNAL
2022-01-05 19:55:00,236.089996,236.169998,235.589996,235.865005,65557.0,COIN.NYSE-4-HOUR-LAST-EXTERNAL
2022-01-05 21:00:00,234.229995,234.229995,234.229995,234.229995,198716.0,COIN.NYSE-4-HOUR-LAST-EXTERNAL
2022-01-06 15:55:00,229.770004,231.0,229.490005,230.669998,69207.0,COIN.NYSE-4-HOUR-LAST-EXTERNAL
2022-01-06 19:55:00,234.61,235.0,234.509994,234.690002,28948.0,COIN.NYSE-4-HOUR-LAST-EXTERNAL
2022-01-06 21:00:00,234.0,234.0,234.0,234.0,135707.0,COIN.NYSE-4-HOUR-LAST-EXTERNAL
2022-01-07 15:55:00,228.335006,230.449996,228.279998,229.369995,67210.0,COIN.NYSE-4-HOUR-LAST-EXTERNAL
2022-01-07 19:55:00,231.0,231.25,230.639999,230.710006,13944.0,COIN.NYSE-4-HOUR-LAST-EXTERNAL
2022-01-07 21:00:00,232.330001,232.330001,232.330001,232.330001,136558.0,COIN.NYSE-4-HOUR-LAST-EXTERNAL
2022-01-10 15:55:00,215.544998,217.139999,215.100006,216.839996,76069.0,COIN.NYSE-4-HOUR-LAST-EXTERNAL
2022-01-10 19:55:00,221.863098,222.526596,221.863098,222.36,31530.0,COIN.NYSE-4-HOUR-LAST-EXTERNAL
2022-01-10 21:00:00,225.009994,225.009994,225.009994,225.009994,164718.0,COIN.NYSE-4-HOUR-LAST-EXTERNAL
2022-01-11 15:55:00,224.479995,225.169998,224.027801,224.690002,48724.0,COIN.NYSE-4-HOUR-LAST-EXTERNAL
2022-01-11 19:55:00,236.585006,236.770004,235.470001,235.639999,30039.0,COIN.NYSE-4-HOUR-LAST-EXTERNAL
2022-01-11 21:00:00,237.229995,237.229995,237.229995,237.229995,166419.0,COIN.NYSE-4-HOUR-LAST-EXTERNAL
2022-01-12 15:55:00,236.449996,237.699905,235.410003,237.560104,101508.0,COIN.NYSE-4-HOUR-LAST-EXTERNAL
2022-01-12 19:55:00,237.731597,237.739898,237.419998,237.481704,11738.0,COIN.NYSE-4-HOUR-LAST-EXTERNAL
2022-01-12 21:00:00,234.699996,234.699996,234.699996,234.699996,147930.0,COIN.NYSE-4-HOUR-LAST-EXTERNAL
2022-01-13 15:55:00,231.600006,232.409896,231.524993,232.300003,31728.0,COIN.NYSE-4-HOUR-LAST-EXTERNAL
2022-01-13 19:55:00,232.820007,233.789993,232.820007,233.654006,30622.0,COIN.NYSE-4-HOUR-LAST-EXTERNAL
2022-01-13 21:00:00,228.229995,228.229995,228.229995,228.229995,167637.0,COIN.NYSE-4-HOUR-LAST-EXTERNAL
2022-01-14 15:55:00,225.740005,225.910003,224.5,224.669998,39875.0,COIN.NYSE-4-HOUR-LAST-EXTERNAL
2022-01-14 19:55:00,225.009994,225.970001,224.940002,225.598602,50637.0,COIN.NYSE-4-HOUR-LAST-EXTERNAL
2022-01-14 21:00:00,230.029998,230.029998,230.029998,230.029998,133458.0,COIN.NYSE-4-HOUR-LAST-EXTERNAL
2022-01-18 15:55:00,223.800003,224.220001,223.119995,223.470001,37822.0,COIN.NYSE-4-HOUR-LAST-EXTERNAL
2022-01-18 19:55:00,224.904998,224.990005,223.434997,223.458496,40826.0,COIN.NYSE-4-HOUR-LAST-EXTERNAL
2022-01-18 21:00:00,222.0,222.0,222.0,222.0,132914.0,COIN.NYSE-4-HOUR-LAST-EXTERNAL
2022-01-19 15:55:00,220.300003,221.470001,220.160095,221.25,40215.0,COIN.NYSE-4-HOUR-LAST-EXTERNAL
2022-01-19 19:55:00,222.429992,223.020004,222.254104,222.5,12348.0,COIN.NYSE-4-HOUR-LAST-EXTERNAL
2022-01-19 21:00:00,219.5,219.5,219.5,219.5,126920.0,COIN.NYSE-4-HOUR-LAST-EXTERNAL
2022-01-20 15:55:00,231.649993,231.839996,230.919998,231.11,36660.0,COIN.NYSE-4-HOUR-LAST-EXTERNAL
2022-01-20 19:55:00,225.460006,225.951995,225.36,225.619995,22335.0,COIN.NYSE-4-HOUR-LAST-EXTERNAL
2022-01-20 21:00:00,221.619995,221.619995,221.619995,221.619995,175738.0,COIN.NYSE-4-HOUR-LAST-EXTERNAL
2022-01-21 15:55:00,199.339996,199.339996,196.020004,196.360107,235987.0,COIN.NYSE-4-HOUR-LAST-EXTERNAL
2022-01-21 19:55:00,191.850006,191.86,190.399993,190.630004,77155.0,COIN.NYSE-4-HOUR-LAST-EXTERNAL
2022-01-21 21:00:00,191.970001,191.970001,191.970001,191.970001,369869.0,COIN.NYSE-4-HOUR-LAST-EXTERNAL
2022-01-24 15:55:00,170.720001,170.929992,169.5,170.104995,106315.0,COIN.NYSE-4-HOUR-LAST-EXTERNAL
2022-01-24 19:55:00,185.270004,186.880004,183.9001,186.130004,79962.0,COIN.NYSE-4-HOUR-LAST-EXTERNAL
2022-01-24 21:00:00,191.479995,191.479995,191.479995,191.479995,195198.0,COIN.NYSE-4-HOUR-LAST-EXTERNAL
2022-01-25 15:55:00,182.960006,183.660003,181.700103,181.929992,61261.0,COIN.NYSE-4-HOUR-LAST-EXTERNAL
2022-01-25 19:55:00,191.940002,193.119995,191.526596,192.264999,94403.0,COIN.NYSE-4-HOUR-LAST-EXTERNAL
2022-01-25 21:00:00,185.630004,185.630004,185.630004,185.630004,124538.0,COIN.NYSE-4-HOUR-LAST-EXTERNAL
2022-01-26 15:55:00,193.509994,193.970001,193.100006,193.550003,117597.0,COIN.NYSE-4-HOUR-LAST-EXTERNAL
2022-01-26 19:55:00,186.100006,188.619995,184.604995,184.619995,85997.0,COIN.NYSE-4-HOUR-LAST-EXTERNAL
2022-01-26 21:00:00,178.639999,178.639999,178.639999,178.639999,305982.0,COIN.NYSE-4-HOUR-LAST-EXTERNAL
2022-01-27 15:55:00,174.522903,176.440002,174.362792,175.869995,85701.0,COIN.NYSE-4-HOUR-LAST-EXTERNAL
2022-01-27 19:55:00,170.196395,171.382507,169.75,170.910003,43016.0,COIN.NYSE-4-HOUR-LAST-EXTERNAL
2022-01-27 21:00:00,170.199996,170.199996,170.199996,170.199996,150865.0,COIN.NYSE-4-HOUR-LAST-EXTERNAL
2022-01-28 15:55:00,172.990005,174.880004,172.699996,174.619995,132705.0,COIN.NYSE-4-HOUR-LAST-EXTERNAL
2022-01-28 19:55:00,174.160003,175.199996,174.029998,175.160003,47825.0,COIN.NYSE-4-HOUR-LAST-EXTERNAL
2022-01-28 21:00:00,177.580001,177.580001,177.580001,177.580001,243336.0,COIN.NYSE-4-HOUR-LAST-EXTERNAL
2022-01-31 15:55:00,186.690002,187.270004,186.279998,187.130004,83166.0,COIN.NYSE-4-HOUR-LAST-EXTERNAL
2022-01-31 19:55:00,189.100006,189.520004,188.729995,189.309997,42134.0,COIN.NYSE-4-HOUR-LAST-EXTERNAL
2022-01-31 21:00:00,190.149993,190.149993,190.149993,190.149993,177840.0,COIN.NYSE-4-HOUR-LAST-EXTERNAL
2022-02-01 15:55:00,194.710006,196.460006,194.710006,196.460006,66329.0,COIN.NYSE-4-HOUR-LAST-EXTERNAL
2022-02-01 19:55:00,195.789993,196.729995,195.699996,196.229995,26273.0,COIN.NYSE-4-HOUR-LAST-EXTERNAL
2022-02-01 21:00:00,197.729995,197.729995,197.729995,197.729995,153509.0,COIN.NYSE-4-HOUR-LAST-EXTERNAL
2022-02-02 15:55:00,187.628204,187.749893,186.759994,187.25,48611.0,COIN.NYSE-4-HOUR-LAST-EXTERNAL
2022-02-02 19:55:00,187.410003,187.410003,186.695007,186.695007,16028.0,COIN.NYSE-4-HOUR-LAST-EXTERNAL
2022-02-02 21:00:00,187.369995,187.369995,187.369995,187.369995,193480.0,COIN.NYSE-4-HOUR-LAST-EXTERNAL
2022-02-03 15:55:00,186.699996,188.050003,186.589996,186.958801,24108.0,COIN.NYSE-4-HOUR-LAST-EXTERNAL
2022-02-03 19:55:00,183.470001,184.358703,183.309997,184.009994,23348.0,COIN.NYSE-4-HOUR-LAST-EXTERNAL
2022-02-03 21:00:00,181.309997,181.309997,181.309997,181.309997,205142.0,COIN.NYSE-4-HOUR-LAST-EXTERNAL
2022-02-04 15:55:00,189.070007,189.070007,187.7341,188.199996,34125.0,COIN.NYSE-4-HOUR-LAST-EXTERNAL
2022-02-04 19:55:00,195.339996,196.050003,195.220001,195.520004,37086.0,COIN.NYSE-4-HOUR-LAST-EXTERNAL
2022-02-04 21:00:00,194.440002,194.440002,194.440002,194.440002,131720.0,COIN.NYSE-4-HOUR-LAST-EXTERNAL
2022-02-07 15:55:00,204.139999,205.460006,204.0,205.320007,81327.0,COIN.NYSE-4-HOUR-LAST-EXTERNAL
2022-02-07 19:55:00,209.279998,209.979995,209.070007,209.380004,64503.0,COIN.NYSE-4-HOUR-LAST-EXTERNAL
2022-02-07 21:00:00,205.740005,205.740005,205.740005,205.740005,348208.0,COIN.NYSE-4-HOUR-LAST-EXTERNAL
2022-02-08 15:55:00,204.320007,204.320007,203.61,203.812301,37100.0,COIN.NYSE-4-HOUR-LAST-EXTERNAL
2022-02-08 19:55:00,202.755706,202.770004,201.880004,202.115005,17722.0,COIN.NYSE-4-HOUR-LAST-EXTERNAL
2022-02-08 21:00:00,208.729995,208.729995,208.729995,208.729995,125983.0,COIN.NYSE-4-HOUR-LAST-EXTERNAL
2022-02-09 15:55:00,213.399993,213.770004,213.199996,213.729995,26565.0,COIN.NYSE-4-HOUR-LAST-EXTERNAL
2022-02-09 19:55:00,214.36,214.559997,213.918197,214.25,36751.0,COIN.NYSE-4-HOUR-LAST-EXTERNAL
2022-02-09 21:00:00,214.5,214.5,214.5,214.5,158778.0,COIN.NYSE-4-HOUR-LAST-EXTERNAL
2022-02-10 15:55:00,213.169998,214.389999,212.529998,214.164993,55607.0,COIN.NYSE-4-HOUR-LAST-EXTERNAL
2022-02-10 19:55:00,207.710006,207.886001,205.850097,206.350006,61708.0,COIN.NYSE-4-HOUR-LAST-EXTERNAL
2022-02-10 21:00:00,204.770004,204.770004,204.770004,204.770004,173677.0,COIN.NYSE-4-HOUR-LAST-EXTERNAL
2022-02-11 15:55:00,201.399993,201.410003,199.399993,199.839996,93710.0,COIN.NYSE-4-HOUR-LAST-EXTERNAL
2022-02-11 19:55:00,192.509994,193.660003,192.229995,193.240005,44692.0,COIN.NYSE-4-HOUR-LAST-EXTERNAL
2022-02-11 21:00:00,194.529998,194.529998,194.529998,194.529998,313752.0,COIN.NYSE-4-HOUR-LAST-EXTERNAL
2022-02-14 15:55:00,199.320007,200.25,198.710006,199.730606,42537.0,COIN.NYSE-4-HOUR-LAST-EXTERNAL
2022-02-14 19:55:00,195.411804,195.729995,195.0,195.377105,27838.0,COIN.NYSE-4-HOUR-LAST-EXTERNAL
2022-02-14 21:00:00,195.25,195.25,195.25,195.25,98475.0,COIN.NYSE-4-HOUR-LAST-EXTERNAL
2022-02-15 15:55:00,206.789993,207.456604,205.339996,205.490005,36944.0,COIN.NYSE-4-HOUR-LAST-EXTERNAL
2022-02-15 19:55:00,205.979995,206.449996,205.800003,206.214996,28981.0,COIN.NYSE-4-HOUR-LAST-EXTERNAL
2022-02-15 21:00:00,208.949996,208.949996,208.949996,208.949996,195222.0,COIN.NYSE-4-HOUR-LAST-EXTERNAL
2022-02-16 15:55:00,213.187606,213.339996,211.889999,212.36,71796.0,COIN.NYSE-4-HOUR-LAST-EXTERNAL
2022-02-16 19:55:00,211.850006,212.880004,211.850006,212.378692,39857.0,COIN.NYSE-4-HOUR-LAST-EXTERNAL
2022-02-16 21:00:00,207.960006,207.960006,207.960006,207.960006,311123.0,COIN.NYSE-4-HOUR-LAST-EXTERNAL
2022-02-17 15:55:00,196.192993,197.259994,196.115005,197.119995,88676.0,COIN.NYSE-4-HOUR-LAST-EXTERNAL
2022-02-17 19:55:00,191.589996,191.794998,191.139999,191.210006,23263.0,COIN.NYSE-4-HOUR-LAST-EXTERNAL
2022-02-17 21:00:00,191.919998,191.919998,191.919998,191.919998,225231.0,COIN.NYSE-4-HOUR-LAST-EXTERNAL
2022-02-18 15:55:00,182.600006,183.285003,181.949996,183.247497,57007.0,COIN.NYSE-4-HOUR-LAST-EXTERNAL
2022-02-18 19:55:00,190.330001,190.770004,189.684997,190.320007,34132.0,COIN.NYSE-4-HOUR-LAST-EXTERNAL
2022-02-18 21:00:00,189.160003,189.160003,189.160003,189.160003,173832.0,COIN.NYSE-4-HOUR-LAST-EXTERNAL
2022-02-22 15:55:00,180.725006,180.725006,179.320007,179.470001,86479.0,COIN.NYSE-4-HOUR-LAST-EXTERNAL
2022-02-22 19:55:00,179.169998,180.289993,179.169998,179.380004,86403.0,COIN.NYSE-4-HOUR-LAST-EXTERNAL
2022-02-22 21:00:00,176.759994,176.759994,176.759994,176.759994,175696.0,COIN.NYSE-4-HOUR-LAST-EXTERNAL
2022-02-23 15:55:00,172.979995,174.582794,172.940002,173.86,48587.0,COIN.NYSE-4-HOUR-LAST-EXTERNAL
2022-02-23 19:55:00,174.255004,174.820007,173.899993,174.589996,16578.0,COIN.NYSE-4-HOUR-LAST-EXTERNAL
2022-02-23 21:00:00,172.740005,172.740005,172.740005,172.740005,130448.0,COIN.NYSE-4-HOUR-LAST-EXTERNAL
2022-02-24 15:55:00,169.389999,170.679992,169.229995,169.910003,64207.0,COIN.NYSE-4-HOUR-LAST-EXTERNAL
2022-02-24 19:55:00,177.339996,178.369903,176.600006,178.246902,67868.0,COIN.NYSE-4-HOUR-LAST-EXTERNAL
2022-02-24 21:00:00,179.559997,179.559997,179.559997,179.559997,363118.0,COIN.NYSE-4-HOUR-LAST-EXTERNAL
2022-02-25 15:55:00,175.0,176.899902,174.440002,174.910003,137721.0,COIN.NYSE-4-HOUR-LAST-EXTERNAL
2022-02-25 19:55:00,173.742004,174.190002,173.580001,173.830001,55389.0,COIN.NYSE-4-HOUR-LAST-EXTERNAL
2022-02-25 21:00:00,176.830001,176.830001,176.830001,176.830001,188913.0,COIN.NYSE-4-HOUR-LAST-EXTERNAL
2022-02-28 15:55:00,186.199996,187.5,185.429992,185.5083,94332.0,COIN.NYSE-4-HOUR-LAST-EXTERNAL
2022-02-28 19:55:00,187.164993,187.979995,186.990005,187.580001,42447.0,COIN.NYSE-4-HOUR-LAST-EXTERNAL
2022-02-28 21:00:00,190.770004,190.770004,190.770004,190.770004,233270.0,COIN.NYSE-4-HOUR-LAST-EXTERNAL
2022-03-01 15:55:00,196.720001,197.070007,195.445007,196.479995,60301.0,COIN.NYSE-4-HOUR-LAST-EXTERNAL
2022-03-01 19:55:00,196.910003,197.369995,196.7816,197.220001,70766.0,COIN.NYSE-4-HOUR-LAST-EXTERNAL
2022-03-01 21:00:00,196.169998,196.169998,196.169998,196.169998,210012.0,COIN.NYSE-4-HOUR-LAST-EXTERNAL
2022-03-02 15:55:00,191.169998,192.570007,191.169998,192.100006,39596.0,COIN.NYSE-4-HOUR-LAST-EXTERNAL
2022-03-02 19:55:00,194.005004,194.391693,193.738006,193.991394,17440.0,COIN.NYSE-4-HOUR-LAST-EXTERNAL
2022-03-02 21:00:00,194.5,194.5,194.5,194.5,135549.0,COIN.NYSE-4-HOUR-LAST-EXTERNAL
2022-03-03 15:55:00,183.5,183.791595,183.149993,183.244995,37766.0,COIN.NYSE-4-HOUR-LAST-EXTERNAL
2022-03-03 19:55:00,181.375,181.630004,180.893997,181.065002,17933.0,COIN.NYSE-4-HOUR-LAST-EXTERNAL
2022-03-03 21:00:00,178.029998,178.029998,178.029998,178.029998,228420.0,COIN.NYSE-4-HOUR-LAST-EXTERNAL
2022-03-04 15:55:00,169.309997,169.309997,168.210006,168.570007,96990.0,COIN.NYSE-4-HOUR-LAST-EXTERNAL
2022-03-04 19:55:00,164.5,164.630004,163.5,163.570007,118924.0,COIN.NYSE-4-HOUR-LAST-EXTERNAL
2022-03-04 21:00:00,165.75,165.75,165.75,165.75,258181.0,COIN.NYSE-4-HOUR-LAST-EXTERNAL
2022-03-07 15:55:00,162.373992,163.149993,162.11,162.630004,50527.0,COIN.NYSE-4-HOUR-LAST-EXTERNAL
2022-03-07 19:55:00,160.847702,161.550003,160.580001,161.060897,51301.0,COIN.NYSE-4-HOUR-LAST-EXTERNAL
2022-03-07 21:00:00,161.139999,161.139999,161.139999,161.139999,195464.0,COIN.NYSE-4-HOUR-LAST-EXTERNAL
2022-03-08 15:55:00,162.649993,163.600006,162.270004,163.335006,50494.0,COIN.NYSE-4-HOUR-LAST-EXTERNAL
2022-03-08 19:55:00,163.370803,164.169998,163.210006,164.169998,15504.0,COIN.NYSE-4-HOUR-LAST-EXTERNAL
2022-03-08 21:00:00,161.990005,161.990005,161.990005,161.990005,110331.0,COIN.NYSE-4-HOUR-LAST-EXTERNAL
2022-03-09 15:55:00,179.440002,179.770004,179.119995,179.119995,18965.0,COIN.NYSE-4-HOUR-LAST-EXTERNAL
2022-03-09 19:55:00,179.0,179.356399,179.0,179.240005,15818.0,COIN.NYSE-4-HOUR-LAST-EXTERNAL
2022-03-09 21:00:00,178.970001,178.970001,178.970001,178.970001,247797.0,COIN.NYSE-4-HOUR-LAST-EXTERNAL
2022-03-10 15:55:00,168.490005,169.910003,168.100097,169.910003,69362.0,COIN.NYSE-4-HOUR-LAST-EXTERNAL
2022-03-10 19:55:00,173.619995,173.830001,173.300003,173.494995,19047.0,COIN.NYSE-4-HOUR-LAST-EXTERNAL
2022-03-10 21:00:00,172.970001,172.970001,172.970001,172.970001,74463.0,COIN.NYSE-4-HOUR-LAST-EXTERNAL
2022-03-11 15:55:00,167.699996,167.809997,167.149993,167.711898,29045.0,COIN.NYSE-4-HOUR-LAST-EXTERNAL
2022-03-11 19:55:00,162.300003,162.300003,161.509994,161.639999,50425.0,COIN.NYSE-4-HOUR-LAST-EXTERNAL
2022-03-11 21:00:00,160.070007,160.070007,160.070007,160.070007,263188.0,COIN.NYSE-4-HOUR-LAST-EXTERNAL
2022-03-14 15:55:00,156.089996,156.089996,155.595001,155.820007,34951.0,COIN.NYSE-4-HOUR-LAST-EXTERNAL
2022-03-14 19:55:00,153.384994,153.600006,153.115005,153.160003,154339.0,COIN.NYSE-4-HOUR-LAST-EXTERNAL
2022-03-15 15:55:00,152.217803,152.479995,151.729904,152.369995,47695.0,COIN.NYSE-4-HOUR-LAST-EXTERNAL
2022-03-15 19:55:00,156.289993,156.419998,155.720001,155.889999,196818.0,COIN.NYSE-4-HOUR-LAST-EXTERNAL
2022-03-16 15:55:00,170.395004,170.539993,169.529998,169.86,28861.0,COIN.NYSE-4-HOUR-LAST-EXTERNAL
2022-03-16 19:55:00,171.789993,172.580001,171.289993,172.580001,271548.0,COIN.NYSE-4-HOUR-LAST-EXTERNAL
2022-03-17 15:55:00,175.300003,175.630004,175.032196,175.630004,16763.0,COIN.NYSE-4-HOUR-LAST-EXTERNAL
2022-03-17 19:55:00,176.770004,177.259994,176.589797,177.229995,139350.0,COIN.NYSE-4-HOUR-LAST-EXTERNAL
2022-03-18 15:55:00,181.154998,181.919998,181.149993,181.660003,15553.0,COIN.NYSE-4-HOUR-LAST-EXTERNAL
2022-03-18 19:55:00,184.899993,185.940002,184.880004,185.940002,399421.0,COIN.NYSE-4-HOUR-LAST-EXTERNAL
2022-03-21 15:55:00,178.059997,178.749893,177.797103,178.335006,30825.0,COIN.NYSE-4-HOUR-LAST-EXTERNAL
2022-03-21 19:55:00,176.539993,177.251495,176.410995,176.830001,176788.0,COIN.NYSE-4-HOUR-LAST-EXTERNAL
2022-03-22 15:55:00,186.300003,186.639999,185.610107,185.720001,40039.0,COIN.NYSE-4-HOUR-LAST-EXTERNAL
2022-03-22 19:55:00,186.175003,186.199996,185.514999,186.080001,132426.0,COIN.NYSE-4-HOUR-LAST-EXTERNAL
2022-03-23 15:55:00,188.699996,188.921005,188.460098,188.789993,16890.0,COIN.NYSE-4-HOUR-LAST-EXTERNAL
2022-03-23 19:55:00,183.029998,183.259994,182.710006,182.979995,103835.0,COIN.NYSE-4-HOUR-LAST-EXTERNAL
2022-03-24 15:55:00,188.643402,189.669998,188.5,189.160003,57700.0,COIN.NYSE-4-HOUR-LAST-EXTERNAL
2022-03-24 19:55:00,189.720001,190.179992,189.5401,190.179992,96795.0,COIN.NYSE-4-HOUR-LAST-EXTERNAL
2022-03-25 15:55:00,183.5,183.785705,183.050003,183.740005,32952.0,COIN.NYSE-4-HOUR-LAST-EXTERNAL
2022-03-25 19:55:00,187.100006,187.220001,186.550003,186.824996,146717.0,COIN.NYSE-4-HOUR-LAST-EXTERNAL
2022-03-28 15:55:00,200.158004,200.579895,199.899993,200.160003,66504.0,COIN.NYSE-4-HOUR-LAST-EXTERNAL
2022-03-28 19:55:00,201.61,202.0,201.199996,201.490005,201207.0,COIN.NYSE-4-HOUR-LAST-EXTERNAL
2022-03-29 15:55:00,199.600006,199.660003,199.0,199.244995,40701.0,COIN.NYSE-4-HOUR-LAST-EXTERNAL
2022-03-29 19:55:00,204.535003,204.919998,204.460006,204.649993,187189.0,COIN.NYSE-4-HOUR-LAST-EXTERNAL
2022-03-30 15:55:00,203.589996,204.649993,203.589996,204.395004,50619.0,COIN.NYSE-4-HOUR-LAST-EXTERNAL
2022-03-30 19:55:00,195.160003,196.889999,195.100006,196.800003,216626.0,COIN.NYSE-4-HOUR-LAST-EXTERNAL
2022-03-31 15:55:00,192.690002,193.580001,192.690002,193.580001,14233.0,COIN.NYSE-4-HOUR-LAST-EXTERNAL
2022-03-31 19:55:00,190.690002,190.960006,189.559997,189.729995,170195.0,COIN.NYSE-4-HOUR-LAST-EXTERNAL
2022-04-01 15:55:00,189.774993,189.839599,188.729995,188.852294,45713.0,COIN.NYSE-4-HOUR-LAST-EXTERNAL
2022-04-01 19:55:00,186.815002,187.505004,186.710006,186.949996,116765.0,COIN.NYSE-4-HOUR-LAST-EXTERNAL
2022-04-04 15:55:00,191.410003,191.449996,190.339996,190.86,31271.0,COIN.NYSE-4-HOUR-LAST-EXTERNAL
2022-04-04 19:55:00,191.509994,191.720001,191.059997,191.589996,106237.0,COIN.NYSE-4-HOUR-LAST-EXTERNAL
2022-04-05 15:55:00,178.5,179.100006,178.429992,178.5,36554.0,COIN.NYSE-4-HOUR-LAST-EXTERNAL
2022-04-05 19:55:00,176.949996,177.190002,176.710006,177.160003,157363.0,COIN.NYSE-4-HOUR-LAST-EXTERNAL
2022-04-06 15:55:00,167.949996,168.189895,167.0,167.259994,27832.0,COIN.NYSE-4-HOUR-LAST-EXTERNAL
2022-04-06 19:55:00,167.380004,167.470001,166.419998,166.839996,294623.0,COIN.NYSE-4-HOUR-LAST-EXTERNAL
2022-04-07 15:55:00,162.960006,163.190002,162.600006,162.75,27074.0,COIN.NYSE-4-HOUR-LAST-EXTERNAL
2022-04-07 19:55:00,165.630004,166.199996,165.5,166.119995,139929.0,COIN.NYSE-4-HOUR-LAST-EXTERNAL
2022-04-08 15:55:00,162.199996,162.5513,162.0,162.410003,24710.0,COIN.NYSE-4-HOUR-LAST-EXTERNAL
2022-04-08 19:55:00,160.419998,160.949996,160.330001,160.949996,128534.0,COIN.NYSE-4-HOUR-LAST-EXTERNAL
2022-04-11 15:55:00,154.639999,154.669998,153.910003,154.169998,25891.0,COIN.NYSE-4-HOUR-LAST-EXTERNAL
2022-04-11 19:55:00,153.399993,154.035903,153.36,154.020004,176359.0,COIN.NYSE-4-HOUR-LAST-EXTERNAL
2022-04-12 15:55:00,158.0,158.0,156.759994,156.824996,29855.0,COIN.NYSE-4-HOUR-LAST-EXTERNAL
2022-04-12 19:55:00,150.059997,150.270004,149.410003,149.869995,239236.0,COIN.NYSE-4-HOUR-LAST-EXTERNAL
2022-04-13 15:55:00,154.0,154.939895,154.0,154.689193,40415.0,COIN.NYSE-4-HOUR-LAST-EXTERNAL
2022-04-13 19:55:00,154.585006,155.0,154.5,154.779998,98336.0,COIN.NYSE-4-HOUR-LAST-EXTERNAL
2022-04-14 15:55:00,148.259994,148.850006,148.0,148.559997,55948.0,COIN.NYSE-4-HOUR-LAST-EXTERNAL
2022-04-14 19:55:00,147.289993,147.509994,147.100006,147.229995,191565.0,COIN.NYSE-4-HOUR-LAST-EXTERNAL
2022-04-18 15:55:00,142.320007,142.820007,142.280899,142.764999,23743.0,COIN.NYSE-4-HOUR-LAST-EXTERNAL
2022-04-18 19:55:00,145.009994,145.649993,144.960006,145.139999,219885.0,COIN.NYSE-4-HOUR-LAST-EXTERNAL
2022-04-19 15:55:00,150.979995,151.009994,150.850097,150.979995,22013.0,COIN.NYSE-4-HOUR-LAST-EXTERNAL
2022-04-19 19:55:00,151.389999,151.639892,151.089996,151.210006,153866.0,COIN.NYSE-4-HOUR-LAST-EXTERNAL
2022-04-20 15:55:00,147.369995,147.589996,147.229995,147.324996,20540.0,COIN.NYSE-4-HOUR-LAST-EXTERNAL
2022-04-20 19:55:00,147.304992,147.550003,147.039993,147.130004,139370.0,COIN.NYSE-4-HOUR-LAST-EXTERNAL
2022-04-21 15:55:00,138.919998,138.919998,137.949996,138.190002,52674.0,COIN.NYSE-4-HOUR-LAST-EXTERNAL
2022-04-21 19:55:00,137.335006,137.5,136.880004,137.160003,209040.0,COIN.NYSE-4-HOUR-LAST-EXTERNAL
2022-04-22 15:55:00,135.317398,135.410003,134.669998,134.850006,71561.0,COIN.NYSE-4-HOUR-LAST-EXTERNAL
2022-04-22 19:55:00,131.61,131.759994,131.25,131.509994,149811.0,COIN.NYSE-4-HOUR-LAST-EXTERNAL
2022-04-25 15:55:00,133.449996,133.804092,133.020004,133.3945,20465.0,COIN.NYSE-4-HOUR-LAST-EXTERNAL
2022-04-25 19:55:00,135.119995,135.470001,134.780105,135.050003,129164.0,COIN.NYSE-4-HOUR-LAST-EXTERNAL
2022-04-26 15:55:00,129.785003,129.785003,129.099502,129.11,38556.0,COIN.NYSE-4-HOUR-LAST-EXTERNAL
2022-04-26 19:55:00,126.800003,127.449996,126.800003,127.084999,194995.0,COIN.NYSE-4-HOUR-LAST-EXTERNAL
2022-04-27 15:55:00,124.419898,124.589996,124.129997,124.440299,44600.0,COIN.NYSE-4-HOUR-LAST-EXTERNAL
2022-04-27 19:55:00,122.489997,122.707702,121.980003,122.629997,261761.0,COIN.NYSE-4-HOUR-LAST-EXTERNAL
2022-04-28 15:55:00,115.319999,115.550003,114.449996,115.029998,107558.0,COIN.NYSE-4-HOUR-LAST-EXTERNAL
2022-04-28 19:55:00,123.0,123.300003,122.569999,122.690002,251398.0,COIN.NYSE-4-HOUR-LAST-EXTERNAL
2022-04-29 15:55:00,122.404998,122.404998,121.544998,121.559997,56186.0,COIN.NYSE-4-HOUR-LAST-EXTERNAL
2022-04-29 19:55:00,112.309997,112.919998,112.139999,112.709999,381589.0,COIN.NYSE-4-HOUR-LAST-EXTERNAL
2022-05-02 15:55:00,119.68,120.659896,119.650001,120.5,66737.0,COIN.NYSE-4-HOUR-LAST-EXTERNAL
2022-05-02 19:55:00,121.43,121.569999,121.04,121.190002,179126.0,COIN.NYSE-4-HOUR-LAST-EXTERNAL
2022-05-03 15:55:00,126.709999,127.019897,126.5,126.720001,25185.0,COIN.NYSE-4-HOUR-LAST-EXTERNAL
2022-05-03 19:55:00,123.279998,123.720001,123.150001,123.510002,231433.0,COIN.NYSE-4-HOUR-LAST-EXTERNAL
2022-05-04 15:55:00,120.195999,120.29,118.800102,119.135002,86892.0,COIN.NYSE-4-HOUR-LAST-EXTERNAL
2022-05-04 19:55:00,131.255004,131.255004,129.970001,130.059997,406668.0,COIN.NYSE-4-HOUR-LAST-EXTERNAL
2022-05-05 15:55:00,113.889999,114.289901,113.810699,114.004997,76674.0,COIN.NYSE-4-HOUR-LAST-EXTERNAL
2022-05-05 19:55:00,113.690002,114.379997,113.330001,114.379997,194074.0,COIN.NYSE-4-HOUR-LAST-EXTERNAL
2022-05-06 15:55:00,106.0,106.199996,105.260002,105.279998,73660.0,COIN.NYSE-4-HOUR-LAST-EXTERNAL
2022-05-06 19:55:00,103.319999,104.099998,103.239997,103.599998,372647.0,COIN.NYSE-4-HOUR-LAST-EXTERNAL
2022-05-09 15:55:00,89.485,90.489997,89.370002,90.089996,171772.0,COIN.NYSE-4-HOUR-LAST-EXTERNAL
2022-05-09 19:55:00,83.144996,83.949996,83.089996,83.5,554468.0,COIN.NYSE-4-HOUR-LAST-EXTERNAL
2022-05-10 15:55:00,74.584999,74.599998,73.559997,73.614997,343812.0,COIN.NYSE-4-HOUR-LAST-EXTERNAL
2022-05-10 19:55:00,73.940002,73.964996,72.690002,72.989997,1049639.0,COIN.NYSE-4-HOUR-LAST-EXTERNAL
2022-05-11 15:55:00,55.86,55.900001,55.419998,55.810001,319989.0,COIN.NYSE-4-HOUR-LAST-EXTERNAL
2022-05-11 19:55:00,53.365001,53.919998,52.990001,53.764999,1383611.0,COIN.NYSE-4-HOUR-LAST-EXTERNAL
2022-05-12 15:55:00,54.02,54.279998,53.77,53.77,406519.0,COIN.NYSE-4-HOUR-LAST-EXTERNAL
2022-05-12 19:55:00,58.240001,58.900001,57.810001,58.5,836844.0,COIN.NYSE-4-HOUR-LAST-EXTERNAL
2022-05-13 15:55:00,70.269996,71.779998,70.269996,71.739997,637227.0,COIN.NYSE-4-HOUR-LAST-EXTERNAL
2022-05-13 19:55:00,67.425003,68.18,67.389999,67.809997,1030896.0,COIN.NYSE-4-HOUR-LAST-EXTERNAL
2022-05-16 15:55:00,64.665,64.800003,63.849998,64.36,154447.0,COIN.NYSE-4-HOUR-LAST-EXTERNAL
2022-05-16 19:55:00,61.810001,61.978801,61.5,61.659999,654181.0,COIN.NYSE-4-HOUR-LAST-EXTERNAL
2022-05-17 15:55:00,66.421203,66.79,66.319999,66.629997,93072.0,COIN.NYSE-4-HOUR-LAST-EXTERNAL
2022-05-17 19:55:00,70.019996,70.160003,69.864997,69.970001,511292.0,COIN.NYSE-4-HOUR-LAST-EXTERNAL
2022-05-18 15:55:00,65.047599,65.559997,64.75,65.339302,283324.0,COIN.NYSE-4-HOUR-LAST-EXTERNAL
2022-05-18 19:55:00,62.220001,63.029998,62.189998,63.029998,449771.0,COIN.NYSE-4-HOUR-LAST-EXTERNAL
2022-05-19 15:55:00,69.710098,70.400001,69.639999,70.269996,127024.0,COIN.NYSE-4-HOUR-LAST-EXTERNAL
2022-05-19 19:55:00,67.18,67.589996,67.080001,67.404998,273811.0,COIN.NYSE-4-HOUR-LAST-EXTERNAL
2022-05-20 15:55:00,65.669998,65.879997,65.099998,65.550003,143250.0,COIN.NYSE-4-HOUR-LAST-EXTERNAL
2022-05-20 19:55:00,66.114997,66.480003,65.720001,66.25,418579.0,COIN.NYSE-4-HOUR-LAST-EXTERNAL
2022-05-23 15:55:00,67.18,67.400001,66.830001,67.055,60837.0,COIN.NYSE-4-HOUR-LAST-EXTERNAL
2022-05-23 19:55:00,65.639999,66.309997,65.559997,66.080398,598823.0,COIN.NYSE-4-HOUR-LAST-EXTERNAL
2022-05-24 15:55:00,61.939998,61.957298,61.384998,61.669998,113988.0,COIN.NYSE-4-HOUR-LAST-EXTERNAL
2022-05-24 19:55:00,61.060001,61.470001,61.009998,61.36,291125.0,COIN.NYSE-4-HOUR-LAST-EXTERNAL
2022-05-25 15:55:00,65.559997,65.798896,65.519996,65.524803,46900.0,COIN.NYSE-4-HOUR-LAST-EXTERNAL
2022-05-25 19:55:00,66.661697,67.179901,66.660102,67.050003,379266.0,COIN.NYSE-4-HOUR-LAST-EXTERNAL
2022-05-26 15:55:00,68.440002,68.75,68.400497,68.459999,71283.0,COIN.NYSE-4-HOUR-LAST-EXTERNAL
2022-05-26 19:55:00,69.819999,70.0,69.559997,70.0,451745.0,COIN.NYSE-4-HOUR-LAST-EXTERNAL
2022-05-27 15:55:00,75.069999,75.18,74.79,75.125,66506.0,COIN.NYSE-4-HOUR-LAST-EXTERNAL
2022-05-27 19:55:00,74.809997,75.400001,74.800003,75.319999,615597.0,COIN.NYSE-4-HOUR-LAST-EXTERNAL
2022-05-31 15:55:00,81.099998,81.980003,81.031196,81.660003,335100.0,COIN.NYSE-4-HOUR-LAST-EXTERNAL
2022-05-31 19:55:00,77.650001,78.429,77.379997,78.190002,1126684.0,COIN.NYSE-4-HOUR-LAST-EXTERNAL
2022-06-01 15:55:00,69.61,69.839996,69.300003,69.389999,247918.0,COIN.NYSE-4-HOUR-LAST-EXTERNAL
2022-06-01 19:55:00,68.819999,68.889999,68.580001,68.601898,418271.0,COIN.NYSE-4-HOUR-LAST-EXTERNAL
2022-06-02 15:55:00,73.370002,73.595001,73.319999,73.400001,110787.0,COIN.NYSE-4-HOUR-LAST-EXTERNAL
2022-06-02 19:55:00,73.805,74.120002,73.75,73.754997,350787.0,COIN.NYSE-4-HOUR-LAST-EXTERNAL
2022-06-03 15:55:00,67.36,67.760002,67.324996,67.599998,61927.0,COIN.NYSE-4-HOUR-LAST-EXTERNAL
2022-06-03 19:55:00,66.93,67.069999,66.279998,66.720001,710227.0,COIN.NYSE-4-HOUR-LAST-EXTERNAL
2022-06-06 15:55:00,70.700202,71.010002,70.569999,70.870201,61353.0,COIN.NYSE-4-HOUR-LAST-EXTERNAL
2022-06-06 19:55:00,70.599998,70.709999,70.389999,70.669998,309116.0,COIN.NYSE-4-HOUR-LAST-EXTERNAL
2022-06-07 15:55:00,67.419998,68.25,67.419998,68.089996,86697.0,COIN.NYSE-4-HOUR-LAST-EXTERNAL
2022-06-07 19:55:00,69.480003,69.900001,69.440299,69.470001,375667.0,COIN.NYSE-4-HOUR-LAST-EXTERNAL
2022-06-08 15:55:00,71.620002,71.672897,71.160003,71.160003,49517.0,COIN.NYSE-4-HOUR-LAST-EXTERNAL
2022-06-08 19:55:00,69.160003,69.339996,69.11,69.209999,235469.0,COIN.NYSE-4-HOUR-LAST-EXTERNAL
2022-06-09 15:55:00,66.195602,66.349998,66.029998,66.199996,75986.0,COIN.NYSE-4-HOUR-LAST-EXTERNAL
2022-06-09 19:55:00,63.759998,63.849998,63.544998,63.759998,421213.0,COIN.NYSE-4-HOUR-LAST-EXTERNAL
2022-06-10 15:55:00,58.900001,59.459999,58.849998,59.325,77130.0,COIN.NYSE-4-HOUR-LAST-EXTERNAL
2022-06-10 19:55:00,58.61,58.789001,58.52,58.729999,334782.0,COIN.NYSE-4-HOUR-LAST-EXTERNAL
2022-06-13 15:55:00,51.830001,52.388999,51.36,52.310001,358200.0,COIN.NYSE-4-HOUR-LAST-EXTERNAL
2022-06-13 19:55:00,52.310001,52.319999,51.703498,51.990001,522985.0,COIN.NYSE-4-HOUR-LAST-EXTERNAL
2022-06-14 15:55:00,51.880001,52.25,51.802398,52.164199,145113.0,COIN.NYSE-4-HOUR-LAST-EXTERNAL
2022-06-14 19:55:00,51.2,51.59,51.159999,51.59,277931.0,COIN.NYSE-4-HOUR-LAST-EXTERNAL
2022-06-15 15:55:00,54.819999,55.236499,54.720001,55.021198,71189.0,COIN.NYSE-4-HOUR-LAST-EXTERNAL
2022-06-15 19:55:00,55.092899,55.229999,54.844799,55.064998,522030.0,COIN.NYSE-4-HOUR-LAST-EXTERNAL
2022-06-16 15:55:00,51.77,52.0694,51.650001,52.0694,79543.0,COIN.NYSE-4-HOUR-LAST-EXTERNAL
2022-06-16 19:55:00,50.779998,51.259998,50.77,51.229999,474710.0,COIN.NYSE-4-HOUR-LAST-EXTERNAL
2022-06-17 15:55:00,50.294998,50.419998,50.139999,50.325,69013.0,COIN.NYSE-4-HOUR-LAST-EXTERNAL
2022-06-17 19:55:00,51.220001,51.43,51.060001,51.18,588812.0,COIN.NYSE-4-HOUR-LAST-EXTERNAL
2022-06-21 15:55:00,58.720001,58.869998,58.59,58.639999,69057.0,COIN.NYSE-4-HOUR-LAST-EXTERNAL
2022-06-21 19:55:00,57.7,57.7,57.299999,57.459999,512489.0,COIN.NYSE-4-HOUR-LAST-EXTERNAL
2022-06-22 15:55:00,53.575,53.724998,53.18,53.241798,221537.0,COIN.NYSE-4-HOUR-LAST-EXTERNAL
2022-06-22 19:55:00,52.291198,52.349998,51.810001,51.869998,615038.0,COIN.NYSE-4-HOUR-LAST-EXTERNAL
2022-06-23 15:55:00,56.099998,56.145,55.619998,55.619998,125449.0,COIN.NYSE-4-HOUR-LAST-EXTERNAL
2022-06-23 19:55:00,58.889999,58.990001,58.720001,58.849998,365967.0,COIN.NYSE-4-HOUR-LAST-EXTERNAL
2022-06-24 15:55:00,59.584999,60.139598,59.439998,60.044998,178113.0,COIN.NYSE-4-HOUR-LAST-EXTERNAL
2022-06-24 19:55:00,62.669998,62.759998,62.419998,62.740001,742244.0,COIN.NYSE-4-HOUR-LAST-EXTERNAL
2022-06-27 15:55:00,57.424999,57.59,57.360099,57.400001,59243.0,COIN.NYSE-4-HOUR-LAST-EXTERNAL
2022-06-27 19:55:00,55.549999,55.959999,55.549999,55.916198,500258.0,COIN.NYSE-4-HOUR-LAST-EXTERNAL
2022-06-28 15:55:00,52.400001,52.7,52.299999,52.59,86276.0,COIN.NYSE-4-HOUR-LAST-EXTERNAL
2022-06-28 19:55:00,51.145,51.325,51.09,51.18,401280.0,COIN.NYSE-4-HOUR-LAST-EXTERNAL
2022-06-29 15:55:00,50.810001,50.830001,50.639999,50.799999,76252.0,COIN.NYSE-4-HOUR-LAST-EXTERNAL
2022-06-29 19:55:00,49.409999,49.849998,49.409999,49.720001,323818.0,COIN.NYSE-4-HOUR-LAST-EXTERNAL
2022-06-30 15:55:00,47.386699,47.54,47.190101,47.410099,75246.0,COIN.NYSE-4-HOUR-LAST-EXTERNAL
2022-06-30 19:55:00,46.880001,47.029998,46.834999,46.970001,369894.0,COIN.NYSE-4-HOUR-LAST-EXTERNAL
2022-07-01 15:55:00,47.830001,48.529998,47.830001,48.229999,155673.0,COIN.NYSE-4-HOUR-LAST-EXTERNAL
2022-07-01 19:55:00,48.650001,49.130001,48.650001,49.04,546771.0,COIN.NYSE-4-HOUR-LAST-EXTERNAL
2022-07-05 15:55:00,50.130001,50.329898,49.994998,50.060001,77033.0,COIN.NYSE-4-HOUR-LAST-EXTERNAL
2022-07-05 19:55:00,55.650001,55.819999,55.240001,55.409999,872134.0,COIN.NYSE-4-HOUR-LAST-EXTERNAL
2022-07-06 15:55:00,52.380001,52.490001,52.27,52.298698,55423.0,COIN.NYSE-4-HOUR-LAST-EXTERNAL
2022-07-06 19:55:00,51.45,51.825,51.45,51.7,399825.0,COIN.NYSE-4-HOUR-LAST-EXTERNAL
2022-07-07 15:55:00,54.409999,54.779998,54.384998,54.75,112208.0,COIN.NYSE-4-HOUR-LAST-EXTERNAL
2022-07-07 19:55:00,57.389999,57.650001,57.380001,57.43,416780.0,COIN.NYSE-4-HOUR-LAST-EXTERNAL
2022-07-08 15:55:00,61.490001,62.150001,61.430099,61.955001,319127.0,COIN.NYSE-4-HOUR-LAST-EXTERNAL
2022-07-08 19:55:00,60.349998,60.5816,60.2,60.229999,507054.0,COIN.NYSE-4-HOUR-LAST-EXTERNAL
2022-07-11 15:55:00,54.990001,55.11,54.830001,54.889999,79399.0,COIN.NYSE-4-HOUR-LAST-EXTERNAL
2022-07-11 19:55:00,53.830001,54.069999,53.779998,53.79,469725.0,COIN.NYSE-4-HOUR-LAST-EXTERNAL
2022-07-12 15:55:00,54.830001,55.049598,54.7,54.990001,74982.0,COIN.NYSE-4-HOUR-LAST-EXTERNAL
2022-07-12 19:55:00,54.25,54.319999,54.130001,54.229999,244982.0,COIN.NYSE-4-HOUR-LAST-EXTERNAL
2022-07-13 15:55:00,52.68,52.909999,52.549999,52.650001,55590.0,COIN.NYSE-4-HOUR-LAST-EXTERNAL
2022-07-13 19:55:00,53.305,53.3395,53.009998,53.099998,254097.0,COIN.NYSE-4-HOUR-LAST-EXTERNAL
2022-07-14 15:55:00,53.419998,54.29,53.131401,54.220001,376090.0,COIN.NYSE-4-HOUR-LAST-EXTERNAL
2022-07-14 19:55:00,53.444999,53.459999,53.299999,53.380001,234894.0,COIN.NYSE-4-HOUR-LAST-EXTERNAL
2022-07-15 15:55:00,52.79,53.119998,52.709999,53.029998,48896.0,COIN.NYSE-4-HOUR-LAST-EXTERNAL
2022-07-15 19:55:00,53.574001,53.799999,53.5601,53.79,376239.0,COIN.NYSE-4-HOUR-LAST-EXTERNAL
2022-07-18 15:55:00,62.439998,63.380001,62.354999,63.220001,411939.0,COIN.NYSE-4-HOUR-LAST-EXTERNAL
2022-07-18 19:55:00,58.68,58.79,58.580001,58.669998,428477.0,COIN.NYSE-4-HOUR-LAST-EXTERNAL
2022-07-19 15:55:00,63.86,64.489997,63.821201,64.260101,241813.0,COIN.NYSE-4-HOUR-LAST-EXTERNAL
2022-07-19 19:55:00,65.629997,65.900001,65.559997,65.79,519498.0,COIN.NYSE-4-HOUR-LAST-EXTERNAL
2022-07-20 15:55:00,77.0,77.04,76.11,76.260002,500847.0,COIN.NYSE-4-HOUR-LAST-EXTERNAL
2022-07-20 19:55:00,74.849998,75.510002,74.819999,75.269996,520645.0,COIN.NYSE-4-HOUR-LAST-EXTERNAL
2022-07-21 15:55:00,73.410003,73.75,73.410003,73.660003,70235.0,COIN.NYSE-4-HOUR-LAST-EXTERNAL
2022-07-21 19:55:00,73.75,74.129997,73.6501,73.980003,382351.0,COIN.NYSE-4-HOUR-LAST-EXTERNAL
2022-07-22 15:55:00,70.660003,70.940002,70.459999,70.86,100279.0,COIN.NYSE-4-HOUR-LAST-EXTERNAL
2022-07-22 19:55:00,70.529998,71.019996,70.529998,70.910003,319232.0,COIN.NYSE-4-HOUR-LAST-EXTERNAL
2022-07-25 15:55:00,67.690002,67.819999,67.620101,67.714302,27704.0,COIN.NYSE-4-HOUR-LAST-EXTERNAL
2022-07-25 19:55:00,66.550003,67.089996,66.550003,67.029998,360449.0,COIN.NYSE-4-HOUR-LAST-EXTERNAL
2022-07-26 15:55:00,56.389999,56.729999,56.299999,56.439998,173734.0,COIN.NYSE-4-HOUR-LAST-EXTERNAL
2022-07-26 19:55:00,53.095001,53.11,52.630001,52.990001,1047611.0,COIN.NYSE-4-HOUR-LAST-EXTERNAL
2022-07-27 15:55:00,56.231998,56.5,56.231998,56.350898,103898.0,COIN.NYSE-4-HOUR-LAST-EXTERNAL
2022-07-27 19:55:00,58.639999,58.889999,58.534999,58.759998,384295.0,COIN.NYSE-4-HOUR-LAST-EXTERNAL
2022-07-28 15:55:00,61.584999,61.68,61.029998,61.029998,276859.0,COIN.NYSE-4-HOUR-LAST-EXTERNAL
2022-07-28 19:55:00,62.409999,62.43,62.150001,62.229999,329671.0,COIN.NYSE-4-HOUR-LAST-EXTERNAL
2022-07-29 15:55:00,61.900001,61.919998,61.689998,61.909999,54948.0,COIN.NYSE-4-HOUR-LAST-EXTERNAL
2022-07-29 19:55:00,62.939998,63.09,62.830001,62.970001,427211.0,COIN.NYSE-4-HOUR-LAST-EXTERNAL
2022-08-01 15:55:00,63.159999,63.279998,63.02,63.160499,52036.0,COIN.NYSE-4-HOUR-LAST-EXTERNAL
2022-08-01 19:55:00,62.549999,62.830001,62.502899,62.639999,287367.0,COIN.NYSE-4-HOUR-LAST-EXTERNAL
2022-08-02 15:55:00,67.220001,67.823898,67.139999,67.309997,238252.0,COIN.NYSE-4-HOUR-LAST-EXTERNAL
2022-08-02 19:55:00,67.559997,67.629997,67.169998,67.194999,269017.0,COIN.NYSE-4-HOUR-LAST-EXTERNAL
2022-08-03 15:55:00,78.085502,78.690002,78.039199,78.61,279476.0,COIN.NYSE-4-HOUR-LAST-EXTERNAL
2022-08-03 19:55:00,81.239997,81.300003,80.529998,80.800003,643416.0,COIN.NYSE-4-HOUR-LAST-EXTERNAL
2022-08-04 15:55:00,95.934997,96.279998,95.099998,95.450103,356686.0,COIN.NYSE-4-HOUR-LAST-EXTERNAL
2022-08-04 19:55:00,88.589996,89.269996,88.529998,88.885002,777972.0,COIN.NYSE-4-HOUR-LAST-EXTERNAL
2022-08-05 15:55:00,91.8563,92.0,91.139999,91.474998,187896.0,COIN.NYSE-4-HOUR-LAST-EXTERNAL
2022-08-05 19:55:00,93.044998,93.319999,92.940002,93.0,518089.0,COIN.NYSE-4-HOUR-LAST-EXTERNAL
2022-08-08 15:55:00,96.269897,96.389999,95.630096,96.165,161506.0,COIN.NYSE-4-HOUR-LAST-EXTERNAL
2022-08-08 19:55:00,97.93,98.18,97.889999,98.0,337807.0,COIN.NYSE-4-HOUR-LAST-EXTERNAL
2022-08-09 15:55:00,89.379997,89.379997,88.779998,88.779998,89810.0,COIN.NYSE-4-HOUR-LAST-EXTERNAL
2022-08-09 19:55:00,87.910003,88.099998,85.599998,87.68,618363.0,COIN.NYSE-4-HOUR-LAST-EXTERNAL
2022-08-10 15:55:00,93.269996,93.389999,93.014701,93.089996,105381.0,COIN.NYSE-4-HOUR-LAST-EXTERNAL
2022-08-10 19:55:00,93.970001,94.449996,93.453201,94.11,489533.0,COIN.NYSE-4-HOUR-LAST-EXTERNAL
2022-08-11 15:55:00,85.620002,86.149902,85.410003,85.600997,337567.0,COIN.NYSE-4-HOUR-LAST-EXTERNAL
2022-08-11 19:55:00,83.855003,84.18,83.839996,83.989997,461776.0,COIN.NYSE-4-HOUR-LAST-EXTERNAL
2022-08-12 15:55:00,88.04,88.18,87.61,87.629997,108960.0,COIN.NYSE-4-HOUR-LAST-EXTERNAL
2022-08-12 19:55:00,90.260002,90.529998,90.135002,90.449996,405677.0,COIN.NYSE-4-HOUR-LAST-EXTERNAL
2022-08-15 15:55:00,92.254997,92.43,91.940002,92.080001,99397.0,COIN.NYSE-4-HOUR-LAST-EXTERNAL
2022-08-15 19:55:00,91.569999,92.0,91.559997,91.970001,417801.0,COIN.NYSE-4-HOUR-LAST-EXTERNAL
2022-08-16 15:55:00,88.579902,88.879997,88.226097,88.800003,114956.0,COIN.NYSE-4-HOUR-LAST-EXTERNAL
2022-08-16 19:55:00,90.43,90.489997,90.0,90.410003,378774.0,COIN.NYSE-4-HOUR-LAST-EXTERNAL
2022-08-17 15:55:00,85.349098,85.549598,85.144996,85.199996,59445.0,COIN.NYSE-4-HOUR-LAST-EXTERNAL
2022-08-17 19:55:00,85.410003,85.580001,85.349998,85.489997,268750.0,COIN.NYSE-4-HOUR-LAST-EXTERNAL
2022-08-18 15:55:00,82.849998,83.2294,82.809997,82.93,74301.0,COIN.NYSE-4-HOUR-LAST-EXTERNAL
2022-08-18 19:55:00,83.43,83.599998,83.400001,83.470001,229637.0,COIN.NYSE-4-HOUR-LAST-EXTERNAL
2022-08-19 15:55:00,75.769996,75.839996,75.199996,75.199996,82614.0,COIN.NYSE-4-HOUR-LAST-EXTERNAL
2022-08-19 19:55:00,74.379997,74.400001,74.050003,74.050003,504281.0,COIN.NYSE-4-HOUR-LAST-EXTERNAL
2022-08-22 15:55:00,72.771102,72.86,72.574996,72.699996,67623.0,COIN.NYSE-4-HOUR-LAST-EXTERNAL
2022-08-22 19:55:00,71.339996,71.559997,71.330001,71.444999,257054.0,COIN.NYSE-4-HOUR-LAST-EXTERNAL
2022-08-23 15:55:00,72.370002,72.370002,71.510002,72.0,202575.0,COIN.NYSE-4-HOUR-LAST-EXTERNAL
2022-08-23 19:55:00,71.194999,71.372497,71.160003,71.160003,278542.0,COIN.NYSE-4-HOUR-LAST-EXTERNAL
2022-08-24 15:55:00,73.074996,73.190002,72.75,72.93,55668.0,COIN.NYSE-4-HOUR-LAST-EXTERNAL
2022-08-24 19:55:00,71.605003,71.625,71.389999,71.440002,157695.0,COIN.NYSE-4-HOUR-LAST-EXTERNAL
2022-08-25 15:55:00,68.769996,68.989997,68.620002,68.889801,83107.0,COIN.NYSE-4-HOUR-LAST-EXTERNAL
2022-08-25 19:55:00,71.059997,71.489997,70.948097,71.489997,279906.0,COIN.NYSE-4-HOUR-LAST-EXTERNAL
2022-08-26 15:55:00,66.959999,66.970001,66.129997,66.199996,85323.0,COIN.NYSE-4-HOUR-LAST-EXTERNAL
2022-08-26 19:55:00,67.04,67.050003,66.709999,66.739997,321464.0,COIN.NYSE-4-HOUR-LAST-EXTERNAL
2022-08-29 15:55:00,68.6986,69.031402,68.68,68.989997,43072.0,COIN.NYSE-4-HOUR-LAST-EXTERNAL
2022-08-29 19:55:00,66.734596,66.769897,66.230003,66.389999,287995.0,COIN.NYSE-4-HOUR-LAST-EXTERNAL
2022-08-30 15:55:00,66.25,66.5895,66.080101,66.199996,62927.0,COIN.NYSE-4-HOUR-LAST-EXTERNAL
2022-08-30 19:55:00,67.125,67.199996,66.900001,67.010002,243331.0,COIN.NYSE-4-HOUR-LAST-EXTERNAL
2022-08-31 15:55:00,67.86,68.099998,67.830001,67.830001,29986.0,COIN.NYSE-4-HOUR-LAST-EXTERNAL
2022-08-31 19:55:00,67.370002,67.370002,66.730003,66.739997,418583.0,COIN.NYSE-4-HOUR-LAST-EXTERNAL
2022-09-01 15:55:00,62.735099,62.93,62.580001,62.93,52703.0,COIN.NYSE-4-HOUR-LAST-EXTERNAL
2022-09-01 19:55:00,65.449996,65.650001,65.319999,65.54,269088.0,COIN.NYSE-4-HOUR-LAST-EXTERNAL
2022-09-02 15:55:00,67.010002,67.091003,66.86,66.889999,43542.0,COIN.NYSE-4-HOUR-LAST-EXTERNAL
2022-09-02 19:55:00,65.599998,65.720001,65.150001,65.239997,191590.0,COIN.NYSE-4-HOUR-LAST-EXTERNAL
2022-09-06 15:55:00,66.635002,66.817001,66.459999,66.569999,41571.0,COIN.NYSE-4-HOUR-LAST-EXTERNAL
2022-09-06 19:55:00,62.77,62.95,62.599998,62.77,281928.0,COIN.NYSE-4-HOUR-LAST-EXTERNAL
2022-09-07 15:55:00,65.04,65.260002,64.93,65.0,79793.0,COIN.NYSE-4-HOUR-LAST-EXTERNAL
2022-09-07 19:55:00,68.730003,68.769996,68.142601,68.25,317999.0,COIN.NYSE-4-HOUR-LAST-EXTERNAL
2022-09-08 15:55:00,69.864997,69.949996,69.654998,69.699996,41664.0,COIN.NYSE-4-HOUR-LAST-EXTERNAL
2022-09-08 19:55:00,72.870002,73.330001,72.839996,73.069999,539286.0,COIN.NYSE-4-HOUR-LAST-EXTERNAL
2022-09-09 15:55:00,77.330001,77.86,77.220001,77.848098,120172.0,COIN.NYSE-4-HOUR-LAST-EXTERNAL
2022-09-09 19:55:00,80.900001,81.04,80.760002,80.86,502505.0,COIN.NYSE-4-HOUR-LAST-EXTERNAL
2022-09-12 15:55:00,81.379997,81.542701,80.849998,81.440002,169262.0,COIN.NYSE-4-HOUR-LAST-EXTERNAL
2022-09-12 19:55:00,82.569999,82.720397,82.480003,82.529998,322070.0,COIN.NYSE-4-HOUR-LAST-EXTERNAL
2022-09-13 15:55:00,76.279998,76.389999,75.824996,75.824996,92324.0,COIN.NYSE-4-HOUR-LAST-EXTERNAL
2022-09-13 19:55:00,75.089996,75.400001,74.949996,75.25,447104.0,COIN.NYSE-4-HOUR-LAST-EXTERNAL
2022-09-14 15:55:00,78.489997,78.5,78.160003,78.2275,121138.0,COIN.NYSE-4-HOUR-LAST-EXTERNAL
2022-09-14 19:55:00,78.489997,78.800003,78.434997,78.75,396234.0,COIN.NYSE-4-HOUR-LAST-EXTERNAL
2022-09-15 15:55:00,77.669998,77.849998,77.220001,77.599998,129779.0,COIN.NYSE-4-HOUR-LAST-EXTERNAL
2022-09-15 19:55:00,77.510002,77.580001,77.029998,77.25,376929.0,COIN.NYSE-4-HOUR-LAST-EXTERNAL
2022-09-16 15:55:00,74.699996,74.899101,74.400001,74.849998,46496.0,COIN.NYSE-4-HOUR-LAST-EXTERNAL
2022-09-16 19:55:00,74.660003,74.660003,73.75,73.919998,765134.0,COIN.NYSE-4-HOUR-LAST-EXTERNAL
2022-09-19 15:55:00,68.910003,68.940002,68.379997,68.559997,217375.0,COIN.NYSE-4-HOUR-LAST-EXTERNAL
2022-09-19 19:55:00,70.169998,70.220001,69.86,69.919998,356743.0,COIN.NYSE-4-HOUR-LAST-EXTERNAL
2022-09-20 15:55:00,68.650001,69.800003,68.614997,69.690002,197715.0,COIN.NYSE-4-HOUR-LAST-EXTERNAL
2022-09-20 19:55:00,67.959999,67.989997,67.688796,67.980003,200636.0,COIN.NYSE-4-HOUR-LAST-EXTERNAL
2022-09-21 15:55:00,71.43,71.779998,71.260002,71.68,94606.0,COIN.NYSE-4-HOUR-LAST-EXTERNAL
2022-09-21 19:55:00,68.0,68.029998,67.510002,67.650001,473893.0,COIN.NYSE-4-HOUR-LAST-EXTERNAL
2022-09-22 15:55:00,64.800003,64.819999,64.199996,64.379997,154989.0,COIN.NYSE-4-HOUR-LAST-EXTERNAL
2022-09-22 19:55:00,63.45,63.52,62.869998,62.95,449729.0,COIN.NYSE-4-HOUR-LAST-EXTERNAL
2022-09-23 15:55:00,61.419998,61.627601,61.29,61.5242,76149.0,COIN.NYSE-4-HOUR-LAST-EXTERNAL
2022-09-23 19:55:00,61.834999,62.009998,61.729999,61.880001,329234.0,COIN.NYSE-4-HOUR-LAST-EXTERNAL
2022-09-26 15:55:00,63.8875,64.11,63.7,63.915,83649.0,COIN.NYSE-4-HOUR-LAST-EXTERNAL
2022-09-26 19:55:00,62.95,62.955001,62.18,62.279998,271649.0,COIN.NYSE-4-HOUR-LAST-EXTERNAL
2022-09-27 15:55:00,63.740001,63.869998,63.389999,63.459999,98347.0,COIN.NYSE-4-HOUR-LAST-EXTERNAL
2022-09-27 19:55:00,62.959999,63.119998,62.84,63.049999,283306.0,COIN.NYSE-4-HOUR-LAST-EXTERNAL
2022-09-28 15:55:00,67.050003,67.209999,66.940002,67.069198,49868.0,COIN.NYSE-4-HOUR-LAST-EXTERNAL
2022-09-28 19:55:00,67.495002,67.629997,67.260002,67.29,207350.0,COIN.NYSE-4-HOUR-LAST-EXTERNAL
2022-09-29 15:55:00,61.799999,61.8558,61.5,61.549999,71130.0,COIN.NYSE-4-HOUR-LAST-EXTERNAL
2022-09-29 19:55:00,61.95,62.220001,61.84,61.95,296329.0,COIN.NYSE-4-HOUR-LAST-EXTERNAL
2022-09-30 15:55:00,65.86,66.250999,65.705001,66.090103,114441.0,COIN.NYSE-4-HOUR-LAST-EXTERNAL
2022-09-30 19:55:00,64.68,64.760002,64.269996,64.419998,331783.0,COIN.NYSE-4-HOUR-LAST-EXTERNAL
2022-10-03 15:55:00,63.799999,63.8899,63.52,63.830001,97992.0,COIN.NYSE-4-HOUR-LAST-EXTERNAL
2022-10-03 19:55:00,65.940002,66.050003,65.68,65.889999,332787.0,COIN.NYSE-4-HOUR-LAST-EXTERNAL
2022-10-04 15:55:00,72.300003,72.949996,72.169998,72.889999,119125.0,COIN.NYSE-4-HOUR-LAST-EXTERNAL
2022-10-04 19:55:00,74.245002,74.629997,74.245002,74.54,416940.0,COIN.NYSE-4-HOUR-LAST-EXTERNAL
2022-10-05 15:55:00,71.0,71.220001,70.949996,71.139999,63498.0,COIN.NYSE-4-HOUR-LAST-EXTERNAL
2022-10-05 19:55:00,72.959999,73.099998,72.830001,72.940002,249371.0,COIN.NYSE-4-HOUR-LAST-EXTERNAL
2022-10-06 15:55:00,74.620002,74.660003,73.709999,73.940002,125941.0,COIN.NYSE-4-HOUR-LAST-EXTERNAL
2022-10-06 19:55:00,73.650001,73.970001,73.625,73.949996,385816.0,COIN.NYSE-4-HOUR-LAST-EXTERNAL
2022-10-07 15:55:00,67.375,67.43,67.099998,67.18,62259.0,COIN.NYSE-4-HOUR-LAST-EXTERNAL
2022-10-07 19:55:00,66.510002,67.099998,66.5,67.039497,532043.0,COIN.NYSE-4-HOUR-LAST-EXTERNAL
2022-10-10 15:55:00,67.230003,67.300003,66.970001,67.0,39078.0,COIN.NYSE-4-HOUR-LAST-EXTERNAL
2022-10-10 19:55:00,67.089996,67.129997,66.919998,67.029998,251884.0,COIN.NYSE-4-HOUR-LAST-EXTERNAL
2022-10-11 15:55:00,71.525001,71.730003,71.11,71.199996,209262.0,COIN.NYSE-4-HOUR-LAST-EXTERNAL
2022-10-11 19:55:00,70.199996,70.43,70.099998,70.18,464710.0,COIN.NYSE-4-HOUR-LAST-EXTERNAL
2022-10-12 15:55:00,70.150001,70.25,69.889999,69.980003,103635.0,COIN.NYSE-4-HOUR-LAST-EXTERNAL
2022-10-12 19:55:00,70.169998,70.199996,69.949996,69.949996,280741.0,COIN.NYSE-4-HOUR-LAST-EXTERNAL
2022-10-13 15:55:00,67.36,67.566299,67.228698,67.429801,176001.0,COIN.NYSE-4-HOUR-LAST-EXTERNAL
2022-10-13 19:55:00,69.269996,69.430099,69.154998,69.29,261530.0,COIN.NYSE-4-HOUR-LAST-EXTERNAL
2022-10-14 15:55:00,66.491401,66.676803,66.330001,66.470001,81727.0,COIN.NYSE-4-HOUR-LAST-EXTERNAL
2022-10-14 19:55:00,63.880001,63.889999,63.505001,63.584999,393817.0,COIN.NYSE-4-HOUR-LAST-EXTERNAL
2022-10-17 15:55:00,70.485,70.694198,70.129997,70.319999,156539.0,COIN.NYSE-4-HOUR-LAST-EXTERNAL
2022-10-17 19:55:00,69.080001,69.209999,68.989997,69.209999,392913.0,COIN.NYSE-4-HOUR-LAST-EXTERNAL
2022-10-18 15:55:00,66.620002,67.129997,66.36,67.010002,162479.0,COIN.NYSE-4-HOUR-LAST-EXTERNAL
2022-10-18 19:55:00,66.065002,66.309997,65.889999,66.199996,475177.0,COIN.NYSE-4-HOUR-LAST-EXTERNAL
2022-10-19 15:55:00,64.559997,64.669898,64.349998,64.349998,50301.0,COIN.NYSE-4-HOUR-LAST-EXTERNAL
2022-10-19 19:55:00,63.139999,63.25,62.939998,63.25,318600.0,COIN.NYSE-4-HOUR-LAST-EXTERNAL
2022-10-20 15:55:00,66.141601,66.25,65.459999,65.459999,79784.0,COIN.NYSE-4-HOUR-LAST-EXTERNAL
2022-10-20 19:55:00,63.580001,63.740001,63.560001,63.560001,241575.0,COIN.NYSE-4-HOUR-LAST-EXTERNAL
2022-10-21 15:55:00,64.855003,65.169998,64.629997,65.169998,90227.0,COIN.NYSE-4-HOUR-LAST-EXTERNAL
2022-10-21 19:55:00,66.5,66.510002,66.279998,66.43,319405.0,COIN.NYSE-4-HOUR-LAST-EXTERNAL
2022-10-24 15:55:00,66.760002,67.25,66.690002,67.150001,105582.0,COIN.NYSE-4-HOUR-LAST-EXTERNAL
2022-10-24 19:55:00,66.339996,66.489997,66.319999,66.36,296577.0,COIN.NYSE-4-HOUR-LAST-EXTERNAL
2022-10-25 15:55:00,73.339996,73.398399,72.660003,72.866798,194784.0,COIN.NYSE-4-HOUR-LAST-EXTERNAL
2022-10-25 19:55:00,74.870002,75.25,74.86,75.029998,515892.0,COIN.NYSE-4-HOUR-LAST-EXTERNAL
2022-10-26 15:55:00,77.050003,77.518096,77.050003,77.297401,94624.0,COIN.NYSE-4-HOUR-LAST-EXTERNAL
2022-10-26 19:55:00,74.209999,74.25,73.660003,73.730003,300077.0,COIN.NYSE-4-HOUR-LAST-EXTERNAL
2022-10-27 15:55:00,72.5,72.569999,72.11,72.11,43305.0,COIN.NYSE-4-HOUR-LAST-EXTERNAL
2022-10-27 19:55:00,72.589996,72.650001,72.331001,72.529998,171297.0,COIN.NYSE-4-HOUR-LAST-EXTERNAL
2022-10-28 15:55:00,70.529998,70.690002,69.9001,70.0,47440.0,COIN.NYSE-4-HOUR-LAST-EXTERNAL
2022-10-28 19:55:00,71.949996,72.120002,71.940002,72.080001,352927.0,COIN.NYSE-4-HOUR-LAST-EXTERNAL
2022-10-31 15:55:00,69.230003,69.25,68.330001,68.542701,176773.0,COIN.NYSE-4-HOUR-LAST-EXTERNAL
2022-10-31 19:55:00,66.54,66.555999,66.144996,66.300003,457606.0,COIN.NYSE-4-HOUR-LAST-EXTERNAL
2022-11-01 15:55:00,65.1697,65.25,65.089996,65.139999,36116.0,COIN.NYSE-4-HOUR-LAST-EXTERNAL
2022-11-01 19:55:00,63.880001,63.919998,63.130001,63.299999,548674.0,COIN.NYSE-4-HOUR-LAST-EXTERNAL
2022-11-02 15:55:00,63.979999,64.099998,63.410198,63.490001,149029.0,COIN.NYSE-4-HOUR-LAST-EXTERNAL
2022-11-02 19:55:00,60.709999,60.86,60.549999,60.709999,449166.0,COIN.NYSE-4-HOUR-LAST-EXTERNAL
2022-11-03 15:55:00,59.104999,59.169998,58.849998,58.939998,124983.0,COIN.NYSE-4-HOUR-LAST-EXTERNAL
2022-11-03 19:55:00,56.04,56.219898,55.75,55.819999,686735.0,COIN.NYSE-4-HOUR-LAST-EXTERNAL
2022-11-04 15:55:00,58.720001,59.080001,58.369998,58.401901,155074.0,COIN.NYSE-4-HOUR-LAST-EXTERNAL
2022-11-04 19:55:00,58.310001,59.0,58.29,58.810001,833708.0,COIN.NYSE-4-HOUR-LAST-EXTERNAL
2022-11-07 15:55:00,59.889999,59.915,59.29,59.7,233282.0,COIN.NYSE-4-HOUR-LAST-EXTERNAL
2022-11-07 19:55:00,57.209999,57.310001,56.900001,56.909999,135128.0,COIN.NYSE-4-HOUR-LAST-EXTERNAL
2022-11-07 21:00:00,56.970001,56.970001,56.970001,56.970001,331049.0,COIN.NYSE-4-HOUR-LAST-EXTERNAL
2022-11-08 15:55:00,50.889999,51.349998,50.819999,51.02,256580.0,COIN.NYSE-4-HOUR-LAST-EXTERNAL
2022-11-08 19:55:00,49.063499,49.169998,48.420799,48.59,598144.0,COIN.NYSE-4-HOUR-LAST-EXTERNAL
2022-11-08 21:00:00,50.830001,50.830001,50.830001,50.830001,1304777.0,COIN.NYSE-4-HOUR-LAST-EXTERNAL
2022-11-09 15:55:00,46.014999,46.09,45.509998,45.825,652049.0,COIN.NYSE-4-HOUR-LAST-EXTERNAL
2022-11-09 19:55:00,46.2,46.359001,46.029998,46.2887,196517.0,COIN.NYSE-4-HOUR-LAST-EXTERNAL
2022-11-09 21:00:00,45.979999,45.979999,45.979999,45.979999,1001529.0,COIN.NYSE-4-HOUR-LAST-EXTERNAL
2022-11-10 15:55:00,50.59,50.59,50.220001,50.408298,159819.0,COIN.NYSE-4-HOUR-LAST-EXTERNAL
2022-11-10 19:55:00,50.27,50.330001,50.103599,50.11,144571.0,COIN.NYSE-4-HOUR-LAST-EXTERNAL
2022-11-10 21:00:00,50.919998,50.919998,50.919998,50.919998,795530.0,COIN.NYSE-4-HOUR-LAST-EXTERNAL
2022-11-11 15:55:00,53.470001,53.549999,52.349998,52.372001,570685.0,COIN.NYSE-4-HOUR-LAST-EXTERNAL
2022-11-11 19:55:00,56.659999,57.209999,56.584999,57.18,334207.0,COIN.NYSE-4-HOUR-LAST-EXTERNAL
2022-11-11 21:00:00,57.459999,57.459999,57.459999,57.459999,1060155.0,COIN.NYSE-4-HOUR-LAST-EXTERNAL
2022-11-14 15:55:00,53.700801,54.0,53.610099,53.84,186035.0,COIN.NYSE-4-HOUR-LAST-EXTERNAL
2022-11-14 19:55:00,53.970001,54.069999,53.900001,54.0,60994.0,COIN.NYSE-4-HOUR-LAST-EXTERNAL
2022-11-14 21:00:00,53.220001,53.220001,53.220001,53.220001,659886.0,COIN.NYSE-4-HOUR-LAST-EXTERNAL
2022-11-15 15:55:00,57.139999,57.400001,56.979999,57.25,119522.0,COIN.NYSE-4-HOUR-LAST-EXTERNAL
2022-11-15 19:55:00,55.669998,56.150001,55.659999,55.979999,135524.0,COIN.NYSE-4-HOUR-LAST-EXTERNAL
2022-11-15 21:00:00,55.529998,55.529998,55.529998,55.529998,367101.0,COIN.NYSE-4-HOUR-LAST-EXTERNAL
2022-11-16 15:55:00,48.049999,48.84,48.049999,48.818801,464063.0,COIN.NYSE-4-HOUR-LAST-EXTERNAL
2022-11-16 19:55:00,48.895,49.11,48.810001,48.880001,135487.0,COIN.NYSE-4-HOUR-LAST-EXTERNAL
2022-11-16 21:00:00,48.830001,48.830001,48.830001,48.830001,742115.0,COIN.NYSE-4-HOUR-LAST-EXTERNAL
2022-11-17 15:55:00,47.319999,47.34,46.689998,46.720001,238356.0,COIN.NYSE-4-HOUR-LAST-EXTERNAL
2022-11-17 19:55:00,48.657001,48.7,48.52,48.52,57430.0,COIN.NYSE-4-HOUR-LAST-EXTERNAL
2022-11-17 21:00:00,48.79,48.79,48.79,48.79,409775.0,COIN.NYSE-4-HOUR-LAST-EXTERNAL
2022-11-18 15:55:00,46.069999,46.119998,45.509998,45.7,259807.0,COIN.NYSE-4-HOUR-LAST-EXTERNAL
2022-11-18 19:55:00,45.104999,45.196601,45.0,45.189998,161875.0,COIN.NYSE-4-HOUR-LAST-EXTERNAL
2022-11-18 21:00:00,45.259998,45.259998,45.259998,45.259998,634674.0,COIN.NYSE-4-HOUR-LAST-EXTERNAL
2022-11-21 15:55:00,41.490001,42.169998,41.459999,42.0457,426088.0,COIN.NYSE-4-HOUR-LAST-EXTERNAL
2022-11-21 19:55:00,40.985,41.029998,40.819999,40.909999,132056.0,COIN.NYSE-4-HOUR-LAST-EXTERNAL
2022-11-21 21:00:00,41.229999,41.229999,41.229999,41.229999,659383.0,COIN.NYSE-4-HOUR-LAST-EXTERNAL
2022-11-22 15:55:00,44.119998,44.25,43.760101,43.93,193834.0,COIN.NYSE-4-HOUR-LAST-EXTERNAL
2022-11-22 19:55:00,42.889999,42.889999,42.7019,42.779998,74197.0,COIN.NYSE-4-HOUR-LAST-EXTERNAL
2022-11-22 21:00:00,43.389999,43.389999,43.389999,43.389999,695815.0,COIN.NYSE-4-HOUR-LAST-EXTERNAL
2022-11-23 15:55:00,45.029998,45.226001,44.970001,45.189998,194317.0,COIN.NYSE-4-HOUR-LAST-EXTERNAL
2022-11-23 19:55:00,45.25,45.463798,45.235,45.419998,68508.0,COIN.NYSE-4-HOUR-LAST-EXTERNAL
2022-11-23 21:00:00,45.569999,45.569999,45.569999,45.569999,421792.0,COIN.NYSE-4-HOUR-LAST-EXTERNAL
2022-11-25 15:55:00,44.384998,44.509998,44.310001,44.470001,78057.0,COIN.NYSE-4-HOUR-LAST-EXTERNAL
2022-11-25 18:00:00,44.279998,44.279998,44.080001,44.229999,1020111.0,COIN.NYSE-4-HOUR-LAST-EXTERNAL
2022-11-28 15:55:00,43.080001,43.349998,43.009998,43.060001,102787.0,COIN.NYSE-4-HOUR-LAST-EXTERNAL
2022-11-28 19:55:00,42.5,42.52,42.34,42.36,61761.0,COIN.NYSE-4-HOUR-LAST-EXTERNAL
2022-11-28 21:00:00,42.509998,42.509998,42.509998,42.509998,424641.0,COIN.NYSE-4-HOUR-LAST-EXTERNAL
2022-11-29 15:55:00,44.02,44.27,43.95,44.069999,102956.0,COIN.NYSE-4-HOUR-LAST-EXTERNAL
2022-11-29 19:55:00,43.3068,43.334999,43.240001,43.29,38703.0,COIN.NYSE-4-HOUR-LAST-EXTERNAL
2022-11-29 21:00:00,43.11,43.11,43.11,43.11,329077.0,COIN.NYSE-4-HOUR-LAST-EXTERNAL
2022-11-30 15:55:00,42.729999,42.979999,42.6977,42.819999,67672.0,COIN.NYSE-4-HOUR-LAST-EXTERNAL
2022-11-30 19:55:00,44.27,44.299999,44.099998,44.299999,80539.0,COIN.NYSE-4-HOUR-LAST-EXTERNAL
2022-11-30 21:00:00,45.729999,45.729999,45.729999,45.729999,563245.0,COIN.NYSE-4-HOUR-LAST-EXTERNAL
2022-12-01 15:55:00,45.424999,45.619998,45.302299,45.604999,185607.0,COIN.NYSE-4-HOUR-LAST-EXTERNAL
2022-12-01 19:55:00,45.409999,45.459999,45.279998,45.439998,71444.0,COIN.NYSE-4-HOUR-LAST-EXTERNAL
2022-12-01 21:00:00,45.27,45.27,45.27,45.27,238754.0,COIN.NYSE-4-HOUR-LAST-EXTERNAL
2022-12-02 15:55:00,46.319999,46.319999,45.909999,46.04,63615.0,COIN.NYSE-4-HOUR-LAST-EXTERNAL
2022-12-02 19:55:00,46.939998,47.069999,46.889999,47.069999,114062.0,COIN.NYSE-4-HOUR-LAST-EXTERNAL
2022-12-02 21:00:00,47.669998,47.669998,47.669998,47.669998,587723.0,COIN.NYSE-4-HOUR-LAST-EXTERNAL
2022-12-05 15:55:00,47.509998,48.099998,47.479999,48.099998,141978.0,COIN.NYSE-4-HOUR-LAST-EXTERNAL
2022-12-05 19:55:00,45.799999,45.909999,45.709999,45.869998,64696.0,COIN.NYSE-4-HOUR-LAST-EXTERNAL
2022-12-05 21:00:00,46.0,46.0,46.0,46.0,292319.0,COIN.NYSE-4-HOUR-LAST-EXTERNAL
2022-12-06 15:55:00,42.5401,42.709999,42.509998,42.665401,224983.0,COIN.NYSE-4-HOUR-LAST-EXTERNAL
2022-12-06 19:55:00,42.255401,42.255401,42.149101,42.179901,76287.0,COIN.NYSE-4-HOUR-LAST-EXTERNAL
2022-12-06 21:00:00,42.409999,42.409999,42.409999,42.409999,342882.0,COIN.NYSE-4-HOUR-LAST-EXTERNAL
2022-12-07 15:55:00,42.619998,42.779998,42.479999,42.639999,83578.0,COIN.NYSE-4-HOUR-LAST-EXTERNAL
2022-12-07 19:55:00,41.630001,41.740001,41.619998,41.7,38907.0,COIN.NYSE-4-HOUR-LAST-EXTERNAL
2022-12-07 21:00:00,41.259998,41.259998,41.259998,41.259998,362133.0,COIN.NYSE-4-HOUR-LAST-EXTERNAL
2022-12-08 15:55:00,42.43,42.599998,42.34,42.36,66799.0,COIN.NYSE-4-HOUR-LAST-EXTERNAL
2022-12-08 19:55:00,43.240001,43.259998,42.970001,43.049999,52071.0,COIN.NYSE-4-HOUR-LAST-EXTERNAL
2022-12-08 21:00:00,42.810001,42.810001,42.810001,42.810001,280697.0,COIN.NYSE-4-HOUR-LAST-EXTERNAL
2022-12-09 15:55:00,41.0,41.5,40.93,41.5,170274.0,COIN.NYSE-4-HOUR-LAST-EXTERNAL
2022-12-09 19:55:00,40.819999,40.86,40.75,40.79,38517.0,COIN.NYSE-4-HOUR-LAST-EXTERNAL
2022-12-09 21:00:00,40.240001,40.240001,40.240001,40.240001,365679.0,COIN.NYSE-4-HOUR-LAST-EXTERNAL
2022-12-12 15:55:00,40.409999,40.713798,40.330001,40.669998,95162.0,COIN.NYSE-4-HOUR-LAST-EXTERNAL
2022-12-12 19:55:00,41.084999,41.189998,41.04,41.139999,56537.0,COIN.NYSE-4-HOUR-LAST-EXTERNAL
2022-12-12 21:00:00,42.599998,42.599998,42.599998,42.599998,420349.0,COIN.NYSE-4-HOUR-LAST-EXTERNAL
2022-12-13 15:55:00,42.54,42.59,42.060001,42.165,138204.0,COIN.NYSE-4-HOUR-LAST-EXTERNAL
2022-12-13 19:55:00,39.169998,39.27,39.100101,39.134998,178314.0,COIN.NYSE-4-HOUR-LAST-EXTERNAL
2022-12-13 21:00:00,38.689998,38.689998,38.689998,38.689998,608234.0,COIN.NYSE-4-HOUR-LAST-EXTERNAL
2022-12-14 15:55:00,40.694999,40.715301,40.314899,40.45,151750.0,COIN.NYSE-4-HOUR-LAST-EXTERNAL
2022-12-14 19:55:00,40.099998,40.29,39.900001,40.130001,113526.0,COIN.NYSE-4-HOUR-LAST-EXTERNAL
2022-12-14 21:00:00,40.189998,40.189998,40.189998,40.189998,418578.0,COIN.NYSE-4-HOUR-LAST-EXTERNAL
2022-12-15 15:55:00,38.310001,38.310001,37.729999,37.939899,453571.0,COIN.NYSE-4-HOUR-LAST-EXTERNAL
2022-12-15 19:55:00,38.25,38.3385,38.145801,38.310001,52222.0,COIN.NYSE-4-HOUR-LAST-EXTERNAL
2022-12-15 21:00:00,37.979999,37.979999,37.979999,37.979999,327722.0,COIN.NYSE-4-HOUR-LAST-EXTERNAL
2022-12-16 15:55:00,35.54,35.799999,35.529998,35.77,199481.0,COIN.NYSE-4-HOUR-LAST-EXTERNAL
2022-12-16 19:55:00,36.2,36.580001,36.1977,36.465,234264.0,COIN.NYSE-4-HOUR-LAST-EXTERNAL
2022-12-16 21:00:00,36.599998,36.599998,36.599998,36.599998,436893.0,COIN.NYSE-4-HOUR-LAST-EXTERNAL
2022-12-19 15:55:00,34.884998,34.949199,34.779998,34.79,152653.0,COIN.NYSE-4-HOUR-LAST-EXTERNAL
2022-12-19 19:55:00,35.27,35.389999,35.2005,35.345001,39145.0,COIN.NYSE-4-HOUR-LAST-EXTERNAL
2022-12-19 21:00:00,35.169998,35.169998,35.169998,35.169998,382099.0,COIN.NYSE-4-HOUR-LAST-EXTERNAL
2022-12-20 15:55:00,35.650001,35.68,35.330001,35.365001,131536.0,COIN.NYSE-4-HOUR-LAST-EXTERNAL
2022-12-20 19:55:00,34.79,34.799999,34.59,34.650001,89003.0,COIN.NYSE-4-HOUR-LAST-EXTERNAL
2022-12-20 21:00:00,34.970001,34.970001,34.970001,34.970001,322075.0,COIN.NYSE-4-HOUR-LAST-EXTERNAL
2022-12-21 15:55:00,35.779998,35.919998,35.779998,35.8619,46627.0,COIN.NYSE-4-HOUR-LAST-EXTERNAL
2022-12-21 19:55:00,35.380001,35.439899,35.349998,35.404998,49988.0,COIN.NYSE-4-HOUR-LAST-EXTERNAL
2022-12-21 21:00:00,35.150001,35.150001,35.150001,35.150001,290342.0,COIN.NYSE-4-HOUR-LAST-EXTERNAL
2022-12-22 15:55:00,34.034999,34.0536,33.779998,33.810001,69093.0,COIN.NYSE-4-HOUR-LAST-EXTERNAL
2022-12-22 19:55:00,33.6725,33.799999,33.669998,33.759998,60590.0,COIN.NYSE-4-HOUR-LAST-EXTERNAL
2022-12-22 21:00:00,34.59,34.59,34.59,34.59,258958.0,COIN.NYSE-4-HOUR-LAST-EXTERNAL
2022-12-23 15:55:00,35.409999,35.6007,35.119998,35.259998,108870.0,COIN.NYSE-4-HOUR-LAST-EXTERNAL
2022-12-23 19:55:00,35.34,35.400001,35.310001,35.389999,33343.0,COIN.NYSE-4-HOUR-LAST-EXTERNAL
2022-12-23 21:00:00,35.490001,35.490001,35.490001,35.490001,332596.0,COIN.NYSE-4-HOUR-LAST-EXTERNAL
2022-12-27 15:55:00,34.021598,34.022499,33.6473,33.690101,93902.0,COIN.NYSE-4-HOUR-LAST-EXTERNAL
2022-12-27 19:55:00,32.653198,32.669998,32.52,32.580001,185099.0,COIN.NYSE-4-HOUR-LAST-EXTERNAL
2022-12-27 21:00:00,32.650001,32.650001,32.650001,32.650001,316664.0,COIN.NYSE-4-HOUR-LAST-EXTERNAL
2022-12-28 15:55:00,32.099998,32.169998,31.836299,31.86,212404.0,COIN.NYSE-4-HOUR-LAST-EXTERNAL
2022-12-28 19:55:00,32.689998,32.699901,32.59,32.61,34225.0,COIN.NYSE-4-HOUR-LAST-EXTERNAL
2022-12-28 21:00:00,32.529998,32.529998,32.529998,32.529998,138571.0,COIN.NYSE-4-HOUR-LAST-EXTERNAL
2022-12-29 15:55:00,34.900001,34.95,34.810001,34.9001,109254.0,COIN.NYSE-4-HOUR-LAST-EXTERNAL
2022-12-29 19:55:00,34.729999,34.759998,34.694999,34.729999,35377.0,COIN.NYSE-4-HOUR-LAST-EXTERNAL
2022-12-29 21:00:00,34.779998,34.779998,34.779998,34.779998,196421.0,COIN.NYSE-4-HOUR-LAST-EXTERNAL
2022-12-30 15:55:00,35.415,35.469898,35.25,35.389999,102807.0,COIN.NYSE-4-HOUR-LAST-EXTERNAL
2022-12-30 19:55:00,34.205799,34.319999,34.1501,34.2723,39574.0,COIN.NYSE-4-HOUR-LAST-EXTERNAL
2022-12-30 21:00:00,35.389999,35.389999,35.389999,35.389999,374500.0,COIN.NYSE-4-HOUR-LAST-EXTERNAL
2023-01-03 15:55:00,34.639999,35.130001,34.61,35.130001,85217.0,COIN.NYSE-4-HOUR-LAST-EXTERNAL
2023-01-03 19:55:00,34.04,34.060001,33.889999,33.990001,50951.0,COIN.NYSE-4-HOUR-LAST-EXTERNAL
2023-01-03 21:00:00,33.599998,33.599998,33.599998,33.599998,366155.0,COIN.NYSE-4-HOUR-LAST-EXTERNAL
2023-01-04 15:55:00,36.939998,36.990001,36.720001,36.889999,344361.0,COIN.NYSE-4-HOUR-LAST-EXTERNAL
2023-01-04 19:55:00,37.455001,37.75,37.439998,37.625,108711.0,COIN.NYSE-4-HOUR-LAST-EXTERNAL
2023-01-04 21:00:00,37.7,37.7,37.7,37.7,617805.0,COIN.NYSE-4-HOUR-LAST-EXTERNAL
2023-01-05 15:55:00,33.95,34.099998,33.909999,34.009899,129658.0,COIN.NYSE-4-HOUR-LAST-EXTERNAL
2023-01-05 19:55:00,34.205001,34.209999,34.055,34.09,71714.0,COIN.NYSE-4-HOUR-LAST-EXTERNAL
2023-01-05 21:00:00,33.529998,33.529998,33.529998,33.529998,503990.0,COIN.NYSE-4-HOUR-LAST-EXTERNAL
2023-01-06 15:55:00,33.020099,33.139999,32.920101,33.069999,250908.0,COIN.NYSE-4-HOUR-LAST-EXTERNAL
2023-01-06 19:55:00,33.584999,33.59,33.479999,33.479999,73261.0,COIN.NYSE-4-HOUR-LAST-EXTERNAL
2023-01-06 21:00:00,33.259998,33.259998,33.259998,33.259998,320691.0,COIN.NYSE-4-HOUR-LAST-EXTERNAL
2023-01-09 15:55:00,38.630001,38.630001,37.819999,37.819999,353667.0,COIN.NYSE-4-HOUR-LAST-EXTERNAL
2023-01-09 19:55:00,38.619998,38.630001,38.2,38.229999,245120.0,COIN.NYSE-4-HOUR-LAST-EXTERNAL
2023-01-09 21:00:00,38.27,38.27,38.27,38.27,889590.0,COIN.NYSE-4-HOUR-LAST-EXTERNAL
2023-01-10 15:55:00,40.076801,40.330001,39.979999,40.069999,276536.0,COIN.NYSE-4-HOUR-LAST-EXTERNAL
2023-01-10 19:55:00,41.529998,41.564998,41.470699,41.534999,90898.0,COIN.NYSE-4-HOUR-LAST-EXTERNAL
2023-01-10 21:00:00,43.229999,43.229999,43.229999,43.229999,1107686.0,COIN.NYSE-4-HOUR-LAST-EXTERNAL
2023-01-11 15:55:00,41.93,41.979999,41.5,41.61,312731.0,COIN.NYSE-4-HOUR-LAST-EXTERNAL
2023-01-11 19:55:00,42.709999,42.95,42.68,42.939998,84046.0,COIN.NYSE-4-HOUR-LAST-EXTERNAL
2023-01-11 21:00:00,43.79,43.79,43.79,43.79,648226.0,COIN.NYSE-4-HOUR-LAST-EXTERNAL
2023-01-12 15:55:00,43.255001,43.310001,42.7401,42.781501,169163.0,COIN.NYSE-4-HOUR-LAST-EXTERNAL
2023-01-12 19:55:00,46.9593,47.080001,46.659999,46.709999,390161.0,COIN.NYSE-4-HOUR-LAST-EXTERNAL
2023-01-12 21:00:00,47.549999,47.549999,47.549999,47.549999,659178.0,COIN.NYSE-4-HOUR-LAST-EXTERNAL
2023-01-13 15:55:00,49.847999,50.2,49.7,50.189998,292643.0,COIN.NYSE-4-HOUR-LAST-EXTERNAL
2023-01-13 19:55:00,48.979999,49.069999,48.810001,48.810001,180176.0,COIN.NYSE-4-HOUR-LAST-EXTERNAL
2023-01-13 21:00:00,49.979999,49.979999,49.979999,49.979999,707257.0,COIN.NYSE-4-HOUR-LAST-EXTERNAL
2023-01-17 15:55:00,53.185001,53.389999,52.935001,53.369998,209277.0,COIN.NYSE-4-HOUR-LAST-EXTERNAL
2023-01-17 19:55:00,54.299999,54.7,54.279998,54.604999,353157.0,COIN.NYSE-4-HOUR-LAST-EXTERNAL
2023-01-17 21:00:00,54.139999,54.139999,54.139999,54.139999,542698.0,COIN.NYSE-4-HOUR-LAST-EXTERNAL
2023-01-18 15:55:00,52.34,53.04,52.299999,52.522201,588648.0,COIN.NYSE-4-HOUR-LAST-EXTERNAL
2023-01-18 19:55:00,51.669998,51.689998,51.470001,51.474998,121581.0,COIN.NYSE-4-HOUR-LAST-EXTERNAL
2023-01-18 21:00:00,50.209999,50.209999,50.209999,50.209999,1055107.0,COIN.NYSE-4-HOUR-LAST-EXTERNAL
2023-01-19 15:55:00,48.939998,48.959999,48.439998,48.649898,212044.0,COIN.NYSE-4-HOUR-LAST-EXTERNAL
2023-01-19 19:55:00,49.45,49.79,49.4356,49.560001,113806.0,COIN.NYSE-4-HOUR-LAST-EXTERNAL
2023-01-19 21:00:00,49.419998,49.419998,49.419998,49.419998,312132.0,COIN.NYSE-4-HOUR-LAST-EXTERNAL
2023-01-20 15:55:00,50.436298,50.884998,50.380001,50.869998,99319.0,COIN.NYSE-4-HOUR-LAST-EXTERNAL
2023-01-20 19:55:00,53.659999,53.849998,53.619998,53.849998,74672.0,COIN.NYSE-4-HOUR-LAST-EXTERNAL
2023-01-20 21:00:00,55.159999,55.159999,55.159999,55.159999,637507.0,COIN.NYSE-4-HOUR-LAST-EXTERNAL
2023-01-23 15:55:00,54.43,54.709999,54.319999,54.659999,229101.0,COIN.NYSE-4-HOUR-LAST-EXTERNAL
2023-01-23 19:55:00,55.27,55.619998,55.27,55.604999,87412.0,COIN.NYSE-4-HOUR-LAST-EXTERNAL
2023-01-23 21:00:00,55.959999,55.959999,55.959999,55.959999,412889.0,COIN.NYSE-4-HOUR-LAST-EXTERNAL
2023-01-24 15:55:00,54.869998,55.339801,54.869998,55.339801,198454.0,COIN.NYSE-4-HOUR-LAST-EXTERNAL
2023-01-24 19:55:00,54.229999,54.259998,54.150001,54.221199,73642.0,COIN.NYSE-4-HOUR-LAST-EXTERNAL
2023-01-24 21:00:00,53.555,53.555,53.555,53.555,487065.0,COIN.NYSE-4-HOUR-LAST-EXTERNAL
2023-01-25 15:55:00,50.509998,50.79,50.409999,50.68,112527.0,COIN.NYSE-4-HOUR-LAST-EXTERNAL
2023-01-25 19:55:00,52.944999,53.04,52.909999,52.909999,107167.0,COIN.NYSE-4-HOUR-LAST-EXTERNAL
2023-01-25 21:00:00,52.759998,52.759998,52.759998,52.759998,305509.0,COIN.NYSE-4-HOUR-LAST-EXTERNAL
2023-01-26 15:55:00,53.009998,53.11,52.810001,52.978401,118052.0,COIN.NYSE-4-HOUR-LAST-EXTERNAL
2023-01-26 19:55:00,53.245098,53.490001,53.240001,53.458,106141.0,COIN.NYSE-4-HOUR-LAST-EXTERNAL
2023-01-26 21:00:00,53.02,53.02,53.02,53.02,384543.0,COIN.NYSE-4-HOUR-LAST-EXTERNAL
2023-01-27 15:55:00,57.049999,57.119998,56.659999,56.959999,366818.0,COIN.NYSE-4-HOUR-LAST-EXTERNAL
2023-01-27 19:55:00,61.889801,61.95,61.68,61.720001,189295.0,COIN.NYSE-4-HOUR-LAST-EXTERNAL
2023-01-27 21:00:00,61.369998,61.369998,61.369998,61.369998,678897.0,COIN.NYSE-4-HOUR-LAST-EXTERNAL
2023-01-30 15:55:00,57.86,58.75,57.84,58.654598,199487.0,COIN.NYSE-4-HOUR-LAST-EXTERNAL
2023-01-30 19:55:00,57.02,57.959999,56.919998,57.895,232600.0,COIN.NYSE-4-HOUR-LAST-EXTERNAL
2023-01-30 21:00:00,56.159999,56.159999,56.159999,56.159999,494188.0,COIN.NYSE-4-HOUR-LAST-EXTERNAL
2023-01-31 15:55:00,58.080001,58.2416,57.924999,58.125,115350.0,COIN.NYSE-4-HOUR-LAST-EXTERNAL
2023-01-31 19:55:00,59.490001,59.529998,59.349998,59.490001,51447.0,COIN.NYSE-4-HOUR-LAST-EXTERNAL
2023-01-31 21:00:00,58.479999,58.479999,58.479999,58.479999,1307125.0,COIN.NYSE-4-HOUR-LAST-EXTERNAL
2023-02-01 15:55:00,58.009998,58.04,57.570098,57.599998,108652.0,COIN.NYSE-4-HOUR-LAST-EXTERNAL
2023-02-01 19:55:00,61.810001,62.009998,61.319999,61.814998,584215.0,COIN.NYSE-4-HOUR-LAST-EXTERNAL
2023-02-01 21:00:00,65.699996,65.699996,65.699996,65.699996,779119.0,COIN.NYSE-4-HOUR-LAST-EXTERNAL
2023-02-02 15:55:00,79.699996,79.989997,78.830001,79.650001,641225.0,COIN.NYSE-4-HOUR-LAST-EXTERNAL
2023-02-02 19:55:00,78.035003,78.099998,77.139999,77.379997,457130.0,COIN.NYSE-4-HOUR-LAST-EXTERNAL
2023-02-02 21:00:00,81.459999,81.459999,81.459999,81.459999,1374701.0,COIN.NYSE-4-HOUR-LAST-EXTERNAL
2023-02-03 15:55:00,86.075996,86.075996,84.610099,84.980003,647807.0,COIN.NYSE-4-HOUR-LAST-EXTERNAL
2023-02-03 19:55:00,76.489997,76.650001,75.79,76.04,250281.0,COIN.NYSE-4-HOUR-LAST-EXTERNAL
2023-02-03 21:00:00,74.629997,74.629997,74.629997,74.629997,877340.0,COIN.NYSE-4-HOUR-LAST-EXTERNAL
2023-02-06 15:55:00,72.269996,72.839996,72.029998,72.715301,239952.0,COIN.NYSE-4-HOUR-LAST-EXTERNAL
2023-02-06 19:55:00,73.419998,73.9999,73.419998,73.840797,162066.0,COIN.NYSE-4-HOUR-LAST-EXTERNAL
2023-02-06 21:00:00,74.589996,74.589996,74.589996,74.589996,363111.0,COIN.NYSE-4-HOUR-LAST-EXTERNAL
2023-02-07 15:55:00,69.980003,70.04,69.0,69.349998,266907.0,COIN.NYSE-4-HOUR-LAST-EXTERNAL
2023-02-07 19:55:00,70.400001,70.480003,70.059997,70.305,105020.0,COIN.NYSE-4-HOUR-LAST-EXTERNAL
2023-02-07 21:00:00,71.419998,71.419998,71.419998,71.419998,500340.0,COIN.NYSE-4-HOUR-LAST-EXTERNAL
2023-02-08 15:55:00,70.980003,71.146003,70.410003,70.410003,174140.0,COIN.NYSE-4-HOUR-LAST-EXTERNAL
2023-02-08 19:55:00,69.809997,70.220001,69.730003,70.083503,67295.0,COIN.NYSE-4-HOUR-LAST-EXTERNAL
2023-02-08 21:00:00,69.440002,69.440002,69.440002,69.440002,284488.0,COIN.NYSE-4-HOUR-LAST-EXTERNAL
2023-02-09 15:55:00,63.375,64.050003,63.209999,63.944999,248291.0,COIN.NYSE-4-HOUR-LAST-EXTERNAL
2023-02-09 19:55:00,60.729999,60.7998,60.354999,60.7998,232342.0,COIN.NYSE-4-HOUR-LAST-EXTERNAL
2023-02-09 21:00:00,59.630001,59.630001,59.630001,59.630001,673361.0,COIN.NYSE-4-HOUR-LAST-EXTERNAL
2023-02-10 15:55:00,58.2,58.470001,57.86,58.45,189447.0,COIN.NYSE-4-HOUR-LAST-EXTERNAL
2023-02-10 19:55:00,56.95,57.0625,56.711299,56.994998,189258.0,COIN.NYSE-4-HOUR-LAST-EXTERNAL
2023-02-10 21:00:00,57.09,57.09,57.09,57.09,372800.0,COIN.NYSE-4-HOUR-LAST-EXTERNAL
2023-02-13 15:55:00,54.961399,55.630001,54.961399,55.299999,236534.0,COIN.NYSE-4-HOUR-LAST-EXTERNAL
2023-02-13 19:55:00,55.965,56.049999,55.479999,55.581001,254605.0,COIN.NYSE-4-HOUR-LAST-EXTERNAL
2023-02-13 21:00:00,56.400001,56.400001,56.400001,56.400001,414146.0,COIN.NYSE-4-HOUR-LAST-EXTERNAL
2023-02-14 15:55:00,56.884998,57.650001,56.561798,57.584999,313935.0,COIN.NYSE-4-HOUR-LAST-EXTERNAL
2023-02-14 19:55:00,58.490398,58.580001,58.2,58.217601,228441.0,COIN.NYSE-4-HOUR-LAST-EXTERNAL
2023-02-14 21:00:00,59.029998,59.029998,59.029998,59.029998,422816.0,COIN.NYSE-4-HOUR-LAST-EXTERNAL
2023-02-15 15:55:00,64.800003,65.121398,64.599998,64.730003,259121.0,COIN.NYSE-4-HOUR-LAST-EXTERNAL
2023-02-15 19:55:00,66.964996,67.160003,66.690002,66.900001,204282.0,COIN.NYSE-4-HOUR-LAST-EXTERNAL
2023-02-15 21:00:00,69.339996,69.339996,69.339996,69.339996,876467.0,COIN.NYSE-4-HOUR-LAST-EXTERNAL
2023-02-16 15:55:00,70.639999,70.8292,69.700103,70.800003,554759.0,COIN.NYSE-4-HOUR-LAST-EXTERNAL
2023-02-16 19:55:00,67.900001,68.069999,67.309997,67.359497,162964.0,COIN.NYSE-4-HOUR-LAST-EXTERNAL
2023-02-16 21:00:00,65.589996,65.589996,65.589996,65.589996,476835.0,COIN.NYSE-4-HOUR-LAST-EXTERNAL
2023-02-17 15:55:00,64.3693,64.569999,64.0,64.120002,197975.0,COIN.NYSE-4-HOUR-LAST-EXTERNAL
2023-02-17 19:55:00,64.080001,64.639999,63.729999,63.963001,384025.0,COIN.NYSE-4-HOUR-LAST-EXTERNAL
2023-02-17 21:00:00,65.199996,65.199996,65.199996,65.199996,670357.0,COIN.NYSE-4-HOUR-LAST-EXTERNAL
2023-02-21 15:55:00,64.709999,64.819999,64.6968,64.720001,20455.0,COIN.NYSE-4-HOUR-LAST-EXTERNAL
2023-02-21 19:55:00,62.956298,63.060001,62.550998,62.810001,123003.0,COIN.NYSE-4-HOUR-LAST-EXTERNAL
2023-02-21 21:00:00,62.069999,62.069999,62.069999,62.069999,924729.0,COIN.NYSE-4-HOUR-LAST-EXTERNAL
2023-02-22 15:55:00,61.3437,62.119998,61.240001,61.610099,260357.0,COIN.NYSE-4-HOUR-LAST-EXTERNAL
2023-02-22 19:55:00,59.069999,59.084999,58.52,58.599899,189526.0,COIN.NYSE-4-HOUR-LAST-EXTERNAL
2023-02-22 21:00:00,61.18,61.18,61.18,61.18,669568.0,COIN.NYSE-4-HOUR-LAST-EXTERNAL
2023-02-23 15:55:00,61.189998,61.45,61.04,61.259998,205620.0,COIN.NYSE-4-HOUR-LAST-EXTERNAL
2023-02-23 19:55:00,61.959999,61.997798,61.7,61.939998,99094.0,COIN.NYSE-4-HOUR-LAST-EXTERNAL
2023-02-23 21:00:00,62.36,62.36,62.36,62.36,353420.0,COIN.NYSE-4-HOUR-LAST-EXTERNAL
2023-02-24 15:55:00,59.125,59.259998,58.779998,58.830001,161933.0,COIN.NYSE-4-HOUR-LAST-EXTERNAL
2023-02-24 19:55:00,57.509998,57.86,57.36,57.84,184588.0,COIN.NYSE-4-HOUR-LAST-EXTERNAL
2023-02-24 21:00:00,58.439998,58.439998,58.439998,58.439998,504580.0,COIN.NYSE-4-HOUR-LAST-EXTERNAL
2023-02-27 15:55:00,59.02,59.314998,58.799999,59.25,121691.0,COIN.NYSE-4-HOUR-LAST-EXTERNAL
2023-02-27 19:55:00,59.049999,59.209999,58.986499,59.071498,57222.0,COIN.NYSE-4-HOUR-LAST-EXTERNAL
2023-02-27 21:00:00,58.959999,58.959999,58.959999,58.959999,300152.0,COIN.NYSE-4-HOUR-LAST-EXTERNAL
2023-02-28 15:55:00,62.959999,63.5,62.720001,63.305,270541.0,COIN.NYSE-4-HOUR-LAST-EXTERNAL
2023-02-28 19:55:00,66.700996,66.720001,66.240501,66.264297,303392.0,COIN.NYSE-4-HOUR-LAST-EXTERNAL
2023-02-28 21:00:00,64.830001,64.830001,64.830001,64.830001,459508.0,COIN.NYSE-4-HOUR-LAST-EXTERNAL
2023-03-01 15:55:00,64.61,64.772697,64.059997,64.190002,203030.0,COIN.NYSE-4-HOUR-LAST-EXTERNAL
2023-03-01 19:55:00,63.419998,63.5,63.243099,63.400001,106525.0,COIN.NYSE-4-HOUR-LAST-EXTERNAL
2023-03-01 21:00:00,64.669998,64.669998,64.669998,64.669998,368595.0,COIN.NYSE-4-HOUR-LAST-EXTERNAL
2023-03-02 15:55:00,59.549999,59.7443,59.389198,59.584999,231819.0,COIN.NYSE-4-HOUR-LAST-EXTERNAL
2023-03-02 19:55:00,62.77,63.0499,62.736598,62.875,110866.0,COIN.NYSE-4-HOUR-LAST-EXTERNAL
2023-03-02 21:00:00,63.7,63.7,63.7,63.7,386840.0,COIN.NYSE-4-HOUR-LAST-EXTERNAL
2023-03-03 15:55:00,62.540901,63.095001,62.540901,62.86,139081.0,COIN.NYSE-4-HOUR-LAST-EXTERNAL
2023-03-03 19:55:00,65.057899,65.129997,64.900001,64.949996,115447.0,COIN.NYSE-4-HOUR-LAST-EXTERNAL
2023-03-03 21:00:00,64.510002,64.510002,64.510002,64.510002,292084.0,COIN.NYSE-4-HOUR-LAST-EXTERNAL
2023-03-06 15:55:00,68.699996,68.93,67.959999,68.349998,421675.0,COIN.NYSE-4-HOUR-LAST-EXTERNAL
2023-03-06 19:55:00,63.909999,63.990001,63.419998,63.479999,185531.0,COIN.NYSE-4-HOUR-LAST-EXTERNAL
2023-03-06 21:00:00,62.77,62.77,62.77,62.77,706279.0,COIN.NYSE-4-HOUR-LAST-EXTERNAL
2023-03-07 15:55:00,61.865001,62.2,61.7695,61.880001,284898.0,COIN.NYSE-4-HOUR-LAST-EXTERNAL
2023-03-07 19:55:00,61.718399,61.819999,61.529998,61.799999,116183.0,COIN.NYSE-4-HOUR-LAST-EXTERNAL
2023-03-07 21:00:00,61.889999,61.889999,61.889999,61.889999,377330.0,COIN.NYSE-4-HOUR-LAST-EXTERNAL
2023-03-08 15:55:00,64.949996,65.18,64.650001,64.797203,304754.0,COIN.NYSE-4-HOUR-LAST-EXTERNAL
2023-03-08 19:55:00,62.470001,62.5363,62.34,62.380001,95015.0,COIN.NYSE-4-HOUR-LAST-EXTERNAL
2023-03-08 21:00:00,63.009998,63.009998,63.009998,63.009998,373480.0,COIN.NYSE-4-HOUR-LAST-EXTERNAL
2023-03-09 15:55:00,62.330001,62.330001,61.75,62.049999,149623.0,COIN.NYSE-4-HOUR-LAST-EXTERNAL
2023-03-09 19:55:00,58.209999,58.29,58.02,58.119998,85941.0,COIN.NYSE-4-HOUR-LAST-EXTERNAL
2023-03-09 21:00:00,58.09,58.09,58.09,58.09,589960.0,COIN.NYSE-4-HOUR-LAST-EXTERNAL
2023-03-10 15:55:00,53.069999,54.189998,53.049999,54.083099,547850.0,COIN.NYSE-4-HOUR-LAST-EXTERNAL
2023-03-10 19:55:00,53.45,53.599998,53.140899,53.36,247628.0,COIN.NYSE-4-HOUR-LAST-EXTERNAL
2023-03-10 21:00:00,53.439998,53.439998,53.439998,53.439998,519847.0,COIN.NYSE-4-HOUR-LAST-EXTERNAL
2023-03-13 15:55:00,59.84,60.84,59.4305,60.6114,504569.0,COIN.NYSE-4-HOUR-LAST-EXTERNAL
2023-03-13 19:55:00,59.189998,59.299999,59.0,59.148998,432326.0,COIN.NYSE-4-HOUR-LAST-EXTERNAL
2023-03-14 15:55:00,63.95,64.339996,63.919998,64.120002,150501.0,COIN.NYSE-4-HOUR-LAST-EXTERNAL
2023-03-14 19:55:00,62.189998,62.79,62.04,62.696601,630862.0,COIN.NYSE-4-HOUR-LAST-EXTERNAL
2023-03-15 15:55:00,64.005699,64.18,63.799999,64.036903,182839.0,COIN.NYSE-4-HOUR-LAST-EXTERNAL
2023-03-15 19:55:00,64.220001,64.61,64.135002,64.54,432143.0,COIN.NYSE-4-HOUR-LAST-EXTERNAL
2023-03-16 15:55:00,65.830001,66.599998,65.725303,66.070098,423282.0,COIN.NYSE-4-HOUR-LAST-EXTERNAL
2023-03-16 19:55:00,67.769996,68.190002,67.709999,67.769996,431831.0,COIN.NYSE-4-HOUR-LAST-EXTERNAL
2023-03-17 15:55:00,72.720001,73.029998,72.560096,72.800003,365611.0,COIN.NYSE-4-HOUR-LAST-EXTERNAL
2023-03-17 19:55:00,75.099998,75.470001,74.910003,74.944999,1038385.0,COIN.NYSE-4-HOUR-LAST-EXTERNAL
2023-03-20 15:55:00,75.019996,75.224998,74.699996,74.959999,191093.0,COIN.NYSE-4-HOUR-LAST-EXTERNAL
2023-03-20 19:55:00,75.050003,75.389999,75.014999,75.080001,371873.0,COIN.NYSE-4-HOUR-LAST-EXTERNAL
2023-03-21 15:55:00,79.800003,80.449996,79.75,80.11,374266.0,COIN.NYSE-4-HOUR-LAST-EXTERNAL
2023-03-21 19:55:00,84.139999,84.220001,83.75,84.080001,670942.0,COIN.NYSE-4-HOUR-LAST-EXTERNAL
2023-03-22 15:55:00,83.800003,83.824996,83.459999,83.529998,110943.0,COIN.NYSE-4-HOUR-LAST-EXTERNAL
2023-03-22 19:55:00,77.25,77.519996,76.959999,77.160003,651379.0,COIN.NYSE-4-HOUR-LAST-EXTERNAL
2023-03-23 15:55:00,69.36,69.449996,68.5,68.5,296837.0,COIN.NYSE-4-HOUR-LAST-EXTERNAL
2023-03-23 19:55:00,66.779998,66.819999,66.25,66.29,799072.0,COIN.NYSE-4-HOUR-LAST-EXTERNAL
2023-03-24 15:55:00,67.660003,68.309997,67.610099,67.890098,243750.0,COIN.NYSE-4-HOUR-LAST-EXTERNAL
2023-03-24 19:55:00,67.79,67.859901,67.559997,67.830001,506056.0,COIN.NYSE-4-HOUR-LAST-EXTERNAL
2023-03-27 15:55:00,61.099998,61.150001,60.7,60.740001,504858.0,COIN.NYSE-4-HOUR-LAST-EXTERNAL
2023-03-27 19:55:00,62.560001,62.639999,62.069999,62.549999,622882.0,COIN.NYSE-4-HOUR-LAST-EXTERNAL
2023-03-28 15:55:00,63.550098,63.728,63.43,63.661098,109932.0,COIN.NYSE-4-HOUR-LAST-EXTERNAL
2023-03-28 19:55:00,62.959999,63.1599,62.915,63.009998,246333.0,COIN.NYSE-4-HOUR-LAST-EXTERNAL
2023-03-29 15:55:00,65.889999,65.929901,65.400001,65.654998,197366.0,COIN.NYSE-4-HOUR-LAST-EXTERNAL
2023-03-29 19:55:00,65.334999,65.349998,65.150001,65.300003,366814.0,COIN.NYSE-4-HOUR-LAST-EXTERNAL
2023-03-30 15:55:00,65.095001,65.289596,64.980003,65.080001,92722.0,COIN.NYSE-4-HOUR-LAST-EXTERNAL
2023-03-30 19:55:00,64.194999,64.25,64.059997,64.120002,306194.0,COIN.NYSE-4-HOUR-LAST-EXTERNAL
2023-03-31 15:55:00,66.75,66.949996,66.589996,66.720001,253590.0,COIN.NYSE-4-HOUR-LAST-EXTERNAL
2023-03-31 19:55:00,67.569999,67.75,67.489997,67.580001,577966.0,COIN.NYSE-4-HOUR-LAST-EXTERNAL
2023-04-03 15:55:00,62.965,63.3455,62.965,63.25,120612.0,COIN.NYSE-4-HOUR-LAST-EXTERNAL
2023-04-03 19:55:00,63.59,63.889999,63.580001,63.630001,400045.0,COIN.NYSE-4-HOUR-LAST-EXTERNAL
2023-04-04 15:55:00,61.889999,62.0,61.740001,61.740001,89582.0,COIN.NYSE-4-HOUR-LAST-EXTERNAL
2023-04-04 19:55:00,62.380001,62.54,62.365001,62.54,365630.0,COIN.NYSE-4-HOUR-LAST-EXTERNAL
2023-04-05 15:55:00,60.012001,60.279998,60.0,60.240001,59844.0,COIN.NYSE-4-HOUR-LAST-EXTERNAL
2023-04-05 19:55:00,60.959999,61.0,60.75,60.764999,328736.0,COIN.NYSE-4-HOUR-LAST-EXTERNAL
2023-04-06 15:55:00,61.834999,62.02,61.740001,61.838298,93484.0,COIN.NYSE-4-HOUR-LAST-EXTERNAL
2023-04-06 19:55:00,61.549999,61.59,61.400001,61.409999,706534.0,COIN.NYSE-4-HOUR-LAST-EXTERNAL
2023-04-10 15:55:00,62.099998,62.099998,61.886199,61.95,60822.0,COIN.NYSE-4-HOUR-LAST-EXTERNAL
2023-04-10 19:55:00,65.989997,66.190002,65.907897,66.139999,491506.0,COIN.NYSE-4-HOUR-LAST-EXTERNAL
2023-04-11 15:55:00,71.480003,71.489997,71.099998,71.1986,88366.0,COIN.NYSE-4-HOUR-LAST-EXTERNAL
2023-04-11 19:55:00,70.019996,70.230003,69.890098,70.139999,615959.0,COIN.NYSE-4-HOUR-LAST-EXTERNAL
2023-04-12 15:55:00,67.940101,68.419998,67.914901,68.370002,155858.0,COIN.NYSE-4-HOUR-LAST-EXTERNAL
2023-04-12 19:55:00,67.79,67.86,67.629997,67.800003,361059.0,COIN.NYSE-4-HOUR-LAST-EXTERNAL
2023-04-13 15:55:00,71.25,71.914199,71.199996,71.794998,183489.0,COIN.NYSE-4-HOUR-LAST-EXTERNAL
2023-04-13 19:55:00,68.849998,69.105003,68.830001,68.949996,388127.0,COIN.NYSE-4-HOUR-LAST-EXTERNAL
2023-04-14 15:55:00,68.665,68.799896,68.519996,68.760002,58083.0,COIN.NYSE-4-HOUR-LAST-EXTERNAL
2023-04-14 19:55:00,69.970001,70.0,69.760002,69.870002,416187.0,COIN.NYSE-4-HOUR-LAST-EXTERNAL
2023-04-17 15:55:00,65.830101,65.940002,65.75,65.760002,65247.0,COIN.NYSE-4-HOUR-LAST-EXTERNAL
2023-04-17 19:55:00,67.639999,67.739997,67.525001,67.690002,281142.0,COIN.NYSE-4-HOUR-LAST-EXTERNAL
2023-04-18 15:55:00,67.998199,68.029998,67.800003,68.0,66272.0,COIN.NYSE-4-HOUR-LAST-EXTERNAL
2023-04-18 19:55:00,67.425003,67.489997,67.209999,67.275001,252435.0,COIN.NYSE-4-HOUR-LAST-EXTERNAL
2023-04-19 15:55:00,64.709999,64.939002,64.690002,64.75,64201.0,COIN.NYSE-4-HOUR-LAST-EXTERNAL
2023-04-19 19:55:00,64.440002,64.61,64.419998,64.459999,272623.0,COIN.NYSE-4-HOUR-LAST-EXTERNAL
2023-04-20 15:55:00,63.439998,63.5,63.169998,63.205898,113013.0,COIN.NYSE-4-HOUR-LAST-EXTERNAL
2023-04-20 19:55:00,60.319999,60.569099,60.310001,60.490001,427012.0,COIN.NYSE-4-HOUR-LAST-EXTERNAL
2023-04-21 15:55:00,59.979999,60.369998,59.959999,60.29,78589.0,COIN.NYSE-4-HOUR-LAST-EXTERNAL
2023-04-21 19:55:00,58.970001,59.1515,58.909999,59.080001,590815.0,COIN.NYSE-4-HOUR-LAST-EXTERNAL
2023-04-24 15:55:00,54.682998,54.810001,54.584999,54.759899,147368.0,COIN.NYSE-4-HOUR-LAST-EXTERNAL
2023-04-24 19:55:00,54.689998,54.784999,54.662899,54.740001,533381.0,COIN.NYSE-4-HOUR-LAST-EXTERNAL
2023-04-25 15:55:00,54.34,54.43,54.189998,54.259998,80227.0,COIN.NYSE-4-HOUR-LAST-EXTERNAL
2023-04-25 19:55:00,55.665,55.689998,55.490001,55.52,381297.0,COIN.NYSE-4-HOUR-LAST-EXTERNAL
2023-04-26 15:55:00,57.470001,57.740001,57.43,57.650001,74506.0,COIN.NYSE-4-HOUR-LAST-EXTERNAL
2023-04-26 19:55:00,53.86,54.009998,53.849998,53.86,525068.0,COIN.NYSE-4-HOUR-LAST-EXTERNAL
