2022-01-03 15:55:00,10.789999,10.789999,10.744999,10.75,66258.0,COTY.NYSE-4-HOUR-LAST-EXTERNAL
2022-01-03 19:55:00,10.675,10.68,10.67,10.68,12632.0,COTY.NYSE-4-HOUR-LAST-EXTERNAL
2022-01-03 21:00:00,10.659999,10.659999,10.659999,10.659999,418319.0,COTY.NYSE-4-HOUR-LAST-EXTERNAL
2022-01-04 15:55:00,10.595,10.595,10.533599,10.555,66072.0,COTY.NYSE-4-HOUR-LAST-EXTERNAL
2022-01-04 19:55:00,10.574999,10.609999,10.574999,10.604999,26403.0,COTY.NYSE-4-HOUR-LAST-EXTERNAL
2022-01-04 21:00:00,10.6,10.6,10.6,10.6,296877.0,COTY.NYSE-4-HOUR-LAST-EXTERNAL
2022-01-05 15:55:00,10.484999,10.494999,10.454999,10.454999,33576.0,COTY.NYSE-4-HOUR-LAST-EXTERNAL
2022-01-05 19:55:00,10.319999,10.34,10.319999,10.335,93855.0,COTY.NYSE-4-HOUR-LAST-EXTERNAL
2022-01-05 21:00:00,10.27,10.27,10.27,10.27,841873.0,COTY.NYSE-4-HOUR-LAST-EXTERNAL
2022-01-06 15:55:00,10.295,10.329,10.279999,10.3,80307.0,COTY.NYSE-4-HOUR-LAST-EXTERNAL
2022-01-06 19:55:00,10.289999,10.3,10.284999,10.289999,10974.0,COTY.NYSE-4-HOUR-LAST-EXTERNAL
2022-01-06 21:00:00,10.21,10.21,10.21,10.21,273030.0,COTY.NYSE-4-HOUR-LAST-EXTERNAL
2022-01-07 15:55:00,10.110099,10.147999,10.109999,10.13,24298.0,COTY.NYSE-4-HOUR-LAST-EXTERNAL
2022-01-07 19:55:00,10.125,10.13,10.119999,10.125,9682.0,COTY.NYSE-4-HOUR-LAST-EXTERNAL
2022-01-07 21:00:00,10.039999,10.039999,10.039999,10.039999,703714.0,COTY.NYSE-4-HOUR-LAST-EXTERNAL
2022-01-10 15:55:00,9.425,9.425,9.38,9.399999,192453.0,COTY.NYSE-4-HOUR-LAST-EXTERNAL
2022-01-10 19:55:00,9.395,9.409999,9.39,9.395,55597.0,COTY.NYSE-4-HOUR-LAST-EXTERNAL
2022-01-10 21:00:00,9.479999,9.479999,9.479999,9.479999,453463.0,COTY.NYSE-4-HOUR-LAST-EXTERNAL
2022-01-11 15:55:00,9.39,9.399999,9.375,9.39,280439.0,COTY.NYSE-4-HOUR-LAST-EXTERNAL
2022-01-11 19:55:00,9.739999,9.76,9.71,9.71,71921.0,COTY.NYSE-4-HOUR-LAST-EXTERNAL
2022-01-11 21:00:00,9.649999,9.649999,9.649999,9.649999,658193.0,COTY.NYSE-4-HOUR-LAST-EXTERNAL
2022-01-12 15:55:00,9.55,9.569999,9.539999,9.55,231275.0,COTY.NYSE-4-HOUR-LAST-EXTERNAL
2022-01-12 19:55:00,9.539999,9.539999,9.5,9.515,400009.0,COTY.NYSE-4-HOUR-LAST-EXTERNAL
2022-01-12 21:00:00,9.439999,9.439999,9.439999,9.439999,5689541.0,COTY.NYSE-4-HOUR-LAST-EXTERNAL
2022-01-13 15:55:00,9.385,9.42,9.38,9.38,167183.0,COTY.NYSE-4-HOUR-LAST-EXTERNAL
2022-01-13 19:55:00,9.364999,9.375,9.359999,9.364999,100656.0,COTY.NYSE-4-HOUR-LAST-EXTERNAL
2022-01-13 21:00:00,9.289999,9.289999,9.289999,9.289999,536384.0,COTY.NYSE-4-HOUR-LAST-EXTERNAL
2022-01-14 15:55:00,8.96,8.979999,8.944999,8.961999,40802.0,COTY.NYSE-4-HOUR-LAST-EXTERNAL
2022-01-14 19:55:00,8.875,8.88,8.85,8.85,26186.0,COTY.NYSE-4-HOUR-LAST-EXTERNAL
2022-01-14 21:00:00,8.93,8.93,8.93,8.93,377144.0,COTY.NYSE-4-HOUR-LAST-EXTERNAL
2022-01-18 15:55:00,8.755,8.765,8.739999,8.755,40069.0,COTY.NYSE-4-HOUR-LAST-EXTERNAL
2022-01-18 19:55:00,8.734999,8.734999,8.72,8.7221,51621.0,COTY.NYSE-4-HOUR-LAST-EXTERNAL
2022-01-18 21:00:00,8.64,8.64,8.64,8.64,569297.0,COTY.NYSE-4-HOUR-LAST-EXTERNAL
2022-01-19 15:55:00,8.675,8.704999,8.67,8.685,62692.0,COTY.NYSE-4-HOUR-LAST-EXTERNAL
2022-01-19 19:55:00,8.654999,8.68,8.645,8.649999,51711.0,COTY.NYSE-4-HOUR-LAST-EXTERNAL
2022-01-19 21:00:00,8.59,8.59,8.59,8.59,872420.0,COTY.NYSE-4-HOUR-LAST-EXTERNAL
2022-01-20 15:55:00,8.779999,8.939999,8.77,8.939999,785023.0,COTY.NYSE-4-HOUR-LAST-EXTERNAL
2022-01-20 19:55:00,8.84,8.854999,8.81,8.814999,175145.0,COTY.NYSE-4-HOUR-LAST-EXTERNAL
2022-01-20 21:00:00,8.64,8.64,8.64,8.64,682136.0,COTY.NYSE-4-HOUR-LAST-EXTERNAL
2022-01-21 15:55:00,8.699999,8.71,8.660099,8.6863,121626.0,COTY.NYSE-4-HOUR-LAST-EXTERNAL
2022-01-21 19:55:00,8.43,8.439999,8.409999,8.414999,54208.0,COTY.NYSE-4-HOUR-LAST-EXTERNAL
2022-01-21 21:00:00,8.39,8.39,8.39,8.39,628056.0,COTY.NYSE-4-HOUR-LAST-EXTERNAL
2022-01-24 15:55:00,8.024999,8.079999,8.0,8.039999,895188.0,COTY.NYSE-4-HOUR-LAST-EXTERNAL
2022-01-24 19:55:00,8.189999,8.229999,8.17,8.225,61839.0,COTY.NYSE-4-HOUR-LAST-EXTERNAL
2022-01-24 21:00:00,8.43,8.43,8.43,8.43,650166.0,COTY.NYSE-4-HOUR-LAST-EXTERNAL
2022-01-25 15:55:00,8.359999,8.359999,8.319999,8.329999,105035.0,COTY.NYSE-4-HOUR-LAST-EXTERNAL
2022-01-25 19:55:00,8.52,8.55,8.515,8.539999,41954.0,COTY.NYSE-4-HOUR-LAST-EXTERNAL
2022-01-25 21:00:00,8.39,8.39,8.39,8.39,364702.0,COTY.NYSE-4-HOUR-LAST-EXTERNAL
2022-01-26 15:55:00,8.46,8.479999,8.444999,8.465,47634.0,COTY.NYSE-4-HOUR-LAST-EXTERNAL
2022-01-26 19:55:00,8.425,8.43,8.38,8.39,129746.0,COTY.NYSE-4-HOUR-LAST-EXTERNAL
2022-01-26 21:00:00,8.319999,8.319999,8.319999,8.319999,766387.0,COTY.NYSE-4-HOUR-LAST-EXTERNAL
2022-01-27 15:55:00,8.34,8.359999,8.34,8.354999,44828.0,COTY.NYSE-4-HOUR-LAST-EXTERNAL
2022-01-27 19:55:00,8.085,8.104999,8.069999,8.1,99527.0,COTY.NYSE-4-HOUR-LAST-EXTERNAL
2022-01-27 21:00:00,8.069999,8.069999,8.069999,8.069999,614847.0,COTY.NYSE-4-HOUR-LAST-EXTERNAL
2022-01-28 15:55:00,7.809999,7.869999,7.8,7.869999,104344.0,COTY.NYSE-4-HOUR-LAST-EXTERNAL
2022-01-28 19:55:00,7.96,7.989999,7.96,7.985,66594.0,COTY.NYSE-4-HOUR-LAST-EXTERNAL
2022-01-28 21:00:00,8.13,8.13,8.13,8.13,710751.0,COTY.NYSE-4-HOUR-LAST-EXTERNAL
2022-01-31 15:55:00,8.274999,8.279999,8.26,8.274999,75974.0,COTY.NYSE-4-HOUR-LAST-EXTERNAL
2022-01-31 19:55:00,8.42,8.425,8.39,8.404999,96259.0,COTY.NYSE-4-HOUR-LAST-EXTERNAL
2022-01-31 21:00:00,8.479999,8.479999,8.479999,8.479999,412844.0,COTY.NYSE-4-HOUR-LAST-EXTERNAL
2022-02-01 15:55:00,8.545,8.6,8.545,8.595,42704.0,COTY.NYSE-4-HOUR-LAST-EXTERNAL
2022-02-01 19:55:00,8.545,8.55,8.534999,8.545,50980.0,COTY.NYSE-4-HOUR-LAST-EXTERNAL
2022-02-01 21:00:00,8.569999,8.569999,8.569999,8.569999,541273.0,COTY.NYSE-4-HOUR-LAST-EXTERNAL
2022-02-02 15:55:00,8.47,8.494999,8.4638,8.489999,75245.0,COTY.NYSE-4-HOUR-LAST-EXTERNAL
2022-02-02 19:55:00,8.529999,8.529999,8.515,8.52,90006.0,COTY.NYSE-4-HOUR-LAST-EXTERNAL
2022-02-02 21:00:00,8.51,8.51,8.51,8.51,600355.0,COTY.NYSE-4-HOUR-LAST-EXTERNAL
2022-02-03 15:55:00,8.675,8.694999,8.664999,8.685,100159.0,COTY.NYSE-4-HOUR-LAST-EXTERNAL
2022-02-03 19:55:00,8.39,8.425,8.385,8.414999,86461.0,COTY.NYSE-4-HOUR-LAST-EXTERNAL
2022-02-03 21:00:00,8.399999,8.399999,8.399999,8.399999,1213918.0,COTY.NYSE-4-HOUR-LAST-EXTERNAL
2022-02-04 15:55:00,8.335,8.34,8.31,8.31,51831.0,COTY.NYSE-4-HOUR-LAST-EXTERNAL
2022-02-04 19:55:00,8.494999,8.494999,8.475,8.489999,66433.0,COTY.NYSE-4-HOUR-LAST-EXTERNAL
2022-02-04 21:00:00,8.47,8.47,8.47,8.47,605777.0,COTY.NYSE-4-HOUR-LAST-EXTERNAL
2022-02-07 15:55:00,8.534999,8.55,8.529999,8.534999,83708.0,COTY.NYSE-4-HOUR-LAST-EXTERNAL
2022-02-07 19:55:00,8.659999,8.68,8.649999,8.654999,312754.0,COTY.NYSE-4-HOUR-LAST-EXTERNAL
2022-02-07 21:00:00,8.579999,8.579999,8.579999,8.579999,1226404.0,COTY.NYSE-4-HOUR-LAST-EXTERNAL
2022-02-08 15:55:00,9.074999,9.09,8.984999,9.069999,623691.0,COTY.NYSE-4-HOUR-LAST-EXTERNAL
2022-02-08 19:55:00,9.159999,9.175,9.125,9.13,313943.0,COTY.NYSE-4-HOUR-LAST-EXTERNAL
2022-02-08 21:00:00,9.27,9.27,9.27,9.27,1395280.0,COTY.NYSE-4-HOUR-LAST-EXTERNAL
2022-02-09 15:55:00,9.504699,9.5256,9.5,9.515,87117.0,COTY.NYSE-4-HOUR-LAST-EXTERNAL
2022-02-09 19:55:00,9.585,9.59,9.564999,9.574999,105576.0,COTY.NYSE-4-HOUR-LAST-EXTERNAL
2022-02-09 21:00:00,9.63,9.63,9.63,9.63,841011.0,COTY.NYSE-4-HOUR-LAST-EXTERNAL
2022-02-10 15:55:00,9.914999,9.97,9.88,9.965,254284.0,COTY.NYSE-4-HOUR-LAST-EXTERNAL
2022-02-10 19:55:00,9.654999,9.699999,9.645,9.699999,163748.0,COTY.NYSE-4-HOUR-LAST-EXTERNAL
2022-02-10 21:00:00,9.64,9.64,9.64,9.64,729906.0,COTY.NYSE-4-HOUR-LAST-EXTERNAL
2022-02-11 15:55:00,9.729999,9.729999,9.71,9.725,27583.0,COTY.NYSE-4-HOUR-LAST-EXTERNAL
2022-02-11 19:55:00,9.25,9.3,9.25,9.289999,110731.0,COTY.NYSE-4-HOUR-LAST-EXTERNAL
2022-02-11 21:00:00,9.319999,9.319999,9.319999,9.319999,435157.0,COTY.NYSE-4-HOUR-LAST-EXTERNAL
2022-02-14 15:55:00,9.13,9.154999,9.1,9.114999,50032.0,COTY.NYSE-4-HOUR-LAST-EXTERNAL
2022-02-14 19:55:00,9.215,9.229999,9.204999,9.22,47199.0,COTY.NYSE-4-HOUR-LAST-EXTERNAL
2022-02-14 21:00:00,9.199999,9.199999,9.199999,9.199999,347439.0,COTY.NYSE-4-HOUR-LAST-EXTERNAL
2022-02-15 15:55:00,9.3,9.314999,9.274999,9.289999,43724.0,COTY.NYSE-4-HOUR-LAST-EXTERNAL
2022-02-15 19:55:00,9.47,9.479999,9.449999,9.454999,71736.0,COTY.NYSE-4-HOUR-LAST-EXTERNAL
2022-02-15 21:00:00,9.46,9.46,9.46,9.46,228102.0,COTY.NYSE-4-HOUR-LAST-EXTERNAL
2022-02-16 15:55:00,9.475,9.484999,9.46,9.465,20228.0,COTY.NYSE-4-HOUR-LAST-EXTERNAL
2022-02-16 19:55:00,9.435,9.456199,9.435,9.454999,14643.0,COTY.NYSE-4-HOUR-LAST-EXTERNAL
2022-02-16 21:00:00,9.479999,9.479999,9.479999,9.479999,202021.0,COTY.NYSE-4-HOUR-LAST-EXTERNAL
2022-02-17 15:55:00,9.43,9.449999,9.425,9.449999,24036.0,COTY.NYSE-4-HOUR-LAST-EXTERNAL
2022-02-17 19:55:00,9.274999,9.279999,9.265,9.265,22960.0,COTY.NYSE-4-HOUR-LAST-EXTERNAL
2022-02-17 21:00:00,9.279999,9.279999,9.279999,9.279999,328898.0,COTY.NYSE-4-HOUR-LAST-EXTERNAL
2022-02-18 15:55:00,9.244999,9.255,9.229999,9.234999,77027.0,COTY.NYSE-4-HOUR-LAST-EXTERNAL
2022-02-18 19:55:00,9.244999,9.279999,9.239999,9.274999,140357.0,COTY.NYSE-4-HOUR-LAST-EXTERNAL
2022-02-18 21:00:00,9.17,9.17,9.17,9.17,750204.0,COTY.NYSE-4-HOUR-LAST-EXTERNAL
2022-02-22 15:55:00,8.994999,8.994999,8.96,8.96,202374.0,COTY.NYSE-4-HOUR-LAST-EXTERNAL
2022-02-22 19:55:00,8.975,9.01,8.975,8.984999,75438.0,COTY.NYSE-4-HOUR-LAST-EXTERNAL
2022-02-22 21:00:00,8.859999,8.859999,8.859999,8.859999,459049.0,COTY.NYSE-4-HOUR-LAST-EXTERNAL
2022-02-23 15:55:00,8.805,8.84,8.795,8.819999,55909.0,COTY.NYSE-4-HOUR-LAST-EXTERNAL
2022-02-23 19:55:00,8.774999,8.789999,8.77,8.774999,38448.0,COTY.NYSE-4-HOUR-LAST-EXTERNAL
2022-02-23 21:00:00,8.68,8.68,8.68,8.68,332495.0,COTY.NYSE-4-HOUR-LAST-EXTERNAL
2022-02-24 15:55:00,8.399999,8.42,8.375,8.39,116669.0,COTY.NYSE-4-HOUR-LAST-EXTERNAL
2022-02-24 19:55:00,8.715,8.715,8.685,8.715,88390.0,COTY.NYSE-4-HOUR-LAST-EXTERNAL
2022-02-24 21:00:00,8.81,8.81,8.81,8.81,407902.0,COTY.NYSE-4-HOUR-LAST-EXTERNAL
2022-02-25 15:55:00,8.989999,9.01,8.965,8.979999,53562.0,COTY.NYSE-4-HOUR-LAST-EXTERNAL
2022-02-25 19:55:00,9.104999,9.13,9.1,9.109999,46067.0,COTY.NYSE-4-HOUR-LAST-EXTERNAL
2022-02-25 21:00:00,9.13,9.13,9.13,9.13,365796.0,COTY.NYSE-4-HOUR-LAST-EXTERNAL
2022-02-28 15:55:00,9.17,9.185,9.149999,9.175,119573.0,COTY.NYSE-4-HOUR-LAST-EXTERNAL
2022-02-28 19:55:00,9.135,9.17,9.135,9.154999,63867.0,COTY.NYSE-4-HOUR-LAST-EXTERNAL
2022-02-28 21:00:00,9.17,9.17,9.17,9.17,490953.0,COTY.NYSE-4-HOUR-LAST-EXTERNAL
2022-03-01 15:55:00,9.09,9.09,9.06,9.09,22586.0,COTY.NYSE-4-HOUR-LAST-EXTERNAL
2022-03-01 19:55:00,9.0,9.015,8.984999,8.994999,50733.0,COTY.NYSE-4-HOUR-LAST-EXTERNAL
2022-03-01 21:00:00,8.989999,8.989999,8.989999,8.989999,714549.0,COTY.NYSE-4-HOUR-LAST-EXTERNAL
2022-03-02 15:55:00,9.0,9.029999,9.0,9.024999,27961.0,COTY.NYSE-4-HOUR-LAST-EXTERNAL
2022-03-02 19:55:00,9.109999,9.13,9.095,9.104999,45410.0,COTY.NYSE-4-HOUR-LAST-EXTERNAL
2022-03-02 21:00:00,9.17,9.17,9.17,9.17,837685.0,COTY.NYSE-4-HOUR-LAST-EXTERNAL
2022-03-03 15:55:00,8.914999,8.92,8.895,8.904999,108633.0,COTY.NYSE-4-HOUR-LAST-EXTERNAL
2022-03-03 19:55:00,8.854999,8.859999,8.85,8.859999,44064.0,COTY.NYSE-4-HOUR-LAST-EXTERNAL
2022-03-03 21:00:00,8.77,8.77,8.77,8.77,615740.0,COTY.NYSE-4-HOUR-LAST-EXTERNAL
2022-03-04 15:55:00,8.31,8.319999,8.25,8.2558,95978.0,COTY.NYSE-4-HOUR-LAST-EXTERNAL
2022-03-04 19:55:00,8.034999,8.09,8.024999,8.045,281498.0,COTY.NYSE-4-HOUR-LAST-EXTERNAL
2022-03-04 21:00:00,8.119999,8.119999,8.119999,8.119999,1578028.0,COTY.NYSE-4-HOUR-LAST-EXTERNAL
2022-03-07 15:55:00,7.875,7.894999,7.86,7.875,127107.0,COTY.NYSE-4-HOUR-LAST-EXTERNAL
2022-03-07 19:55:00,7.414999,7.429999,7.405,7.414999,67791.0,COTY.NYSE-4-HOUR-LAST-EXTERNAL
2022-03-07 21:00:00,7.349999,7.349999,7.349999,7.349999,675975.0,COTY.NYSE-4-HOUR-LAST-EXTERNAL
2022-03-08 15:55:00,7.574999,7.585,7.539999,7.565,184460.0,COTY.NYSE-4-HOUR-LAST-EXTERNAL
2022-03-08 19:55:00,7.82,7.829999,7.78,7.82,152844.0,COTY.NYSE-4-HOUR-LAST-EXTERNAL
2022-03-08 21:00:00,7.659999,7.659999,7.659999,7.659999,722247.0,COTY.NYSE-4-HOUR-LAST-EXTERNAL
2022-03-09 15:55:00,8.22,8.255,8.21,8.244999,83732.0,COTY.NYSE-4-HOUR-LAST-EXTERNAL
2022-03-09 19:55:00,8.149999,8.17,8.145,8.149999,120534.0,COTY.NYSE-4-HOUR-LAST-EXTERNAL
2022-03-09 21:00:00,8.069999,8.069999,8.069999,8.069999,587489.0,COTY.NYSE-4-HOUR-LAST-EXTERNAL
2022-03-10 15:55:00,7.96,7.968999,7.929999,7.947,182160.0,COTY.NYSE-4-HOUR-LAST-EXTERNAL
2022-03-10 19:55:00,8.109999,8.114999,8.1,8.1076,68091.0,COTY.NYSE-4-HOUR-LAST-EXTERNAL
2022-03-10 21:00:00,8.1,8.1,8.1,8.1,416326.0,COTY.NYSE-4-HOUR-LAST-EXTERNAL
2022-03-11 15:55:00,8.25,8.289999,8.25,8.289999,58557.0,COTY.NYSE-4-HOUR-LAST-EXTERNAL
2022-03-11 19:55:00,8.25,8.255,8.239999,8.244999,67147.0,COTY.NYSE-4-HOUR-LAST-EXTERNAL
2022-03-11 21:00:00,8.21,8.21,8.21,8.21,891734.0,COTY.NYSE-4-HOUR-LAST-EXTERNAL
2022-03-14 15:55:00,7.98,8.0,7.96,8.0,71471.0,COTY.NYSE-4-HOUR-LAST-EXTERNAL
2022-03-14 19:55:00,7.965,7.989999,7.96,7.969999,611422.0,COTY.NYSE-4-HOUR-LAST-EXTERNAL
2022-03-15 15:55:00,8.42,8.43,8.34,8.359999,90274.0,COTY.NYSE-4-HOUR-LAST-EXTERNAL
2022-03-15 19:55:00,8.43,8.46,8.425,8.4504,720932.0,COTY.NYSE-4-HOUR-LAST-EXTERNAL
2022-03-16 15:55:00,8.904999,8.925,8.899999,8.914999,99243.0,COTY.NYSE-4-HOUR-LAST-EXTERNAL
2022-03-16 19:55:00,8.909999,8.949999,8.909999,8.93,643188.0,COTY.NYSE-4-HOUR-LAST-EXTERNAL
2022-03-17 15:55:00,8.84,8.85,8.84,8.845,9947.0,COTY.NYSE-4-HOUR-LAST-EXTERNAL
2022-03-17 19:55:00,8.914999,8.93,8.899999,8.899999,959132.0,COTY.NYSE-4-HOUR-LAST-EXTERNAL
2022-03-18 15:55:00,8.979999,8.996199,8.975,8.989999,33893.0,COTY.NYSE-4-HOUR-LAST-EXTERNAL
2022-03-18 19:55:00,9.074999,9.09,9.05,9.05,553842.0,COTY.NYSE-4-HOUR-LAST-EXTERNAL
2022-03-21 15:55:00,8.85,8.875,8.85,8.854999,24835.0,COTY.NYSE-4-HOUR-LAST-EXTERNAL
2022-03-21 19:55:00,8.829999,8.88,8.829999,8.88,701745.0,COTY.NYSE-4-HOUR-LAST-EXTERNAL
2022-03-22 15:55:00,9.069999,9.079999,9.06,9.06,8280.0,COTY.NYSE-4-HOUR-LAST-EXTERNAL
2022-03-22 19:55:00,8.994999,8.994999,8.979999,8.989999,181204.0,COTY.NYSE-4-HOUR-LAST-EXTERNAL
2022-03-23 15:55:00,8.859999,8.859999,8.845,8.859999,19043.0,COTY.NYSE-4-HOUR-LAST-EXTERNAL
2022-03-23 19:55:00,8.765,8.77,8.729999,8.739999,251575.0,COTY.NYSE-4-HOUR-LAST-EXTERNAL
2022-03-24 15:55:00,8.829999,8.829999,8.819999,8.824999,3803.0,COTY.NYSE-4-HOUR-LAST-EXTERNAL
2022-03-24 19:55:00,8.795,8.819999,8.789999,8.819999,223333.0,COTY.NYSE-4-HOUR-LAST-EXTERNAL
2022-03-25 15:55:00,8.88,8.89,8.869999,8.885,88919.0,COTY.NYSE-4-HOUR-LAST-EXTERNAL
2022-03-25 19:55:00,8.92,8.93,8.92,8.92,239893.0,COTY.NYSE-4-HOUR-LAST-EXTERNAL
2022-03-28 15:55:00,8.765,8.765,8.751,8.755,24613.0,COTY.NYSE-4-HOUR-LAST-EXTERNAL
2022-03-28 19:55:00,9.015,9.05,9.01,9.05,358136.0,COTY.NYSE-4-HOUR-LAST-EXTERNAL
2022-03-29 15:55:00,9.435,9.449999,9.435,9.439999,23917.0,COTY.NYSE-4-HOUR-LAST-EXTERNAL
2022-03-29 19:55:00,9.414999,9.43,9.409999,9.43,286687.0,COTY.NYSE-4-HOUR-LAST-EXTERNAL
2022-03-30 15:55:00,9.069999,9.079999,9.069999,9.074999,18255.0,COTY.NYSE-4-HOUR-LAST-EXTERNAL
2022-03-30 19:55:00,9.029999,9.05,9.023799,9.05,236682.0,COTY.NYSE-4-HOUR-LAST-EXTERNAL
2022-03-31 15:55:00,8.973199,8.989999,8.965,8.984999,24100.0,COTY.NYSE-4-HOUR-LAST-EXTERNAL
2022-03-31 19:55:00,9.034999,9.039999,8.989999,9.0,908669.0,COTY.NYSE-4-HOUR-LAST-EXTERNAL
2022-04-01 15:55:00,8.935,8.9375,8.909999,8.93,30501.0,COTY.NYSE-4-HOUR-LAST-EXTERNAL
2022-04-01 19:55:00,8.954999,8.979999,8.949999,8.979999,573947.0,COTY.NYSE-4-HOUR-LAST-EXTERNAL
2022-04-04 15:55:00,9.0,9.02,8.994999,9.015,47633.0,COTY.NYSE-4-HOUR-LAST-EXTERNAL
2022-04-04 19:55:00,9.02,9.029999,9.01,9.029999,381859.0,COTY.NYSE-4-HOUR-LAST-EXTERNAL
2022-04-05 15:55:00,8.81,8.819999,8.8,8.805,31926.0,COTY.NYSE-4-HOUR-LAST-EXTERNAL
2022-04-05 19:55:00,8.819999,8.819999,8.789999,8.789999,604385.0,COTY.NYSE-4-HOUR-LAST-EXTERNAL
2022-04-06 15:55:00,8.55,8.55,8.515,8.5177,62266.0,COTY.NYSE-4-HOUR-LAST-EXTERNAL
2022-04-06 19:55:00,8.63,8.649999,8.619999,8.64,532830.0,COTY.NYSE-4-HOUR-LAST-EXTERNAL
2022-04-07 15:55:00,8.364999,8.369999,8.35,8.35,39878.0,COTY.NYSE-4-HOUR-LAST-EXTERNAL
2022-04-07 19:55:00,8.534999,8.55,8.52,8.52,564057.0,COTY.NYSE-4-HOUR-LAST-EXTERNAL
2022-04-08 15:55:00,8.574999,8.59,8.569999,8.574999,45526.0,COTY.NYSE-4-HOUR-LAST-EXTERNAL
2022-04-08 19:55:00,8.574999,8.6,8.574999,8.6,278382.0,COTY.NYSE-4-HOUR-LAST-EXTERNAL
2022-04-11 15:55:00,8.824999,8.824999,8.81,8.824999,21636.0,COTY.NYSE-4-HOUR-LAST-EXTERNAL
2022-04-11 19:55:00,8.694999,8.71,8.689999,8.689999,364167.0,COTY.NYSE-4-HOUR-LAST-EXTERNAL
2022-04-12 15:55:00,8.649999,8.649999,8.635,8.635,9376.0,COTY.NYSE-4-HOUR-LAST-EXTERNAL
2022-04-12 19:55:00,8.505,8.529999,8.5,8.52,347882.0,COTY.NYSE-4-HOUR-LAST-EXTERNAL
2022-04-13 15:55:00,8.729999,8.729999,8.71,8.715,22543.0,COTY.NYSE-4-HOUR-LAST-EXTERNAL
2022-04-13 19:55:00,8.755,8.77,8.755,8.76,176402.0,COTY.NYSE-4-HOUR-LAST-EXTERNAL
2022-04-14 15:55:00,8.744999,8.744999,8.725,8.725,12835.0,COTY.NYSE-4-HOUR-LAST-EXTERNAL
2022-04-14 19:55:00,8.595,8.604999,8.56,8.569999,452700.0,COTY.NYSE-4-HOUR-LAST-EXTERNAL
2022-04-18 15:55:00,8.335,8.354999,8.335,8.345,39184.0,COTY.NYSE-4-HOUR-LAST-EXTERNAL
2022-04-18 19:55:00,8.274999,8.31,8.27,8.31,399443.0,COTY.NYSE-4-HOUR-LAST-EXTERNAL
2022-04-19 15:55:00,8.56,8.56,8.545,8.545,69258.0,COTY.NYSE-4-HOUR-LAST-EXTERNAL
2022-04-19 19:55:00,8.595,8.6,8.579999,8.6,628348.0,COTY.NYSE-4-HOUR-LAST-EXTERNAL
2022-04-20 15:55:00,8.854999,8.864999,8.84,8.845,68827.0,COTY.NYSE-4-HOUR-LAST-EXTERNAL
2022-04-20 19:55:00,8.645,8.645,8.609999,8.609999,835613.0,COTY.NYSE-4-HOUR-LAST-EXTERNAL
2022-04-21 15:55:00,8.484999,8.489999,8.46,8.46,15928.0,COTY.NYSE-4-HOUR-LAST-EXTERNAL
2022-04-21 19:55:00,8.25,8.279999,8.25,8.279999,605736.0,COTY.NYSE-4-HOUR-LAST-EXTERNAL
2022-04-22 15:55:00,8.135,8.154999,8.135,8.14,43128.0,COTY.NYSE-4-HOUR-LAST-EXTERNAL
2022-04-22 19:55:00,8.085,8.09,8.06,8.069999,419098.0,COTY.NYSE-4-HOUR-LAST-EXTERNAL
2022-04-25 15:55:00,8.029999,8.055,8.024999,8.055,29737.0,COTY.NYSE-4-HOUR-LAST-EXTERNAL
2022-04-25 19:55:00,8.255,8.27,8.234999,8.26,361558.0,COTY.NYSE-4-HOUR-LAST-EXTERNAL
2022-04-26 15:55:00,8.024999,8.024999,7.994999,8.0,65491.0,COTY.NYSE-4-HOUR-LAST-EXTERNAL
2022-04-26 19:55:00,8.034999,8.05,8.02,8.02,304403.0,COTY.NYSE-4-HOUR-LAST-EXTERNAL
2022-04-27 15:55:00,8.05,8.09,8.05,8.09,50466.0,COTY.NYSE-4-HOUR-LAST-EXTERNAL
2022-04-27 19:55:00,8.069999,8.079999,8.06,8.06,176214.0,COTY.NYSE-4-HOUR-LAST-EXTERNAL
2022-04-28 15:55:00,8.005,8.005,7.985,8.005,22061.0,COTY.NYSE-4-HOUR-LAST-EXTERNAL
2022-04-28 19:55:00,8.229999,8.25,8.229999,8.25,247298.0,COTY.NYSE-4-HOUR-LAST-EXTERNAL
2022-04-29 15:55:00,8.324999,8.324999,8.31,8.314999,10971.0,COTY.NYSE-4-HOUR-LAST-EXTERNAL
2022-04-29 19:55:00,8.104999,8.119999,8.1,8.1,354905.0,COTY.NYSE-4-HOUR-LAST-EXTERNAL
2022-05-02 15:55:00,7.889999,7.889999,7.864999,7.889999,93414.0,COTY.NYSE-4-HOUR-LAST-EXTERNAL
2022-05-02 19:55:00,8.01,8.029999,8.0,8.02,534079.0,COTY.NYSE-4-HOUR-LAST-EXTERNAL
2022-05-03 15:55:00,7.809999,7.829999,7.8,7.829999,40844.0,COTY.NYSE-4-HOUR-LAST-EXTERNAL
2022-05-03 19:55:00,7.905,7.909999,7.88,7.88,655809.0,COTY.NYSE-4-HOUR-LAST-EXTERNAL
2022-05-04 15:55:00,7.614999,7.619999,7.585,7.594999,101962.0,COTY.NYSE-4-HOUR-LAST-EXTERNAL
2022-05-04 19:55:00,7.784999,7.8,7.769999,7.769999,1045742.0,COTY.NYSE-4-HOUR-LAST-EXTERNAL
2022-05-05 15:55:00,7.494999,7.519999,7.489999,7.51,67286.0,COTY.NYSE-4-HOUR-LAST-EXTERNAL
2022-05-05 19:55:00,7.414999,7.429999,7.405,7.409999,1012342.0,COTY.NYSE-4-HOUR-LAST-EXTERNAL
2022-05-06 15:55:00,7.275,7.295,7.25,7.25,40579.0,COTY.NYSE-4-HOUR-LAST-EXTERNAL
2022-05-06 19:55:00,7.235,7.28,7.219999,7.275,833755.0,COTY.NYSE-4-HOUR-LAST-EXTERNAL
2022-05-09 15:55:00,6.844999,6.875,6.829999,6.829999,684176.0,COTY.NYSE-4-HOUR-LAST-EXTERNAL
2022-05-09 19:55:00,6.739999,6.764999,6.73,6.739999,1287914.0,COTY.NYSE-4-HOUR-LAST-EXTERNAL
2022-05-10 15:55:00,6.125,6.159999,6.085,6.144999,134505.0,COTY.NYSE-4-HOUR-LAST-EXTERNAL
2022-05-10 19:55:00,6.271999,6.309999,6.269999,6.3,689304.0,COTY.NYSE-4-HOUR-LAST-EXTERNAL
2022-05-11 15:55:00,6.324999,6.355,6.32,6.34,162022.0,COTY.NYSE-4-HOUR-LAST-EXTERNAL
2022-05-11 19:55:00,6.204999,6.21,6.199999,6.204999,773731.0,COTY.NYSE-4-HOUR-LAST-EXTERNAL
2022-05-12 15:55:00,6.34,6.34,6.289999,6.3,129805.0,COTY.NYSE-4-HOUR-LAST-EXTERNAL
2022-05-12 19:55:00,6.284999,6.32,6.28,6.309999,676870.0,COTY.NYSE-4-HOUR-LAST-EXTERNAL
2022-05-13 15:55:00,6.675,6.679999,6.655,6.675,95735.0,COTY.NYSE-4-HOUR-LAST-EXTERNAL
2022-05-13 19:55:00,6.574999,6.579999,6.57,6.579999,376189.0,COTY.NYSE-4-HOUR-LAST-EXTERNAL
2022-05-16 15:55:00,6.369999,6.389999,6.369999,6.369999,44277.0,COTY.NYSE-4-HOUR-LAST-EXTERNAL
2022-05-16 19:55:00,6.264999,6.269999,6.25,6.26,484094.0,COTY.NYSE-4-HOUR-LAST-EXTERNAL
2022-05-17 15:55:00,6.53,6.539999,6.519999,6.519999,55708.0,COTY.NYSE-4-HOUR-LAST-EXTERNAL
2022-05-17 19:55:00,6.579999,6.579999,6.559999,6.57,503316.0,COTY.NYSE-4-HOUR-LAST-EXTERNAL
2022-05-18 15:55:00,6.409999,6.42,6.389999,6.394999,28332.0,COTY.NYSE-4-HOUR-LAST-EXTERNAL
2022-05-18 19:55:00,6.125,6.139999,6.119999,6.135,897140.0,COTY.NYSE-4-HOUR-LAST-EXTERNAL
2022-05-19 15:55:00,6.465,6.465,6.44,6.445,27294.0,COTY.NYSE-4-HOUR-LAST-EXTERNAL
2022-05-19 19:55:00,6.369999,6.389999,6.349999,6.389999,963650.0,COTY.NYSE-4-HOUR-LAST-EXTERNAL
2022-05-20 15:55:00,6.219999,6.23,6.21,6.21,30822.0,COTY.NYSE-4-HOUR-LAST-EXTERNAL
2022-05-20 19:55:00,6.255,6.269999,6.239999,6.264999,644274.0,COTY.NYSE-4-HOUR-LAST-EXTERNAL
2022-05-23 15:55:00,6.289999,6.289999,6.269999,6.275,27071.0,COTY.NYSE-4-HOUR-LAST-EXTERNAL
2022-05-23 19:55:00,6.275,6.309999,6.269999,6.309999,367542.0,COTY.NYSE-4-HOUR-LAST-EXTERNAL
2022-05-24 15:55:00,6.03,6.054999,6.03,6.045,115405.0,COTY.NYSE-4-HOUR-LAST-EXTERNAL
2022-05-24 19:55:00,5.989999,6.0,5.98,5.991,583326.0,COTY.NYSE-4-HOUR-LAST-EXTERNAL
2022-05-25 15:55:00,6.215,6.219999,6.199999,6.199999,25962.0,COTY.NYSE-4-HOUR-LAST-EXTERNAL
2022-05-25 19:55:00,6.2609,6.269999,6.255,6.26,357268.0,COTY.NYSE-4-HOUR-LAST-EXTERNAL
2022-05-26 15:55:00,6.57,6.625,6.57,6.605,366106.0,COTY.NYSE-4-HOUR-LAST-EXTERNAL
2022-05-26 19:55:00,6.69,6.69,6.67,6.675,526871.0,COTY.NYSE-4-HOUR-LAST-EXTERNAL
2022-05-27 15:55:00,7.005,7.01,7.0,7.01,23258.0,COTY.NYSE-4-HOUR-LAST-EXTERNAL
2022-05-27 19:55:00,7.074999,7.09,7.059999,7.09,815307.0,COTY.NYSE-4-HOUR-LAST-EXTERNAL
2022-05-31 15:55:00,7.085,7.105,7.070099,7.0882,124071.0,COTY.NYSE-4-HOUR-LAST-EXTERNAL
2022-05-31 19:55:00,7.085,7.099999,7.079999,7.09,669401.0,COTY.NYSE-4-HOUR-LAST-EXTERNAL
2022-06-01 15:55:00,6.934999,6.949999,6.909999,6.914999,50528.0,COTY.NYSE-4-HOUR-LAST-EXTERNAL
2022-06-01 19:55:00,7.039999,7.05,7.019999,7.03,395314.0,COTY.NYSE-4-HOUR-LAST-EXTERNAL
2022-06-02 15:55:00,7.164999,7.17,7.131899,7.135,41459.0,COTY.NYSE-4-HOUR-LAST-EXTERNAL
2022-06-02 19:55:00,7.239999,7.269999,7.235,7.269999,291126.0,COTY.NYSE-4-HOUR-LAST-EXTERNAL
2022-06-03 15:55:00,7.179999,7.199999,7.179999,7.195,28079.0,COTY.NYSE-4-HOUR-LAST-EXTERNAL
2022-06-03 19:55:00,7.26,7.269999,7.255,7.26,369299.0,COTY.NYSE-4-HOUR-LAST-EXTERNAL
2022-06-06 15:55:00,7.26,7.264999,7.255,7.26,13324.0,COTY.NYSE-4-HOUR-LAST-EXTERNAL
2022-06-06 19:55:00,7.255,7.26,7.239999,7.25,372452.0,COTY.NYSE-4-HOUR-LAST-EXTERNAL
2022-06-07 15:55:00,7.309999,7.32,7.304999,7.32,6947.0,COTY.NYSE-4-HOUR-LAST-EXTERNAL
2022-06-07 19:55:00,7.34,7.36,7.34,7.36,312594.0,COTY.NYSE-4-HOUR-LAST-EXTERNAL
2022-06-08 15:55:00,7.26,7.28,7.26,7.275,9625.0,COTY.NYSE-4-HOUR-LAST-EXTERNAL
2022-06-08 19:55:00,7.195,7.21,7.19,7.19,239941.0,COTY.NYSE-4-HOUR-LAST-EXTERNAL
2022-06-09 15:55:00,7.07,7.079999,7.059999,7.074999,12335.0,COTY.NYSE-4-HOUR-LAST-EXTERNAL
2022-06-09 19:55:00,6.98,6.989999,6.96,6.969999,317164.0,COTY.NYSE-4-HOUR-LAST-EXTERNAL
2022-06-10 15:55:00,6.929999,6.965,6.925,6.96,77040.0,COTY.NYSE-4-HOUR-LAST-EXTERNAL
2022-06-10 19:55:00,7.094999,7.099999,7.039999,7.039999,800714.0,COTY.NYSE-4-HOUR-LAST-EXTERNAL
2022-06-13 15:55:00,6.585,6.599999,6.579999,6.594999,144794.0,COTY.NYSE-4-HOUR-LAST-EXTERNAL
2022-06-13 19:55:00,6.594999,6.599999,6.57,6.579999,780954.0,COTY.NYSE-4-HOUR-LAST-EXTERNAL
2022-06-14 15:55:00,6.96,6.98,6.949999,6.974999,55485.0,COTY.NYSE-4-HOUR-LAST-EXTERNAL
2022-06-14 19:55:00,6.914999,6.929999,6.909999,6.92,553162.0,COTY.NYSE-4-HOUR-LAST-EXTERNAL
2022-06-15 15:55:00,7.329999,7.36,7.320099,7.355,208381.0,COTY.NYSE-4-HOUR-LAST-EXTERNAL
2022-06-15 19:55:00,7.335,7.34,7.28,7.289999,828946.0,COTY.NYSE-4-HOUR-LAST-EXTERNAL
2022-06-16 15:55:00,6.894999,6.919,6.892,6.909999,43015.0,COTY.NYSE-4-HOUR-LAST-EXTERNAL
2022-06-16 19:55:00,6.7599,6.784999,6.75,6.78,711620.0,COTY.NYSE-4-HOUR-LAST-EXTERNAL
2022-06-17 15:55:00,6.974999,6.985,6.969999,6.98,54505.0,COTY.NYSE-4-HOUR-LAST-EXTERNAL
2022-06-17 19:55:00,7.039999,7.05,7.03,7.05,586360.0,COTY.NYSE-4-HOUR-LAST-EXTERNAL
2022-06-21 15:55:00,7.244999,7.25,7.235,7.235,58087.0,COTY.NYSE-4-HOUR-LAST-EXTERNAL
2022-06-21 19:55:00,7.405,7.4099,7.36,7.375,568502.0,COTY.NYSE-4-HOUR-LAST-EXTERNAL
2022-06-22 15:55:00,7.389999,7.389999,7.369999,7.369999,72711.0,COTY.NYSE-4-HOUR-LAST-EXTERNAL
2022-06-22 19:55:00,7.445,7.445,7.409999,7.409999,422290.0,COTY.NYSE-4-HOUR-LAST-EXTERNAL
2022-06-23 15:55:00,7.46,7.46,7.429999,7.443099,89040.0,COTY.NYSE-4-HOUR-LAST-EXTERNAL
2022-06-23 19:55:00,7.5,7.51,7.5,7.51,247427.0,COTY.NYSE-4-HOUR-LAST-EXTERNAL
2022-06-24 15:55:00,7.999899,8.0,7.98,7.989999,67115.0,COTY.NYSE-4-HOUR-LAST-EXTERNAL
2022-06-24 19:55:00,8.045,8.05,8.039999,8.05,555476.0,COTY.NYSE-4-HOUR-LAST-EXTERNAL
2022-06-27 15:55:00,8.034999,8.079999,8.034999,8.079999,114079.0,COTY.NYSE-4-HOUR-LAST-EXTERNAL
2022-06-27 19:55:00,8.109999,8.14,8.109999,8.14,466031.0,COTY.NYSE-4-HOUR-LAST-EXTERNAL
2022-06-28 15:55:00,8.1,8.109999,8.09,8.09,50037.0,COTY.NYSE-4-HOUR-LAST-EXTERNAL
2022-06-28 19:55:00,7.969999,8.0,7.96,7.989999,630295.0,COTY.NYSE-4-HOUR-LAST-EXTERNAL
2022-06-29 15:55:00,7.92,7.92,7.869999,7.88,139000.0,COTY.NYSE-4-HOUR-LAST-EXTERNAL
2022-06-29 19:55:00,7.844999,7.849999,7.835,7.849999,549686.0,COTY.NYSE-4-HOUR-LAST-EXTERNAL
2022-06-30 15:55:00,7.965,7.98,7.96,7.98,333806.0,COTY.NYSE-4-HOUR-LAST-EXTERNAL
2022-06-30 19:55:00,7.98,8.02,7.98,8.02,989882.0,COTY.NYSE-4-HOUR-LAST-EXTERNAL
2022-07-01 15:55:00,7.815,7.844999,7.809999,7.824999,66086.0,COTY.NYSE-4-HOUR-LAST-EXTERNAL
2022-07-01 19:55:00,7.764999,7.78,7.76,7.769999,631038.0,COTY.NYSE-4-HOUR-LAST-EXTERNAL
2022-07-05 15:55:00,7.88,7.889999,7.869999,7.889999,43317.0,COTY.NYSE-4-HOUR-LAST-EXTERNAL
2022-07-05 19:55:00,7.98,7.989999,7.969999,7.989999,632733.0,COTY.NYSE-4-HOUR-LAST-EXTERNAL
2022-07-06 15:55:00,7.78,7.7901,7.764999,7.775,65901.0,COTY.NYSE-4-HOUR-LAST-EXTERNAL
2022-07-06 19:55:00,7.769999,7.809999,7.769999,7.809999,500001.0,COTY.NYSE-4-HOUR-LAST-EXTERNAL
2022-07-07 15:55:00,7.889999,7.9,7.88,7.889999,34651.0,COTY.NYSE-4-HOUR-LAST-EXTERNAL
2022-07-07 19:55:00,7.905,7.905,7.885,7.894999,356716.0,COTY.NYSE-4-HOUR-LAST-EXTERNAL
2022-07-08 15:55:00,7.75,7.769999,7.75,7.769999,15098.0,COTY.NYSE-4-HOUR-LAST-EXTERNAL
2022-07-08 19:55:00,7.679999,7.699999,7.67,7.69,485693.0,COTY.NYSE-4-HOUR-LAST-EXTERNAL
2022-07-11 15:55:00,7.579999,7.594999,7.579999,7.59,40729.0,COTY.NYSE-4-HOUR-LAST-EXTERNAL
2022-07-11 19:55:00,7.454999,7.489999,7.449999,7.489999,342380.0,COTY.NYSE-4-HOUR-LAST-EXTERNAL
2022-07-12 15:55:00,7.599999,7.599999,7.574999,7.5896,192773.0,COTY.NYSE-4-HOUR-LAST-EXTERNAL
2022-07-12 19:55:00,7.534999,7.539999,7.53,7.53,216494.0,COTY.NYSE-4-HOUR-LAST-EXTERNAL
2022-07-13 15:55:00,7.454999,7.46,7.449999,7.454999,7378.0,COTY.NYSE-4-HOUR-LAST-EXTERNAL
2022-07-13 19:55:00,7.409999,7.42,7.4,7.42,591634.0,COTY.NYSE-4-HOUR-LAST-EXTERNAL
2022-07-14 15:55:00,7.164999,7.17,7.139999,7.144999,174673.0,COTY.NYSE-4-HOUR-LAST-EXTERNAL
2022-07-14 19:55:00,7.09,7.099999,7.065,7.079999,1232746.0,COTY.NYSE-4-HOUR-LAST-EXTERNAL
2022-07-15 15:55:00,7.244999,7.26,7.239999,7.255,11464.0,COTY.NYSE-4-HOUR-LAST-EXTERNAL
2022-07-15 19:55:00,7.3,7.3,7.289999,7.3,331217.0,COTY.NYSE-4-HOUR-LAST-EXTERNAL
2022-07-18 15:55:00,7.574999,7.585,7.57,7.574999,34316.0,COTY.NYSE-4-HOUR-LAST-EXTERNAL
2022-07-18 19:55:00,7.304999,7.32,7.3,7.3,275375.0,COTY.NYSE-4-HOUR-LAST-EXTERNAL
2022-07-19 15:55:00,7.619999,7.625,7.61,7.625,29371.0,COTY.NYSE-4-HOUR-LAST-EXTERNAL
2022-07-19 19:55:00,7.639999,7.639999,7.63,7.635,136514.0,COTY.NYSE-4-HOUR-LAST-EXTERNAL
2022-07-20 15:55:00,7.67,7.699999,7.664999,7.684999,50416.0,COTY.NYSE-4-HOUR-LAST-EXTERNAL
2022-07-20 19:55:00,7.849999,7.849999,7.82,7.82,410355.0,COTY.NYSE-4-HOUR-LAST-EXTERNAL
2022-07-21 15:55:00,7.815,7.824999,7.809999,7.815,25052.0,COTY.NYSE-4-HOUR-LAST-EXTERNAL
2022-07-21 19:55:00,7.994999,8.01,7.989999,7.989999,418363.0,COTY.NYSE-4-HOUR-LAST-EXTERNAL
2022-07-22 15:55:00,7.9,7.9,7.885,7.889999,20451.0,COTY.NYSE-4-HOUR-LAST-EXTERNAL
2022-07-22 19:55:00,7.8,7.82,7.789999,7.8,384336.0,COTY.NYSE-4-HOUR-LAST-EXTERNAL
2022-07-25 15:55:00,7.844999,7.855,7.84,7.844999,26032.0,COTY.NYSE-4-HOUR-LAST-EXTERNAL
2022-07-25 19:55:00,7.824999,7.84,7.82,7.829999,266642.0,COTY.NYSE-4-HOUR-LAST-EXTERNAL
2022-07-26 15:55:00,7.61,7.619999,7.599999,7.605,24605.0,COTY.NYSE-4-HOUR-LAST-EXTERNAL
2022-07-26 19:55:00,7.55,7.559999,7.545,7.554999,283200.0,COTY.NYSE-4-HOUR-LAST-EXTERNAL
2022-07-27 15:55:00,7.574999,7.59,7.57,7.579999,12168.0,COTY.NYSE-4-HOUR-LAST-EXTERNAL
2022-07-27 19:55:00,7.704999,7.719999,7.699999,7.71,332351.0,COTY.NYSE-4-HOUR-LAST-EXTERNAL
2022-07-28 15:55:00,7.65,7.659999,7.639999,7.644999,33914.0,COTY.NYSE-4-HOUR-LAST-EXTERNAL
2022-07-28 19:55:00,7.735,7.75,7.73,7.739999,309872.0,COTY.NYSE-4-HOUR-LAST-EXTERNAL
2022-07-29 15:55:00,7.489999,7.489999,7.46,7.465,182667.0,COTY.NYSE-4-HOUR-LAST-EXTERNAL
2022-07-29 19:55:00,7.32,7.329999,7.309999,7.32,1001554.0,COTY.NYSE-4-HOUR-LAST-EXTERNAL
2022-08-01 15:55:00,7.474999,7.474999,7.44,7.454999,111940.0,COTY.NYSE-4-HOUR-LAST-EXTERNAL
2022-08-01 19:55:00,7.3,7.349999,7.3,7.335,583919.0,COTY.NYSE-4-HOUR-LAST-EXTERNAL
2022-08-02 15:55:00,7.489999,7.489999,7.474999,7.485,39624.0,COTY.NYSE-4-HOUR-LAST-EXTERNAL
2022-08-02 19:55:00,7.425,7.44,7.4,7.409999,301209.0,COTY.NYSE-4-HOUR-LAST-EXTERNAL
2022-08-03 15:55:00,7.4,7.409999,7.394999,7.405,45719.0,COTY.NYSE-4-HOUR-LAST-EXTERNAL
2022-08-03 19:55:00,7.474999,7.48,7.469999,7.469999,192701.0,COTY.NYSE-4-HOUR-LAST-EXTERNAL
2022-08-04 15:55:00,7.539999,7.545,7.519999,7.53,27075.0,COTY.NYSE-4-HOUR-LAST-EXTERNAL
2022-08-04 19:55:00,7.519999,7.53,7.51,7.525,234676.0,COTY.NYSE-4-HOUR-LAST-EXTERNAL
2022-08-05 15:55:00,7.485,7.489999,7.469999,7.474999,12746.0,COTY.NYSE-4-HOUR-LAST-EXTERNAL
2022-08-05 19:55:00,7.525,7.53,7.51,7.514999,189070.0,COTY.NYSE-4-HOUR-LAST-EXTERNAL
2022-08-08 15:55:00,7.675,7.69,7.67,7.684999,21134.0,COTY.NYSE-4-HOUR-LAST-EXTERNAL
2022-08-08 19:55:00,7.559999,7.57,7.554999,7.57,282819.0,COTY.NYSE-4-HOUR-LAST-EXTERNAL
2022-08-09 15:55:00,7.32,7.3204,7.3,7.304999,55515.0,COTY.NYSE-4-HOUR-LAST-EXTERNAL
2022-08-09 19:55:00,7.264999,7.2898,7.26,7.28,465841.0,COTY.NYSE-4-HOUR-LAST-EXTERNAL
2022-08-10 15:55:00,7.454999,7.459499,7.449999,7.449999,21395.0,COTY.NYSE-4-HOUR-LAST-EXTERNAL
2022-08-10 19:55:00,7.449999,7.469999,7.44,7.445,642636.0,COTY.NYSE-4-HOUR-LAST-EXTERNAL
2022-08-11 15:55:00,7.485,7.489999,7.474999,7.474999,12222.0,COTY.NYSE-4-HOUR-LAST-EXTERNAL
2022-08-11 19:55:00,7.454999,7.46,7.42,7.429999,506982.0,COTY.NYSE-4-HOUR-LAST-EXTERNAL
2022-08-12 15:55:00,7.539999,7.559999,7.53,7.534999,43237.0,COTY.NYSE-4-HOUR-LAST-EXTERNAL
2022-08-12 19:55:00,7.625,7.67,7.619999,7.65,762235.0,COTY.NYSE-4-HOUR-LAST-EXTERNAL
2022-08-15 15:55:00,7.71,7.715,7.69,7.704999,59244.0,COTY.NYSE-4-HOUR-LAST-EXTERNAL
2022-08-15 19:55:00,7.815,7.82,7.809999,7.815,236751.0,COTY.NYSE-4-HOUR-LAST-EXTERNAL
2022-08-16 15:55:00,7.875,7.889999,7.869999,7.88,23605.0,COTY.NYSE-4-HOUR-LAST-EXTERNAL
2022-08-16 19:55:00,7.855,7.86,7.84,7.86,320806.0,COTY.NYSE-4-HOUR-LAST-EXTERNAL
2022-08-17 15:55:00,7.699999,7.71,7.699999,7.704999,7972.0,COTY.NYSE-4-HOUR-LAST-EXTERNAL
2022-08-17 19:55:00,7.82,7.82,7.8,7.8,167619.0,COTY.NYSE-4-HOUR-LAST-EXTERNAL
2022-08-18 15:55:00,7.889999,7.9,7.88,7.894999,38266.0,COTY.NYSE-4-HOUR-LAST-EXTERNAL
2022-08-18 19:55:00,7.820199,7.829999,7.809999,7.82,240785.0,COTY.NYSE-4-HOUR-LAST-EXTERNAL
2022-08-19 15:55:00,7.626399,7.626399,7.61,7.614999,18189.0,COTY.NYSE-4-HOUR-LAST-EXTERNAL
2022-08-19 19:55:00,7.534999,7.539999,7.5,7.51,796380.0,COTY.NYSE-4-HOUR-LAST-EXTERNAL
2022-08-22 15:55:00,7.369999,7.38,7.369999,7.38,9240.0,COTY.NYSE-4-HOUR-LAST-EXTERNAL
2022-08-22 19:55:00,7.34,7.349999,7.329999,7.329999,263470.0,COTY.NYSE-4-HOUR-LAST-EXTERNAL
2022-08-23 15:55:00,7.375,7.405,7.349999,7.394999,187271.0,COTY.NYSE-4-HOUR-LAST-EXTERNAL
2022-08-23 19:55:00,7.32,7.338799,7.32,7.329999,483990.0,COTY.NYSE-4-HOUR-LAST-EXTERNAL
2022-08-24 15:55:00,7.565,7.57,7.534999,7.545,55393.0,COTY.NYSE-4-HOUR-LAST-EXTERNAL
2022-08-24 19:55:00,7.38,7.389999,7.369999,7.38,700983.0,COTY.NYSE-4-HOUR-LAST-EXTERNAL
2022-08-25 15:55:00,7.987999,7.994999,7.929999,7.974999,165864.0,COTY.NYSE-4-HOUR-LAST-EXTERNAL
2022-08-25 19:55:00,8.175,8.189999,8.159999,8.159999,1455089.0,COTY.NYSE-4-HOUR-LAST-EXTERNAL
2022-08-26 15:55:00,8.074999,8.074999,8.039999,8.039999,32849.0,COTY.NYSE-4-HOUR-LAST-EXTERNAL
2022-08-26 19:55:00,7.949999,7.969999,7.929999,7.929999,776059.0,COTY.NYSE-4-HOUR-LAST-EXTERNAL
2022-08-29 15:55:00,7.875,7.875,7.86,7.864999,37875.0,COTY.NYSE-4-HOUR-LAST-EXTERNAL
2022-08-29 19:55:00,7.909999,7.92,7.9,7.9,640266.0,COTY.NYSE-4-HOUR-LAST-EXTERNAL
2022-08-30 15:55:00,7.795,7.828,7.795,7.824999,71009.0,COTY.NYSE-4-HOUR-LAST-EXTERNAL
2022-08-30 19:55:00,7.804999,7.829999,7.8,7.82,640614.0,COTY.NYSE-4-HOUR-LAST-EXTERNAL
2022-08-31 15:55:00,7.684999,7.699999,7.684999,7.69,55117.0,COTY.NYSE-4-HOUR-LAST-EXTERNAL
2022-08-31 19:55:00,7.554999,7.559999,7.51,7.519999,448365.0,COTY.NYSE-4-HOUR-LAST-EXTERNAL
2022-09-01 15:55:00,7.309999,7.335,7.309999,7.335,46645.0,COTY.NYSE-4-HOUR-LAST-EXTERNAL
2022-09-01 19:55:00,7.454999,7.469999,7.449999,7.469999,510016.0,COTY.NYSE-4-HOUR-LAST-EXTERNAL
2022-09-02 15:55:00,7.559999,7.57,7.55,7.57,22214.0,COTY.NYSE-4-HOUR-LAST-EXTERNAL
2022-09-02 19:55:00,7.539999,7.57,7.519999,7.539999,838815.0,COTY.NYSE-4-HOUR-LAST-EXTERNAL
2022-09-06 15:55:00,7.34,7.349999,7.34,7.344999,12673.0,COTY.NYSE-4-HOUR-LAST-EXTERNAL
2022-09-06 19:55:00,7.304999,7.309999,7.289999,7.3,381769.0,COTY.NYSE-4-HOUR-LAST-EXTERNAL
2022-09-07 15:55:00,7.34,7.344999,7.329999,7.329999,18904.0,COTY.NYSE-4-HOUR-LAST-EXTERNAL
2022-09-07 19:55:00,7.545,7.55,7.519999,7.53,305368.0,COTY.NYSE-4-HOUR-LAST-EXTERNAL
2022-09-08 15:55:00,7.391399,7.399899,7.38,7.385,25665.0,COTY.NYSE-4-HOUR-LAST-EXTERNAL
2022-09-08 19:55:00,7.425,7.425,7.405,7.42,285242.0,COTY.NYSE-4-HOUR-LAST-EXTERNAL
2022-09-09 15:55:00,7.755,7.769999,7.75,7.764999,36106.0,COTY.NYSE-4-HOUR-LAST-EXTERNAL
2022-09-09 19:55:00,7.875,7.88,7.86,7.86,421161.0,COTY.NYSE-4-HOUR-LAST-EXTERNAL
2022-09-12 15:55:00,8.085,8.104999,8.039999,8.064999,245216.0,COTY.NYSE-4-HOUR-LAST-EXTERNAL
2022-09-12 19:55:00,8.074999,8.09,8.06,8.06,403505.0,COTY.NYSE-4-HOUR-LAST-EXTERNAL
2022-09-13 15:55:00,7.644999,7.65,7.639999,7.644999,21649.0,COTY.NYSE-4-HOUR-LAST-EXTERNAL
2022-09-13 19:55:00,7.605,7.619999,7.59,7.59,302257.0,COTY.NYSE-4-HOUR-LAST-EXTERNAL
2022-09-14 15:55:00,7.88,7.885,7.869999,7.88,72463.0,COTY.NYSE-4-HOUR-LAST-EXTERNAL
2022-09-14 19:55:00,7.844999,7.849899,7.829999,7.84,578268.0,COTY.NYSE-4-HOUR-LAST-EXTERNAL
2022-09-15 15:55:00,7.73,7.73,7.699999,7.715,38099.0,COTY.NYSE-4-HOUR-LAST-EXTERNAL
2022-09-15 19:55:00,7.739999,7.75,7.719999,7.73,210462.0,COTY.NYSE-4-HOUR-LAST-EXTERNAL
2022-09-16 15:55:00,7.625,7.63,7.61,7.619999,49769.0,COTY.NYSE-4-HOUR-LAST-EXTERNAL
2022-09-16 19:55:00,7.704999,7.719999,7.69,7.69,450690.0,COTY.NYSE-4-HOUR-LAST-EXTERNAL
2022-09-19 15:55:00,7.75,7.755,7.739999,7.739999,36017.0,COTY.NYSE-4-HOUR-LAST-EXTERNAL
2022-09-19 19:55:00,7.84,7.849999,7.82,7.82,394625.0,COTY.NYSE-4-HOUR-LAST-EXTERNAL
2022-09-20 15:55:00,7.855,7.88,7.855,7.864999,39897.0,COTY.NYSE-4-HOUR-LAST-EXTERNAL
2022-09-20 19:55:00,7.795,7.8,7.78,7.789999,331590.0,COTY.NYSE-4-HOUR-LAST-EXTERNAL
2022-09-21 15:55:00,8.234999,8.239999,8.215,8.229999,71038.0,COTY.NYSE-4-HOUR-LAST-EXTERNAL
2022-09-21 19:55:00,8.055,8.0585,8.02,8.029999,850210.0,COTY.NYSE-4-HOUR-LAST-EXTERNAL
2022-09-22 15:55:00,7.864999,7.869999,7.82,7.824999,139858.0,COTY.NYSE-4-HOUR-LAST-EXTERNAL
2022-09-22 19:55:00,7.934999,7.965,7.929999,7.949999,1351162.0,COTY.NYSE-4-HOUR-LAST-EXTERNAL
2022-09-23 15:55:00,7.25,7.289999,7.239999,7.284999,56922.0,COTY.NYSE-4-HOUR-LAST-EXTERNAL
2022-09-23 19:55:00,7.36,7.4,7.349999,7.4,863925.0,COTY.NYSE-4-HOUR-LAST-EXTERNAL
2022-09-26 15:55:00,7.275,7.284999,7.26,7.264999,54124.0,COTY.NYSE-4-HOUR-LAST-EXTERNAL
2022-09-26 19:55:00,7.13,7.135,7.099999,7.11,638000.0,COTY.NYSE-4-HOUR-LAST-EXTERNAL
2022-09-27 15:55:00,7.045,7.059999,7.03,7.03,89598.0,COTY.NYSE-4-HOUR-LAST-EXTERNAL
2022-09-27 19:55:00,6.86,6.88,6.8501,6.869999,745334.0,COTY.NYSE-4-HOUR-LAST-EXTERNAL
2022-09-28 15:55:00,6.905,6.913599,6.894999,6.909999,48747.0,COTY.NYSE-4-HOUR-LAST-EXTERNAL
2022-09-28 19:55:00,6.855,6.869999,6.829999,6.84,1740090.0,COTY.NYSE-4-HOUR-LAST-EXTERNAL
2022-09-29 15:55:00,6.519999,6.55,6.502099,6.505,95378.0,COTY.NYSE-4-HOUR-LAST-EXTERNAL
2022-09-29 19:55:00,6.429999,6.445,6.42,6.44,810226.0,COTY.NYSE-4-HOUR-LAST-EXTERNAL
2022-09-30 15:55:00,6.409999,6.42,6.4,6.4,52565.0,COTY.NYSE-4-HOUR-LAST-EXTERNAL
2022-09-30 19:55:00,6.34,6.34,6.309999,6.32,725140.0,COTY.NYSE-4-HOUR-LAST-EXTERNAL
2022-10-03 15:55:00,6.5,6.505,6.474999,6.48,27165.0,COTY.NYSE-4-HOUR-LAST-EXTERNAL
2022-10-03 19:55:00,6.514999,6.519999,6.51,6.514999,350801.0,COTY.NYSE-4-HOUR-LAST-EXTERNAL
2022-10-04 15:55:00,6.894999,6.9291,6.894999,6.925,41774.0,COTY.NYSE-4-HOUR-LAST-EXTERNAL
2022-10-04 19:55:00,6.969999,6.989999,6.965,6.989999,479694.0,COTY.NYSE-4-HOUR-LAST-EXTERNAL
2022-10-05 15:55:00,6.769999,6.769999,6.76,6.769999,16582.0,COTY.NYSE-4-HOUR-LAST-EXTERNAL
2022-10-05 19:55:00,6.875,6.88,6.86,6.869999,366376.0,COTY.NYSE-4-HOUR-LAST-EXTERNAL
2022-10-06 15:55:00,6.844999,6.849999,6.804999,6.804999,32259.0,COTY.NYSE-4-HOUR-LAST-EXTERNAL
2022-10-06 19:55:00,6.875,6.88,6.849999,6.849999,387656.0,COTY.NYSE-4-HOUR-LAST-EXTERNAL
2022-10-07 15:55:00,6.545,6.57,6.545,6.554999,66270.0,COTY.NYSE-4-HOUR-LAST-EXTERNAL
2022-10-07 19:55:00,6.309999,6.329999,6.309999,6.32,729900.0,COTY.NYSE-4-HOUR-LAST-EXTERNAL
2022-10-10 15:55:00,6.369999,6.38,6.364999,6.369999,33719.0,COTY.NYSE-4-HOUR-LAST-EXTERNAL
2022-10-10 19:55:00,6.309999,6.3185,6.28,6.289999,555602.0,COTY.NYSE-4-HOUR-LAST-EXTERNAL
2022-10-11 15:55:00,6.489999,6.5,6.489999,6.494999,15067.0,COTY.NYSE-4-HOUR-LAST-EXTERNAL
2022-10-11 19:55:00,6.344999,6.369999,6.34,6.355,409340.0,COTY.NYSE-4-HOUR-LAST-EXTERNAL
2022-10-12 15:55:00,6.449999,6.449999,6.434999,6.445,34705.0,COTY.NYSE-4-HOUR-LAST-EXTERNAL
2022-10-12 19:55:00,6.494999,6.51,6.48,6.48,319256.0,COTY.NYSE-4-HOUR-LAST-EXTERNAL
2022-10-13 15:55:00,6.599999,6.599999,6.579999,6.59,39770.0,COTY.NYSE-4-HOUR-LAST-EXTERNAL
2022-10-13 19:55:00,6.55,6.554999,6.519999,6.519999,394858.0,COTY.NYSE-4-HOUR-LAST-EXTERNAL
2022-10-14 15:55:00,6.514999,6.53,6.51,6.514999,54342.0,COTY.NYSE-4-HOUR-LAST-EXTERNAL
2022-10-14 19:55:00,6.474999,6.48,6.434999,6.449999,639739.0,COTY.NYSE-4-HOUR-LAST-EXTERNAL
2022-10-17 15:55:00,6.635,6.639999,6.619999,6.635,49450.0,COTY.NYSE-4-HOUR-LAST-EXTERNAL
2022-10-17 19:55:00,6.655,6.659999,6.639999,6.655,346212.0,COTY.NYSE-4-HOUR-LAST-EXTERNAL
2022-10-18 15:55:00,6.929999,6.934999,6.909999,6.914999,65776.0,COTY.NYSE-4-HOUR-LAST-EXTERNAL
2022-10-18 19:55:00,6.864999,6.88,6.849999,6.869999,530893.0,COTY.NYSE-4-HOUR-LAST-EXTERNAL
2022-10-19 15:55:00,6.659999,6.659999,6.639999,6.639999,56745.0,COTY.NYSE-4-HOUR-LAST-EXTERNAL
2022-10-19 19:55:00,6.605,6.625,6.599999,6.619999,445425.0,COTY.NYSE-4-HOUR-LAST-EXTERNAL
2022-10-20 15:55:00,6.699999,6.704999,6.679999,6.679999,47575.0,COTY.NYSE-4-HOUR-LAST-EXTERNAL
2022-10-20 19:55:00,6.320799,6.329999,6.3,6.309999,412154.0,COTY.NYSE-4-HOUR-LAST-EXTERNAL
2022-10-21 15:55:00,6.25,6.269999,6.244999,6.26,72287.0,COTY.NYSE-4-HOUR-LAST-EXTERNAL
2022-10-21 19:55:00,6.434999,6.44,6.42,6.425,507400.0,COTY.NYSE-4-HOUR-LAST-EXTERNAL
2022-10-24 15:55:00,6.275,6.289999,6.269999,6.284999,44871.0,COTY.NYSE-4-HOUR-LAST-EXTERNAL
2022-10-24 19:55:00,6.275,6.28,6.26,6.28,663040.0,COTY.NYSE-4-HOUR-LAST-EXTERNAL
2022-10-25 15:55:00,6.724999,6.73,6.69,6.695,48191.0,COTY.NYSE-4-HOUR-LAST-EXTERNAL
2022-10-25 19:55:00,6.6799,6.699999,6.67,6.67,537994.0,COTY.NYSE-4-HOUR-LAST-EXTERNAL
2022-10-26 15:55:00,6.76,6.769999,6.744999,6.769999,78159.0,COTY.NYSE-4-HOUR-LAST-EXTERNAL
2022-10-26 19:55:00,6.659999,6.659999,6.639999,6.65,333666.0,COTY.NYSE-4-HOUR-LAST-EXTERNAL
2022-10-27 15:55:00,6.65,6.65,6.639999,6.640999,20149.0,COTY.NYSE-4-HOUR-LAST-EXTERNAL
2022-10-27 19:55:00,6.594999,6.61,6.59,6.599999,400566.0,COTY.NYSE-4-HOUR-LAST-EXTERNAL
2022-10-28 15:55:00,6.659999,6.659999,6.640999,6.640999,28459.0,COTY.NYSE-4-HOUR-LAST-EXTERNAL
2022-10-28 19:55:00,6.73,6.739999,6.719999,6.73,472159.0,COTY.NYSE-4-HOUR-LAST-EXTERNAL
2022-10-31 15:55:00,6.695,6.699999,6.655,6.664999,207897.0,COTY.NYSE-4-HOUR-LAST-EXTERNAL
2022-10-31 19:55:00,6.71,6.719999,6.69,6.71,460232.0,COTY.NYSE-4-HOUR-LAST-EXTERNAL
2022-11-01 15:55:00,6.804999,6.809999,6.7925,6.795,28454.0,COTY.NYSE-4-HOUR-LAST-EXTERNAL
2022-11-01 19:55:00,6.885,6.909999,6.88,6.889999,675687.0,COTY.NYSE-4-HOUR-LAST-EXTERNAL
2022-11-02 15:55:00,6.614999,6.619999,6.59,6.594999,78285.0,COTY.NYSE-4-HOUR-LAST-EXTERNAL
2022-11-02 19:55:00,6.405,6.44,6.4,6.429999,686557.0,COTY.NYSE-4-HOUR-LAST-EXTERNAL
2022-11-03 15:55:00,6.485,6.494999,6.449999,6.454999,222997.0,COTY.NYSE-4-HOUR-LAST-EXTERNAL
2022-11-03 19:55:00,6.525,6.53,6.519999,6.519999,377697.0,COTY.NYSE-4-HOUR-LAST-EXTERNAL
2022-11-04 15:55:00,6.801499,6.829999,6.801499,6.804999,125156.0,COTY.NYSE-4-HOUR-LAST-EXTERNAL
2022-11-04 19:55:00,6.925,6.94,6.92,6.934999,827626.0,COTY.NYSE-4-HOUR-LAST-EXTERNAL
2022-11-07 15:55:00,6.96,6.969999,6.945,6.969999,78661.0,COTY.NYSE-4-HOUR-LAST-EXTERNAL
2022-11-07 19:55:00,6.985,6.989999,6.969999,6.98,126550.0,COTY.NYSE-4-HOUR-LAST-EXTERNAL
2022-11-07 21:00:00,6.98,6.98,6.98,6.98,809765.0,COTY.NYSE-4-HOUR-LAST-EXTERNAL
2022-11-08 15:55:00,7.085,7.119999,7.085,7.105,44956.0,COTY.NYSE-4-HOUR-LAST-EXTERNAL
2022-11-08 19:55:00,7.025,7.039999,7.019999,7.03,87584.0,COTY.NYSE-4-HOUR-LAST-EXTERNAL
2022-11-08 21:00:00,7.079999,7.079999,7.079999,7.079999,883901.0,COTY.NYSE-4-HOUR-LAST-EXTERNAL
2022-11-09 15:55:00,6.76,6.78,6.75,6.775,30861.0,COTY.NYSE-4-HOUR-LAST-EXTERNAL
2022-11-09 19:55:00,6.559999,6.559999,6.545,6.554999,50557.0,COTY.NYSE-4-HOUR-LAST-EXTERNAL
2022-11-09 21:00:00,6.619999,6.619999,6.619999,6.619999,577053.0,COTY.NYSE-4-HOUR-LAST-EXTERNAL
2022-11-10 15:55:00,7.179999,7.21,7.175,7.204999,39027.0,COTY.NYSE-4-HOUR-LAST-EXTERNAL
2022-11-10 19:55:00,7.255,7.289999,7.25,7.284999,89191.0,COTY.NYSE-4-HOUR-LAST-EXTERNAL
2022-11-10 21:00:00,7.32,7.32,7.32,7.32,841993.0,COTY.NYSE-4-HOUR-LAST-EXTERNAL
2022-11-11 15:55:00,7.76,7.784999,7.76,7.764999,80851.0,COTY.NYSE-4-HOUR-LAST-EXTERNAL
2022-11-11 19:55:00,7.755,7.76,7.735,7.735,92307.0,COTY.NYSE-4-HOUR-LAST-EXTERNAL
2022-11-11 21:00:00,7.76,7.76,7.76,7.76,1366507.0,COTY.NYSE-4-HOUR-LAST-EXTERNAL
2022-11-14 15:55:00,7.57,7.57,7.55,7.55,66458.0,COTY.NYSE-4-HOUR-LAST-EXTERNAL
2022-11-14 19:55:00,7.514999,7.514999,7.51,7.514999,27739.0,COTY.NYSE-4-HOUR-LAST-EXTERNAL
2022-11-14 21:00:00,7.429999,7.429999,7.429999,7.429999,439112.0,COTY.NYSE-4-HOUR-LAST-EXTERNAL
2022-11-15 15:55:00,7.75,7.76,7.699999,7.699999,109256.0,COTY.NYSE-4-HOUR-LAST-EXTERNAL
2022-11-15 19:55:00,7.614999,7.67,7.614999,7.664999,72788.0,COTY.NYSE-4-HOUR-LAST-EXTERNAL
2022-11-15 21:00:00,7.65,7.65,7.65,7.65,633328.0,COTY.NYSE-4-HOUR-LAST-EXTERNAL
2022-11-16 15:55:00,7.545,7.55,7.525,7.525,107825.0,COTY.NYSE-4-HOUR-LAST-EXTERNAL
2022-11-16 19:55:00,7.574999,7.579999,7.57,7.574999,21030.0,COTY.NYSE-4-HOUR-LAST-EXTERNAL
2022-11-16 21:00:00,7.579999,7.579999,7.579999,7.579999,593054.0,COTY.NYSE-4-HOUR-LAST-EXTERNAL
2022-11-17 15:55:00,7.539999,7.539999,7.514999,7.519999,34524.0,COTY.NYSE-4-HOUR-LAST-EXTERNAL
2022-11-17 19:55:00,7.704999,7.71,7.695,7.704999,30967.0,COTY.NYSE-4-HOUR-LAST-EXTERNAL
2022-11-17 21:00:00,7.73,7.73,7.73,7.73,395619.0,COTY.NYSE-4-HOUR-LAST-EXTERNAL
2022-11-18 15:55:00,7.815,7.815,7.789999,7.8,36578.0,COTY.NYSE-4-HOUR-LAST-EXTERNAL
2022-11-18 19:55:00,7.755,7.76,7.75,7.755,24285.0,COTY.NYSE-4-HOUR-LAST-EXTERNAL
2022-11-18 21:00:00,7.769999,7.769999,7.769999,7.769999,479639.0,COTY.NYSE-4-HOUR-LAST-EXTERNAL
2022-11-21 15:55:00,7.559999,7.579999,7.559999,7.57,21988.0,COTY.NYSE-4-HOUR-LAST-EXTERNAL
2022-11-21 19:55:00,7.469999,7.474999,7.469999,7.469999,20816.0,COTY.NYSE-4-HOUR-LAST-EXTERNAL
2022-11-21 21:00:00,7.5,7.5,7.5,7.5,422143.0,COTY.NYSE-4-HOUR-LAST-EXTERNAL
2022-11-22 15:55:00,7.559999,7.574999,7.55,7.559999,27718.0,COTY.NYSE-4-HOUR-LAST-EXTERNAL
2022-11-22 19:55:00,7.574999,7.579999,7.57,7.574999,10753.0,COTY.NYSE-4-HOUR-LAST-EXTERNAL
2022-11-22 21:00:00,7.59,7.59,7.59,7.59,294981.0,COTY.NYSE-4-HOUR-LAST-EXTERNAL
2022-11-23 15:55:00,7.699999,7.699999,7.69,7.695,26040.0,COTY.NYSE-4-HOUR-LAST-EXTERNAL
2022-11-23 19:55:00,7.605,7.619999,7.599999,7.614999,38872.0,COTY.NYSE-4-HOUR-LAST-EXTERNAL
2022-11-23 21:00:00,7.59,7.59,7.59,7.59,292913.0,COTY.NYSE-4-HOUR-LAST-EXTERNAL
2022-11-25 15:55:00,7.585,7.599999,7.579999,7.594999,13600.0,COTY.NYSE-4-HOUR-LAST-EXTERNAL
2022-11-25 18:00:00,7.579999,7.579999,7.579999,7.579999,21949.0,COTY.NYSE-4-HOUR-LAST-EXTERNAL
2022-11-28 15:55:00,7.514999,7.53,7.51,7.51,81903.0,COTY.NYSE-4-HOUR-LAST-EXTERNAL
2022-11-28 19:55:00,7.485,7.5,7.48,7.485,25283.0,COTY.NYSE-4-HOUR-LAST-EXTERNAL
2022-11-28 21:00:00,7.46,7.46,7.46,7.46,398421.0,COTY.NYSE-4-HOUR-LAST-EXTERNAL
2022-11-29 15:55:00,7.489999,7.5,7.489999,7.494999,8409.0,COTY.NYSE-4-HOUR-LAST-EXTERNAL
2022-11-29 19:55:00,7.4415,7.445,7.44,7.445,9144.0,COTY.NYSE-4-HOUR-LAST-EXTERNAL
2022-11-29 21:00:00,7.449999,7.449999,7.449999,7.449999,296302.0,COTY.NYSE-4-HOUR-LAST-EXTERNAL
2022-11-30 15:55:00,7.485,7.525,7.485,7.514999,52470.0,COTY.NYSE-4-HOUR-LAST-EXTERNAL
2022-11-30 19:55:00,7.8,7.804999,7.775,7.804999,59918.0,COTY.NYSE-4-HOUR-LAST-EXTERNAL
2022-11-30 21:00:00,7.869999,7.869999,7.869999,7.869999,583795.0,COTY.NYSE-4-HOUR-LAST-EXTERNAL
2022-12-01 15:55:00,7.885,7.924399,7.88,7.92,120592.0,COTY.NYSE-4-HOUR-LAST-EXTERNAL
2022-12-01 19:55:00,7.96,7.969999,7.96,7.969999,22623.0,COTY.NYSE-4-HOUR-LAST-EXTERNAL
2022-12-01 21:00:00,7.94,7.94,7.94,7.94,335046.0,COTY.NYSE-4-HOUR-LAST-EXTERNAL
2022-12-02 15:55:00,7.994999,8.02,7.994999,8.005,57076.0,COTY.NYSE-4-HOUR-LAST-EXTERNAL
2022-12-02 19:55:00,8.095,8.1,8.09,8.095,13762.0,COTY.NYSE-4-HOUR-LAST-EXTERNAL
2022-12-02 21:00:00,8.069999,8.069999,8.069999,8.069999,352273.0,COTY.NYSE-4-HOUR-LAST-EXTERNAL
2022-12-05 15:55:00,7.9625,7.989999,7.9625,7.989999,44661.0,COTY.NYSE-4-HOUR-LAST-EXTERNAL
2022-12-05 19:55:00,7.9,7.905,7.889999,7.889999,51397.0,COTY.NYSE-4-HOUR-LAST-EXTERNAL
2022-12-05 21:00:00,7.9,7.9,7.9,7.9,357017.0,COTY.NYSE-4-HOUR-LAST-EXTERNAL
2022-12-06 15:55:00,7.899899,7.9,7.889999,7.894999,17641.0,COTY.NYSE-4-HOUR-LAST-EXTERNAL
2022-12-06 19:55:00,7.864999,7.869999,7.86,7.86,12329.0,COTY.NYSE-4-HOUR-LAST-EXTERNAL
2022-12-06 21:00:00,7.949999,7.949999,7.949999,7.949999,308241.0,COTY.NYSE-4-HOUR-LAST-EXTERNAL
2022-12-07 15:55:00,7.835,7.84,7.82,7.835,11760.0,COTY.NYSE-4-HOUR-LAST-EXTERNAL
2022-12-07 19:55:00,7.784999,7.795,7.783899,7.789999,22786.0,COTY.NYSE-4-HOUR-LAST-EXTERNAL
2022-12-07 21:00:00,7.82,7.82,7.82,7.82,243389.0,COTY.NYSE-4-HOUR-LAST-EXTERNAL
2022-12-08 15:55:00,7.985,8.005,7.98,8.005,33089.0,COTY.NYSE-4-HOUR-LAST-EXTERNAL
2022-12-08 19:55:00,8.005,8.01,7.994999,7.994999,14191.0,COTY.NYSE-4-HOUR-LAST-EXTERNAL
2022-12-08 21:00:00,8.02,8.02,8.02,8.02,346632.0,COTY.NYSE-4-HOUR-LAST-EXTERNAL
2022-12-09 15:55:00,7.9,7.934999,7.9,7.934999,45991.0,COTY.NYSE-4-HOUR-LAST-EXTERNAL
2022-12-09 19:55:00,7.949999,7.954999,7.94,7.94,39543.0,COTY.NYSE-4-HOUR-LAST-EXTERNAL
2022-12-09 21:00:00,7.889999,7.889999,7.889999,7.889999,189079.0,COTY.NYSE-4-HOUR-LAST-EXTERNAL
2022-12-12 15:55:00,7.849999,7.86,7.849999,7.855,38229.0,COTY.NYSE-4-HOUR-LAST-EXTERNAL
2022-12-12 19:55:00,7.909999,7.92,7.909999,7.910699,31040.0,COTY.NYSE-4-HOUR-LAST-EXTERNAL
2022-12-12 21:00:00,7.92,7.92,7.92,7.92,317078.0,COTY.NYSE-4-HOUR-LAST-EXTERNAL
2022-12-13 15:55:00,8.225,8.244999,8.199999,8.234999,128142.0,COTY.NYSE-4-HOUR-LAST-EXTERNAL
2022-12-13 19:55:00,8.255,8.27,8.255,8.265,56767.0,COTY.NYSE-4-HOUR-LAST-EXTERNAL
2022-12-13 21:00:00,8.229999,8.229999,8.229999,8.229999,501446.0,COTY.NYSE-4-HOUR-LAST-EXTERNAL
2022-12-14 15:55:00,8.21,8.22,8.199999,8.215,59034.0,COTY.NYSE-4-HOUR-LAST-EXTERNAL
2022-12-14 19:55:00,8.14,8.154999,8.125,8.149999,80560.0,COTY.NYSE-4-HOUR-LAST-EXTERNAL
2022-12-14 21:00:00,8.159999,8.159999,8.159999,8.159999,226249.0,COTY.NYSE-4-HOUR-LAST-EXTERNAL
2022-12-15 15:55:00,7.965,7.965,7.945,7.954999,69896.0,COTY.NYSE-4-HOUR-LAST-EXTERNAL
2022-12-15 19:55:00,7.949999,7.96,7.945,7.954999,44090.0,COTY.NYSE-4-HOUR-LAST-EXTERNAL
2022-12-15 21:00:00,7.92,7.92,7.92,7.92,253409.0,COTY.NYSE-4-HOUR-LAST-EXTERNAL
2022-12-16 15:55:00,7.9,7.9,7.88,7.889999,21043.0,COTY.NYSE-4-HOUR-LAST-EXTERNAL
2022-12-16 19:55:00,7.914999,7.94,7.914999,7.929999,110889.0,COTY.NYSE-4-HOUR-LAST-EXTERNAL
2022-12-16 21:00:00,7.94,7.94,7.94,7.94,378561.0,COTY.NYSE-4-HOUR-LAST-EXTERNAL
2022-12-19 15:55:00,7.889999,7.9,7.835,7.835,79213.0,COTY.NYSE-4-HOUR-LAST-EXTERNAL
2022-12-19 19:55:00,7.769999,7.789999,7.769999,7.789999,56491.0,COTY.NYSE-4-HOUR-LAST-EXTERNAL
2022-12-19 21:00:00,7.78,7.78,7.78,7.78,294033.0,COTY.NYSE-4-HOUR-LAST-EXTERNAL
2022-12-20 15:55:00,8.01,8.015,7.969999,7.969999,69922.0,COTY.NYSE-4-HOUR-LAST-EXTERNAL
2022-12-20 19:55:00,7.94,7.96,7.94,7.954999,62776.0,COTY.NYSE-4-HOUR-LAST-EXTERNAL
2022-12-20 21:00:00,7.96,7.96,7.96,7.96,292609.0,COTY.NYSE-4-HOUR-LAST-EXTERNAL
2022-12-21 15:55:00,8.25,8.265,8.25,8.25,122116.0,COTY.NYSE-4-HOUR-LAST-EXTERNAL
2022-12-21 19:55:00,8.319999,8.329999,8.31,8.324999,18093.0,COTY.NYSE-4-HOUR-LAST-EXTERNAL
2022-12-21 21:00:00,8.31,8.31,8.31,8.31,642078.0,COTY.NYSE-4-HOUR-LAST-EXTERNAL
2022-12-22 15:55:00,8.189999,8.199999,8.185,8.189999,68250.0,COTY.NYSE-4-HOUR-LAST-EXTERNAL
2022-12-22 19:55:00,8.215,8.22,8.21,8.215,10855.0,COTY.NYSE-4-HOUR-LAST-EXTERNAL
2022-12-22 21:00:00,8.27,8.27,8.27,8.27,228239.0,COTY.NYSE-4-HOUR-LAST-EXTERNAL
2022-12-23 15:55:00,8.284999,8.3,8.2615,8.2615,54564.0,COTY.NYSE-4-HOUR-LAST-EXTERNAL
2022-12-23 19:55:00,8.305,8.31,8.305,8.31,14024.0,COTY.NYSE-4-HOUR-LAST-EXTERNAL
2022-12-23 21:00:00,8.319999,8.319999,8.319999,8.319999,308877.0,COTY.NYSE-4-HOUR-LAST-EXTERNAL
2022-12-27 15:55:00,8.46,8.465,8.435,8.437999,60704.0,COTY.NYSE-4-HOUR-LAST-EXTERNAL
2022-12-27 19:55:00,8.46,8.4673,8.449999,8.465,59535.0,COTY.NYSE-4-HOUR-LAST-EXTERNAL
2022-12-27 21:00:00,8.47,8.47,8.47,8.47,396418.0,COTY.NYSE-4-HOUR-LAST-EXTERNAL
2022-12-28 15:55:00,8.454999,8.46,8.435,8.439999,30493.0,COTY.NYSE-4-HOUR-LAST-EXTERNAL
2022-12-28 19:55:00,8.46,8.465,8.46,8.46,17017.0,COTY.NYSE-4-HOUR-LAST-EXTERNAL
2022-12-28 21:00:00,8.42,8.42,8.42,8.42,421571.0,COTY.NYSE-4-HOUR-LAST-EXTERNAL
2022-12-29 15:55:00,8.585,8.585,8.56,8.56,54071.0,COTY.NYSE-4-HOUR-LAST-EXTERNAL
2022-12-29 19:55:00,8.649999,8.649999,8.64,8.645,48479.0,COTY.NYSE-4-HOUR-LAST-EXTERNAL
2022-12-29 21:00:00,8.64,8.64,8.64,8.64,423075.0,COTY.NYSE-4-HOUR-LAST-EXTERNAL
2022-12-30 15:55:00,8.555,8.56,8.55,8.56,28704.0,COTY.NYSE-4-HOUR-LAST-EXTERNAL
2022-12-30 19:55:00,8.52,8.52,8.51,8.515,21918.0,COTY.NYSE-4-HOUR-LAST-EXTERNAL
2022-12-30 21:00:00,8.56,8.56,8.56,8.56,315176.0,COTY.NYSE-4-HOUR-LAST-EXTERNAL
2023-01-03 15:55:00,8.72,8.765,8.7122,8.755,81497.0,COTY.NYSE-4-HOUR-LAST-EXTERNAL
2023-01-03 19:55:00,8.755,8.76,8.75,8.76,42065.0,COTY.NYSE-4-HOUR-LAST-EXTERNAL
2023-01-03 21:00:00,8.77,8.77,8.77,8.77,496000.0,COTY.NYSE-4-HOUR-LAST-EXTERNAL
2023-01-04 15:55:00,8.819999,8.819999,8.81,8.814999,56690.0,COTY.NYSE-4-HOUR-LAST-EXTERNAL
2023-01-04 19:55:00,9.034999,9.06,9.034999,9.05,67705.0,COTY.NYSE-4-HOUR-LAST-EXTERNAL
2023-01-04 21:00:00,9.039999,9.039999,9.039999,9.039999,645513.0,COTY.NYSE-4-HOUR-LAST-EXTERNAL
2023-01-05 15:55:00,8.92,8.925,8.895,8.899999,234824.0,COTY.NYSE-4-HOUR-LAST-EXTERNAL
2023-01-05 19:55:00,9.005,9.005,8.984999,8.984999,38784.0,COTY.NYSE-4-HOUR-LAST-EXTERNAL
2023-01-05 21:00:00,8.979999,8.979999,8.979999,8.979999,548636.0,COTY.NYSE-4-HOUR-LAST-EXTERNAL
2023-01-06 15:55:00,9.090999,9.104999,9.085,9.09,65811.0,COTY.NYSE-4-HOUR-LAST-EXTERNAL
2023-01-06 19:55:00,9.225,9.229999,9.22,9.225,17142.0,COTY.NYSE-4-HOUR-LAST-EXTERNAL
2023-01-06 21:00:00,9.199999,9.199999,9.199999,9.199999,382854.0,COTY.NYSE-4-HOUR-LAST-EXTERNAL
2023-01-09 15:55:00,9.42,9.425,9.399999,9.399999,54932.0,COTY.NYSE-4-HOUR-LAST-EXTERNAL
2023-01-09 19:55:00,9.444999,9.449999,9.404999,9.414999,202100.0,COTY.NYSE-4-HOUR-LAST-EXTERNAL
2023-01-09 21:00:00,9.38,9.38,9.38,9.38,583733.0,COTY.NYSE-4-HOUR-LAST-EXTERNAL
2023-01-10 15:55:00,9.484999,9.51,9.479999,9.51,42234.0,COTY.NYSE-4-HOUR-LAST-EXTERNAL
2023-01-10 19:55:00,9.494999,9.5,9.489999,9.494999,24386.0,COTY.NYSE-4-HOUR-LAST-EXTERNAL
2023-01-10 21:00:00,9.449999,9.449999,9.449999,9.449999,479994.0,COTY.NYSE-4-HOUR-LAST-EXTERNAL
2023-01-11 15:55:00,9.439999,9.439999,9.409999,9.409999,40405.0,COTY.NYSE-4-HOUR-LAST-EXTERNAL
2023-01-11 19:55:00,9.34,9.345,9.34,9.34,38908.0,COTY.NYSE-4-HOUR-LAST-EXTERNAL
2023-01-11 21:00:00,9.289999,9.289999,9.289999,9.289999,488877.0,COTY.NYSE-4-HOUR-LAST-EXTERNAL
2023-01-12 15:55:00,9.3,9.31,9.279999,9.284999,113779.0,COTY.NYSE-4-HOUR-LAST-EXTERNAL
2023-01-12 19:55:00,9.399999,9.414999,9.391599,9.414999,91861.0,COTY.NYSE-4-HOUR-LAST-EXTERNAL
2023-01-12 21:00:00,9.42,9.42,9.42,9.42,295778.0,COTY.NYSE-4-HOUR-LAST-EXTERNAL
2023-01-13 15:55:00,9.43,9.43,9.409999,9.414999,20374.0,COTY.NYSE-4-HOUR-LAST-EXTERNAL
2023-01-13 19:55:00,9.465,9.47,9.46,9.465,16797.0,COTY.NYSE-4-HOUR-LAST-EXTERNAL
2023-01-13 21:00:00,9.51,9.51,9.51,9.51,519081.0,COTY.NYSE-4-HOUR-LAST-EXTERNAL
2023-01-17 15:55:00,9.574999,9.579999,9.569999,9.579999,18065.0,COTY.NYSE-4-HOUR-LAST-EXTERNAL
2023-01-17 19:55:00,9.55,9.56,9.55,9.555,16481.0,COTY.NYSE-4-HOUR-LAST-EXTERNAL
2023-01-17 21:00:00,9.52,9.52,9.52,9.52,329192.0,COTY.NYSE-4-HOUR-LAST-EXTERNAL
2023-01-18 15:55:00,9.479999,9.489999,9.465,9.484999,59944.0,COTY.NYSE-4-HOUR-LAST-EXTERNAL
2023-01-18 19:55:00,9.395,9.395,9.38,9.395,50113.0,COTY.NYSE-4-HOUR-LAST-EXTERNAL
2023-01-18 21:00:00,9.42,9.42,9.42,9.42,253289.0,COTY.NYSE-4-HOUR-LAST-EXTERNAL
2023-01-19 15:55:00,9.284999,9.305,9.284999,9.295,90922.0,COTY.NYSE-4-HOUR-LAST-EXTERNAL
2023-01-19 19:55:00,9.404999,9.409999,9.399999,9.404999,26210.0,COTY.NYSE-4-HOUR-LAST-EXTERNAL
2023-01-19 21:00:00,9.35,9.35,9.35,9.35,281699.0,COTY.NYSE-4-HOUR-LAST-EXTERNAL
2023-01-20 15:55:00,9.47,9.475,9.465,9.465,27142.0,COTY.NYSE-4-HOUR-LAST-EXTERNAL
2023-01-20 19:55:00,9.465,9.479999,9.46,9.475,39684.0,COTY.NYSE-4-HOUR-LAST-EXTERNAL
2023-01-20 21:00:00,9.52,9.52,9.52,9.52,418592.0,COTY.NYSE-4-HOUR-LAST-EXTERNAL
2023-01-23 15:55:00,9.52,9.529999,9.515,9.524999,11109.0,COTY.NYSE-4-HOUR-LAST-EXTERNAL
2023-01-23 19:55:00,9.47,9.479999,9.465,9.4799,27270.0,COTY.NYSE-4-HOUR-LAST-EXTERNAL
2023-01-23 21:00:00,9.569999,9.569999,9.569999,9.569999,270343.0,COTY.NYSE-4-HOUR-LAST-EXTERNAL
2023-01-24 15:55:00,9.688699,9.71,9.688699,9.701999,38837.0,COTY.NYSE-4-HOUR-LAST-EXTERNAL
2023-01-24 19:55:00,9.814999,9.819999,9.81,9.814999,11573.0,COTY.NYSE-4-HOUR-LAST-EXTERNAL
2023-01-24 21:00:00,9.789999,9.789999,9.789999,9.789999,527142.0,COTY.NYSE-4-HOUR-LAST-EXTERNAL
2023-01-25 15:55:00,9.704999,9.739999,9.704999,9.739999,62714.0,COTY.NYSE-4-HOUR-LAST-EXTERNAL
2023-01-25 19:55:00,9.854999,9.864999,9.854999,9.864999,30792.0,COTY.NYSE-4-HOUR-LAST-EXTERNAL
2023-01-25 21:00:00,9.85,9.85,9.85,9.85,369123.0,COTY.NYSE-4-HOUR-LAST-EXTERNAL
2023-01-26 15:55:00,9.910799,9.910799,9.88,9.904999,54390.0,COTY.NYSE-4-HOUR-LAST-EXTERNAL
2023-01-26 19:55:00,9.914999,9.939999,9.914999,9.932499,76289.0,COTY.NYSE-4-HOUR-LAST-EXTERNAL
2023-01-26 21:00:00,9.96,9.96,9.96,9.96,306134.0,COTY.NYSE-4-HOUR-LAST-EXTERNAL
2023-01-27 15:55:00,9.8,9.805,9.784999,9.789999,145220.0,COTY.NYSE-4-HOUR-LAST-EXTERNAL
2023-01-27 19:55:00,9.885,9.89,9.88,9.885,16628.0,COTY.NYSE-4-HOUR-LAST-EXTERNAL
2023-01-27 21:00:00,9.859999,9.859999,9.859999,9.859999,268537.0,COTY.NYSE-4-HOUR-LAST-EXTERNAL
2023-01-30 15:55:00,9.864999,9.885,9.864999,9.88,129756.0,COTY.NYSE-4-HOUR-LAST-EXTERNAL
2023-01-30 19:55:00,9.829999,9.84,9.819999,9.835,31542.0,COTY.NYSE-4-HOUR-LAST-EXTERNAL
2023-01-30 21:00:00,9.829999,9.829999,9.829999,9.829999,258217.0,COTY.NYSE-4-HOUR-LAST-EXTERNAL
2023-01-31 15:55:00,9.895,9.909999,9.895,9.899999,259068.0,COTY.NYSE-4-HOUR-LAST-EXTERNAL
2023-01-31 19:55:00,9.925,9.93,9.904999,9.904999,72640.0,COTY.NYSE-4-HOUR-LAST-EXTERNAL
2023-01-31 21:00:00,9.96,9.96,9.96,9.96,822479.0,COTY.NYSE-4-HOUR-LAST-EXTERNAL
2023-02-01 15:55:00,9.914999,9.92,9.899999,9.899999,82535.0,COTY.NYSE-4-HOUR-LAST-EXTERNAL
2023-02-01 19:55:00,10.145,10.159999,10.13,10.145,115193.0,COTY.NYSE-4-HOUR-LAST-EXTERNAL
2023-02-01 21:00:00,10.25,10.25,10.25,10.25,544423.0,COTY.NYSE-4-HOUR-LAST-EXTERNAL
2023-02-02 15:55:00,10.3919,10.395,10.369999,10.39,39611.0,COTY.NYSE-4-HOUR-LAST-EXTERNAL
2023-02-02 19:55:00,10.385,10.3899,10.359999,10.364999,124726.0,COTY.NYSE-4-HOUR-LAST-EXTERNAL
2023-02-02 21:00:00,10.39,10.39,10.39,10.39,573437.0,COTY.NYSE-4-HOUR-LAST-EXTERNAL
2023-02-03 15:55:00,10.31,10.31,10.26,10.279999,64956.0,COTY.NYSE-4-HOUR-LAST-EXTERNAL
2023-02-03 19:55:00,10.26,10.26,10.229999,10.229999,44189.0,COTY.NYSE-4-HOUR-LAST-EXTERNAL
2023-02-03 21:00:00,10.22,10.22,10.22,10.22,341180.0,COTY.NYSE-4-HOUR-LAST-EXTERNAL
2023-02-06 15:55:00,10.154999,10.159999,10.14,10.145,26999.0,COTY.NYSE-4-HOUR-LAST-EXTERNAL
2023-02-06 19:55:00,10.104999,10.114999,10.1,10.109999,51933.0,COTY.NYSE-4-HOUR-LAST-EXTERNAL
2023-02-06 21:00:00,10.159999,10.159999,10.159999,10.159999,453309.0,COTY.NYSE-4-HOUR-LAST-EXTERNAL
2023-02-07 15:55:00,10.079999,10.079999,10.06,10.074999,80425.0,COTY.NYSE-4-HOUR-LAST-EXTERNAL
2023-02-07 19:55:00,10.244999,10.25,10.234999,10.239999,52938.0,COTY.NYSE-4-HOUR-LAST-EXTERNAL
2023-02-07 21:00:00,10.35,10.35,10.35,10.35,650077.0,COTY.NYSE-4-HOUR-LAST-EXTERNAL
2023-02-08 15:55:00,10.01,10.01,9.979999,9.989999,60137.0,COTY.NYSE-4-HOUR-LAST-EXTERNAL
2023-02-08 19:55:00,10.06,10.119999,10.055,10.114999,152442.0,COTY.NYSE-4-HOUR-LAST-EXTERNAL
2023-02-08 21:00:00,10.159999,10.159999,10.159999,10.159999,623480.0,COTY.NYSE-4-HOUR-LAST-EXTERNAL
2023-02-09 15:55:00,10.324999,10.345,10.305,10.34,134877.0,COTY.NYSE-4-HOUR-LAST-EXTERNAL
2023-02-09 19:55:00,10.274999,10.274999,10.26,10.27,48894.0,COTY.NYSE-4-HOUR-LAST-EXTERNAL
2023-02-09 21:00:00,10.329999,10.329999,10.329999,10.329999,618619.0,COTY.NYSE-4-HOUR-LAST-EXTERNAL
2023-02-10 15:55:00,10.369999,10.375,10.364999,10.369999,48589.0,COTY.NYSE-4-HOUR-LAST-EXTERNAL
2023-02-10 19:55:00,10.404999,10.404999,10.39,10.395,42152.0,COTY.NYSE-4-HOUR-LAST-EXTERNAL
2023-02-10 21:00:00,10.409999,10.409999,10.409999,10.409999,627082.0,COTY.NYSE-4-HOUR-LAST-EXTERNAL
2023-02-13 15:55:00,10.845,10.859999,10.81,10.8513,433421.0,COTY.NYSE-4-HOUR-LAST-EXTERNAL
2023-02-13 19:55:00,11.024999,11.06,11.024999,11.06,159229.0,COTY.NYSE-4-HOUR-LAST-EXTERNAL
2023-02-13 21:00:00,11.17,11.17,11.17,11.17,641910.0,COTY.NYSE-4-HOUR-LAST-EXTERNAL
2023-02-14 15:55:00,11.279999,11.284999,11.231399,11.268699,137897.0,COTY.NYSE-4-HOUR-LAST-EXTERNAL
2023-02-14 19:55:00,11.324999,11.34,11.324999,11.335,62959.0,COTY.NYSE-4-HOUR-LAST-EXTERNAL
2023-02-14 21:00:00,11.27,11.27,11.27,11.27,475166.0,COTY.NYSE-4-HOUR-LAST-EXTERNAL
2023-02-15 15:55:00,11.319999,11.34,11.31,11.314999,46805.0,COTY.NYSE-4-HOUR-LAST-EXTERNAL
2023-02-15 19:55:00,11.345,11.35,11.34,11.34,36538.0,COTY.NYSE-4-HOUR-LAST-EXTERNAL
2023-02-15 21:00:00,11.39,11.39,11.39,11.39,396316.0,COTY.NYSE-4-HOUR-LAST-EXTERNAL
2023-02-16 15:55:00,11.265,11.289999,11.265,11.284999,47088.0,COTY.NYSE-4-HOUR-LAST-EXTERNAL
2023-02-16 19:55:00,11.314999,11.319999,11.3,11.3,39178.0,COTY.NYSE-4-HOUR-LAST-EXTERNAL
2023-02-16 21:00:00,11.229999,11.229999,11.229999,11.229999,616082.0,COTY.NYSE-4-HOUR-LAST-EXTERNAL
2023-02-17 15:55:00,11.05,11.069999,11.029999,11.029999,48233.0,COTY.NYSE-4-HOUR-LAST-EXTERNAL
2023-02-17 19:55:00,11.055,11.06,11.05,11.055,17302.0,COTY.NYSE-4-HOUR-LAST-EXTERNAL
2023-02-17 21:00:00,11.05,11.05,11.05,11.05,437645.0,COTY.NYSE-4-HOUR-LAST-EXTERNAL
2023-02-21 15:55:00,11.045,11.069999,11.0416,11.05,67036.0,COTY.NYSE-4-HOUR-LAST-EXTERNAL
2023-02-21 19:55:00,11.085,11.09,11.069999,11.0899,67683.0,COTY.NYSE-4-HOUR-LAST-EXTERNAL
2023-02-21 21:00:00,11.09,11.09,11.09,11.09,397849.0,COTY.NYSE-4-HOUR-LAST-EXTERNAL
2023-02-22 15:55:00,11.039999,11.09,11.029999,11.079999,167749.0,COTY.NYSE-4-HOUR-LAST-EXTERNAL
2023-02-22 19:55:00,11.154999,11.159999,11.14,11.14,350091.0,COTY.NYSE-4-HOUR-LAST-EXTERNAL
2023-02-22 21:00:00,11.18,11.18,11.18,11.18,331308.0,COTY.NYSE-4-HOUR-LAST-EXTERNAL
2023-02-23 15:55:00,11.244999,11.26,11.239999,11.239999,57448.0,COTY.NYSE-4-HOUR-LAST-EXTERNAL
2023-02-23 19:55:00,11.35,11.35,11.329999,11.335,67364.0,COTY.NYSE-4-HOUR-LAST-EXTERNAL
2023-02-23 21:00:00,11.38,11.38,11.38,11.38,374813.0,COTY.NYSE-4-HOUR-LAST-EXTERNAL
2023-02-24 15:55:00,11.064999,11.079999,11.06,11.064999,58832.0,COTY.NYSE-4-HOUR-LAST-EXTERNAL
2023-02-24 19:55:00,11.154999,11.159999,11.149999,11.149999,46092.0,COTY.NYSE-4-HOUR-LAST-EXTERNAL
2023-02-24 21:00:00,11.149999,11.149999,11.149999,11.149999,260161.0,COTY.NYSE-4-HOUR-LAST-EXTERNAL
2023-02-27 15:55:00,11.225,11.229999,11.199999,11.225,112855.0,COTY.NYSE-4-HOUR-LAST-EXTERNAL
2023-02-27 19:55:00,11.17,11.17,11.154999,11.164999,83818.0,COTY.NYSE-4-HOUR-LAST-EXTERNAL
2023-02-27 21:00:00,11.21,11.21,11.21,11.21,344852.0,COTY.NYSE-4-HOUR-LAST-EXTERNAL
2023-02-28 15:55:00,11.135,11.154999,11.13,11.154999,65317.0,COTY.NYSE-4-HOUR-LAST-EXTERNAL
2023-02-28 19:55:00,11.3,11.319999,11.3,11.314999,76958.0,COTY.NYSE-4-HOUR-LAST-EXTERNAL
2023-02-28 21:00:00,11.3,11.3,11.3,11.3,392474.0,COTY.NYSE-4-HOUR-LAST-EXTERNAL
2023-03-01 15:55:00,11.305,11.31,11.274999,11.295,38266.0,COTY.NYSE-4-HOUR-LAST-EXTERNAL
2023-03-01 19:55:00,11.284999,11.314999,11.284999,11.31,74238.0,COTY.NYSE-4-HOUR-LAST-EXTERNAL
2023-03-01 21:00:00,11.31,11.31,11.31,11.31,289583.0,COTY.NYSE-4-HOUR-LAST-EXTERNAL
2023-03-02 15:55:00,11.42,11.429499,11.414999,11.42,28594.0,COTY.NYSE-4-HOUR-LAST-EXTERNAL
2023-03-02 19:55:00,11.475,11.494999,11.475,11.484999,44196.0,COTY.NYSE-4-HOUR-LAST-EXTERNAL
2023-03-02 21:00:00,11.51,11.51,11.51,11.51,458832.0,COTY.NYSE-4-HOUR-LAST-EXTERNAL
2023-03-03 15:55:00,11.524999,11.529999,11.52,11.529999,14231.0,COTY.NYSE-4-HOUR-LAST-EXTERNAL
2023-03-03 19:55:00,11.55,11.56,11.55,11.55,8166.0,COTY.NYSE-4-HOUR-LAST-EXTERNAL
2023-03-03 21:00:00,11.579999,11.579999,11.579999,11.579999,298382.0,COTY.NYSE-4-HOUR-LAST-EXTERNAL
2023-03-06 15:55:00,11.574999,11.579999,11.56,11.564999,37668.0,COTY.NYSE-4-HOUR-LAST-EXTERNAL
2023-03-06 19:55:00,11.539999,11.539999,11.524999,11.524999,62330.0,COTY.NYSE-4-HOUR-LAST-EXTERNAL
2023-03-06 21:00:00,11.529999,11.529999,11.529999,11.529999,284557.0,COTY.NYSE-4-HOUR-LAST-EXTERNAL
2023-03-07 15:55:00,11.539999,11.5583,11.529999,11.536,115188.0,COTY.NYSE-4-HOUR-LAST-EXTERNAL
2023-03-07 19:55:00,11.265,11.279999,11.26,11.274999,40801.0,COTY.NYSE-4-HOUR-LAST-EXTERNAL
2023-03-07 21:00:00,11.35,11.35,11.35,11.35,334246.0,COTY.NYSE-4-HOUR-LAST-EXTERNAL
2023-03-08 15:55:00,11.435,11.439999,11.409999,11.42,61861.0,COTY.NYSE-4-HOUR-LAST-EXTERNAL
2023-03-08 19:55:00,11.34,11.34,11.329999,11.335,12193.0,COTY.NYSE-4-HOUR-LAST-EXTERNAL
2023-03-08 21:00:00,11.319999,11.319999,11.319999,11.319999,491473.0,COTY.NYSE-4-HOUR-LAST-EXTERNAL
2023-03-09 15:55:00,11.239999,11.244999,11.225,11.234999,51552.0,COTY.NYSE-4-HOUR-LAST-EXTERNAL
2023-03-09 19:55:00,11.125,11.125,11.1,11.100099,41068.0,COTY.NYSE-4-HOUR-LAST-EXTERNAL
2023-03-09 21:00:00,11.02,11.02,11.02,11.02,327729.0,COTY.NYSE-4-HOUR-LAST-EXTERNAL
2023-03-10 15:55:00,10.779999,10.85,10.779999,10.845,67682.0,COTY.NYSE-4-HOUR-LAST-EXTERNAL
2023-03-10 19:55:00,10.765,10.774999,10.7214,10.739999,115191.0,COTY.NYSE-4-HOUR-LAST-EXTERNAL
2023-03-10 21:00:00,10.72,10.72,10.72,10.72,549253.0,COTY.NYSE-4-HOUR-LAST-EXTERNAL
2023-03-13 15:55:00,10.789999,10.814999,10.784999,10.8,91654.0,COTY.NYSE-4-HOUR-LAST-EXTERNAL
2023-03-13 19:55:00,10.72,10.729999,10.689999,10.72,812020.0,COTY.NYSE-4-HOUR-LAST-EXTERNAL
2023-03-14 15:55:00,11.015,11.02,11.0,11.01,26774.0,COTY.NYSE-4-HOUR-LAST-EXTERNAL
2023-03-14 19:55:00,10.954999,10.989999,10.949999,10.989999,550653.0,COTY.NYSE-4-HOUR-LAST-EXTERNAL
2023-03-15 15:55:00,10.6757,10.689999,10.664999,10.67,37462.0,COTY.NYSE-4-HOUR-LAST-EXTERNAL
2023-03-15 19:55:00,10.744999,10.795,10.739999,10.789999,675254.0,COTY.NYSE-4-HOUR-LAST-EXTERNAL
2023-03-16 15:55:00,10.975,11.01,10.96,10.988699,222778.0,COTY.NYSE-4-HOUR-LAST-EXTERNAL
2023-03-16 19:55:00,11.01,11.01,10.989999,11.0,283355.0,COTY.NYSE-4-HOUR-LAST-EXTERNAL
2023-03-17 15:55:00,10.949999,10.96,10.944999,10.954999,31411.0,COTY.NYSE-4-HOUR-LAST-EXTERNAL
2023-03-17 19:55:00,10.869999,10.899999,10.859999,10.869999,541889.0,COTY.NYSE-4-HOUR-LAST-EXTERNAL
2023-03-20 15:55:00,10.97,10.975,10.96,10.9699,31082.0,COTY.NYSE-4-HOUR-LAST-EXTERNAL
2023-03-20 19:55:00,11.074999,11.079999,11.06,11.079999,343540.0,COTY.NYSE-4-HOUR-LAST-EXTERNAL
2023-03-21 15:55:00,11.229999,11.239999,11.22,11.22,148495.0,COTY.NYSE-4-HOUR-LAST-EXTERNAL
2023-03-21 19:55:00,11.3,11.3,11.279999,11.289999,354114.0,COTY.NYSE-4-HOUR-LAST-EXTERNAL
2023-03-22 15:55:00,11.385,11.39,11.38,11.38,16772.0,COTY.NYSE-4-HOUR-LAST-EXTERNAL
2023-03-22 19:55:00,11.244999,11.244999,11.21,11.22,549550.0,COTY.NYSE-4-HOUR-LAST-EXTERNAL
2023-03-23 15:55:00,11.649999,11.659999,11.63,11.64,40407.0,COTY.NYSE-4-HOUR-LAST-EXTERNAL
2023-03-23 19:55:00,11.465,11.47,11.43,11.435,328503.0,COTY.NYSE-4-HOUR-LAST-EXTERNAL
2023-03-24 15:55:00,11.489999,11.515,11.484999,11.505,47865.0,COTY.NYSE-4-HOUR-LAST-EXTERNAL
2023-03-24 19:55:00,11.585,11.609999,11.579999,11.604999,177348.0,COTY.NYSE-4-HOUR-LAST-EXTERNAL
2023-03-27 15:55:00,11.675,11.71,11.675,11.704999,35011.0,COTY.NYSE-4-HOUR-LAST-EXTERNAL
2023-03-27 19:55:00,11.699999,11.72,11.699999,11.72,242015.0,COTY.NYSE-4-HOUR-LAST-EXTERNAL
2023-03-28 15:55:00,11.738599,11.76,11.729999,11.755,54468.0,COTY.NYSE-4-HOUR-LAST-EXTERNAL
2023-03-28 19:55:00,11.77,11.779999,11.76,11.774999,270300.0,COTY.NYSE-4-HOUR-LAST-EXTERNAL
2023-03-29 15:55:00,11.835,11.84,11.829999,11.835,15300.0,COTY.NYSE-4-HOUR-LAST-EXTERNAL
2023-03-29 19:55:00,11.885,11.89,11.88,11.89,168092.0,COTY.NYSE-4-HOUR-LAST-EXTERNAL
2023-03-30 15:55:00,11.989999,11.994999,11.979999,11.979999,21119.0,COTY.NYSE-4-HOUR-LAST-EXTERNAL
2023-03-30 19:55:00,11.944999,11.949999,11.939999,11.939999,194042.0,COTY.NYSE-4-HOUR-LAST-EXTERNAL
2023-03-31 15:55:00,12.112999,12.119999,12.109999,12.114999,12426.0,COTY.NYSE-4-HOUR-LAST-EXTERNAL
2023-03-31 19:55:00,12.05,12.069999,12.045,12.06,383468.0,COTY.NYSE-4-HOUR-LAST-EXTERNAL
2023-04-03 15:55:00,12.02,12.034999,12.02,12.034999,17333.0,COTY.NYSE-4-HOUR-LAST-EXTERNAL
2023-04-03 19:55:00,12.114999,12.119999,12.1,12.1,231287.0,COTY.NYSE-4-HOUR-LAST-EXTERNAL
2023-04-04 15:55:00,11.975,11.979999,11.949999,11.949999,39642.0,COTY.NYSE-4-HOUR-LAST-EXTERNAL
2023-04-04 19:55:00,11.965,11.979999,11.949999,11.97,336262.0,COTY.NYSE-4-HOUR-LAST-EXTERNAL
2023-04-05 15:55:00,11.77,11.779999,11.76,11.774999,25262.0,COTY.NYSE-4-HOUR-LAST-EXTERNAL
2023-04-05 19:55:00,11.664999,11.689999,11.659999,11.68,261305.0,COTY.NYSE-4-HOUR-LAST-EXTERNAL
2023-04-06 15:55:00,11.694999,11.704999,11.685,11.685,49680.0,COTY.NYSE-4-HOUR-LAST-EXTERNAL
2023-04-06 19:55:00,11.645,11.649999,11.63,11.63,232558.0,COTY.NYSE-4-HOUR-LAST-EXTERNAL
2023-04-10 15:55:00,11.625,11.63,11.609999,11.614999,41318.0,COTY.NYSE-4-HOUR-LAST-EXTERNAL
2023-04-10 19:55:00,11.76,11.779999,11.755,11.77,265577.0,COTY.NYSE-4-HOUR-LAST-EXTERNAL
2023-04-11 15:55:00,11.819999,11.824999,11.814999,11.824999,11114.0,COTY.NYSE-4-HOUR-LAST-EXTERNAL
2023-04-11 19:55:00,11.835,11.84,11.829999,11.84,153678.0,COTY.NYSE-4-HOUR-LAST-EXTERNAL
2023-04-12 15:55:00,11.979999,11.994999,11.975,11.984999,25281.0,COTY.NYSE-4-HOUR-LAST-EXTERNAL
2023-04-12 19:55:00,12.14,12.14,12.09,12.09,448693.0,COTY.NYSE-4-HOUR-LAST-EXTERNAL
2023-04-13 15:55:00,12.189999,12.215,12.189999,12.215,12603.0,COTY.NYSE-4-HOUR-LAST-EXTERNAL
2023-04-13 19:55:00,12.18,12.199999,12.17,12.189999,424533.0,COTY.NYSE-4-HOUR-LAST-EXTERNAL
2023-04-14 15:55:00,12.27,12.274999,12.26,12.27,31954.0,COTY.NYSE-4-HOUR-LAST-EXTERNAL
2023-04-14 19:55:00,12.244999,12.26,12.229999,12.26,307154.0,COTY.NYSE-4-HOUR-LAST-EXTERNAL
2023-04-17 15:55:00,12.225,12.227499,12.215,12.215,19691.0,COTY.NYSE-4-HOUR-LAST-EXTERNAL
2023-04-17 19:55:00,12.199999,12.21,12.189999,12.199999,237366.0,COTY.NYSE-4-HOUR-LAST-EXTERNAL
2023-04-18 15:55:00,12.39,12.46,12.39,12.454999,400630.0,COTY.NYSE-4-HOUR-LAST-EXTERNAL
2023-04-18 19:55:00,12.529999,12.539999,12.515,12.52,357546.0,COTY.NYSE-4-HOUR-LAST-EXTERNAL
2023-04-19 15:55:00,12.399999,12.439299,12.399999,12.435,55913.0,COTY.NYSE-4-HOUR-LAST-EXTERNAL
2023-04-19 19:55:00,12.385,12.42,12.38,12.42,253813.0,COTY.NYSE-4-HOUR-LAST-EXTERNAL
2023-04-20 15:55:00,12.6,12.604999,12.59,12.59,22470.0,COTY.NYSE-4-HOUR-LAST-EXTERNAL
2023-04-20 19:55:00,12.545,12.56,12.529999,12.529999,350746.0,COTY.NYSE-4-HOUR-LAST-EXTERNAL
2023-04-21 15:55:00,12.35,12.369999,12.35,12.369999,25815.0,COTY.NYSE-4-HOUR-LAST-EXTERNAL
2023-04-21 19:55:00,12.324999,12.329999,12.289999,12.289999,421621.0,COTY.NYSE-4-HOUR-LAST-EXTERNAL
2023-04-24 15:55:00,12.1,12.1,12.09,12.095,14846.0,COTY.NYSE-4-HOUR-LAST-EXTERNAL
2023-04-24 19:55:00,12.01,12.039999,12.01,12.039999,450613.0,COTY.NYSE-4-HOUR-LAST-EXTERNAL
2023-04-25 15:55:00,11.984999,11.984999,11.965,11.965,26937.0,COTY.NYSE-4-HOUR-LAST-EXTERNAL
2023-04-25 19:55:00,11.885,11.89,11.869999,11.89,369858.0,COTY.NYSE-4-HOUR-LAST-EXTERNAL
2023-04-26 15:55:00,11.8099,11.81,11.795,11.798999,29919.0,COTY.NYSE-4-HOUR-LAST-EXTERNAL
2023-04-26 19:55:00,11.64,11.67,11.64,11.659999,222273.0,COTY.NYSE-4-HOUR-LAST-EXTERNAL
