2022-01-03 15:55:00,107.050003,107.25,107.04,107.129997,46354.0,FISV.NYSE-4-HOUR-LAST-EXTERNAL
2022-01-03 19:55:00,107.449996,107.529998,107.29,107.319999,35664.0,FISV.NYSE-4-HOUR-LAST-EXTERNAL
2022-01-03 21:00:00,107.620002,107.620002,107.620002,107.620002,250016.0,FISV.NYSE-4-HOUR-LAST-EXTERNAL
2022-01-04 15:55:00,110.209999,110.230003,109.800003,110.151,141336.0,FISV.NYSE-4-HOUR-LAST-EXTERNAL
2022-01-04 19:55:00,109.230003,109.370002,109.199996,109.339996,44858.0,FISV.NYSE-4-HOUR-LAST-EXTERNAL
2022-01-04 21:00:00,109.0,109.0,109.0,109.0,240666.0,FISV.NYSE-4-HOUR-LAST-EXTERNAL
2022-01-05 15:55:00,109.980003,110.11,109.720001,109.769996,28980.0,FISV.NYSE-4-HOUR-LAST-EXTERNAL
2022-01-05 19:55:00,109.269996,109.459999,109.269996,109.400001,28744.0,FISV.NYSE-4-HOUR-LAST-EXTERNAL
2022-01-05 21:00:00,108.36,108.36,108.36,108.36,303960.0,FISV.NYSE-4-HOUR-LAST-EXTERNAL
2022-01-06 15:55:00,109.455001,109.559997,109.305,109.305,20152.0,FISV.NYSE-4-HOUR-LAST-EXTERNAL
2022-01-06 19:55:00,109.379997,109.5,109.370002,109.459999,30934.0,FISV.NYSE-4-HOUR-LAST-EXTERNAL
2022-01-06 21:00:00,109.139999,109.139999,109.139999,109.139999,184271.0,FISV.NYSE-4-HOUR-LAST-EXTERNAL
2022-01-07 15:55:00,108.694999,108.845001,108.684997,108.709999,12245.0,FISV.NYSE-4-HOUR-LAST-EXTERNAL
2022-01-07 19:55:00,109.239997,109.300003,109.18,109.18,14704.0,FISV.NYSE-4-HOUR-LAST-EXTERNAL
2022-01-07 21:00:00,108.830001,108.830001,108.830001,108.830001,181801.0,FISV.NYSE-4-HOUR-LAST-EXTERNAL
2022-01-10 15:55:00,105.36,105.528503,105.144996,105.489997,22850.0,FISV.NYSE-4-HOUR-LAST-EXTERNAL
2022-01-10 19:55:00,107.370002,107.54,107.29,107.535003,34544.0,FISV.NYSE-4-HOUR-LAST-EXTERNAL
2022-01-10 21:00:00,107.75,107.75,107.75,107.75,217592.0,FISV.NYSE-4-HOUR-LAST-EXTERNAL
2022-01-11 15:55:00,107.559997,107.617996,107.489997,107.588203,14371.0,FISV.NYSE-4-HOUR-LAST-EXTERNAL
2022-01-11 19:55:00,109.209999,109.25,109.154998,109.180496,25691.0,FISV.NYSE-4-HOUR-LAST-EXTERNAL
2022-01-11 21:00:00,109.470001,109.470001,109.470001,109.470001,236644.0,FISV.NYSE-4-HOUR-LAST-EXTERNAL
2022-01-12 15:55:00,107.764999,108.029998,107.709999,107.928001,18254.0,FISV.NYSE-4-HOUR-LAST-EXTERNAL
2022-01-12 19:55:00,108.75,108.779998,108.660003,108.6865,16232.0,FISV.NYSE-4-HOUR-LAST-EXTERNAL
2022-01-12 21:00:00,108.5,108.5,108.5,108.5,215130.0,FISV.NYSE-4-HOUR-LAST-EXTERNAL
2022-01-13 15:55:00,110.25,110.36,110.169998,110.209999,38248.0,FISV.NYSE-4-HOUR-LAST-EXTERNAL
2022-01-13 19:55:00,109.625,109.75,109.625,109.720001,15212.0,FISV.NYSE-4-HOUR-LAST-EXTERNAL
2022-01-13 21:00:00,108.940002,108.940002,108.940002,108.940002,258162.0,FISV.NYSE-4-HOUR-LAST-EXTERNAL
2022-01-14 15:55:00,108.839996,108.970001,108.769996,108.944999,21305.0,FISV.NYSE-4-HOUR-LAST-EXTERNAL
2022-01-14 19:55:00,109.019996,109.080001,108.910003,108.93,76645.0,FISV.NYSE-4-HOUR-LAST-EXTERNAL
2022-01-14 21:00:00,109.11,109.11,109.11,109.11,189419.0,FISV.NYSE-4-HOUR-LAST-EXTERNAL
2022-01-18 15:55:00,107.169998,107.18,106.944999,107.080001,82232.0,FISV.NYSE-4-HOUR-LAST-EXTERNAL
2022-01-18 19:55:00,106.849998,106.989997,106.79,106.879997,20564.0,FISV.NYSE-4-HOUR-LAST-EXTERNAL
2022-01-18 21:00:00,106.400001,106.400001,106.400001,106.400001,410484.0,FISV.NYSE-4-HOUR-LAST-EXTERNAL
2022-01-19 15:55:00,106.379997,106.5,106.300003,106.449996,23546.0,FISV.NYSE-4-HOUR-LAST-EXTERNAL
2022-01-19 19:55:00,106.629997,106.690002,106.519996,106.599998,36920.0,FISV.NYSE-4-HOUR-LAST-EXTERNAL
2022-01-19 21:00:00,106.050003,106.050003,106.050003,106.050003,216538.0,FISV.NYSE-4-HOUR-LAST-EXTERNAL
2022-01-20 15:55:00,109.419998,109.43,109.260002,109.379997,30135.0,FISV.NYSE-4-HOUR-LAST-EXTERNAL
2022-01-20 19:55:00,107.599998,107.650001,107.54,107.550003,19913.0,FISV.NYSE-4-HOUR-LAST-EXTERNAL
2022-01-20 21:00:00,106.300003,106.300003,106.300003,106.300003,265064.0,FISV.NYSE-4-HOUR-LAST-EXTERNAL
2022-01-21 15:55:00,106.959999,107.169998,106.819999,106.959999,60487.0,FISV.NYSE-4-HOUR-LAST-EXTERNAL
2022-01-21 19:55:00,105.620002,105.699996,105.400001,105.419998,32857.0,FISV.NYSE-4-HOUR-LAST-EXTERNAL
2022-01-21 21:00:00,104.86,104.86,104.86,104.86,437374.0,FISV.NYSE-4-HOUR-LAST-EXTERNAL
2022-01-24 15:55:00,103.220001,103.25,102.889999,102.980003,50362.0,FISV.NYSE-4-HOUR-LAST-EXTERNAL
2022-01-24 19:55:00,100.889999,101.370002,100.769996,101.18,71473.0,FISV.NYSE-4-HOUR-LAST-EXTERNAL
2022-01-24 21:00:00,102.739997,102.739997,102.739997,102.739997,588073.0,FISV.NYSE-4-HOUR-LAST-EXTERNAL
2022-01-25 15:55:00,100.309997,100.419998,100.019996,100.050003,50193.0,FISV.NYSE-4-HOUR-LAST-EXTERNAL
2022-01-25 19:55:00,102.120002,102.349998,102.069999,102.315002,37905.0,FISV.NYSE-4-HOUR-LAST-EXTERNAL
2022-01-25 21:00:00,101.04,101.04,101.04,101.04,541092.0,FISV.NYSE-4-HOUR-LAST-EXTERNAL
2022-01-26 15:55:00,101.510002,102.099998,101.43,102.050003,46619.0,FISV.NYSE-4-HOUR-LAST-EXTERNAL
2022-01-26 19:55:00,100.5,100.569999,100.230003,100.559997,77837.0,FISV.NYSE-4-HOUR-LAST-EXTERNAL
2022-01-26 21:00:00,99.970001,99.970001,99.970001,99.970001,292317.0,FISV.NYSE-4-HOUR-LAST-EXTERNAL
2022-01-27 15:55:00,100.589996,101.11,100.504997,101.044601,32138.0,FISV.NYSE-4-HOUR-LAST-EXTERNAL
2022-01-27 19:55:00,100.495002,100.720001,100.389999,100.61,24811.0,FISV.NYSE-4-HOUR-LAST-EXTERNAL
2022-01-27 21:00:00,100.279998,100.279998,100.279998,100.279998,255749.0,FISV.NYSE-4-HOUR-LAST-EXTERNAL
2022-01-28 15:55:00,100.805,101.209999,100.68,101.169998,44743.0,FISV.NYSE-4-HOUR-LAST-EXTERNAL
2022-01-28 19:55:00,103.504997,103.700302,103.474998,103.690002,35687.0,FISV.NYSE-4-HOUR-LAST-EXTERNAL
2022-01-28 21:00:00,104.889999,104.889999,104.889999,104.889999,345042.0,FISV.NYSE-4-HOUR-LAST-EXTERNAL
2022-01-31 15:55:00,105.595001,105.605003,105.2732,105.43,32163.0,FISV.NYSE-4-HOUR-LAST-EXTERNAL
2022-01-31 19:55:00,105.276,105.364997,105.276,105.305,21521.0,FISV.NYSE-4-HOUR-LAST-EXTERNAL
2022-01-31 21:00:00,105.699996,105.699996,105.699996,105.699996,429719.0,FISV.NYSE-4-HOUR-LAST-EXTERNAL
2022-02-01 15:55:00,106.400001,106.669998,106.400001,106.669998,33198.0,FISV.NYSE-4-HOUR-LAST-EXTERNAL
2022-02-01 19:55:00,107.819999,107.830001,107.510002,107.760002,47239.0,FISV.NYSE-4-HOUR-LAST-EXTERNAL
2022-02-01 21:00:00,108.660003,108.660003,108.660003,108.660003,221768.0,FISV.NYSE-4-HOUR-LAST-EXTERNAL
2022-02-02 15:55:00,107.419998,107.639999,107.400001,107.639999,12314.0,FISV.NYSE-4-HOUR-LAST-EXTERNAL
2022-02-02 19:55:00,108.470001,108.480003,108.375,108.400001,22167.0,FISV.NYSE-4-HOUR-LAST-EXTERNAL
2022-02-02 21:00:00,108.36,108.36,108.36,108.36,176722.0,FISV.NYSE-4-HOUR-LAST-EXTERNAL
2022-02-03 15:55:00,106.644996,106.669998,106.510002,106.544998,36198.0,FISV.NYSE-4-HOUR-LAST-EXTERNAL
2022-02-03 19:55:00,106.43,106.599998,106.410003,106.589996,29115.0,FISV.NYSE-4-HOUR-LAST-EXTERNAL
2022-02-03 21:00:00,106.279998,106.279998,106.279998,106.279998,268062.0,FISV.NYSE-4-HOUR-LAST-EXTERNAL
2022-02-04 15:55:00,102.800003,103.080001,102.800003,102.934997,57967.0,FISV.NYSE-4-HOUR-LAST-EXTERNAL
2022-02-04 19:55:00,104.434997,104.489997,104.364997,104.459999,19183.0,FISV.NYSE-4-HOUR-LAST-EXTERNAL
2022-02-04 21:00:00,104.879997,104.879997,104.879997,104.879997,293867.0,FISV.NYSE-4-HOUR-LAST-EXTERNAL
2022-02-07 15:55:00,106.279998,106.620002,106.279998,106.470001,59619.0,FISV.NYSE-4-HOUR-LAST-EXTERNAL
2022-02-07 19:55:00,106.68,106.739997,106.654998,106.668296,23245.0,FISV.NYSE-4-HOUR-LAST-EXTERNAL
2022-02-07 21:00:00,105.889999,105.889999,105.889999,105.889999,308936.0,FISV.NYSE-4-HOUR-LAST-EXTERNAL
2022-02-08 15:55:00,100.489997,100.830001,100.334999,100.800003,135427.0,FISV.NYSE-4-HOUR-LAST-EXTERNAL
2022-02-08 19:55:00,99.529998,99.550003,99.349998,99.349998,39251.0,FISV.NYSE-4-HOUR-LAST-EXTERNAL
2022-02-08 21:00:00,99.54,99.54,99.54,99.54,336767.0,FISV.NYSE-4-HOUR-LAST-EXTERNAL
2022-02-09 15:55:00,101.54,101.769996,101.474998,101.75,59779.0,FISV.NYSE-4-HOUR-LAST-EXTERNAL
2022-02-09 19:55:00,102.440002,102.440002,102.29,102.319999,27103.0,FISV.NYSE-4-HOUR-LAST-EXTERNAL
2022-02-09 21:00:00,102.18,102.18,102.18,102.18,335262.0,FISV.NYSE-4-HOUR-LAST-EXTERNAL
2022-02-10 15:55:00,100.510002,100.54,100.18,100.220001,61216.0,FISV.NYSE-4-HOUR-LAST-EXTERNAL
2022-02-10 19:55:00,99.160003,99.230003,99.099998,99.154998,33883.0,FISV.NYSE-4-HOUR-LAST-EXTERNAL
2022-02-10 21:00:00,99.18,99.18,99.18,99.18,313900.0,FISV.NYSE-4-HOUR-LAST-EXTERNAL
2022-02-11 15:55:00,99.580001,99.714996,99.519996,99.519996,22265.0,FISV.NYSE-4-HOUR-LAST-EXTERNAL
2022-02-11 19:55:00,97.43,97.650001,97.419998,97.61,33453.0,FISV.NYSE-4-HOUR-LAST-EXTERNAL
2022-02-11 21:00:00,97.400001,97.400001,97.400001,97.400001,335880.0,FISV.NYSE-4-HOUR-LAST-EXTERNAL
2022-02-14 15:55:00,96.889999,97.019996,96.720001,96.809997,27243.0,FISV.NYSE-4-HOUR-LAST-EXTERNAL
2022-02-14 19:55:00,97.86,97.910003,97.709999,97.760002,26502.0,FISV.NYSE-4-HOUR-LAST-EXTERNAL
2022-02-14 21:00:00,97.889999,97.889999,97.889999,97.889999,270581.0,FISV.NYSE-4-HOUR-LAST-EXTERNAL
2022-02-15 15:55:00,97.474998,97.510002,97.379997,97.440002,33425.0,FISV.NYSE-4-HOUR-LAST-EXTERNAL
2022-02-15 19:55:00,97.029998,97.050003,96.949996,96.970001,49663.0,FISV.NYSE-4-HOUR-LAST-EXTERNAL
2022-02-15 21:00:00,97.069999,97.069999,97.069999,97.069999,311924.0,FISV.NYSE-4-HOUR-LAST-EXTERNAL
2022-02-16 15:55:00,95.650001,95.650001,95.444999,95.480003,32729.0,FISV.NYSE-4-HOUR-LAST-EXTERNAL
2022-02-16 19:55:00,96.319999,96.569999,96.309997,96.559997,51065.0,FISV.NYSE-4-HOUR-LAST-EXTERNAL
2022-02-16 21:00:00,96.809997,96.809997,96.809997,96.809997,284334.0,FISV.NYSE-4-HOUR-LAST-EXTERNAL
2022-02-17 15:55:00,95.919998,96.029998,95.830001,95.919998,30351.0,FISV.NYSE-4-HOUR-LAST-EXTERNAL
2022-02-17 19:55:00,95.0,95.080001,94.989997,95.004997,16980.0,FISV.NYSE-4-HOUR-LAST-EXTERNAL
2022-02-17 21:00:00,94.330001,94.330001,94.330001,94.330001,325178.0,FISV.NYSE-4-HOUR-LAST-EXTERNAL
2022-02-18 15:55:00,93.970001,94.044998,93.849998,93.910003,42034.0,FISV.NYSE-4-HOUR-LAST-EXTERNAL
2022-02-18 19:55:00,94.769996,94.86,94.580001,94.720001,25282.0,FISV.NYSE-4-HOUR-LAST-EXTERNAL
2022-02-18 21:00:00,94.129997,94.129997,94.129997,94.129997,262940.0,FISV.NYSE-4-HOUR-LAST-EXTERNAL
2022-02-22 15:55:00,94.279998,94.330001,94.209999,94.309997,43017.0,FISV.NYSE-4-HOUR-LAST-EXTERNAL
2022-02-22 19:55:00,94.319999,94.389999,94.18,94.199996,26288.0,FISV.NYSE-4-HOUR-LAST-EXTERNAL
2022-02-22 21:00:00,93.519996,93.519996,93.519996,93.519996,310697.0,FISV.NYSE-4-HOUR-LAST-EXTERNAL
2022-02-23 15:55:00,94.169998,94.379997,94.074996,94.25,33325.0,FISV.NYSE-4-HOUR-LAST-EXTERNAL
2022-02-23 19:55:00,92.849998,93.0,92.779998,92.93,36544.0,FISV.NYSE-4-HOUR-LAST-EXTERNAL
2022-02-23 21:00:00,92.599998,92.599998,92.599998,92.599998,254868.0,FISV.NYSE-4-HOUR-LAST-EXTERNAL
2022-02-24 15:55:00,93.389999,93.393302,93.089996,93.175003,63193.0,FISV.NYSE-4-HOUR-LAST-EXTERNAL
2022-02-24 19:55:00,94.470001,94.470001,94.235,94.349998,32129.0,FISV.NYSE-4-HOUR-LAST-EXTERNAL
2022-02-24 21:00:00,95.559997,95.559997,95.559997,95.559997,416803.0,FISV.NYSE-4-HOUR-LAST-EXTERNAL
2022-02-25 15:55:00,97.93,98.129997,97.769996,97.870002,39602.0,FISV.NYSE-4-HOUR-LAST-EXTERNAL
2022-02-25 19:55:00,97.989997,98.205001,97.959999,98.069999,25876.0,FISV.NYSE-4-HOUR-LAST-EXTERNAL
2022-02-25 21:00:00,98.050003,98.050003,98.050003,98.050003,341296.0,FISV.NYSE-4-HOUR-LAST-EXTERNAL
2022-02-28 15:55:00,97.529998,97.75,97.519996,97.639999,43678.0,FISV.NYSE-4-HOUR-LAST-EXTERNAL
2022-02-28 19:55:00,97.089996,97.25,97.089996,97.139999,40061.0,FISV.NYSE-4-HOUR-LAST-EXTERNAL
2022-02-28 21:00:00,97.669998,97.669998,97.669998,97.669998,254126.0,FISV.NYSE-4-HOUR-LAST-EXTERNAL
2022-03-01 15:55:00,97.529998,97.605003,97.389999,97.519996,25955.0,FISV.NYSE-4-HOUR-LAST-EXTERNAL
2022-03-01 19:55:00,97.699996,97.779998,97.6436,97.747398,22680.0,FISV.NYSE-4-HOUR-LAST-EXTERNAL
2022-03-01 21:00:00,97.059997,97.059997,97.059997,97.059997,285571.0,FISV.NYSE-4-HOUR-LAST-EXTERNAL
2022-03-02 15:55:00,97.199996,97.510002,97.139999,97.36,28196.0,FISV.NYSE-4-HOUR-LAST-EXTERNAL
2022-03-02 19:55:00,98.870002,98.949996,98.779998,98.830001,34077.0,FISV.NYSE-4-HOUR-LAST-EXTERNAL
2022-03-02 21:00:00,98.739997,98.739997,98.739997,98.739997,257418.0,FISV.NYSE-4-HOUR-LAST-EXTERNAL
2022-03-03 15:55:00,97.819999,97.889999,97.739997,97.809997,17098.0,FISV.NYSE-4-HOUR-LAST-EXTERNAL
2022-03-03 19:55:00,98.459999,98.514999,98.419998,98.510002,19524.0,FISV.NYSE-4-HOUR-LAST-EXTERNAL
2022-03-03 21:00:00,98.629997,98.629997,98.629997,98.629997,308372.0,FISV.NYSE-4-HOUR-LAST-EXTERNAL
2022-03-04 15:55:00,96.434997,96.550003,96.29,96.319999,29015.0,FISV.NYSE-4-HOUR-LAST-EXTERNAL
2022-03-04 19:55:00,96.370002,96.43,96.18,96.199996,40003.0,FISV.NYSE-4-HOUR-LAST-EXTERNAL
2022-03-04 21:00:00,97.319999,97.319999,97.319999,97.319999,172202.0,FISV.NYSE-4-HOUR-LAST-EXTERNAL
2022-03-07 15:55:00,95.18,95.279998,95.010002,95.175003,47314.0,FISV.NYSE-4-HOUR-LAST-EXTERNAL
2022-03-07 19:55:00,95.400001,95.569999,95.279998,95.279998,61197.0,FISV.NYSE-4-HOUR-LAST-EXTERNAL
2022-03-07 21:00:00,94.919998,94.919998,94.919998,94.919998,405452.0,FISV.NYSE-4-HOUR-LAST-EXTERNAL
2022-03-08 15:55:00,95.150001,95.239997,94.970001,95.089996,40110.0,FISV.NYSE-4-HOUR-LAST-EXTERNAL
2022-03-08 19:55:00,94.9402,95.129997,94.879997,94.989997,41734.0,FISV.NYSE-4-HOUR-LAST-EXTERNAL
2022-03-08 21:00:00,94.199996,94.199996,94.199996,94.199996,221247.0,FISV.NYSE-4-HOUR-LAST-EXTERNAL
2022-03-09 15:55:00,96.080001,96.370002,96.080001,96.370002,16648.0,FISV.NYSE-4-HOUR-LAST-EXTERNAL
2022-03-09 19:55:00,96.069999,96.199996,96.059997,96.089996,33246.0,FISV.NYSE-4-HOUR-LAST-EXTERNAL
2022-03-09 21:00:00,96.269996,96.269996,96.269996,96.269996,290449.0,FISV.NYSE-4-HOUR-LAST-EXTERNAL
2022-03-10 15:55:00,94.660003,94.660003,94.470001,94.609497,70016.0,FISV.NYSE-4-HOUR-LAST-EXTERNAL
2022-03-10 19:55:00,95.11,95.25,95.109901,95.199996,20425.0,FISV.NYSE-4-HOUR-LAST-EXTERNAL
2022-03-10 21:00:00,95.050003,95.050003,95.050003,95.050003,179740.0,FISV.NYSE-4-HOUR-LAST-EXTERNAL
2022-03-11 15:55:00,95.209999,95.220001,95.019996,95.199996,40580.0,FISV.NYSE-4-HOUR-LAST-EXTERNAL
2022-03-11 19:55:00,94.845001,94.949996,94.834999,94.925003,20258.0,FISV.NYSE-4-HOUR-LAST-EXTERNAL
2022-03-11 21:00:00,94.150001,94.150001,94.150001,94.150001,222115.0,FISV.NYSE-4-HOUR-LAST-EXTERNAL
2022-03-14 15:55:00,94.86,94.86,94.760002,94.819999,12310.0,FISV.NYSE-4-HOUR-LAST-EXTERNAL
2022-03-14 19:55:00,93.989997,94.190002,93.919998,94.0,185866.0,FISV.NYSE-4-HOUR-LAST-EXTERNAL
2022-03-15 15:55:00,95.690002,95.730003,95.349998,95.519996,22794.0,FISV.NYSE-4-HOUR-LAST-EXTERNAL
2022-03-15 19:55:00,95.510002,95.523498,95.330001,95.43,214528.0,FISV.NYSE-4-HOUR-LAST-EXTERNAL
2022-03-16 15:55:00,96.660003,96.699996,96.605003,96.669998,15052.0,FISV.NYSE-4-HOUR-LAST-EXTERNAL
2022-03-16 19:55:00,97.970001,98.349998,97.919998,98.349998,264844.0,FISV.NYSE-4-HOUR-LAST-EXTERNAL
2022-03-17 15:55:00,99.580001,99.639999,99.480003,99.519996,35709.0,FISV.NYSE-4-HOUR-LAST-EXTERNAL
2022-03-17 19:55:00,99.919998,100.059997,99.889999,100.04,156781.0,FISV.NYSE-4-HOUR-LAST-EXTERNAL
2022-03-18 15:55:00,99.370002,99.550003,99.370002,99.519996,11812.0,FISV.NYSE-4-HOUR-LAST-EXTERNAL
2022-03-18 19:55:00,100.5,100.669998,100.43,100.580001,332826.0,FISV.NYSE-4-HOUR-LAST-EXTERNAL
2022-03-21 15:55:00,99.989997,100.059997,99.900001,100.0,10211.0,FISV.NYSE-4-HOUR-LAST-EXTERNAL
2022-03-21 19:55:00,99.410003,99.599998,99.379997,99.569999,99312.0,FISV.NYSE-4-HOUR-LAST-EXTERNAL
2022-03-22 15:55:00,100.953102,100.974998,100.849998,100.900001,11161.0,FISV.NYSE-4-HOUR-LAST-EXTERNAL
2022-03-22 19:55:00,100.43,100.544998,100.334999,100.519996,230207.0,FISV.NYSE-4-HOUR-LAST-EXTERNAL
2022-03-23 15:55:00,99.199996,99.230003,99.154998,99.230003,15739.0,FISV.NYSE-4-HOUR-LAST-EXTERNAL
2022-03-23 19:55:00,98.870002,99.0,98.75,98.760002,130151.0,FISV.NYSE-4-HOUR-LAST-EXTERNAL
2022-03-24 15:55:00,98.849998,98.910003,98.849998,98.900001,23938.0,FISV.NYSE-4-HOUR-LAST-EXTERNAL
2022-03-24 19:55:00,98.709999,98.739997,98.689002,98.699996,253291.0,FISV.NYSE-4-HOUR-LAST-EXTERNAL
2022-03-25 15:55:00,99.2369,99.260002,99.11,99.260002,12763.0,FISV.NYSE-4-HOUR-LAST-EXTERNAL
2022-03-25 19:55:00,100.319999,100.559997,100.309997,100.510002,170699.0,FISV.NYSE-4-HOUR-LAST-EXTERNAL
2022-03-28 15:55:00,99.599998,99.620002,99.54,99.559997,7504.0,FISV.NYSE-4-HOUR-LAST-EXTERNAL
2022-03-28 19:55:00,100.889999,100.889999,100.690002,100.720001,263774.0,FISV.NYSE-4-HOUR-LAST-EXTERNAL
2022-03-29 15:55:00,102.521003,102.625,102.495002,102.559997,41512.0,FISV.NYSE-4-HOUR-LAST-EXTERNAL
2022-03-29 19:55:00,103.11,103.150001,102.959999,103.0,393047.0,FISV.NYSE-4-HOUR-LAST-EXTERNAL
2022-03-30 15:55:00,102.470001,102.739997,102.470001,102.739997,12020.0,FISV.NYSE-4-HOUR-LAST-EXTERNAL
2022-03-30 19:55:00,101.93,102.199996,101.919998,102.18,372036.0,FISV.NYSE-4-HOUR-LAST-EXTERNAL
2022-03-31 15:55:00,102.0,102.035003,101.955001,102.019996,13255.0,FISV.NYSE-4-HOUR-LAST-EXTERNAL
2022-03-31 19:55:00,101.889999,101.889999,101.370002,101.389999,507967.0,FISV.NYSE-4-HOUR-LAST-EXTERNAL
2022-04-01 15:55:00,102.319999,102.319999,102.069999,102.11,12642.0,FISV.NYSE-4-HOUR-LAST-EXTERNAL
2022-04-01 19:55:00,102.940002,103.04,102.889999,102.989997,138427.0,FISV.NYSE-4-HOUR-LAST-EXTERNAL
2022-04-04 15:55:00,103.86,103.86,103.775001,103.800003,12703.0,FISV.NYSE-4-HOUR-LAST-EXTERNAL
2022-04-04 19:55:00,103.059997,103.220001,102.970001,103.18,148417.0,FISV.NYSE-4-HOUR-LAST-EXTERNAL
2022-04-05 15:55:00,103.779998,103.79,103.720001,103.75,6628.0,FISV.NYSE-4-HOUR-LAST-EXTERNAL
2022-04-05 19:55:00,103.260002,103.389999,103.238296,103.339996,125043.0,FISV.NYSE-4-HOUR-LAST-EXTERNAL
2022-04-06 15:55:00,103.550003,103.550003,103.400001,103.459999,18708.0,FISV.NYSE-4-HOUR-LAST-EXTERNAL
2022-04-06 19:55:00,102.830001,102.940002,102.589996,102.650001,189150.0,FISV.NYSE-4-HOUR-LAST-EXTERNAL
2022-04-07 15:55:00,99.54,99.68,99.519996,99.54,16932.0,FISV.NYSE-4-HOUR-LAST-EXTERNAL
2022-04-07 19:55:00,100.989997,100.989997,100.730003,100.779998,182981.0,FISV.NYSE-4-HOUR-LAST-EXTERNAL
2022-04-08 15:55:00,101.480003,101.580001,101.440002,101.559997,11671.0,FISV.NYSE-4-HOUR-LAST-EXTERNAL
2022-04-08 19:55:00,100.449996,100.569999,100.300003,100.550003,208578.0,FISV.NYSE-4-HOUR-LAST-EXTERNAL
2022-04-11 15:55:00,101.519996,101.650001,101.400001,101.650001,25397.0,FISV.NYSE-4-HOUR-LAST-EXTERNAL
2022-04-11 19:55:00,100.620002,100.669998,100.5,100.589996,240531.0,FISV.NYSE-4-HOUR-LAST-EXTERNAL
2022-04-12 15:55:00,100.010002,100.027999,99.940002,99.989997,9824.0,FISV.NYSE-4-HOUR-LAST-EXTERNAL
2022-04-12 19:55:00,99.04,99.135002,98.910003,98.959999,191233.0,FISV.NYSE-4-HOUR-LAST-EXTERNAL
2022-04-13 15:55:00,98.800003,98.800003,98.650001,98.720001,20223.0,FISV.NYSE-4-HOUR-LAST-EXTERNAL
2022-04-13 19:55:00,99.150001,99.150001,99.010002,99.069999,124687.0,FISV.NYSE-4-HOUR-LAST-EXTERNAL
2022-04-14 15:55:00,100.230003,100.300003,100.139999,100.18,23048.0,FISV.NYSE-4-HOUR-LAST-EXTERNAL
2022-04-14 19:55:00,99.739997,99.739997,99.620002,99.669998,170489.0,FISV.NYSE-4-HOUR-LAST-EXTERNAL
2022-04-18 15:55:00,99.230003,99.3134,99.209999,99.3134,9114.0,FISV.NYSE-4-HOUR-LAST-EXTERNAL
2022-04-18 19:55:00,99.910003,100.059997,99.830001,99.879997,264407.0,FISV.NYSE-4-HOUR-LAST-EXTERNAL
2022-04-19 15:55:00,102.120002,102.220001,102.120002,102.190002,23856.0,FISV.NYSE-4-HOUR-LAST-EXTERNAL
2022-04-19 19:55:00,102.459999,102.569999,102.279998,102.449996,204801.0,FISV.NYSE-4-HOUR-LAST-EXTERNAL
2022-04-20 15:55:00,103.599998,103.75,103.599998,103.739997,18026.0,FISV.NYSE-4-HOUR-LAST-EXTERNAL
2022-04-20 19:55:00,101.720001,101.764999,101.29,101.379997,556439.0,FISV.NYSE-4-HOUR-LAST-EXTERNAL
2022-04-21 15:55:00,102.059997,102.059997,101.940002,102.010002,8808.0,FISV.NYSE-4-HOUR-LAST-EXTERNAL
2022-04-21 19:55:00,101.410003,101.519996,101.339996,101.400001,125967.0,FISV.NYSE-4-HOUR-LAST-EXTERNAL
2022-04-22 15:55:00,99.190002,99.230003,99.139999,99.160003,12377.0,FISV.NYSE-4-HOUR-LAST-EXTERNAL
2022-04-22 19:55:00,97.5,97.529998,97.220001,97.349998,284600.0,FISV.NYSE-4-HOUR-LAST-EXTERNAL
2022-04-25 15:55:00,95.889999,96.029998,95.879997,96.029998,27463.0,FISV.NYSE-4-HOUR-LAST-EXTERNAL
2022-04-25 19:55:00,97.989997,98.04,97.775001,97.949996,216780.0,FISV.NYSE-4-HOUR-LAST-EXTERNAL
2022-04-26 15:55:00,96.330001,96.330001,96.169998,96.18,7362.0,FISV.NYSE-4-HOUR-LAST-EXTERNAL
2022-04-26 19:55:00,96.150001,96.300003,96.069999,96.120002,514320.0,FISV.NYSE-4-HOUR-LAST-EXTERNAL
2022-04-27 15:55:00,99.989997,100.230003,99.985,100.044998,45017.0,FISV.NYSE-4-HOUR-LAST-EXTERNAL
2022-04-27 19:55:00,100.940002,101.150001,100.760002,100.910003,447137.0,FISV.NYSE-4-HOUR-LAST-EXTERNAL
2022-04-28 15:55:00,103.0,103.095001,102.980003,103.019996,24315.0,FISV.NYSE-4-HOUR-LAST-EXTERNAL
2022-04-28 19:55:00,104.650001,104.830001,104.489997,104.819999,538486.0,FISV.NYSE-4-HOUR-LAST-EXTERNAL
2022-04-29 15:55:00,101.355003,101.419998,101.203598,101.214996,34846.0,FISV.NYSE-4-HOUR-LAST-EXTERNAL
2022-04-29 19:55:00,98.105003,98.11,97.79,97.849998,567453.0,FISV.NYSE-4-HOUR-LAST-EXTERNAL
2022-05-02 15:55:00,95.29,95.599998,95.29,95.339996,22785.0,FISV.NYSE-4-HOUR-LAST-EXTERNAL
2022-05-02 19:55:00,97.050003,97.269996,97.029998,97.120002,310428.0,FISV.NYSE-4-HOUR-LAST-EXTERNAL
2022-05-03 15:55:00,99.919998,100.18,99.900001,100.1166,30997.0,FISV.NYSE-4-HOUR-LAST-EXTERNAL
2022-05-03 19:55:00,99.489997,99.54,99.25,99.449996,291051.0,FISV.NYSE-4-HOUR-LAST-EXTERNAL
2022-05-04 15:55:00,99.25,99.279998,99.010002,99.010002,13131.0,FISV.NYSE-4-HOUR-LAST-EXTERNAL
2022-05-04 19:55:00,102.480003,102.639999,102.400001,102.54,195091.0,FISV.NYSE-4-HOUR-LAST-EXTERNAL
2022-05-05 15:55:00,99.319999,99.639999,99.319999,99.599998,32644.0,FISV.NYSE-4-HOUR-LAST-EXTERNAL
2022-05-05 19:55:00,99.18,99.68,99.120002,99.639999,429155.0,FISV.NYSE-4-HOUR-LAST-EXTERNAL
2022-05-06 15:55:00,95.889999,96.019996,95.79,95.830001,26435.0,FISV.NYSE-4-HOUR-LAST-EXTERNAL
2022-05-06 19:55:00,95.709999,95.760002,95.570999,95.709999,217016.0,FISV.NYSE-4-HOUR-LAST-EXTERNAL
2022-05-09 15:55:00,95.089996,95.220001,94.86,94.900001,27898.0,FISV.NYSE-4-HOUR-LAST-EXTERNAL
2022-05-09 19:55:00,93.400001,93.800003,93.36,93.629997,358257.0,FISV.NYSE-4-HOUR-LAST-EXTERNAL
2022-05-10 15:55:00,92.470001,92.580001,92.099998,92.459999,14659.0,FISV.NYSE-4-HOUR-LAST-EXTERNAL
2022-05-10 19:55:00,92.910003,92.949996,92.709999,92.769996,147713.0,FISV.NYSE-4-HOUR-LAST-EXTERNAL
2022-05-11 15:55:00,93.529998,93.529998,93.339996,93.485,26562.0,FISV.NYSE-4-HOUR-LAST-EXTERNAL
2022-05-11 19:55:00,92.519996,92.669998,92.410003,92.580001,292555.0,FISV.NYSE-4-HOUR-LAST-EXTERNAL
2022-05-12 15:55:00,91.769996,91.879997,91.699996,91.879997,23361.0,FISV.NYSE-4-HOUR-LAST-EXTERNAL
2022-05-12 19:55:00,93.230003,93.599998,93.059997,93.550003,219904.0,FISV.NYSE-4-HOUR-LAST-EXTERNAL
2022-05-13 15:55:00,96.580001,96.699996,96.510002,96.639999,16115.0,FISV.NYSE-4-HOUR-LAST-EXTERNAL
2022-05-13 19:55:00,96.019996,96.199996,95.849998,96.160003,267013.0,FISV.NYSE-4-HOUR-LAST-EXTERNAL
2022-05-16 15:55:00,96.449996,96.489997,96.349998,96.400001,9816.0,FISV.NYSE-4-HOUR-LAST-EXTERNAL
2022-05-16 19:55:00,96.239997,96.29,96.04,96.25,242123.0,FISV.NYSE-4-HOUR-LAST-EXTERNAL
2022-05-17 15:55:00,96.68,96.970001,96.629997,96.93,37844.0,FISV.NYSE-4-HOUR-LAST-EXTERNAL
2022-05-17 19:55:00,97.559997,97.739997,97.54,97.699996,142814.0,FISV.NYSE-4-HOUR-LAST-EXTERNAL
2022-05-18 15:55:00,95.355003,95.639999,95.355003,95.580001,22725.0,FISV.NYSE-4-HOUR-LAST-EXTERNAL
2022-05-18 19:55:00,94.019996,94.199996,93.949996,94.169998,331612.0,FISV.NYSE-4-HOUR-LAST-EXTERNAL
2022-05-19 15:55:00,94.879997,94.910003,94.714996,94.889999,18079.0,FISV.NYSE-4-HOUR-LAST-EXTERNAL
2022-05-19 19:55:00,94.510002,94.620002,94.330001,94.389999,194622.0,FISV.NYSE-4-HOUR-LAST-EXTERNAL
2022-05-20 15:55:00,94.61,94.75,94.589996,94.650001,10758.0,FISV.NYSE-4-HOUR-LAST-EXTERNAL
2022-05-20 19:55:00,95.36,95.690002,95.300003,95.589996,218562.0,FISV.NYSE-4-HOUR-LAST-EXTERNAL
2022-05-23 15:55:00,98.819999,98.819999,98.690002,98.699996,14043.0,FISV.NYSE-4-HOUR-LAST-EXTERNAL
2022-05-23 19:55:00,98.61,98.93,98.580001,98.849998,225280.0,FISV.NYSE-4-HOUR-LAST-EXTERNAL
2022-05-24 15:55:00,96.522796,96.845001,96.489997,96.699996,22119.0,FISV.NYSE-4-HOUR-LAST-EXTERNAL
2022-05-24 19:55:00,96.699996,96.910003,96.635002,96.900001,219736.0,FISV.NYSE-4-HOUR-LAST-EXTERNAL
2022-05-25 15:55:00,97.389999,97.569999,97.379997,97.491203,17897.0,FISV.NYSE-4-HOUR-LAST-EXTERNAL
2022-05-25 19:55:00,97.349998,97.489997,97.279998,97.489997,141973.0,FISV.NYSE-4-HOUR-LAST-EXTERNAL
2022-05-26 15:55:00,98.739997,98.800003,98.720001,98.720001,9776.0,FISV.NYSE-4-HOUR-LAST-EXTERNAL
2022-05-26 19:55:00,99.410003,99.440002,99.260002,99.29,138039.0,FISV.NYSE-4-HOUR-LAST-EXTERNAL
2022-05-27 15:55:00,100.730003,100.79,100.690002,100.760002,11460.0,FISV.NYSE-4-HOUR-LAST-EXTERNAL
2022-05-27 19:55:00,101.199996,101.370002,101.190002,101.36,178072.0,FISV.NYSE-4-HOUR-LAST-EXTERNAL
2022-05-31 15:55:00,101.084999,101.160003,101.025001,101.160003,23897.0,FISV.NYSE-4-HOUR-LAST-EXTERNAL
2022-05-31 19:55:00,100.36,100.389999,100.019996,100.209999,273373.0,FISV.NYSE-4-HOUR-LAST-EXTERNAL
2022-06-01 15:55:00,99.070701,99.184997,99.055,99.120002,13328.0,FISV.NYSE-4-HOUR-LAST-EXTERNAL
2022-06-01 19:55:00,99.330001,99.379997,99.089996,99.150001,152682.0,FISV.NYSE-4-HOUR-LAST-EXTERNAL
2022-06-02 15:55:00,99.68,99.730003,99.5,99.529998,15896.0,FISV.NYSE-4-HOUR-LAST-EXTERNAL
2022-06-02 19:55:00,100.669998,100.919998,100.620002,100.819999,254061.0,FISV.NYSE-4-HOUR-LAST-EXTERNAL
2022-06-03 15:55:00,99.580001,99.650001,99.54,99.550003,8451.0,FISV.NYSE-4-HOUR-LAST-EXTERNAL
2022-06-03 19:55:00,99.730003,99.809997,99.620002,99.68,155665.0,FISV.NYSE-4-HOUR-LAST-EXTERNAL
2022-06-06 15:55:00,101.059997,101.165,101.04,101.11,34074.0,FISV.NYSE-4-HOUR-LAST-EXTERNAL
2022-06-06 19:55:00,100.269996,100.370002,100.139999,100.29,149866.0,FISV.NYSE-4-HOUR-LAST-EXTERNAL
2022-06-07 15:55:00,100.279998,100.389701,100.230003,100.389701,12942.0,FISV.NYSE-4-HOUR-LAST-EXTERNAL
2022-06-07 19:55:00,101.370002,101.389999,101.209999,101.239997,171436.0,FISV.NYSE-4-HOUR-LAST-EXTERNAL
2022-06-08 15:55:00,101.029998,101.04,100.86,100.900001,11018.0,FISV.NYSE-4-HOUR-LAST-EXTERNAL
2022-06-08 19:55:00,100.029998,100.18,100.0,100.129997,121524.0,FISV.NYSE-4-HOUR-LAST-EXTERNAL
2022-06-09 15:55:00,98.120002,98.18,98.099998,98.18,12554.0,FISV.NYSE-4-HOUR-LAST-EXTERNAL
2022-06-09 19:55:00,96.259902,96.309997,95.779998,95.809997,250755.0,FISV.NYSE-4-HOUR-LAST-EXTERNAL
2022-06-10 15:55:00,93.699996,93.940002,93.660003,93.879997,19632.0,FISV.NYSE-4-HOUR-LAST-EXTERNAL
2022-06-10 19:55:00,94.589996,94.669998,94.339996,94.339996,292728.0,FISV.NYSE-4-HOUR-LAST-EXTERNAL
2022-06-13 15:55:00,90.970001,91.11,90.949996,91.080001,31022.0,FISV.NYSE-4-HOUR-LAST-EXTERNAL
2022-06-13 19:55:00,89.569999,89.75,89.519996,89.620002,458410.0,FISV.NYSE-4-HOUR-LAST-EXTERNAL
2022-06-14 15:55:00,90.025001,90.084999,89.849998,90.0,26608.0,FISV.NYSE-4-HOUR-LAST-EXTERNAL
2022-06-14 19:55:00,89.900001,89.940002,89.769996,89.900001,207810.0,FISV.NYSE-4-HOUR-LAST-EXTERNAL
2022-06-15 15:55:00,91.480003,91.635002,91.459999,91.620002,13246.0,FISV.NYSE-4-HOUR-LAST-EXTERNAL
2022-06-15 19:55:00,91.529998,91.650001,91.379997,91.489997,295954.0,FISV.NYSE-4-HOUR-LAST-EXTERNAL
2022-06-16 15:55:00,88.415,88.629997,88.415,88.614997,85941.0,FISV.NYSE-4-HOUR-LAST-EXTERNAL
2022-06-16 19:55:00,88.069999,88.400001,88.050003,88.394996,323879.0,FISV.NYSE-4-HOUR-LAST-EXTERNAL
2022-06-17 15:55:00,88.080001,88.220001,88.010002,88.069999,23244.0,FISV.NYSE-4-HOUR-LAST-EXTERNAL
2022-06-17 19:55:00,89.199996,89.379997,89.120002,89.139999,229887.0,FISV.NYSE-4-HOUR-LAST-EXTERNAL
2022-06-21 15:55:00,89.169998,89.2024,89.091903,89.120002,17232.0,FISV.NYSE-4-HOUR-LAST-EXTERNAL
2022-06-21 19:55:00,89.43,89.43,89.129997,89.269996,133121.0,FISV.NYSE-4-HOUR-LAST-EXTERNAL
2022-06-22 15:55:00,89.080001,89.120002,88.970001,88.989997,13043.0,FISV.NYSE-4-HOUR-LAST-EXTERNAL
2022-06-22 19:55:00,89.620002,89.639999,89.36,89.36,249757.0,FISV.NYSE-4-HOUR-LAST-EXTERNAL
2022-06-23 15:55:00,89.589996,89.589996,89.419998,89.420799,14333.0,FISV.NYSE-4-HOUR-LAST-EXTERNAL
2022-06-23 19:55:00,89.709999,89.819999,89.629997,89.730003,113609.0,FISV.NYSE-4-HOUR-LAST-EXTERNAL
2022-06-24 15:55:00,92.54,92.690002,92.5,92.669998,20138.0,FISV.NYSE-4-HOUR-LAST-EXTERNAL
2022-06-24 19:55:00,94.059997,94.319999,93.940002,94.230003,447789.0,FISV.NYSE-4-HOUR-LAST-EXTERNAL
2022-06-27 15:55:00,93.550003,93.629997,93.529998,93.614997,9156.0,FISV.NYSE-4-HOUR-LAST-EXTERNAL
2022-06-27 19:55:00,92.980003,93.129997,92.93,93.099998,206374.0,FISV.NYSE-4-HOUR-LAST-EXTERNAL
2022-06-28 15:55:00,91.419998,91.470001,91.364997,91.389999,32345.0,FISV.NYSE-4-HOUR-LAST-EXTERNAL
2022-06-28 19:55:00,90.75,90.769996,90.489997,90.620002,234465.0,FISV.NYSE-4-HOUR-LAST-EXTERNAL
2022-06-29 15:55:00,90.279998,90.279998,89.959999,90.04,12783.0,FISV.NYSE-4-HOUR-LAST-EXTERNAL
2022-06-29 19:55:00,90.839996,91.04,90.839996,90.910003,161047.0,FISV.NYSE-4-HOUR-LAST-EXTERNAL
2022-06-30 15:55:00,89.349998,89.43,89.260002,89.419998,13315.0,FISV.NYSE-4-HOUR-LAST-EXTERNAL
2022-06-30 19:55:00,88.68,89.010002,88.669998,89.0,362370.0,FISV.NYSE-4-HOUR-LAST-EXTERNAL
2022-07-01 15:55:00,90.86,91.139999,90.849998,91.135002,35214.0,FISV.NYSE-4-HOUR-LAST-EXTERNAL
2022-07-01 19:55:00,92.529998,92.644996,92.510002,92.580001,206586.0,FISV.NYSE-4-HOUR-LAST-EXTERNAL
2022-07-05 15:55:00,93.050003,93.205001,93.010002,93.029998,21683.0,FISV.NYSE-4-HOUR-LAST-EXTERNAL
2022-07-05 19:55:00,94.114997,94.129997,93.980003,94.120002,244820.0,FISV.NYSE-4-HOUR-LAST-EXTERNAL
2022-07-06 15:55:00,93.769996,93.93,93.720001,93.910003,32015.0,FISV.NYSE-4-HOUR-LAST-EXTERNAL
2022-07-06 19:55:00,93.760002,93.879997,93.68,93.849899,258592.0,FISV.NYSE-4-HOUR-LAST-EXTERNAL
2022-07-07 15:55:00,93.464996,93.61,93.43,93.580001,12587.0,FISV.NYSE-4-HOUR-LAST-EXTERNAL
2022-07-07 19:55:00,93.319999,93.440002,93.260002,93.330001,198548.0,FISV.NYSE-4-HOUR-LAST-EXTERNAL
2022-07-08 15:55:00,93.309997,93.400001,93.279998,93.385002,11834.0,FISV.NYSE-4-HOUR-LAST-EXTERNAL
2022-07-08 19:55:00,93.129997,93.199996,93.029998,93.069999,165053.0,FISV.NYSE-4-HOUR-LAST-EXTERNAL
2022-07-11 15:55:00,92.209999,92.300003,92.190002,92.279998,14722.0,FISV.NYSE-4-HOUR-LAST-EXTERNAL
2022-07-11 19:55:00,92.510002,92.599998,92.480003,92.599998,193071.0,FISV.NYSE-4-HOUR-LAST-EXTERNAL
2022-07-12 15:55:00,93.339996,93.394996,93.309997,93.375,9339.0,FISV.NYSE-4-HOUR-LAST-EXTERNAL
2022-07-12 19:55:00,92.699996,92.730003,92.5,92.589996,434753.0,FISV.NYSE-4-HOUR-LAST-EXTERNAL
2022-07-13 15:55:00,91.690002,91.769996,91.589996,91.589996,18524.0,FISV.NYSE-4-HOUR-LAST-EXTERNAL
2022-07-13 19:55:00,92.0,92.080001,91.849998,91.86,218435.0,FISV.NYSE-4-HOUR-LAST-EXTERNAL
2022-07-14 15:55:00,90.839996,91.069999,90.769996,91.069999,15309.0,FISV.NYSE-4-HOUR-LAST-EXTERNAL
2022-07-14 19:55:00,91.690002,91.720001,91.559997,91.669998,175984.0,FISV.NYSE-4-HOUR-LAST-EXTERNAL
2022-07-15 15:55:00,94.550003,94.569999,94.440002,94.449996,20144.0,FISV.NYSE-4-HOUR-LAST-EXTERNAL
2022-07-15 19:55:00,93.86,94.230003,93.86,94.160003,301580.0,FISV.NYSE-4-HOUR-LAST-EXTERNAL
2022-07-18 15:55:00,94.959999,95.059997,94.949996,95.010002,17881.0,FISV.NYSE-4-HOUR-LAST-EXTERNAL
2022-07-18 19:55:00,93.845001,94.029998,93.830001,93.970001,165577.0,FISV.NYSE-4-HOUR-LAST-EXTERNAL
2022-07-19 15:55:00,96.639999,96.699996,96.589996,96.690002,17826.0,FISV.NYSE-4-HOUR-LAST-EXTERNAL
2022-07-19 19:55:00,97.569999,97.720001,97.5,97.529998,268569.0,FISV.NYSE-4-HOUR-LAST-EXTERNAL
2022-07-20 15:55:00,97.519996,97.529998,97.379997,97.410003,15068.0,FISV.NYSE-4-HOUR-LAST-EXTERNAL
2022-07-20 19:55:00,97.805,97.919998,97.805,97.849998,181642.0,FISV.NYSE-4-HOUR-LAST-EXTERNAL
2022-07-21 15:55:00,98.550003,98.620002,98.510002,98.620002,9592.0,FISV.NYSE-4-HOUR-LAST-EXTERNAL
2022-07-21 19:55:00,99.120002,99.25,99.11,99.18,176957.0,FISV.NYSE-4-HOUR-LAST-EXTERNAL
2022-07-22 15:55:00,100.230003,100.230003,100.059997,100.190002,36042.0,FISV.NYSE-4-HOUR-LAST-EXTERNAL
2022-07-22 19:55:00,99.639999,99.900001,99.639999,99.879997,178698.0,FISV.NYSE-4-HOUR-LAST-EXTERNAL
2022-07-25 15:55:00,98.760002,98.830001,98.669998,98.709999,29459.0,FISV.NYSE-4-HOUR-LAST-EXTERNAL
2022-07-25 19:55:00,98.012496,98.169998,97.949996,98.169998,218940.0,FISV.NYSE-4-HOUR-LAST-EXTERNAL
2022-07-26 15:55:00,101.36,101.410003,101.11,101.165,36653.0,FISV.NYSE-4-HOUR-LAST-EXTERNAL
2022-07-26 19:55:00,102.330001,102.400001,102.120002,102.209999,338950.0,FISV.NYSE-4-HOUR-LAST-EXTERNAL
2022-07-27 15:55:00,103.86,104.050003,103.839996,103.989997,29191.0,FISV.NYSE-4-HOUR-LAST-EXTERNAL
2022-07-27 19:55:00,104.79,104.849998,104.410003,104.449996,342111.0,FISV.NYSE-4-HOUR-LAST-EXTERNAL
2022-07-28 15:55:00,105.36,105.459999,105.11,105.11,40464.0,FISV.NYSE-4-HOUR-LAST-EXTERNAL
2022-07-28 19:55:00,105.779998,105.79,105.529998,105.68,214931.0,FISV.NYSE-4-HOUR-LAST-EXTERNAL
2022-07-29 15:55:00,105.389999,105.449996,105.349998,105.419998,10815.0,FISV.NYSE-4-HOUR-LAST-EXTERNAL
2022-07-29 19:55:00,105.760002,105.800003,105.559997,105.699996,188513.0,FISV.NYSE-4-HOUR-LAST-EXTERNAL
2022-08-01 15:55:00,106.720001,106.830001,106.709899,106.709899,16259.0,FISV.NYSE-4-HOUR-LAST-EXTERNAL
2022-08-01 19:55:00,106.059997,106.169998,106.010002,106.139999,185062.0,FISV.NYSE-4-HOUR-LAST-EXTERNAL
2022-08-02 15:55:00,105.269996,105.269996,105.059997,105.084999,13725.0,FISV.NYSE-4-HOUR-LAST-EXTERNAL
2022-08-02 19:55:00,106.389999,106.449996,106.160003,106.230003,275449.0,FISV.NYSE-4-HOUR-LAST-EXTERNAL
2022-08-03 15:55:00,107.690002,107.889999,107.690002,107.870002,10569.0,FISV.NYSE-4-HOUR-LAST-EXTERNAL
2022-08-03 19:55:00,108.489997,108.489997,108.099998,108.169998,197869.0,FISV.NYSE-4-HOUR-LAST-EXTERNAL
2022-08-04 15:55:00,106.809997,106.839996,106.514999,106.514999,48120.0,FISV.NYSE-4-HOUR-LAST-EXTERNAL
2022-08-04 19:55:00,106.68,106.730003,106.550003,106.669998,308439.0,FISV.NYSE-4-HOUR-LAST-EXTERNAL
2022-08-05 15:55:00,105.410003,105.489997,105.370002,105.440002,22023.0,FISV.NYSE-4-HOUR-LAST-EXTERNAL
2022-08-05 19:55:00,106.269996,106.269996,106.029998,106.050003,285966.0,FISV.NYSE-4-HOUR-LAST-EXTERNAL
2022-08-08 15:55:00,105.824996,105.940002,105.779998,105.879997,52484.0,FISV.NYSE-4-HOUR-LAST-EXTERNAL
2022-08-08 19:55:00,104.900001,105.0,104.849998,104.970001,224771.0,FISV.NYSE-4-HOUR-LAST-EXTERNAL
2022-08-09 15:55:00,105.830001,105.934997,105.830001,105.904998,18161.0,FISV.NYSE-4-HOUR-LAST-EXTERNAL
2022-08-09 19:55:00,105.839996,105.910003,105.754997,105.910003,216709.0,FISV.NYSE-4-HOUR-LAST-EXTERNAL
2022-08-10 15:55:00,106.849998,106.980003,106.849998,106.934997,14277.0,FISV.NYSE-4-HOUR-LAST-EXTERNAL
2022-08-10 19:55:00,106.489997,106.589996,106.370002,106.574996,218066.0,FISV.NYSE-4-HOUR-LAST-EXTERNAL
2022-08-11 15:55:00,107.970001,107.980003,107.919998,107.925003,19819.0,FISV.NYSE-4-HOUR-LAST-EXTERNAL
2022-08-11 19:55:00,107.959999,108.04,107.910003,107.959999,175046.0,FISV.NYSE-4-HOUR-LAST-EXTERNAL
2022-08-12 15:55:00,108.809997,108.93,108.675003,108.739997,17394.0,FISV.NYSE-4-HOUR-LAST-EXTERNAL
2022-08-12 19:55:00,109.300003,109.400001,109.209999,109.370002,256492.0,FISV.NYSE-4-HOUR-LAST-EXTERNAL
2022-08-15 15:55:00,110.199996,110.269996,110.129997,110.169998,10793.0,FISV.NYSE-4-HOUR-LAST-EXTERNAL
2022-08-15 19:55:00,110.279998,110.279998,110.080001,110.160003,204934.0,FISV.NYSE-4-HOUR-LAST-EXTERNAL
2022-08-16 15:55:00,110.300003,110.349998,110.18,110.190002,16708.0,FISV.NYSE-4-HOUR-LAST-EXTERNAL
2022-08-16 19:55:00,110.639999,110.760002,110.61,110.720001,178094.0,FISV.NYSE-4-HOUR-LAST-EXTERNAL
2022-08-17 15:55:00,108.800003,108.86,108.779998,108.809997,20524.0,FISV.NYSE-4-HOUR-LAST-EXTERNAL
2022-08-17 19:55:00,108.735,108.819999,108.620002,108.720001,172551.0,FISV.NYSE-4-HOUR-LAST-EXTERNAL
2022-08-18 15:55:00,109.639999,109.739997,109.629997,109.650001,31365.0,FISV.NYSE-4-HOUR-LAST-EXTERNAL
2022-08-18 19:55:00,110.550003,110.599998,110.389999,110.550003,279514.0,FISV.NYSE-4-HOUR-LAST-EXTERNAL
2022-08-19 15:55:00,109.944999,110.014999,109.86,109.974998,19165.0,FISV.NYSE-4-HOUR-LAST-EXTERNAL
2022-08-19 19:55:00,109.580001,109.61,109.440002,109.480003,235172.0,FISV.NYSE-4-HOUR-LAST-EXTERNAL
2022-08-22 15:55:00,107.764999,107.809997,107.730003,107.809997,10914.0,FISV.NYSE-4-HOUR-LAST-EXTERNAL
2022-08-22 19:55:00,106.800003,106.819999,106.574996,106.79,245526.0,FISV.NYSE-4-HOUR-LAST-EXTERNAL
2022-08-23 15:55:00,106.569999,106.599998,106.470001,106.555,16785.0,FISV.NYSE-4-HOUR-LAST-EXTERNAL
2022-08-23 19:55:00,106.029998,106.063003,105.980003,106.010002,190936.0,FISV.NYSE-4-HOUR-LAST-EXTERNAL
2022-08-24 15:55:00,106.25,106.269996,106.129997,106.220001,31347.0,FISV.NYSE-4-HOUR-LAST-EXTERNAL
2022-08-24 19:55:00,106.205001,106.209999,106.120002,106.169998,165637.0,FISV.NYSE-4-HOUR-LAST-EXTERNAL
2022-08-25 15:55:00,106.129997,106.209999,106.029998,106.209999,26898.0,FISV.NYSE-4-HOUR-LAST-EXTERNAL
2022-08-25 19:55:00,106.949996,107.300003,106.944999,107.260002,229989.0,FISV.NYSE-4-HOUR-LAST-EXTERNAL
2022-08-26 15:55:00,105.18,105.18,105.010002,105.165,24289.0,FISV.NYSE-4-HOUR-LAST-EXTERNAL
2022-08-26 19:55:00,103.769996,104.019996,103.730003,103.839996,210331.0,FISV.NYSE-4-HOUR-LAST-EXTERNAL
2022-08-29 15:55:00,103.330001,103.519996,103.330001,103.5,26864.0,FISV.NYSE-4-HOUR-LAST-EXTERNAL
2022-08-29 19:55:00,103.330001,103.389999,103.099998,103.160003,265296.0,FISV.NYSE-4-HOUR-LAST-EXTERNAL
2022-08-30 15:55:00,102.379997,102.379997,102.300003,102.330001,14665.0,FISV.NYSE-4-HOUR-LAST-EXTERNAL
2022-08-30 19:55:00,101.61,102.0,101.61,101.879997,243598.0,FISV.NYSE-4-HOUR-LAST-EXTERNAL
2022-08-31 15:55:00,101.889999,102.010002,101.8899,101.970001,18780.0,FISV.NYSE-4-HOUR-LAST-EXTERNAL
2022-08-31 19:55:00,101.419998,101.449996,101.18,101.18,305906.0,FISV.NYSE-4-HOUR-LAST-EXTERNAL
2022-09-01 15:55:00,101.470001,101.635002,101.419998,101.629997,35696.0,FISV.NYSE-4-HOUR-LAST-EXTERNAL
2022-09-01 19:55:00,103.29,103.599998,103.29,103.5,297352.0,FISV.NYSE-4-HOUR-LAST-EXTERNAL
2022-09-02 15:55:00,103.769996,103.824996,103.709999,103.75,17790.0,FISV.NYSE-4-HOUR-LAST-EXTERNAL
2022-09-02 19:55:00,101.300003,101.489997,101.220001,101.459999,139772.0,FISV.NYSE-4-HOUR-LAST-EXTERNAL
2022-09-06 15:55:00,104.199996,104.440002,104.18,104.349998,30487.0,FISV.NYSE-4-HOUR-LAST-EXTERNAL
2022-09-06 19:55:00,104.050003,104.260002,103.948997,104.165,475205.0,FISV.NYSE-4-HOUR-LAST-EXTERNAL
2022-09-07 15:55:00,104.964996,104.970001,104.75,104.809997,48852.0,FISV.NYSE-4-HOUR-LAST-EXTERNAL
2022-09-07 19:55:00,105.93,105.940002,105.665,105.739997,205864.0,FISV.NYSE-4-HOUR-LAST-EXTERNAL
2022-09-08 15:55:00,105.449996,105.449996,105.319999,105.319999,23190.0,FISV.NYSE-4-HOUR-LAST-EXTERNAL
2022-09-08 19:55:00,105.559997,105.819999,105.5,105.779998,191104.0,FISV.NYSE-4-HOUR-LAST-EXTERNAL
2022-09-09 15:55:00,105.86,106.125,105.849998,106.089996,45441.0,FISV.NYSE-4-HOUR-LAST-EXTERNAL
2022-09-09 19:55:00,106.434997,106.599998,106.434997,106.459999,422789.0,FISV.NYSE-4-HOUR-LAST-EXTERNAL
2022-09-12 15:55:00,108.919998,108.919998,108.650001,108.849998,51595.0,FISV.NYSE-4-HOUR-LAST-EXTERNAL
2022-09-12 19:55:00,108.93,109.120002,108.915,109.080001,314899.0,FISV.NYSE-4-HOUR-LAST-EXTERNAL
2022-09-13 15:55:00,107.709999,107.830001,107.699996,107.730003,100706.0,FISV.NYSE-4-HOUR-LAST-EXTERNAL
2022-09-13 19:55:00,105.949996,106.095001,105.760002,105.93,440809.0,FISV.NYSE-4-HOUR-LAST-EXTERNAL
2022-09-14 15:55:00,106.400001,106.400001,106.260002,106.29,21875.0,FISV.NYSE-4-HOUR-LAST-EXTERNAL
2022-09-14 19:55:00,105.730003,106.019996,105.705001,105.900001,277001.0,FISV.NYSE-4-HOUR-LAST-EXTERNAL
2022-09-15 15:55:00,105.010002,105.04,104.870002,105.029998,30594.0,FISV.NYSE-4-HOUR-LAST-EXTERNAL
2022-09-15 19:55:00,104.370002,104.650001,104.370002,104.580001,249143.0,FISV.NYSE-4-HOUR-LAST-EXTERNAL
2022-09-16 15:55:00,102.970001,103.055,102.915,103.0,37214.0,FISV.NYSE-4-HOUR-LAST-EXTERNAL
2022-09-16 19:55:00,103.489997,103.949996,103.410003,103.589996,1089317.0,FISV.NYSE-4-HOUR-LAST-EXTERNAL
2022-09-19 15:55:00,102.160003,102.199996,102.080001,102.120002,33100.0,FISV.NYSE-4-HOUR-LAST-EXTERNAL
2022-09-19 19:55:00,103.61,103.660003,103.480003,103.660003,258853.0,FISV.NYSE-4-HOUR-LAST-EXTERNAL
2022-09-20 15:55:00,102.739997,102.800003,102.699996,102.720001,14061.0,FISV.NYSE-4-HOUR-LAST-EXTERNAL
2022-09-20 19:55:00,102.29,102.300003,102.089996,102.169998,182505.0,FISV.NYSE-4-HOUR-LAST-EXTERNAL
2022-09-21 15:55:00,102.019996,102.099998,102.0,102.080001,15376.0,FISV.NYSE-4-HOUR-LAST-EXTERNAL
2022-09-21 19:55:00,99.989997,99.989997,99.569999,99.589996,293247.0,FISV.NYSE-4-HOUR-LAST-EXTERNAL
2022-09-22 15:55:00,98.379997,98.419998,98.300003,98.370002,29995.0,FISV.NYSE-4-HOUR-LAST-EXTERNAL
2022-09-22 19:55:00,98.68,98.86,98.419998,98.54,487855.0,FISV.NYSE-4-HOUR-LAST-EXTERNAL
2022-09-23 15:55:00,97.639999,97.650001,97.519996,97.54,15394.0,FISV.NYSE-4-HOUR-LAST-EXTERNAL
2022-09-23 19:55:00,97.809997,98.010002,97.629997,97.959999,252220.0,FISV.NYSE-4-HOUR-LAST-EXTERNAL
2022-09-26 15:55:00,96.660003,96.86,96.629997,96.779998,30592.0,FISV.NYSE-4-HOUR-LAST-EXTERNAL
2022-09-26 19:55:00,96.309997,96.319999,95.779998,95.86,262197.0,FISV.NYSE-4-HOUR-LAST-EXTERNAL
2022-09-27 15:55:00,95.330001,95.470001,95.300003,95.400001,35509.0,FISV.NYSE-4-HOUR-LAST-EXTERNAL
2022-09-27 19:55:00,95.269996,95.370002,95.059997,95.129997,233355.0,FISV.NYSE-4-HOUR-LAST-EXTERNAL
2022-09-28 15:55:00,96.04,96.050003,95.760002,95.830001,46532.0,FISV.NYSE-4-HOUR-LAST-EXTERNAL
2022-09-28 19:55:00,96.440002,96.440002,96.080001,96.169998,271528.0,FISV.NYSE-4-HOUR-LAST-EXTERNAL
2022-09-29 15:55:00,95.269996,95.330001,95.059997,95.074996,25158.0,FISV.NYSE-4-HOUR-LAST-EXTERNAL
2022-09-29 19:55:00,94.709999,94.914001,94.620002,94.879997,295712.0,FISV.NYSE-4-HOUR-LAST-EXTERNAL
2022-09-30 15:55:00,94.540702,94.589996,94.489997,94.550003,17918.0,FISV.NYSE-4-HOUR-LAST-EXTERNAL
2022-09-30 19:55:00,93.800003,93.809997,93.510002,93.569999,439447.0,FISV.NYSE-4-HOUR-LAST-EXTERNAL
2022-10-03 15:55:00,94.535003,94.54,94.339996,94.434997,23773.0,FISV.NYSE-4-HOUR-LAST-EXTERNAL
2022-10-03 19:55:00,95.589996,95.589996,95.370002,95.459999,242695.0,FISV.NYSE-4-HOUR-LAST-EXTERNAL
2022-10-04 15:55:00,98.36,98.599998,98.285003,98.599998,10641.0,FISV.NYSE-4-HOUR-LAST-EXTERNAL
2022-10-04 19:55:00,98.760002,98.809997,98.5,98.730003,298538.0,FISV.NYSE-4-HOUR-LAST-EXTERNAL
2022-10-05 15:55:00,98.599998,98.629997,98.54,98.54,15758.0,FISV.NYSE-4-HOUR-LAST-EXTERNAL
2022-10-05 19:55:00,100.620002,100.720001,100.379997,100.550003,327786.0,FISV.NYSE-4-HOUR-LAST-EXTERNAL
2022-10-06 15:55:00,100.099998,100.11,99.580001,99.580001,32399.0,FISV.NYSE-4-HOUR-LAST-EXTERNAL
2022-10-06 19:55:00,99.089996,99.319999,99.0,99.069999,355818.0,FISV.NYSE-4-HOUR-LAST-EXTERNAL
2022-10-07 15:55:00,98.550003,98.739997,98.550003,98.690002,14573.0,FISV.NYSE-4-HOUR-LAST-EXTERNAL
2022-10-07 19:55:00,98.519996,98.809997,98.459999,98.699996,354912.0,FISV.NYSE-4-HOUR-LAST-EXTERNAL
2022-10-10 15:55:00,98.184997,98.230003,98.089996,98.089996,26937.0,FISV.NYSE-4-HOUR-LAST-EXTERNAL
2022-10-10 19:55:00,98.910003,98.919998,98.43,98.470001,237933.0,FISV.NYSE-4-HOUR-LAST-EXTERNAL
2022-10-11 15:55:00,95.654998,95.690002,95.571998,95.629997,17585.0,FISV.NYSE-4-HOUR-LAST-EXTERNAL
2022-10-11 19:55:00,95.599998,95.639999,95.36,95.449996,299356.0,FISV.NYSE-4-HOUR-LAST-EXTERNAL
2022-10-12 15:55:00,94.699996,94.809997,94.669998,94.720001,24442.0,FISV.NYSE-4-HOUR-LAST-EXTERNAL
2022-10-12 19:55:00,94.0,94.010002,93.629997,93.709999,305056.0,FISV.NYSE-4-HOUR-LAST-EXTERNAL
2022-10-13 15:55:00,94.879203,94.959999,94.684997,94.900001,32210.0,FISV.NYSE-4-HOUR-LAST-EXTERNAL
2022-10-13 19:55:00,95.849998,95.93,95.580001,95.650001,299838.0,FISV.NYSE-4-HOUR-LAST-EXTERNAL
2022-10-14 15:55:00,94.36,94.449996,94.330001,94.349998,8393.0,FISV.NYSE-4-HOUR-LAST-EXTERNAL
2022-10-14 19:55:00,94.279998,94.279998,93.986,94.139999,282681.0,FISV.NYSE-4-HOUR-LAST-EXTERNAL
2022-10-17 15:55:00,97.069999,97.089996,96.910003,96.910003,14870.0,FISV.NYSE-4-HOUR-LAST-EXTERNAL
2022-10-17 19:55:00,97.419998,97.489997,97.220001,97.379997,318801.0,FISV.NYSE-4-HOUR-LAST-EXTERNAL
2022-10-18 15:55:00,96.559997,96.739997,96.510002,96.709999,19583.0,FISV.NYSE-4-HOUR-LAST-EXTERNAL
2022-10-18 19:55:00,97.239997,97.29,97.069999,97.169998,355945.0,FISV.NYSE-4-HOUR-LAST-EXTERNAL
2022-10-19 15:55:00,96.779998,96.805,96.68,96.690002,13310.0,FISV.NYSE-4-HOUR-LAST-EXTERNAL
2022-10-19 19:55:00,96.069999,96.279998,95.980003,96.230003,239741.0,FISV.NYSE-4-HOUR-LAST-EXTERNAL
2022-10-20 15:55:00,96.129997,96.150001,95.889999,95.919998,27784.0,FISV.NYSE-4-HOUR-LAST-EXTERNAL
2022-10-20 19:55:00,95.260002,95.269996,94.980003,94.989997,323692.0,FISV.NYSE-4-HOUR-LAST-EXTERNAL
2022-10-21 15:55:00,95.599998,95.870002,95.440002,95.86,40924.0,FISV.NYSE-4-HOUR-LAST-EXTERNAL
2022-10-21 19:55:00,96.769996,96.849998,96.660003,96.709999,285023.0,FISV.NYSE-4-HOUR-LAST-EXTERNAL
2022-10-24 15:55:00,97.404998,97.449996,97.339996,97.379997,28257.0,FISV.NYSE-4-HOUR-LAST-EXTERNAL
2022-10-24 19:55:00,97.190002,97.43,97.150001,97.36,243154.0,FISV.NYSE-4-HOUR-LAST-EXTERNAL
2022-10-25 15:55:00,99.239997,99.254997,99.129997,99.139999,18128.0,FISV.NYSE-4-HOUR-LAST-EXTERNAL
2022-10-25 19:55:00,100.129997,100.129997,99.959999,100.11,453218.0,FISV.NYSE-4-HOUR-LAST-EXTERNAL
2022-10-26 15:55:00,102.385002,102.5,102.349998,102.440002,36413.0,FISV.NYSE-4-HOUR-LAST-EXTERNAL
2022-10-26 19:55:00,102.120002,102.120002,101.720001,101.809997,499351.0,FISV.NYSE-4-HOUR-LAST-EXTERNAL
2022-10-27 15:55:00,98.720001,98.769996,98.489997,98.565002,32462.0,FISV.NYSE-4-HOUR-LAST-EXTERNAL
2022-10-27 19:55:00,98.989997,99.0,98.709999,98.819999,470745.0,FISV.NYSE-4-HOUR-LAST-EXTERNAL
2022-10-28 15:55:00,102.129997,102.169998,102.0,102.029998,23301.0,FISV.NYSE-4-HOUR-LAST-EXTERNAL
2022-10-28 19:55:00,102.385002,102.629997,102.385002,102.599998,373486.0,FISV.NYSE-4-HOUR-LAST-EXTERNAL
2022-10-31 15:55:00,102.949996,103.04,102.459999,102.599998,40976.0,FISV.NYSE-4-HOUR-LAST-EXTERNAL
2022-10-31 19:55:00,102.690002,102.800003,102.61,102.760002,341899.0,FISV.NYSE-4-HOUR-LAST-EXTERNAL
2022-11-01 15:55:00,103.125,103.169998,103.049499,103.059997,32013.0,FISV.NYSE-4-HOUR-LAST-EXTERNAL
2022-11-01 19:55:00,104.105003,104.150001,103.989997,103.989997,380320.0,FISV.NYSE-4-HOUR-LAST-EXTERNAL
2022-11-02 15:55:00,103.980003,104.04,103.75,103.764999,40269.0,FISV.NYSE-4-HOUR-LAST-EXTERNAL
2022-11-02 19:55:00,100.61,100.839996,100.480003,100.580001,437943.0,FISV.NYSE-4-HOUR-LAST-EXTERNAL
2022-11-03 15:55:00,96.050003,96.220001,96.0,96.169998,67147.0,FISV.NYSE-4-HOUR-LAST-EXTERNAL
2022-11-03 19:55:00,94.519996,94.629997,94.334999,94.569999,584587.0,FISV.NYSE-4-HOUR-LAST-EXTERNAL
2022-11-04 15:55:00,93.809997,93.849998,93.580001,93.580001,20102.0,FISV.NYSE-4-HOUR-LAST-EXTERNAL
2022-11-04 19:55:00,94.139999,94.349998,94.050003,94.330001,331531.0,FISV.NYSE-4-HOUR-LAST-EXTERNAL
2022-11-07 15:55:00,95.11,95.209999,95.069999,95.199996,14918.0,FISV.NYSE-4-HOUR-LAST-EXTERNAL
2022-11-07 19:55:00,96.050003,96.139999,96.0,96.089996,133140.0,FISV.NYSE-4-HOUR-LAST-EXTERNAL
2022-11-07 21:00:00,96.389999,96.389999,96.389999,96.389999,215764.0,FISV.NYSE-4-HOUR-LAST-EXTERNAL
2022-11-08 15:55:00,97.849998,98.080001,97.849998,98.080001,27553.0,FISV.NYSE-4-HOUR-LAST-EXTERNAL
2022-11-08 19:55:00,98.224998,98.224998,98.069999,98.080001,23291.0,FISV.NYSE-4-HOUR-LAST-EXTERNAL
2022-11-08 21:00:00,98.480003,98.480003,98.480003,98.480003,280329.0,FISV.NYSE-4-HOUR-LAST-EXTERNAL
2022-11-09 15:55:00,97.169998,97.29,97.080001,97.11,17959.0,FISV.NYSE-4-HOUR-LAST-EXTERNAL
2022-11-09 19:55:00,96.510002,96.61,96.410003,96.580001,26224.0,FISV.NYSE-4-HOUR-LAST-EXTERNAL
2022-11-09 21:00:00,96.18,96.18,96.18,96.18,252786.0,FISV.NYSE-4-HOUR-LAST-EXTERNAL
2022-11-10 15:55:00,100.019996,100.11,99.980003,100.035003,35855.0,FISV.NYSE-4-HOUR-LAST-EXTERNAL
2022-11-10 19:55:00,100.720001,100.731002,100.639999,100.68,30263.0,FISV.NYSE-4-HOUR-LAST-EXTERNAL
2022-11-10 21:00:00,101.0,101.0,101.0,101.0,384085.0,FISV.NYSE-4-HOUR-LAST-EXTERNAL
2022-11-11 15:55:00,100.690002,100.885002,100.620002,100.709999,32435.0,FISV.NYSE-4-HOUR-LAST-EXTERNAL
2022-11-11 19:55:00,100.489997,100.550003,100.43,100.510002,51289.0,FISV.NYSE-4-HOUR-LAST-EXTERNAL
2022-11-11 21:00:00,100.470001,100.470001,100.470001,100.470001,369788.0,FISV.NYSE-4-HOUR-LAST-EXTERNAL
2022-11-14 15:55:00,101.339996,101.370002,101.199996,101.199996,22209.0,FISV.NYSE-4-HOUR-LAST-EXTERNAL
2022-11-14 19:55:00,101.54,101.625,101.54,101.574996,27394.0,FISV.NYSE-4-HOUR-LAST-EXTERNAL
2022-11-14 21:00:00,100.010002,100.010002,100.010002,100.010002,508547.0,FISV.NYSE-4-HOUR-LAST-EXTERNAL
2022-11-15 15:55:00,101.959999,102.080001,101.779998,101.779998,78437.0,FISV.NYSE-4-HOUR-LAST-EXTERNAL
2022-11-15 19:55:00,100.139999,100.470001,100.080001,100.305,48377.0,FISV.NYSE-4-HOUR-LAST-EXTERNAL
2022-11-15 21:00:00,100.349998,100.349998,100.349998,100.349998,253726.0,FISV.NYSE-4-HOUR-LAST-EXTERNAL
2022-11-16 15:55:00,100.0,100.18,100.0,100.120002,28436.0,FISV.NYSE-4-HOUR-LAST-EXTERNAL
2022-11-16 19:55:00,100.0,100.059997,99.970001,100.0,22811.0,FISV.NYSE-4-HOUR-LAST-EXTERNAL
2022-11-16 21:00:00,99.980003,99.980003,99.980003,99.980003,330816.0,FISV.NYSE-4-HOUR-LAST-EXTERNAL
2022-11-17 15:55:00,98.330001,98.400001,98.230003,98.230003,28842.0,FISV.NYSE-4-HOUR-LAST-EXTERNAL
2022-11-17 19:55:00,98.489997,98.550003,98.370002,98.470001,36328.0,FISV.NYSE-4-HOUR-LAST-EXTERNAL
2022-11-17 21:00:00,98.589996,98.589996,98.589996,98.589996,308384.0,FISV.NYSE-4-HOUR-LAST-EXTERNAL
2022-11-18 15:55:00,98.900001,98.919998,98.389999,98.54,44649.0,FISV.NYSE-4-HOUR-LAST-EXTERNAL
2022-11-18 19:55:00,99.54,99.681198,99.510002,99.660003,26194.0,FISV.NYSE-4-HOUR-LAST-EXTERNAL
2022-11-18 21:00:00,99.86,99.86,99.86,99.86,238390.0,FISV.NYSE-4-HOUR-LAST-EXTERNAL
2022-11-21 15:55:00,99.599998,99.819999,99.589996,99.809997,18324.0,FISV.NYSE-4-HOUR-LAST-EXTERNAL
2022-11-21 19:55:00,99.510002,99.550003,99.459999,99.480003,25798.0,FISV.NYSE-4-HOUR-LAST-EXTERNAL
2022-11-21 21:00:00,99.379997,99.379997,99.379997,99.379997,238995.0,FISV.NYSE-4-HOUR-LAST-EXTERNAL
2022-11-22 15:55:00,99.739997,99.830001,99.580001,99.660003,43295.0,FISV.NYSE-4-HOUR-LAST-EXTERNAL
2022-11-22 19:55:00,101.089996,101.089996,100.974998,100.995002,21130.0,FISV.NYSE-4-HOUR-LAST-EXTERNAL
2022-11-22 21:00:00,100.989997,100.989997,100.989997,100.989997,193513.0,FISV.NYSE-4-HOUR-LAST-EXTERNAL
2022-11-23 15:55:00,101.910003,102.080001,101.910003,102.029998,10003.0,FISV.NYSE-4-HOUR-LAST-EXTERNAL
2022-11-23 19:55:00,102.190002,102.239997,102.160003,102.190002,15928.0,FISV.NYSE-4-HOUR-LAST-EXTERNAL
2022-11-23 21:00:00,102.080001,102.080001,102.080001,102.080001,171117.0,FISV.NYSE-4-HOUR-LAST-EXTERNAL
2022-11-25 15:55:00,103.235,103.370002,103.097503,103.099998,15929.0,FISV.NYSE-4-HOUR-LAST-EXTERNAL
2022-11-25 18:00:00,102.489997,102.489997,102.489997,102.489997,7269.0,FISV.NYSE-4-HOUR-LAST-EXTERNAL
2022-11-28 15:55:00,102.010002,102.160003,101.949996,102.102699,28789.0,FISV.NYSE-4-HOUR-LAST-EXTERNAL
2022-11-28 19:55:00,101.79,101.800003,101.694999,101.730003,17352.0,FISV.NYSE-4-HOUR-LAST-EXTERNAL
2022-11-28 21:00:00,101.760002,101.760002,101.760002,101.760002,219563.0,FISV.NYSE-4-HOUR-LAST-EXTERNAL
2022-11-29 15:55:00,102.61,102.665,102.519996,102.54,24799.0,FISV.NYSE-4-HOUR-LAST-EXTERNAL
2022-11-29 19:55:00,101.394996,101.510002,101.379997,101.510002,26871.0,FISV.NYSE-4-HOUR-LAST-EXTERNAL
2022-11-29 21:00:00,101.519996,101.519996,101.519996,101.519996,261412.0,FISV.NYSE-4-HOUR-LAST-EXTERNAL
2022-11-30 15:55:00,101.224998,101.300003,101.18,101.279998,22075.0,FISV.NYSE-4-HOUR-LAST-EXTERNAL
2022-11-30 19:55:00,104.5,104.550003,104.419998,104.470001,27280.0,FISV.NYSE-4-HOUR-LAST-EXTERNAL
2022-11-30 21:00:00,104.36,104.36,104.36,104.36,420998.0,FISV.NYSE-4-HOUR-LAST-EXTERNAL
2022-12-01 15:55:00,104.660003,104.839996,104.569999,104.79,19446.0,FISV.NYSE-4-HOUR-LAST-EXTERNAL
2022-12-01 19:55:00,105.160003,105.190002,105.019996,105.095001,28211.0,FISV.NYSE-4-HOUR-LAST-EXTERNAL
2022-12-01 21:00:00,105.029998,105.029998,105.029998,105.029998,197928.0,FISV.NYSE-4-HOUR-LAST-EXTERNAL
2022-12-02 15:55:00,104.569999,104.61,104.319999,104.569999,56588.0,FISV.NYSE-4-HOUR-LAST-EXTERNAL
2022-12-02 19:55:00,105.480003,105.639999,105.480003,105.629997,37404.0,FISV.NYSE-4-HOUR-LAST-EXTERNAL
2022-12-02 21:00:00,105.459999,105.459999,105.459999,105.459999,172384.0,FISV.NYSE-4-HOUR-LAST-EXTERNAL
2022-12-05 15:55:00,103.739997,103.883499,103.684997,103.883499,22025.0,FISV.NYSE-4-HOUR-LAST-EXTERNAL
2022-12-05 19:55:00,102.044998,102.059997,101.93,102.044998,33103.0,FISV.NYSE-4-HOUR-LAST-EXTERNAL
2022-12-05 21:00:00,102.190002,102.190002,102.190002,102.190002,206192.0,FISV.NYSE-4-HOUR-LAST-EXTERNAL
2022-12-06 15:55:00,101.169998,101.169998,101.029998,101.029998,11935.0,FISV.NYSE-4-HOUR-LAST-EXTERNAL
2022-12-06 19:55:00,100.480003,100.480003,100.319999,100.319999,20684.0,FISV.NYSE-4-HOUR-LAST-EXTERNAL
2022-12-06 21:00:00,100.349998,100.349998,100.349998,100.349998,263308.0,FISV.NYSE-4-HOUR-LAST-EXTERNAL
2022-12-07 15:55:00,100.819999,100.93,100.809997,100.839996,11478.0,FISV.NYSE-4-HOUR-LAST-EXTERNAL
2022-12-07 19:55:00,100.760002,100.786499,100.68,100.720001,20544.0,FISV.NYSE-4-HOUR-LAST-EXTERNAL
2022-12-07 21:00:00,100.489997,100.489997,100.489997,100.489997,160464.0,FISV.NYSE-4-HOUR-LAST-EXTERNAL
2022-12-08 15:55:00,101.940002,101.989997,101.879997,101.966003,14277.0,FISV.NYSE-4-HOUR-LAST-EXTERNAL
2022-12-08 19:55:00,101.190002,101.220001,101.11,101.129997,13956.0,FISV.NYSE-4-HOUR-LAST-EXTERNAL
2022-12-08 21:00:00,101.459999,101.459999,101.459999,101.459999,191794.0,FISV.NYSE-4-HOUR-LAST-EXTERNAL
2022-12-09 15:55:00,101.29,101.43,101.269996,101.404998,21383.0,FISV.NYSE-4-HOUR-LAST-EXTERNAL
2022-12-09 19:55:00,101.400001,101.410003,101.3236,101.36,9797.0,FISV.NYSE-4-HOUR-LAST-EXTERNAL
2022-12-09 21:00:00,100.639999,100.639999,100.639999,100.639999,116497.0,FISV.NYSE-4-HOUR-LAST-EXTERNAL
2022-12-12 15:55:00,101.584999,101.660003,101.5,101.54,11866.0,FISV.NYSE-4-HOUR-LAST-EXTERNAL
2022-12-12 19:55:00,101.900001,102.029998,101.900001,101.949996,14449.0,FISV.NYSE-4-HOUR-LAST-EXTERNAL
2022-12-12 21:00:00,102.470001,102.470001,102.470001,102.470001,211532.0,FISV.NYSE-4-HOUR-LAST-EXTERNAL
2022-12-13 15:55:00,103.830001,103.86,103.631599,103.760002,13930.0,FISV.NYSE-4-HOUR-LAST-EXTERNAL
2022-12-13 19:55:00,101.055,101.143997,101.0,101.059997,31091.0,FISV.NYSE-4-HOUR-LAST-EXTERNAL
2022-12-13 21:00:00,101.559997,101.559997,101.559997,101.559997,286057.0,FISV.NYSE-4-HOUR-LAST-EXTERNAL
2022-12-14 15:55:00,103.400001,103.43,103.129997,103.25,13077.0,FISV.NYSE-4-HOUR-LAST-EXTERNAL
2022-12-14 19:55:00,102.029998,102.293296,101.900001,102.035003,36619.0,FISV.NYSE-4-HOUR-LAST-EXTERNAL
2022-12-14 21:00:00,101.910003,101.910003,101.910003,101.910003,173711.0,FISV.NYSE-4-HOUR-LAST-EXTERNAL
2022-12-15 15:55:00,99.889999,99.900001,99.720001,99.830001,43200.0,FISV.NYSE-4-HOUR-LAST-EXTERNAL
2022-12-15 19:55:00,99.0,99.029998,98.910003,99.0,16494.0,FISV.NYSE-4-HOUR-LAST-EXTERNAL
2022-12-15 21:00:00,98.470001,98.470001,98.470001,98.470001,325235.0,FISV.NYSE-4-HOUR-LAST-EXTERNAL
2022-12-16 15:55:00,98.370002,98.389999,98.129997,98.129997,24871.0,FISV.NYSE-4-HOUR-LAST-EXTERNAL
2022-12-16 19:55:00,98.010002,98.18,97.980003,98.129997,29884.0,FISV.NYSE-4-HOUR-LAST-EXTERNAL
2022-12-16 21:00:00,98.580001,98.580001,98.580001,98.580001,321316.0,FISV.NYSE-4-HOUR-LAST-EXTERNAL
2022-12-19 15:55:00,99.489997,99.519996,99.415,99.449996,22735.0,FISV.NYSE-4-HOUR-LAST-EXTERNAL
2022-12-19 19:55:00,98.720001,98.800003,98.699996,98.779998,21160.0,FISV.NYSE-4-HOUR-LAST-EXTERNAL
2022-12-19 21:00:00,98.669998,98.669998,98.669998,98.669998,285817.0,FISV.NYSE-4-HOUR-LAST-EXTERNAL
2022-12-20 15:55:00,99.580001,99.650001,99.449996,99.519996,19598.0,FISV.NYSE-4-HOUR-LAST-EXTERNAL
2022-12-20 19:55:00,99.455001,99.489997,99.349998,99.459999,20818.0,FISV.NYSE-4-HOUR-LAST-EXTERNAL
2022-12-20 21:00:00,99.559997,99.559997,99.559997,99.559997,253972.0,FISV.NYSE-4-HOUR-LAST-EXTERNAL
2022-12-21 15:55:00,101.54,101.650001,101.54,101.599998,17300.0,FISV.NYSE-4-HOUR-LAST-EXTERNAL
2022-12-21 19:55:00,101.019996,101.065002,100.970001,101.010002,26932.0,FISV.NYSE-4-HOUR-LAST-EXTERNAL
2022-12-21 21:00:00,101.139999,101.139999,101.139999,101.139999,245399.0,FISV.NYSE-4-HOUR-LAST-EXTERNAL
2022-12-22 15:55:00,99.190002,99.190002,99.069999,99.120002,14903.0,FISV.NYSE-4-HOUR-LAST-EXTERNAL
2022-12-22 19:55:00,98.8722,99.069999,98.870002,99.059997,32734.0,FISV.NYSE-4-HOUR-LAST-EXTERNAL
2022-12-22 21:00:00,99.54,99.54,99.54,99.54,240238.0,FISV.NYSE-4-HOUR-LAST-EXTERNAL
2022-12-23 15:55:00,100.260002,100.300003,100.120002,100.190002,11441.0,FISV.NYSE-4-HOUR-LAST-EXTERNAL
2022-12-23 19:55:00,100.449501,100.495002,100.434997,100.470001,12327.0,FISV.NYSE-4-HOUR-LAST-EXTERNAL
2022-12-23 21:00:00,100.459999,100.459999,100.459999,100.459999,108869.0,FISV.NYSE-4-HOUR-LAST-EXTERNAL
2022-12-27 15:55:00,100.839996,100.839996,100.669998,100.684997,12258.0,FISV.NYSE-4-HOUR-LAST-EXTERNAL
2022-12-27 19:55:00,100.809997,101.0,100.780097,100.959899,40606.0,FISV.NYSE-4-HOUR-LAST-EXTERNAL
2022-12-27 21:00:00,100.819999,100.819999,100.819999,100.819999,107658.0,FISV.NYSE-4-HOUR-LAST-EXTERNAL
2022-12-28 15:55:00,100.86,100.889999,100.669998,100.669998,10662.0,FISV.NYSE-4-HOUR-LAST-EXTERNAL
2022-12-28 19:55:00,100.260002,100.319999,100.209999,100.25,14057.0,FISV.NYSE-4-HOUR-LAST-EXTERNAL
2022-12-28 21:00:00,99.910003,99.910003,99.910003,99.910003,119214.0,FISV.NYSE-4-HOUR-LAST-EXTERNAL
2022-12-29 15:55:00,101.450996,101.519996,101.419998,101.43,9696.0,FISV.NYSE-4-HOUR-LAST-EXTERNAL
2022-12-29 19:55:00,101.550003,101.620002,101.510002,101.550003,11678.0,FISV.NYSE-4-HOUR-LAST-EXTERNAL
2022-12-29 21:00:00,101.5,101.5,101.5,101.5,142988.0,FISV.NYSE-4-HOUR-LAST-EXTERNAL
2022-12-30 15:55:00,100.510002,100.559997,100.43,100.43,14335.0,FISV.NYSE-4-HOUR-LAST-EXTERNAL
2022-12-30 19:55:00,99.949996,99.980003,99.879997,99.934997,14901.0,FISV.NYSE-4-HOUR-LAST-EXTERNAL
2022-12-30 21:00:00,101.069999,101.069999,101.069999,101.069999,199873.0,FISV.NYSE-4-HOUR-LAST-EXTERNAL
2023-01-03 15:55:00,101.190002,101.419998,101.160003,101.385002,11221.0,FISV.NYSE-4-HOUR-LAST-EXTERNAL
2023-01-03 19:55:00,100.910003,101.059997,100.849998,100.955001,24366.0,FISV.NYSE-4-HOUR-LAST-EXTERNAL
2023-01-03 21:00:00,101.209999,101.209999,101.209999,101.209999,143707.0,FISV.NYSE-4-HOUR-LAST-EXTERNAL
2023-01-04 15:55:00,102.366203,102.366203,102.279998,102.36,16066.0,FISV.NYSE-4-HOUR-LAST-EXTERNAL
2023-01-04 19:55:00,101.86,102.139999,101.834999,102.099998,24297.0,FISV.NYSE-4-HOUR-LAST-EXTERNAL
2023-01-04 21:00:00,102.059997,102.059997,102.059997,102.059997,291712.0,FISV.NYSE-4-HOUR-LAST-EXTERNAL
2023-01-05 15:55:00,98.910003,99.139999,98.900001,98.919998,66945.0,FISV.NYSE-4-HOUR-LAST-EXTERNAL
2023-01-05 19:55:00,99.879997,100.010002,99.879997,99.915,47509.0,FISV.NYSE-4-HOUR-LAST-EXTERNAL
2023-01-05 21:00:00,99.400001,99.400001,99.400001,99.400001,366604.0,FISV.NYSE-4-HOUR-LAST-EXTERNAL
2023-01-06 15:55:00,101.510002,101.720001,101.43,101.665,18974.0,FISV.NYSE-4-HOUR-LAST-EXTERNAL
2023-01-06 19:55:00,102.550003,102.569999,102.449996,102.449996,22323.0,FISV.NYSE-4-HOUR-LAST-EXTERNAL
2023-01-06 21:00:00,102.18,102.18,102.18,102.18,189679.0,FISV.NYSE-4-HOUR-LAST-EXTERNAL
2023-01-09 15:55:00,101.79,101.940002,101.769996,101.779998,36714.0,FISV.NYSE-4-HOUR-LAST-EXTERNAL
2023-01-09 19:55:00,102.135002,102.139999,101.910003,101.940002,19248.0,FISV.NYSE-4-HOUR-LAST-EXTERNAL
2023-01-09 21:00:00,102.069999,102.069999,102.069999,102.069999,191055.0,FISV.NYSE-4-HOUR-LAST-EXTERNAL
2023-01-10 15:55:00,100.68,100.940002,100.665,100.86,19406.0,FISV.NYSE-4-HOUR-LAST-EXTERNAL
2023-01-10 19:55:00,101.389999,101.419998,101.330001,101.389999,20131.0,FISV.NYSE-4-HOUR-LAST-EXTERNAL
2023-01-10 21:00:00,101.04,101.04,101.04,101.04,203130.0,FISV.NYSE-4-HOUR-LAST-EXTERNAL
2023-01-11 15:55:00,100.339996,100.379997,100.239997,100.315002,13008.0,FISV.NYSE-4-HOUR-LAST-EXTERNAL
2023-01-11 19:55:00,101.169998,101.190002,101.120002,101.175003,21449.0,FISV.NYSE-4-HOUR-LAST-EXTERNAL
2023-01-11 21:00:00,101.529998,101.529998,101.529998,101.529998,227787.0,FISV.NYSE-4-HOUR-LAST-EXTERNAL
2023-01-12 15:55:00,101.580001,101.699996,101.43,101.43,23222.0,FISV.NYSE-4-HOUR-LAST-EXTERNAL
2023-01-12 19:55:00,102.279998,102.400001,102.209999,102.379997,9040.0,FISV.NYSE-4-HOUR-LAST-EXTERNAL
2023-01-12 21:00:00,102.419998,102.419998,102.419998,102.419998,170227.0,FISV.NYSE-4-HOUR-LAST-EXTERNAL
2023-01-13 15:55:00,101.889999,102.019996,101.794998,101.86,28753.0,FISV.NYSE-4-HOUR-LAST-EXTERNAL
2023-01-13 19:55:00,102.160003,102.205001,102.11,102.150001,15434.0,FISV.NYSE-4-HOUR-LAST-EXTERNAL
2023-01-13 21:00:00,102.559997,102.559997,102.559997,102.559997,219329.0,FISV.NYSE-4-HOUR-LAST-EXTERNAL
2023-01-17 15:55:00,103.36,103.54,103.334999,103.510002,19373.0,FISV.NYSE-4-HOUR-LAST-EXTERNAL
2023-01-17 19:55:00,104.010002,104.019996,103.955001,104.019996,24861.0,FISV.NYSE-4-HOUR-LAST-EXTERNAL
2023-01-17 21:00:00,104.010002,104.010002,104.010002,104.010002,281043.0,FISV.NYSE-4-HOUR-LAST-EXTERNAL
2023-01-18 15:55:00,104.356796,104.559997,104.309997,104.5,31106.0,FISV.NYSE-4-HOUR-LAST-EXTERNAL
2023-01-18 19:55:00,103.870002,103.879898,103.785003,103.849998,36414.0,FISV.NYSE-4-HOUR-LAST-EXTERNAL
2023-01-18 21:00:00,103.230003,103.230003,103.230003,103.230003,279312.0,FISV.NYSE-4-HOUR-LAST-EXTERNAL
2023-01-19 15:55:00,102.309997,102.419998,102.209999,102.419998,28726.0,FISV.NYSE-4-HOUR-LAST-EXTERNAL
2023-01-19 19:55:00,102.5,102.639999,102.5,102.61,27023.0,FISV.NYSE-4-HOUR-LAST-EXTERNAL
2023-01-19 21:00:00,102.18,102.18,102.18,102.18,165652.0,FISV.NYSE-4-HOUR-LAST-EXTERNAL
2023-01-20 15:55:00,102.654998,102.720001,102.510002,102.535003,26418.0,FISV.NYSE-4-HOUR-LAST-EXTERNAL
2023-01-20 19:55:00,103.569999,103.660003,103.519996,103.660003,12457.0,FISV.NYSE-4-HOUR-LAST-EXTERNAL
2023-01-20 21:00:00,104.050003,104.050003,104.050003,104.050003,234486.0,FISV.NYSE-4-HOUR-LAST-EXTERNAL
2023-01-23 15:55:00,105.739997,105.86,105.669998,105.699996,33722.0,FISV.NYSE-4-HOUR-LAST-EXTERNAL
2023-01-23 19:55:00,105.370002,105.420898,105.199996,105.29,30174.0,FISV.NYSE-4-HOUR-LAST-EXTERNAL
2023-01-23 21:00:00,105.550003,105.550003,105.550003,105.550003,157784.0,FISV.NYSE-4-HOUR-LAST-EXTERNAL
2023-01-24 15:55:00,105.069999,105.154998,105.059997,105.080001,36481.0,FISV.NYSE-4-HOUR-LAST-EXTERNAL
2023-01-24 19:55:00,104.045799,104.129997,104.019996,104.069999,36572.0,FISV.NYSE-4-HOUR-LAST-EXTERNAL
2023-01-24 21:00:00,103.709999,103.709999,103.709999,103.709999,277980.0,FISV.NYSE-4-HOUR-LAST-EXTERNAL
2023-01-25 15:55:00,102.5,102.665,102.489997,102.650001,10568.0,FISV.NYSE-4-HOUR-LAST-EXTERNAL
2023-01-25 19:55:00,104.190002,104.29,104.169998,104.25,21493.0,FISV.NYSE-4-HOUR-LAST-EXTERNAL
2023-01-25 21:00:00,104.400001,104.400001,104.400001,104.400001,136714.0,FISV.NYSE-4-HOUR-LAST-EXTERNAL
2023-01-26 15:55:00,104.79,104.800003,104.660003,104.68,11190.0,FISV.NYSE-4-HOUR-LAST-EXTERNAL
2023-01-26 19:55:00,105.879997,105.93,105.809997,105.93,16708.0,FISV.NYSE-4-HOUR-LAST-EXTERNAL
2023-01-26 21:00:00,106.260002,106.260002,106.260002,106.260002,159206.0,FISV.NYSE-4-HOUR-LAST-EXTERNAL
2023-01-27 15:55:00,106.330001,106.459999,106.199996,106.459999,40614.0,FISV.NYSE-4-HOUR-LAST-EXTERNAL
2023-01-27 19:55:00,106.800003,106.839996,106.75,106.839996,11898.0,FISV.NYSE-4-HOUR-LAST-EXTERNAL
2023-01-27 21:00:00,106.489997,106.489997,106.489997,106.489997,171644.0,FISV.NYSE-4-HOUR-LAST-EXTERNAL
2023-01-30 15:55:00,105.900001,106.230003,105.889999,106.230003,23037.0,FISV.NYSE-4-HOUR-LAST-EXTERNAL
2023-01-30 19:55:00,106.309997,106.510002,106.279998,106.480003,25147.0,FISV.NYSE-4-HOUR-LAST-EXTERNAL
2023-01-30 21:00:00,105.75,105.75,105.75,105.75,339560.0,FISV.NYSE-4-HOUR-LAST-EXTERNAL
2023-01-31 15:55:00,105.940002,106.04,105.940002,106.031196,10713.0,FISV.NYSE-4-HOUR-LAST-EXTERNAL
2023-01-31 19:55:00,106.319999,106.389999,106.29,106.345001,39991.0,FISV.NYSE-4-HOUR-LAST-EXTERNAL
2023-01-31 21:00:00,106.68,106.68,106.68,106.68,200675.0,FISV.NYSE-4-HOUR-LAST-EXTERNAL
2023-02-01 15:55:00,106.044998,106.125,105.970001,106.059997,11428.0,FISV.NYSE-4-HOUR-LAST-EXTERNAL
2023-02-01 19:55:00,107.519996,107.550003,107.269996,107.449996,27845.0,FISV.NYSE-4-HOUR-LAST-EXTERNAL
2023-02-01 21:00:00,108.160003,108.160003,108.160003,108.160003,191947.0,FISV.NYSE-4-HOUR-LAST-EXTERNAL
2023-02-02 15:55:00,109.485,109.514999,109.370002,109.455001,12702.0,FISV.NYSE-4-HOUR-LAST-EXTERNAL
2023-02-02 19:55:00,107.489997,107.5,107.294998,107.389999,50064.0,FISV.NYSE-4-HOUR-LAST-EXTERNAL
2023-02-02 21:00:00,107.599998,107.599998,107.599998,107.599998,363331.0,FISV.NYSE-4-HOUR-LAST-EXTERNAL
2023-02-03 15:55:00,106.464996,106.470001,106.309997,106.389999,23635.0,FISV.NYSE-4-HOUR-LAST-EXTERNAL
2023-02-03 19:55:00,106.514999,106.54,106.319999,106.529998,43395.0,FISV.NYSE-4-HOUR-LAST-EXTERNAL
2023-02-03 21:00:00,106.599998,106.599998,106.599998,106.599998,277103.0,FISV.NYSE-4-HOUR-LAST-EXTERNAL
2023-02-06 15:55:00,106.519996,106.599998,106.449996,106.519996,22643.0,FISV.NYSE-4-HOUR-LAST-EXTERNAL
2023-02-06 19:55:00,106.089996,106.150001,106.04,106.084999,38939.0,FISV.NYSE-4-HOUR-LAST-EXTERNAL
2023-02-06 21:00:00,106.400001,106.400001,106.400001,106.400001,315309.0,FISV.NYSE-4-HOUR-LAST-EXTERNAL
2023-02-07 15:55:00,113.5886,113.589996,113.349998,113.519996,37503.0,FISV.NYSE-4-HOUR-LAST-EXTERNAL
2023-02-07 19:55:00,114.564002,114.61,114.410003,114.470001,49463.0,FISV.NYSE-4-HOUR-LAST-EXTERNAL
2023-02-07 21:00:00,115.279998,115.279998,115.279998,115.279998,461181.0,FISV.NYSE-4-HOUR-LAST-EXTERNAL
2023-02-08 15:55:00,115.489997,115.779998,115.43,115.639999,34797.0,FISV.NYSE-4-HOUR-LAST-EXTERNAL
2023-02-08 19:55:00,115.660003,115.839996,115.650001,115.79,31965.0,FISV.NYSE-4-HOUR-LAST-EXTERNAL
2023-02-08 21:00:00,115.900001,115.900001,115.900001,115.900001,271926.0,FISV.NYSE-4-HOUR-LAST-EXTERNAL
2023-02-09 15:55:00,116.099998,116.349998,116.029998,116.339996,26266.0,FISV.NYSE-4-HOUR-LAST-EXTERNAL
2023-02-09 19:55:00,116.230003,116.243598,116.135002,116.243598,36358.0,FISV.NYSE-4-HOUR-LAST-EXTERNAL
2023-02-09 21:00:00,116.5,116.5,116.5,116.5,465819.0,FISV.NYSE-4-HOUR-LAST-EXTERNAL
2023-02-10 15:55:00,115.184997,115.415,115.18,115.415,30579.0,FISV.NYSE-4-HOUR-LAST-EXTERNAL
2023-02-10 19:55:00,115.79,115.93,115.79,115.870002,22902.0,FISV.NYSE-4-HOUR-LAST-EXTERNAL
2023-02-10 21:00:00,115.639999,115.639999,115.639999,115.639999,274301.0,FISV.NYSE-4-HOUR-LAST-EXTERNAL
2023-02-13 15:55:00,115.940002,115.957496,115.785003,115.785003,16150.0,FISV.NYSE-4-HOUR-LAST-EXTERNAL
2023-02-13 19:55:00,116.389999,116.470001,116.36,116.459999,29780.0,FISV.NYSE-4-HOUR-LAST-EXTERNAL
2023-02-13 21:00:00,116.449996,116.449996,116.449996,116.449996,193296.0,FISV.NYSE-4-HOUR-LAST-EXTERNAL
2023-02-14 15:55:00,116.580001,116.949996,116.449996,116.839996,53213.0,FISV.NYSE-4-HOUR-LAST-EXTERNAL
2023-02-14 19:55:00,116.150001,116.25,116.120002,116.190002,14907.0,FISV.NYSE-4-HOUR-LAST-EXTERNAL
2023-02-14 21:00:00,116.010002,116.010002,116.010002,116.010002,344062.0,FISV.NYSE-4-HOUR-LAST-EXTERNAL
2023-02-15 15:55:00,117.019996,117.139999,116.889999,116.970001,24746.0,FISV.NYSE-4-HOUR-LAST-EXTERNAL
2023-02-15 19:55:00,117.849998,117.849998,117.669998,117.691101,21912.0,FISV.NYSE-4-HOUR-LAST-EXTERNAL
2023-02-15 21:00:00,117.739997,117.739997,117.739997,117.739997,246215.0,FISV.NYSE-4-HOUR-LAST-EXTERNAL
2023-02-16 15:55:00,117.400001,117.54,117.339996,117.510002,21046.0,FISV.NYSE-4-HOUR-LAST-EXTERNAL
2023-02-16 19:55:00,117.160003,117.220001,117.129997,117.129997,12451.0,FISV.NYSE-4-HOUR-LAST-EXTERNAL
2023-02-16 21:00:00,115.949996,115.949996,115.949996,115.949996,264111.0,FISV.NYSE-4-HOUR-LAST-EXTERNAL
2023-02-17 15:55:00,115.449996,115.489997,115.410003,115.419998,13357.0,FISV.NYSE-4-HOUR-LAST-EXTERNAL
2023-02-17 19:55:00,115.389999,115.565002,115.375,115.480003,19371.0,FISV.NYSE-4-HOUR-LAST-EXTERNAL
2023-02-17 21:00:00,115.370002,115.370002,115.370002,115.370002,179424.0,FISV.NYSE-4-HOUR-LAST-EXTERNAL
2023-02-21 15:55:00,114.599998,114.709999,114.569999,114.660003,18418.0,FISV.NYSE-4-HOUR-LAST-EXTERNAL
2023-02-21 19:55:00,114.389999,114.43,114.349998,114.410003,20629.0,FISV.NYSE-4-HOUR-LAST-EXTERNAL
2023-02-21 21:00:00,113.819999,113.819999,113.819999,113.819999,255215.0,FISV.NYSE-4-HOUR-LAST-EXTERNAL
2023-02-22 15:55:00,113.389999,113.660003,113.389999,113.639999,25658.0,FISV.NYSE-4-HOUR-LAST-EXTERNAL
2023-02-22 19:55:00,113.209999,113.209999,112.968002,112.970001,48145.0,FISV.NYSE-4-HOUR-LAST-EXTERNAL
2023-02-22 21:00:00,113.099998,113.099998,113.099998,113.099998,191558.0,FISV.NYSE-4-HOUR-LAST-EXTERNAL
2023-02-23 15:55:00,114.980003,115.014999,114.845199,115.0,51445.0,FISV.NYSE-4-HOUR-LAST-EXTERNAL
2023-02-23 19:55:00,116.449996,116.459999,116.160003,116.169998,85515.0,FISV.NYSE-4-HOUR-LAST-EXTERNAL
2023-02-23 21:00:00,116.54,116.54,116.54,116.54,330357.0,FISV.NYSE-4-HOUR-LAST-EXTERNAL
2023-02-24 15:55:00,114.349998,114.470001,114.300003,114.449996,85419.0,FISV.NYSE-4-HOUR-LAST-EXTERNAL
2023-02-24 19:55:00,114.849998,115.04,114.830001,114.964996,28514.0,FISV.NYSE-4-HOUR-LAST-EXTERNAL
2023-02-24 21:00:00,114.449996,114.449996,114.449996,114.449996,329908.0,FISV.NYSE-4-HOUR-LAST-EXTERNAL
2023-02-27 15:55:00,115.389999,115.400001,115.220001,115.25,25275.0,FISV.NYSE-4-HOUR-LAST-EXTERNAL
2023-02-27 19:55:00,114.949996,114.989997,114.904998,114.925003,23653.0,FISV.NYSE-4-HOUR-LAST-EXTERNAL
2023-02-27 21:00:00,114.709999,114.709999,114.709999,114.709999,228341.0,FISV.NYSE-4-HOUR-LAST-EXTERNAL
2023-02-28 15:55:00,115.480003,115.569999,115.410003,115.569999,26577.0,FISV.NYSE-4-HOUR-LAST-EXTERNAL
2023-02-28 19:55:00,115.599998,115.599998,115.43,115.440002,18352.0,FISV.NYSE-4-HOUR-LAST-EXTERNAL
2023-02-28 21:00:00,115.089996,115.089996,115.089996,115.089996,267204.0,FISV.NYSE-4-HOUR-LAST-EXTERNAL
2023-03-01 15:55:00,114.569999,114.739997,114.559997,114.694999,39360.0,FISV.NYSE-4-HOUR-LAST-EXTERNAL
2023-03-01 19:55:00,115.410003,115.5,115.309997,115.309997,26029.0,FISV.NYSE-4-HOUR-LAST-EXTERNAL
2023-03-01 21:00:00,115.809997,115.809997,115.809997,115.809997,221626.0,FISV.NYSE-4-HOUR-LAST-EXTERNAL
2023-03-02 15:55:00,115.785003,115.957603,115.785003,115.919998,34589.0,FISV.NYSE-4-HOUR-LAST-EXTERNAL
2023-03-02 19:55:00,117.099998,117.224998,117.099998,117.18,45075.0,FISV.NYSE-4-HOUR-LAST-EXTERNAL
2023-03-02 21:00:00,117.059997,117.059997,117.059997,117.059997,285125.0,FISV.NYSE-4-HOUR-LAST-EXTERNAL
2023-03-03 15:55:00,117.36,117.459999,117.339996,117.379997,17662.0,FISV.NYSE-4-HOUR-LAST-EXTERNAL
2023-03-03 19:55:00,118.099998,118.18,118.084999,118.150001,27378.0,FISV.NYSE-4-HOUR-LAST-EXTERNAL
2023-03-03 21:00:00,118.260002,118.260002,118.260002,118.260002,381796.0,FISV.NYSE-4-HOUR-LAST-EXTERNAL
2023-03-06 15:55:00,119.089996,119.120002,118.980003,119.019996,28160.0,FISV.NYSE-4-HOUR-LAST-EXTERNAL
2023-03-06 19:55:00,118.309997,118.324996,118.269996,118.300003,16243.0,FISV.NYSE-4-HOUR-LAST-EXTERNAL
2023-03-06 21:00:00,118.059997,118.059997,118.059997,118.059997,153613.0,FISV.NYSE-4-HOUR-LAST-EXTERNAL
2023-03-07 15:55:00,117.889999,117.919998,117.660003,117.699996,15154.0,FISV.NYSE-4-HOUR-LAST-EXTERNAL
2023-03-07 19:55:00,116.870002,116.980003,116.86,116.959999,22898.0,FISV.NYSE-4-HOUR-LAST-EXTERNAL
2023-03-07 21:00:00,117.25,117.25,117.25,117.25,201306.0,FISV.NYSE-4-HOUR-LAST-EXTERNAL
2023-03-08 15:55:00,117.010002,117.095001,116.940002,117.095001,19537.0,FISV.NYSE-4-HOUR-LAST-EXTERNAL
2023-03-08 19:55:00,117.129997,117.139999,117.019996,117.019996,19551.0,FISV.NYSE-4-HOUR-LAST-EXTERNAL
2023-03-08 21:00:00,117.069999,117.069999,117.069999,117.069999,232334.0,FISV.NYSE-4-HOUR-LAST-EXTERNAL
2023-03-09 15:55:00,118.36,118.36,118.190002,118.190002,26687.0,FISV.NYSE-4-HOUR-LAST-EXTERNAL
2023-03-09 19:55:00,116.160003,116.190002,116.044998,116.054397,24746.0,FISV.NYSE-4-HOUR-LAST-EXTERNAL
2023-03-09 21:00:00,115.410003,115.410003,115.410003,115.410003,202420.0,FISV.NYSE-4-HOUR-LAST-EXTERNAL
2023-03-10 15:55:00,112.080001,112.569999,112.080001,112.544998,31479.0,FISV.NYSE-4-HOUR-LAST-EXTERNAL
2023-03-10 19:55:00,112.379997,112.470001,112.220001,112.349998,40137.0,FISV.NYSE-4-HOUR-LAST-EXTERNAL
2023-03-10 21:00:00,111.830001,111.830001,111.830001,111.830001,285924.0,FISV.NYSE-4-HOUR-LAST-EXTERNAL
2023-03-13 15:55:00,106.769996,107.029998,106.599998,106.940002,65214.0,FISV.NYSE-4-HOUR-LAST-EXTERNAL
2023-03-13 19:55:00,104.339996,104.394996,103.989997,104.239997,609639.0,FISV.NYSE-4-HOUR-LAST-EXTERNAL
2023-03-14 15:55:00,112.169998,112.184997,111.669998,111.739997,58941.0,FISV.NYSE-4-HOUR-LAST-EXTERNAL
2023-03-14 19:55:00,110.239997,110.68,110.220001,110.529998,449503.0,FISV.NYSE-4-HOUR-LAST-EXTERNAL
2023-03-15 15:55:00,108.970001,109.169998,108.919998,108.989997,46642.0,FISV.NYSE-4-HOUR-LAST-EXTERNAL
2023-03-15 19:55:00,108.849998,109.260002,108.775001,109.260002,328416.0,FISV.NYSE-4-HOUR-LAST-EXTERNAL
2023-03-16 15:55:00,107.93,108.114997,107.849998,108.029998,105190.0,FISV.NYSE-4-HOUR-LAST-EXTERNAL
2023-03-16 19:55:00,109.480003,109.580001,109.264999,109.480003,237962.0,FISV.NYSE-4-HOUR-LAST-EXTERNAL
2023-03-17 15:55:00,107.970001,108.279998,107.900001,108.230003,113405.0,FISV.NYSE-4-HOUR-LAST-EXTERNAL
2023-03-17 19:55:00,108.150001,108.300003,107.870002,108.209999,357131.0,FISV.NYSE-4-HOUR-LAST-EXTERNAL
2023-03-20 15:55:00,110.480003,110.639999,110.470001,110.580001,28357.0,FISV.NYSE-4-HOUR-LAST-EXTERNAL
2023-03-20 19:55:00,110.849998,110.889999,110.620002,110.819999,311860.0,FISV.NYSE-4-HOUR-LAST-EXTERNAL
2023-03-21 15:55:00,112.709999,112.75,112.529998,112.654998,29669.0,FISV.NYSE-4-HOUR-LAST-EXTERNAL
2023-03-21 19:55:00,113.209999,113.209999,112.93,113.069999,301338.0,FISV.NYSE-4-HOUR-LAST-EXTERNAL
2023-03-22 15:55:00,113.04,113.120002,113.019996,113.059997,32475.0,FISV.NYSE-4-HOUR-LAST-EXTERNAL
2023-03-22 19:55:00,111.61,111.629997,111.300003,111.339996,557160.0,FISV.NYSE-4-HOUR-LAST-EXTERNAL
2023-03-23 15:55:00,113.175003,113.205001,112.904998,112.910003,16538.0,FISV.NYSE-4-HOUR-LAST-EXTERNAL
2023-03-23 19:55:00,111.190002,111.279998,111.050003,111.099998,221365.0,FISV.NYSE-4-HOUR-LAST-EXTERNAL
2023-03-24 15:55:00,110.964996,111.269996,110.964996,111.18,26262.0,FISV.NYSE-4-HOUR-LAST-EXTERNAL
2023-03-24 19:55:00,112.190002,112.68,112.129997,112.529998,308929.0,FISV.NYSE-4-HOUR-LAST-EXTERNAL
2023-03-27 15:55:00,112.230003,112.349998,112.080001,112.279998,45965.0,FISV.NYSE-4-HOUR-LAST-EXTERNAL
2023-03-27 19:55:00,111.879997,111.879997,111.650001,111.730003,228120.0,FISV.NYSE-4-HOUR-LAST-EXTERNAL
2023-03-28 15:55:00,111.419998,111.470001,111.410003,111.470001,13430.0,FISV.NYSE-4-HOUR-LAST-EXTERNAL
2023-03-28 19:55:00,111.279998,111.29,111.160003,111.279998,173988.0,FISV.NYSE-4-HOUR-LAST-EXTERNAL
2023-03-29 15:55:00,111.86,111.949996,111.839996,111.919998,28836.0,FISV.NYSE-4-HOUR-LAST-EXTERNAL
2023-03-29 19:55:00,111.889999,111.889999,111.690002,111.830001,219075.0,FISV.NYSE-4-HOUR-LAST-EXTERNAL
2023-03-30 15:55:00,113.370002,113.370002,113.260002,113.260002,17245.0,FISV.NYSE-4-HOUR-LAST-EXTERNAL
2023-03-30 19:55:00,112.980003,113.0,112.93,113.0,152687.0,FISV.NYSE-4-HOUR-LAST-EXTERNAL
2023-03-31 15:55:00,113.190002,113.251602,113.150001,113.160003,15432.0,FISV.NYSE-4-HOUR-LAST-EXTERNAL
2023-03-31 19:55:00,112.839996,113.169998,112.839996,113.04,344787.0,FISV.NYSE-4-HOUR-LAST-EXTERNAL
2023-04-03 15:55:00,112.379997,112.5,112.370002,112.459999,16960.0,FISV.NYSE-4-HOUR-LAST-EXTERNAL
2023-04-03 19:55:00,112.830001,112.910003,112.779998,112.800003,164477.0,FISV.NYSE-4-HOUR-LAST-EXTERNAL
2023-04-04 15:55:00,111.449996,111.480003,111.349998,111.364997,24983.0,FISV.NYSE-4-HOUR-LAST-EXTERNAL
2023-04-04 19:55:00,111.510002,111.620002,111.459999,111.620002,160887.0,FISV.NYSE-4-HOUR-LAST-EXTERNAL
2023-04-05 15:55:00,111.665,111.800003,111.665,111.800003,8721.0,FISV.NYSE-4-HOUR-LAST-EXTERNAL
2023-04-05 19:55:00,112.389999,112.43,112.319999,112.355003,194240.0,FISV.NYSE-4-HOUR-LAST-EXTERNAL
2023-04-06 15:55:00,112.68,112.739997,112.677803,112.709999,11343.0,FISV.NYSE-4-HOUR-LAST-EXTERNAL
2023-04-06 19:55:00,112.824996,113.029998,112.824996,112.989997,183912.0,FISV.NYSE-4-HOUR-LAST-EXTERNAL
2023-04-10 15:55:00,112.5811,112.589996,112.449996,112.461799,7728.0,FISV.NYSE-4-HOUR-LAST-EXTERNAL
2023-04-10 19:55:00,113.459999,113.75,113.459999,113.75,144708.0,FISV.NYSE-4-HOUR-LAST-EXTERNAL
2023-04-11 15:55:00,114.470001,114.559997,114.370002,114.550003,27866.0,FISV.NYSE-4-HOUR-LAST-EXTERNAL
2023-04-11 19:55:00,114.620002,114.889999,114.605003,114.839996,210929.0,FISV.NYSE-4-HOUR-LAST-EXTERNAL
2023-04-12 15:55:00,114.305,114.559997,114.305,114.550003,49051.0,FISV.NYSE-4-HOUR-LAST-EXTERNAL
2023-04-12 19:55:00,114.569999,114.580001,114.43,114.489997,304386.0,FISV.NYSE-4-HOUR-LAST-EXTERNAL
2023-04-13 15:55:00,115.089996,115.275001,115.069999,115.239997,13491.0,FISV.NYSE-4-HOUR-LAST-EXTERNAL
2023-04-13 19:55:00,115.68,115.79,115.629997,115.75,134977.0,FISV.NYSE-4-HOUR-LAST-EXTERNAL
2023-04-14 15:55:00,114.819999,114.900001,114.75,114.900001,17819.0,FISV.NYSE-4-HOUR-LAST-EXTERNAL
2023-04-14 19:55:00,115.489997,115.629997,115.449996,115.589996,134311.0,FISV.NYSE-4-HOUR-LAST-EXTERNAL
2023-04-17 15:55:00,116.129997,116.139999,116.099998,116.099998,15137.0,FISV.NYSE-4-HOUR-LAST-EXTERNAL
2023-04-17 19:55:00,117.169998,117.199996,117.069999,117.139999,233307.0,FISV.NYSE-4-HOUR-LAST-EXTERNAL
2023-04-18 15:55:00,116.910003,116.949996,116.889999,116.93,8893.0,FISV.NYSE-4-HOUR-LAST-EXTERNAL
2023-04-18 19:55:00,117.269996,117.349998,117.059997,117.099998,273495.0,FISV.NYSE-4-HOUR-LAST-EXTERNAL
2023-04-19 15:55:00,116.68,116.809997,116.675003,116.699996,20022.0,FISV.NYSE-4-HOUR-LAST-EXTERNAL
2023-04-19 19:55:00,117.04,117.11,116.93,117.089996,168604.0,FISV.NYSE-4-HOUR-LAST-EXTERNAL
2023-04-20 15:55:00,117.029998,117.070602,116.989997,117.025001,11308.0,FISV.NYSE-4-HOUR-LAST-EXTERNAL
2023-04-20 19:55:00,116.629997,116.849998,116.559997,116.820999,275619.0,FISV.NYSE-4-HOUR-LAST-EXTERNAL
2023-04-21 15:55:00,116.669998,116.839996,116.669998,116.834999,17601.0,FISV.NYSE-4-HOUR-LAST-EXTERNAL
2023-04-21 19:55:00,116.819999,117.010002,116.809997,116.980003,127572.0,FISV.NYSE-4-HOUR-LAST-EXTERNAL
2023-04-24 15:55:00,117.260002,117.36,117.220001,117.309997,44891.0,FISV.NYSE-4-HOUR-LAST-EXTERNAL
2023-04-24 19:55:00,117.269996,117.400001,117.199996,117.339996,275871.0,FISV.NYSE-4-HOUR-LAST-EXTERNAL
2023-04-25 15:55:00,121.214996,121.415,121.165,121.379997,76273.0,FISV.NYSE-4-HOUR-LAST-EXTERNAL
2023-04-25 19:55:00,120.120002,120.29,120.019996,120.080001,307652.0,FISV.NYSE-4-HOUR-LAST-EXTERNAL
2023-04-26 15:55:00,119.330001,119.464996,119.330001,119.440002,20561.0,FISV.NYSE-4-HOUR-LAST-EXTERNAL
2023-04-26 19:55:00,118.199996,118.43,118.099998,118.389999,320483.0,FISV.NYSE-4-HOUR-LAST-EXTERNAL
