2022-01-03 15:55:00,23.78,23.78,23.68,23.69,63044.0,HAL.NYSE-4-HOUR-LAST-EXTERNAL
2022-01-03 19:55:00,23.934999,23.969999,23.93,23.969999,34868.0,HAL.NYSE-4-HOUR-LAST-EXTERNAL
2022-01-03 21:00:00,23.989999,23.989999,23.989999,23.989999,754487.0,HAL.NYSE-4-HOUR-LAST-EXTERNAL
2022-01-04 15:55:00,25.569999,25.584999,25.42,25.52,568604.0,HAL.NYSE-4-HOUR-LAST-EXTERNAL
2022-01-04 19:55:00,25.604999,25.635,25.594999,25.6,74041.0,HAL.NYSE-4-HOUR-LAST-EXTERNAL
2022-01-04 21:00:00,25.43,25.43,25.43,25.43,1052672.0,HAL.NYSE-4-HOUR-LAST-EXTERNAL
2022-01-05 15:55:00,25.61,25.62,25.485,25.489999,92904.0,HAL.NYSE-4-HOUR-LAST-EXTERNAL
2022-01-05 19:55:00,25.5,25.569999,25.495,25.534999,189216.0,HAL.NYSE-4-HOUR-LAST-EXTERNAL
2022-01-05 21:00:00,25.18,25.18,25.18,25.18,644075.0,HAL.NYSE-4-HOUR-LAST-EXTERNAL
2022-01-06 15:55:00,25.715,25.739999,25.6408,25.659999,130485.0,HAL.NYSE-4-HOUR-LAST-EXTERNAL
2022-01-06 19:55:00,25.674999,25.684999,25.639999,25.659999,88222.0,HAL.NYSE-4-HOUR-LAST-EXTERNAL
2022-01-06 21:00:00,25.61,25.61,25.61,25.61,638898.0,HAL.NYSE-4-HOUR-LAST-EXTERNAL
2022-01-07 15:55:00,25.715,25.78,25.709999,25.774999,57986.0,HAL.NYSE-4-HOUR-LAST-EXTERNAL
2022-01-07 19:55:00,26.084999,26.11,26.069999,26.075,28398.0,HAL.NYSE-4-HOUR-LAST-EXTERNAL
2022-01-07 21:00:00,26.02,26.02,26.02,26.02,510801.0,HAL.NYSE-4-HOUR-LAST-EXTERNAL
2022-01-10 15:55:00,25.649999,25.69,25.579999,25.659999,113672.0,HAL.NYSE-4-HOUR-LAST-EXTERNAL
2022-01-10 19:55:00,25.739999,25.7786,25.729999,25.77,56360.0,HAL.NYSE-4-HOUR-LAST-EXTERNAL
2022-01-10 21:00:00,25.85,25.85,25.85,25.85,778641.0,HAL.NYSE-4-HOUR-LAST-EXTERNAL
2022-01-11 15:55:00,26.125,26.129999,26.02,26.02,119876.0,HAL.NYSE-4-HOUR-LAST-EXTERNAL
2022-01-11 19:55:00,27.079999,27.09,27.075,27.079999,101480.0,HAL.NYSE-4-HOUR-LAST-EXTERNAL
2022-01-11 21:00:00,27.239999,27.239999,27.239999,27.239999,801626.0,HAL.NYSE-4-HOUR-LAST-EXTERNAL
2022-01-12 15:55:00,27.27,27.325,27.235,27.309999,67209.0,HAL.NYSE-4-HOUR-LAST-EXTERNAL
2022-01-12 19:55:00,27.459999,27.465,27.44,27.459999,36080.0,HAL.NYSE-4-HOUR-LAST-EXTERNAL
2022-01-12 21:00:00,27.44,27.44,27.44,27.44,875770.0,HAL.NYSE-4-HOUR-LAST-EXTERNAL
2022-01-13 15:55:00,27.895,27.949899,27.87,27.934999,101926.0,HAL.NYSE-4-HOUR-LAST-EXTERNAL
2022-01-13 19:55:00,28.017,28.069999,28.017,28.065,45890.0,HAL.NYSE-4-HOUR-LAST-EXTERNAL
2022-01-13 21:00:00,27.93,27.93,27.93,27.93,1016465.0,HAL.NYSE-4-HOUR-LAST-EXTERNAL
2022-01-14 15:55:00,28.495,28.514999,28.42,28.444999,126504.0,HAL.NYSE-4-HOUR-LAST-EXTERNAL
2022-01-14 19:55:00,28.659999,28.704999,28.645,28.645,68526.0,HAL.NYSE-4-HOUR-LAST-EXTERNAL
2022-01-14 21:00:00,28.739999,28.739999,28.739999,28.739999,918973.0,HAL.NYSE-4-HOUR-LAST-EXTERNAL
2022-01-18 15:55:00,28.87,28.899999,28.829999,28.864999,118433.0,HAL.NYSE-4-HOUR-LAST-EXTERNAL
2022-01-18 19:55:00,28.889999,28.889999,28.84,28.86,138294.0,HAL.NYSE-4-HOUR-LAST-EXTERNAL
2022-01-18 21:00:00,28.6,28.6,28.6,28.6,633742.0,HAL.NYSE-4-HOUR-LAST-EXTERNAL
2022-01-19 15:55:00,28.34,28.454999,28.2999,28.44,96499.0,HAL.NYSE-4-HOUR-LAST-EXTERNAL
2022-01-19 19:55:00,28.35,28.409999,28.34,28.405,68533.0,HAL.NYSE-4-HOUR-LAST-EXTERNAL
2022-01-19 21:00:00,28.379999,28.379999,28.379999,28.379999,607745.0,HAL.NYSE-4-HOUR-LAST-EXTERNAL
2022-01-20 15:55:00,28.85,28.85,28.799999,28.834999,122723.0,HAL.NYSE-4-HOUR-LAST-EXTERNAL
2022-01-20 19:55:00,28.569999,28.62,28.569999,28.594999,63368.0,HAL.NYSE-4-HOUR-LAST-EXTERNAL
2022-01-20 21:00:00,28.139999,28.139999,28.139999,28.139999,1187342.0,HAL.NYSE-4-HOUR-LAST-EXTERNAL
2022-01-21 15:55:00,27.93,27.944999,27.78,27.87,164319.0,HAL.NYSE-4-HOUR-LAST-EXTERNAL
2022-01-21 19:55:00,27.504999,27.504999,27.459999,27.475,73077.0,HAL.NYSE-4-HOUR-LAST-EXTERNAL
2022-01-21 21:00:00,27.54,27.54,27.54,27.54,1120484.0,HAL.NYSE-4-HOUR-LAST-EXTERNAL
2022-01-24 15:55:00,27.29,27.29,27.059999,27.069999,164493.0,HAL.NYSE-4-HOUR-LAST-EXTERNAL
2022-01-24 19:55:00,27.739999,27.85,27.709999,27.84,120589.0,HAL.NYSE-4-HOUR-LAST-EXTERNAL
2022-01-24 21:00:00,28.59,28.59,28.59,28.59,1639735.0,HAL.NYSE-4-HOUR-LAST-EXTERNAL
2022-01-25 15:55:00,29.254999,29.389999,29.254999,29.284999,343677.0,HAL.NYSE-4-HOUR-LAST-EXTERNAL
2022-01-25 19:55:00,30.92,30.954999,30.875,30.924999,204070.0,HAL.NYSE-4-HOUR-LAST-EXTERNAL
2022-01-25 21:00:00,30.59,30.59,30.59,30.59,1194996.0,HAL.NYSE-4-HOUR-LAST-EXTERNAL
2022-01-26 15:55:00,30.555,30.704999,30.4827,30.59,211211.0,HAL.NYSE-4-HOUR-LAST-EXTERNAL
2022-01-26 19:55:00,30.959999,30.979999,30.86,30.959999,193342.0,HAL.NYSE-4-HOUR-LAST-EXTERNAL
2022-01-26 21:00:00,30.799999,30.799999,30.799999,30.799999,759306.0,HAL.NYSE-4-HOUR-LAST-EXTERNAL
2022-01-27 15:55:00,31.094999,31.235,31.09,31.17,141015.0,HAL.NYSE-4-HOUR-LAST-EXTERNAL
2022-01-27 19:55:00,30.459999,30.51,30.409999,30.489999,176708.0,HAL.NYSE-4-HOUR-LAST-EXTERNAL
2022-01-27 21:00:00,30.829999,30.829999,30.829999,30.829999,682871.0,HAL.NYSE-4-HOUR-LAST-EXTERNAL
2022-01-28 15:55:00,31.329999,31.329999,31.129999,31.245,118134.0,HAL.NYSE-4-HOUR-LAST-EXTERNAL
2022-01-28 19:55:00,30.879999,31.1,30.879999,31.1,228908.0,HAL.NYSE-4-HOUR-LAST-EXTERNAL
2022-01-28 21:00:00,31.36,31.36,31.36,31.36,554712.0,HAL.NYSE-4-HOUR-LAST-EXTERNAL
2022-01-31 15:55:00,30.899999,31.0,30.864999,30.95,134329.0,HAL.NYSE-4-HOUR-LAST-EXTERNAL
2022-01-31 19:55:00,30.7975,30.830099,30.764999,30.825,124837.0,HAL.NYSE-4-HOUR-LAST-EXTERNAL
2022-01-31 21:00:00,30.739999,30.739999,30.739999,30.739999,566165.0,HAL.NYSE-4-HOUR-LAST-EXTERNAL
2022-02-01 15:55:00,31.405,31.44,31.375,31.409999,137529.0,HAL.NYSE-4-HOUR-LAST-EXTERNAL
2022-02-01 19:55:00,31.387199,31.42,31.37,31.395,65509.0,HAL.NYSE-4-HOUR-LAST-EXTERNAL
2022-02-01 21:00:00,31.37,31.37,31.37,31.37,812375.0,HAL.NYSE-4-HOUR-LAST-EXTERNAL
2022-02-02 15:55:00,31.375,31.409999,31.344999,31.399999,210432.0,HAL.NYSE-4-HOUR-LAST-EXTERNAL
2022-02-02 19:55:00,31.485,31.485,31.405,31.415,115628.0,HAL.NYSE-4-HOUR-LAST-EXTERNAL
2022-02-02 21:00:00,31.409999,31.409999,31.409999,31.409999,998439.0,HAL.NYSE-4-HOUR-LAST-EXTERNAL
2022-02-03 15:55:00,31.0,31.0,30.92,30.969999,174070.0,HAL.NYSE-4-HOUR-LAST-EXTERNAL
2022-02-03 19:55:00,31.26,31.305,31.239999,31.26,157504.0,HAL.NYSE-4-HOUR-LAST-EXTERNAL
2022-02-03 21:00:00,31.219999,31.219999,31.219999,31.219999,754636.0,HAL.NYSE-4-HOUR-LAST-EXTERNAL
2022-02-04 15:55:00,31.959999,32.005001,31.879999,31.95,182056.0,HAL.NYSE-4-HOUR-LAST-EXTERNAL
2022-02-04 19:55:00,32.009998,32.025001,32.0,32.0158,67552.0,HAL.NYSE-4-HOUR-LAST-EXTERNAL
2022-02-04 21:00:00,31.94,31.94,31.94,31.94,899339.0,HAL.NYSE-4-HOUR-LAST-EXTERNAL
2022-02-07 15:55:00,32.435001,32.509998,32.409999,32.488899,135965.0,HAL.NYSE-4-HOUR-LAST-EXTERNAL
2022-02-07 19:55:00,32.694999,32.740001,32.68,32.715,171773.0,HAL.NYSE-4-HOUR-LAST-EXTERNAL
2022-02-07 21:00:00,32.509998,32.509998,32.509998,32.509998,883297.0,HAL.NYSE-4-HOUR-LAST-EXTERNAL
2022-02-08 15:55:00,31.799999,31.809999,31.715,31.739999,141798.0,HAL.NYSE-4-HOUR-LAST-EXTERNAL
2022-02-08 19:55:00,31.6,31.629999,31.569999,31.6,105364.0,HAL.NYSE-4-HOUR-LAST-EXTERNAL
2022-02-08 21:00:00,31.76,31.76,31.76,31.76,424373.0,HAL.NYSE-4-HOUR-LAST-EXTERNAL
2022-02-09 15:55:00,32.654998,32.694999,32.619998,32.674999,68117.0,HAL.NYSE-4-HOUR-LAST-EXTERNAL
2022-02-09 19:55:00,32.564998,32.575,32.54,32.569999,69191.0,HAL.NYSE-4-HOUR-LAST-EXTERNAL
2022-02-09 21:00:00,32.650001,32.650001,32.650001,32.650001,561275.0,HAL.NYSE-4-HOUR-LAST-EXTERNAL
2022-02-10 15:55:00,33.18,33.310001,33.145,33.279998,69457.0,HAL.NYSE-4-HOUR-LAST-EXTERNAL
2022-02-10 19:55:00,32.619998,32.654998,32.5774,32.59,73420.0,HAL.NYSE-4-HOUR-LAST-EXTERNAL
2022-02-10 21:00:00,32.409999,32.409999,32.409999,32.409999,461022.0,HAL.NYSE-4-HOUR-LAST-EXTERNAL
2022-02-11 15:55:00,33.345001,33.369998,33.279998,33.299999,149371.0,HAL.NYSE-4-HOUR-LAST-EXTERNAL
2022-02-11 19:55:00,33.080001,33.194999,33.069999,33.174999,130947.0,HAL.NYSE-4-HOUR-LAST-EXTERNAL
2022-02-11 21:00:00,33.52,33.52,33.52,33.52,603765.0,HAL.NYSE-4-HOUR-LAST-EXTERNAL
2022-02-14 15:55:00,32.325,32.404998,32.259998,32.310001,131110.0,HAL.NYSE-4-HOUR-LAST-EXTERNAL
2022-02-14 19:55:00,32.272701,32.299999,32.2,32.284999,113104.0,HAL.NYSE-4-HOUR-LAST-EXTERNAL
2022-02-14 21:00:00,32.36,32.36,32.36,32.36,551156.0,HAL.NYSE-4-HOUR-LAST-EXTERNAL
2022-02-15 15:55:00,32.009998,32.244998,32.0,32.209999,170597.0,HAL.NYSE-4-HOUR-LAST-EXTERNAL
2022-02-15 19:55:00,32.494998,32.525001,32.490001,32.505001,50833.0,HAL.NYSE-4-HOUR-LAST-EXTERNAL
2022-02-15 21:00:00,32.52,32.52,32.52,32.52,450511.0,HAL.NYSE-4-HOUR-LAST-EXTERNAL
2022-02-16 15:55:00,33.654998,33.689998,33.604999,33.654998,120030.0,HAL.NYSE-4-HOUR-LAST-EXTERNAL
2022-02-16 19:55:00,34.275001,34.279998,34.194999,34.224998,219456.0,HAL.NYSE-4-HOUR-LAST-EXTERNAL
2022-02-16 21:00:00,33.569999,33.569999,33.569999,33.569999,656730.0,HAL.NYSE-4-HOUR-LAST-EXTERNAL
2022-02-17 15:55:00,32.959999,33.060001,32.959999,33.044998,89939.0,HAL.NYSE-4-HOUR-LAST-EXTERNAL
2022-02-17 19:55:00,33.055,33.069999,32.939998,32.990001,94934.0,HAL.NYSE-4-HOUR-LAST-EXTERNAL
2022-02-17 21:00:00,32.970001,32.970001,32.970001,32.970001,415923.0,HAL.NYSE-4-HOUR-LAST-EXTERNAL
2022-02-18 15:55:00,32.29,32.29,32.125,32.162899,284207.0,HAL.NYSE-4-HOUR-LAST-EXTERNAL
2022-02-18 19:55:00,32.299999,32.310001,32.279998,32.294998,189018.0,HAL.NYSE-4-HOUR-LAST-EXTERNAL
2022-02-18 21:00:00,32.259998,32.259998,32.259998,32.259998,601808.0,HAL.NYSE-4-HOUR-LAST-EXTERNAL
2022-02-22 15:55:00,32.130001,32.165,32.064998,32.130001,91982.0,HAL.NYSE-4-HOUR-LAST-EXTERNAL
2022-02-22 19:55:00,31.719999,31.819999,31.715,31.78,131335.0,HAL.NYSE-4-HOUR-LAST-EXTERNAL
2022-02-22 21:00:00,31.459999,31.459999,31.459999,31.459999,1001901.0,HAL.NYSE-4-HOUR-LAST-EXTERNAL
2022-02-23 15:55:00,31.799999,31.829999,31.704999,31.704999,95838.0,HAL.NYSE-4-HOUR-LAST-EXTERNAL
2022-02-23 19:55:00,31.459999,31.514999,31.444999,31.475,48080.0,HAL.NYSE-4-HOUR-LAST-EXTERNAL
2022-02-23 21:00:00,31.68,31.68,31.68,31.68,402112.0,HAL.NYSE-4-HOUR-LAST-EXTERNAL
2022-02-24 15:55:00,31.299999,31.329999,31.229999,31.309999,138720.0,HAL.NYSE-4-HOUR-LAST-EXTERNAL
2022-02-24 19:55:00,31.094999,31.145,31.02,31.049999,198732.0,HAL.NYSE-4-HOUR-LAST-EXTERNAL
2022-02-24 21:00:00,31.469999,31.469999,31.469999,31.469999,906023.0,HAL.NYSE-4-HOUR-LAST-EXTERNAL
2022-02-25 15:55:00,31.479999,31.5,31.378,31.43,156340.0,HAL.NYSE-4-HOUR-LAST-EXTERNAL
2022-02-25 19:55:00,32.209499,32.264999,32.2,32.244998,143415.0,HAL.NYSE-4-HOUR-LAST-EXTERNAL
2022-02-25 21:00:00,32.529998,32.529998,32.529998,32.529998,755792.0,HAL.NYSE-4-HOUR-LAST-EXTERNAL
2022-02-28 15:55:00,33.029499,33.165,33.014999,33.159999,155313.0,HAL.NYSE-4-HOUR-LAST-EXTERNAL
2022-02-28 19:55:00,33.029998,33.150001,33.025001,33.080001,141601.0,HAL.NYSE-4-HOUR-LAST-EXTERNAL
2022-02-28 21:00:00,33.529998,33.529998,33.529998,33.529998,1311438.0,HAL.NYSE-4-HOUR-LAST-EXTERNAL
2022-03-01 15:55:00,32.424999,32.439998,32.25,32.279998,251134.0,HAL.NYSE-4-HOUR-LAST-EXTERNAL
2022-03-01 19:55:00,31.79,31.85,31.764999,31.844999,131271.0,HAL.NYSE-4-HOUR-LAST-EXTERNAL
2022-03-01 21:00:00,32.11,32.11,32.11,32.11,803332.0,HAL.NYSE-4-HOUR-LAST-EXTERNAL
2022-03-02 15:55:00,32.659999,32.784999,32.580001,32.77,201553.0,HAL.NYSE-4-HOUR-LAST-EXTERNAL
2022-03-02 19:55:00,32.95,32.959999,32.865001,32.880001,92239.0,HAL.NYSE-4-HOUR-LAST-EXTERNAL
2022-03-02 21:00:00,32.93,32.93,32.93,32.93,1147159.0,HAL.NYSE-4-HOUR-LAST-EXTERNAL
2022-03-03 15:55:00,32.764999,32.775001,32.630001,32.634998,128903.0,HAL.NYSE-4-HOUR-LAST-EXTERNAL
2022-03-03 19:55:00,33.130001,33.149398,33.080001,33.110599,138554.0,HAL.NYSE-4-HOUR-LAST-EXTERNAL
2022-03-03 21:00:00,33.349998,33.349998,33.349998,33.349998,736564.0,HAL.NYSE-4-HOUR-LAST-EXTERNAL
2022-03-04 15:55:00,33.400001,33.479999,33.349998,33.45,86248.0,HAL.NYSE-4-HOUR-LAST-EXTERNAL
2022-03-04 19:55:00,33.86,33.904998,33.819999,33.825,101290.0,HAL.NYSE-4-HOUR-LAST-EXTERNAL
2022-03-04 21:00:00,34.130001,34.130001,34.130001,34.130001,937372.0,HAL.NYSE-4-HOUR-LAST-EXTERNAL
2022-03-07 15:55:00,36.740001,36.794998,36.59,36.634998,491778.0,HAL.NYSE-4-HOUR-LAST-EXTERNAL
2022-03-07 19:55:00,36.299999,36.534999,36.29,36.399898,222866.0,HAL.NYSE-4-HOUR-LAST-EXTERNAL
2022-03-07 21:00:00,36.240001,36.240001,36.240001,36.240001,1213632.0,HAL.NYSE-4-HOUR-LAST-EXTERNAL
2022-03-08 15:55:00,38.569999,39.09,38.569999,39.09,528528.0,HAL.NYSE-4-HOUR-LAST-EXTERNAL
2022-03-08 19:55:00,36.674999,36.68,36.474998,36.494998,158824.0,HAL.NYSE-4-HOUR-LAST-EXTERNAL
2022-03-08 21:00:00,36.759998,36.759998,36.759998,36.759998,1198943.0,HAL.NYSE-4-HOUR-LAST-EXTERNAL
2022-03-09 15:55:00,35.279998,35.400001,35.209999,35.240001,94630.0,HAL.NYSE-4-HOUR-LAST-EXTERNAL
2022-03-09 19:55:00,34.8698,34.900001,34.759998,34.794998,158355.0,HAL.NYSE-4-HOUR-LAST-EXTERNAL
2022-03-09 21:00:00,34.84,34.84,34.84,34.84,778801.0,HAL.NYSE-4-HOUR-LAST-EXTERNAL
2022-03-10 15:55:00,36.02,36.119998,35.919998,35.985,197204.0,HAL.NYSE-4-HOUR-LAST-EXTERNAL
2022-03-10 19:55:00,37.720001,37.729999,37.569301,37.689998,190406.0,HAL.NYSE-4-HOUR-LAST-EXTERNAL
2022-03-10 21:00:00,37.95,37.95,37.95,37.95,1022941.0,HAL.NYSE-4-HOUR-LAST-EXTERNAL
2022-03-11 15:55:00,36.994998,37.310001,36.979999,37.29,363914.0,HAL.NYSE-4-HOUR-LAST-EXTERNAL
2022-03-11 19:55:00,37.799999,37.86,37.729999,37.86,463009.0,HAL.NYSE-4-HOUR-LAST-EXTERNAL
2022-03-11 21:00:00,37.409999,37.409999,37.409999,37.409999,754589.0,HAL.NYSE-4-HOUR-LAST-EXTERNAL
2022-03-14 15:55:00,35.705001,35.909999,35.665,35.86,112578.0,HAL.NYSE-4-HOUR-LAST-EXTERNAL
2022-03-14 19:55:00,36.365001,36.419998,36.34,36.36,811725.0,HAL.NYSE-4-HOUR-LAST-EXTERNAL
2022-03-15 15:55:00,34.939998,35.130001,34.880001,35.11,254163.0,HAL.NYSE-4-HOUR-LAST-EXTERNAL
2022-03-15 19:55:00,34.889999,34.900001,34.79,34.810001,524020.0,HAL.NYSE-4-HOUR-LAST-EXTERNAL
2022-03-16 15:55:00,34.395,34.5,34.349998,34.369998,256807.0,HAL.NYSE-4-HOUR-LAST-EXTERNAL
2022-03-16 19:55:00,33.95,34.009998,33.895,34.0,468577.0,HAL.NYSE-4-HOUR-LAST-EXTERNAL
2022-03-17 15:55:00,35.635799,35.889999,35.61,35.865001,234265.0,HAL.NYSE-4-HOUR-LAST-EXTERNAL
2022-03-17 19:55:00,35.880001,35.889999,35.830001,35.889999,577059.0,HAL.NYSE-4-HOUR-LAST-EXTERNAL
2022-03-18 15:55:00,35.779998,35.805,35.729999,35.794998,81456.0,HAL.NYSE-4-HOUR-LAST-EXTERNAL
2022-03-18 19:55:00,35.965,36.069999,35.884998,36.029998,736775.0,HAL.NYSE-4-HOUR-LAST-EXTERNAL
2022-03-21 15:55:00,37.5,37.575,37.5,37.549999,76726.0,HAL.NYSE-4-HOUR-LAST-EXTERNAL
2022-03-21 19:55:00,37.490001,37.59,37.419998,37.59,525948.0,HAL.NYSE-4-HOUR-LAST-EXTERNAL
2022-03-22 15:55:00,36.744998,36.77,36.720001,36.7509,70696.0,HAL.NYSE-4-HOUR-LAST-EXTERNAL
2022-03-22 19:55:00,37.084999,37.130001,37.075,37.080001,294999.0,HAL.NYSE-4-HOUR-LAST-EXTERNAL
2022-03-23 15:55:00,37.909999,37.909999,37.819999,37.849998,80300.0,HAL.NYSE-4-HOUR-LAST-EXTERNAL
2022-03-23 19:55:00,38.174999,38.194999,38.060001,38.060001,443111.0,HAL.NYSE-4-HOUR-LAST-EXTERNAL
2022-03-24 15:55:00,38.18,38.185001,38.049999,38.119998,122297.0,HAL.NYSE-4-HOUR-LAST-EXTERNAL
2022-03-24 19:55:00,37.650001,37.68,37.615001,37.68,542363.0,HAL.NYSE-4-HOUR-LAST-EXTERNAL
2022-03-25 15:55:00,38.505001,38.505001,38.400001,38.409999,173848.0,HAL.NYSE-4-HOUR-LAST-EXTERNAL
2022-03-25 19:55:00,38.985,39.0,38.900001,38.900001,753587.0,HAL.NYSE-4-HOUR-LAST-EXTERNAL
2022-03-28 15:55:00,37.2,37.220001,37.179599,37.209999,44265.0,HAL.NYSE-4-HOUR-LAST-EXTERNAL
2022-03-28 19:55:00,37.240001,37.349998,37.229999,37.319999,557085.0,HAL.NYSE-4-HOUR-LAST-EXTERNAL
2022-03-29 15:55:00,37.104999,37.125,37.0,37.025001,43425.0,HAL.NYSE-4-HOUR-LAST-EXTERNAL
2022-03-29 19:55:00,37.889999,37.93,37.84,37.86,453497.0,HAL.NYSE-4-HOUR-LAST-EXTERNAL
2022-03-30 15:55:00,38.485,38.5,38.455001,38.470001,56337.0,HAL.NYSE-4-HOUR-LAST-EXTERNAL
2022-03-30 19:55:00,38.36,38.59,38.354999,38.529998,611946.0,HAL.NYSE-4-HOUR-LAST-EXTERNAL
2022-03-31 15:55:00,38.650001,38.705001,38.639999,38.659999,34347.0,HAL.NYSE-4-HOUR-LAST-EXTERNAL
2022-03-31 19:55:00,37.970001,37.994998,37.86,37.875,597487.0,HAL.NYSE-4-HOUR-LAST-EXTERNAL
2022-04-01 15:55:00,39.044998,39.049999,38.93,38.93,55414.0,HAL.NYSE-4-HOUR-LAST-EXTERNAL
2022-04-01 19:55:00,38.630001,38.669998,38.569999,38.569999,410058.0,HAL.NYSE-4-HOUR-LAST-EXTERNAL
2022-04-04 15:55:00,38.259998,38.325,38.229999,38.305,84026.0,HAL.NYSE-4-HOUR-LAST-EXTERNAL
2022-04-04 19:55:00,38.735,38.794998,38.689998,38.759998,791204.0,HAL.NYSE-4-HOUR-LAST-EXTERNAL
2022-04-05 15:55:00,38.2,38.25,38.110099,38.125,98313.0,HAL.NYSE-4-HOUR-LAST-EXTERNAL
2022-04-05 19:55:00,37.604999,37.615001,37.5,37.54,551730.0,HAL.NYSE-4-HOUR-LAST-EXTERNAL
2022-04-06 15:55:00,37.59,37.77,37.59,37.630001,62876.0,HAL.NYSE-4-HOUR-LAST-EXTERNAL
2022-04-06 19:55:00,37.294998,37.375,37.25,37.34,328678.0,HAL.NYSE-4-HOUR-LAST-EXTERNAL
2022-04-07 15:55:00,36.779998,36.869998,36.759998,36.854999,48423.0,HAL.NYSE-4-HOUR-LAST-EXTERNAL
2022-04-07 19:55:00,37.819999,37.830001,37.740001,37.75,439200.0,HAL.NYSE-4-HOUR-LAST-EXTERNAL
2022-04-08 15:55:00,39.36,39.45,39.349998,39.435001,167691.0,HAL.NYSE-4-HOUR-LAST-EXTERNAL
2022-04-08 19:55:00,39.909999,39.95,39.880001,39.95,526636.0,HAL.NYSE-4-HOUR-LAST-EXTERNAL
2022-04-11 15:55:00,39.119998,39.185001,39.084999,39.18,65433.0,HAL.NYSE-4-HOUR-LAST-EXTERNAL
2022-04-11 19:55:00,39.099998,39.099998,39.009998,39.069999,776093.0,HAL.NYSE-4-HOUR-LAST-EXTERNAL
2022-04-12 15:55:00,40.465,40.52,40.419998,40.459999,45890.0,HAL.NYSE-4-HOUR-LAST-EXTERNAL
2022-04-12 19:55:00,39.604999,39.615001,39.509998,39.54,404875.0,HAL.NYSE-4-HOUR-LAST-EXTERNAL
2022-04-13 15:55:00,40.009998,40.034999,39.979999,40.02,47381.0,HAL.NYSE-4-HOUR-LAST-EXTERNAL
2022-04-13 19:55:00,40.27,40.27,40.165,40.2,318847.0,HAL.NYSE-4-HOUR-LAST-EXTERNAL
2022-04-14 15:55:00,39.95,40.130001,39.95,40.099899,42983.0,HAL.NYSE-4-HOUR-LAST-EXTERNAL
2022-04-14 19:55:00,40.845001,40.869998,40.729999,40.75,374502.0,HAL.NYSE-4-HOUR-LAST-EXTERNAL
2022-04-18 15:55:00,41.174999,41.29,41.11,41.259998,92517.0,HAL.NYSE-4-HOUR-LAST-EXTERNAL
2022-04-18 19:55:00,41.569999,41.669998,41.569999,41.650001,624996.0,HAL.NYSE-4-HOUR-LAST-EXTERNAL
2022-04-19 15:55:00,41.139999,41.169998,41.069999,41.119998,104958.0,HAL.NYSE-4-HOUR-LAST-EXTERNAL
2022-04-19 19:55:00,41.354999,41.354999,41.264999,41.310001,462590.0,HAL.NYSE-4-HOUR-LAST-EXTERNAL
2022-04-20 15:55:00,39.509998,39.650001,39.490001,39.5899,121436.0,HAL.NYSE-4-HOUR-LAST-EXTERNAL
2022-04-20 19:55:00,39.645,39.650001,39.569999,39.61,796003.0,HAL.NYSE-4-HOUR-LAST-EXTERNAL
2022-04-21 15:55:00,39.689998,39.77,39.669998,39.685001,114351.0,HAL.NYSE-4-HOUR-LAST-EXTERNAL
2022-04-21 19:55:00,39.009998,39.025001,38.880001,38.924999,552696.0,HAL.NYSE-4-HOUR-LAST-EXTERNAL
2022-04-22 15:55:00,37.689998,37.799999,37.61,37.759998,181618.0,HAL.NYSE-4-HOUR-LAST-EXTERNAL
2022-04-22 19:55:00,37.740001,37.79,37.650001,37.7,541274.0,HAL.NYSE-4-HOUR-LAST-EXTERNAL
2022-04-25 15:55:00,33.919998,34.099998,33.810001,34.075,227997.0,HAL.NYSE-4-HOUR-LAST-EXTERNAL
2022-04-25 19:55:00,35.400001,35.409999,35.240001,35.323799,515474.0,HAL.NYSE-4-HOUR-LAST-EXTERNAL
2022-04-26 15:55:00,36.284999,36.284999,35.959999,36.02,145047.0,HAL.NYSE-4-HOUR-LAST-EXTERNAL
2022-04-26 19:55:00,35.275001,35.275001,35.099998,35.11,406253.0,HAL.NYSE-4-HOUR-LAST-EXTERNAL
2022-04-27 15:55:00,36.04,36.229999,36.029998,36.189998,150402.0,HAL.NYSE-4-HOUR-LAST-EXTERNAL
2022-04-27 19:55:00,35.979999,36.029998,35.909999,35.93,356339.0,HAL.NYSE-4-HOUR-LAST-EXTERNAL
2022-04-28 15:55:00,36.039901,36.049999,35.880001,35.950199,59880.0,HAL.NYSE-4-HOUR-LAST-EXTERNAL
2022-04-28 19:55:00,36.709999,36.77,36.665,36.720001,339421.0,HAL.NYSE-4-HOUR-LAST-EXTERNAL
2022-04-29 15:55:00,36.569999,36.630001,36.5,36.549999,44461.0,HAL.NYSE-4-HOUR-LAST-EXTERNAL
2022-04-29 19:55:00,35.584999,35.619998,35.5,35.619998,519951.0,HAL.NYSE-4-HOUR-LAST-EXTERNAL
2022-05-02 15:55:00,35.859901,35.959999,35.819999,35.95,77136.0,HAL.NYSE-4-HOUR-LAST-EXTERNAL
2022-05-02 19:55:00,35.95,36.009998,35.86,35.970001,479618.0,HAL.NYSE-4-HOUR-LAST-EXTERNAL
2022-05-03 15:55:00,36.845001,36.900001,36.828998,36.889999,49764.0,HAL.NYSE-4-HOUR-LAST-EXTERNAL
2022-05-03 19:55:00,36.659999,36.740001,36.659999,36.659999,262662.0,HAL.NYSE-4-HOUR-LAST-EXTERNAL
2022-05-04 15:55:00,36.529998,36.529998,36.389999,36.389999,55138.0,HAL.NYSE-4-HOUR-LAST-EXTERNAL
2022-05-04 19:55:00,38.080001,38.150001,37.990001,38.080001,574314.0,HAL.NYSE-4-HOUR-LAST-EXTERNAL
2022-05-05 15:55:00,36.229999,36.279998,36.09,36.11,88698.0,HAL.NYSE-4-HOUR-LAST-EXTERNAL
2022-05-05 19:55:00,36.569999,36.709999,36.549999,36.705001,895068.0,HAL.NYSE-4-HOUR-LAST-EXTERNAL
2022-05-06 15:55:00,36.845001,36.869998,36.639999,36.7,88919.0,HAL.NYSE-4-HOUR-LAST-EXTERNAL
2022-05-06 19:55:00,37.34,37.380001,37.29,37.36,604034.0,HAL.NYSE-4-HOUR-LAST-EXTERNAL
2022-05-09 15:55:00,34.619998,34.720001,34.575,34.650001,110972.0,HAL.NYSE-4-HOUR-LAST-EXTERNAL
2022-05-09 19:55:00,33.54,33.580001,33.299999,33.330001,1252103.0,HAL.NYSE-4-HOUR-LAST-EXTERNAL
2022-05-10 15:55:00,33.779998,33.869998,33.68,33.79,126716.0,HAL.NYSE-4-HOUR-LAST-EXTERNAL
2022-05-10 19:55:00,34.205001,34.319999,34.154998,34.29,370237.0,HAL.NYSE-4-HOUR-LAST-EXTERNAL
2022-05-11 15:55:00,35.955001,35.955001,35.830001,35.904998,63102.0,HAL.NYSE-4-HOUR-LAST-EXTERNAL
2022-05-11 19:55:00,34.705001,34.729999,34.630001,34.6982,433358.0,HAL.NYSE-4-HOUR-LAST-EXTERNAL
2022-05-12 15:55:00,33.810001,33.849998,33.755001,33.77,60084.0,HAL.NYSE-4-HOUR-LAST-EXTERNAL
2022-05-12 19:55:00,34.369998,34.569999,34.349998,34.560001,570860.0,HAL.NYSE-4-HOUR-LAST-EXTERNAL
2022-05-13 15:55:00,35.909999,35.979999,35.895,35.965,67791.0,HAL.NYSE-4-HOUR-LAST-EXTERNAL
2022-05-13 19:55:00,36.09,36.145,36.064998,36.11,540475.0,HAL.NYSE-4-HOUR-LAST-EXTERNAL
2022-05-16 15:55:00,37.179901,37.2,37.130001,37.150001,63615.0,HAL.NYSE-4-HOUR-LAST-EXTERNAL
2022-05-16 19:55:00,37.619998,37.634998,37.459999,37.569999,529213.0,HAL.NYSE-4-HOUR-LAST-EXTERNAL
2022-05-17 15:55:00,37.84,37.889999,37.75,37.880001,135516.0,HAL.NYSE-4-HOUR-LAST-EXTERNAL
2022-05-17 19:55:00,37.819999,37.884998,37.784999,37.880001,358445.0,HAL.NYSE-4-HOUR-LAST-EXTERNAL
2022-05-18 15:55:00,36.009998,36.119998,35.990001,36.069999,78103.0,HAL.NYSE-4-HOUR-LAST-EXTERNAL
2022-05-18 19:55:00,35.93,36.04,35.93,36.02,495667.0,HAL.NYSE-4-HOUR-LAST-EXTERNAL
2022-05-19 15:55:00,36.09,36.125,36.009998,36.075,100410.0,HAL.NYSE-4-HOUR-LAST-EXTERNAL
2022-05-19 19:55:00,36.11,36.148998,36.04,36.049999,386575.0,HAL.NYSE-4-HOUR-LAST-EXTERNAL
2022-05-20 15:55:00,36.729999,36.810001,36.68,36.698898,73934.0,HAL.NYSE-4-HOUR-LAST-EXTERNAL
2022-05-20 19:55:00,36.615001,36.7,36.54,36.689998,505115.0,HAL.NYSE-4-HOUR-LAST-EXTERNAL
2022-05-23 15:55:00,38.080001,38.134998,38.064998,38.09,66250.0,HAL.NYSE-4-HOUR-LAST-EXTERNAL
2022-05-23 19:55:00,38.310001,38.349998,38.27,38.330001,342183.0,HAL.NYSE-4-HOUR-LAST-EXTERNAL
2022-05-24 15:55:00,37.68,37.86,37.659999,37.740001,55632.0,HAL.NYSE-4-HOUR-LAST-EXTERNAL
2022-05-24 19:55:00,38.409999,38.509998,38.36,38.5,384919.0,HAL.NYSE-4-HOUR-LAST-EXTERNAL
2022-05-25 15:55:00,38.459999,38.490001,38.435001,38.455001,110765.0,HAL.NYSE-4-HOUR-LAST-EXTERNAL
2022-05-25 19:55:00,38.810001,38.849998,38.715,38.77,406504.0,HAL.NYSE-4-HOUR-LAST-EXTERNAL
2022-05-26 15:55:00,40.305,40.369998,40.305,40.3372,71300.0,HAL.NYSE-4-HOUR-LAST-EXTERNAL
2022-05-26 19:55:00,40.174999,40.209999,40.080101,40.169998,545834.0,HAL.NYSE-4-HOUR-LAST-EXTERNAL
2022-05-27 15:55:00,40.830001,40.845001,40.77,40.79,50678.0,HAL.NYSE-4-HOUR-LAST-EXTERNAL
2022-05-27 19:55:00,41.310001,41.384998,41.29,41.369998,433729.0,HAL.NYSE-4-HOUR-LAST-EXTERNAL
2022-05-31 15:55:00,41.305,41.419998,41.279998,41.345001,137847.0,HAL.NYSE-4-HOUR-LAST-EXTERNAL
2022-05-31 19:55:00,40.465,40.569999,40.400001,40.52,1597927.0,HAL.NYSE-4-HOUR-LAST-EXTERNAL
2022-06-01 15:55:00,40.709999,40.744998,40.650001,40.68,94730.0,HAL.NYSE-4-HOUR-LAST-EXTERNAL
2022-06-01 19:55:00,41.525001,41.544998,41.389999,41.389999,526996.0,HAL.NYSE-4-HOUR-LAST-EXTERNAL
2022-06-02 15:55:00,41.29,41.330001,41.240001,41.264999,73589.0,HAL.NYSE-4-HOUR-LAST-EXTERNAL
2022-06-02 19:55:00,41.025001,41.060001,40.985,41.04,499188.0,HAL.NYSE-4-HOUR-LAST-EXTERNAL
2022-06-03 15:55:00,41.308998,41.380001,41.259998,41.365001,68552.0,HAL.NYSE-4-HOUR-LAST-EXTERNAL
2022-06-03 19:55:00,41.944999,41.979999,41.880001,41.959999,378161.0,HAL.NYSE-4-HOUR-LAST-EXTERNAL
2022-06-06 15:55:00,41.444999,41.5508,41.444999,41.549999,46053.0,HAL.NYSE-4-HOUR-LAST-EXTERNAL
2022-06-06 19:55:00,41.279998,41.369998,41.209999,41.319999,595917.0,HAL.NYSE-4-HOUR-LAST-EXTERNAL
2022-06-07 15:55:00,41.619998,41.759998,41.619998,41.75,37273.0,HAL.NYSE-4-HOUR-LAST-EXTERNAL
2022-06-07 19:55:00,42.525001,42.555,42.490001,42.52,340610.0,HAL.NYSE-4-HOUR-LAST-EXTERNAL
2022-06-08 15:55:00,43.944999,43.95,43.86,43.895,75227.0,HAL.NYSE-4-HOUR-LAST-EXTERNAL
2022-06-08 19:55:00,43.049999,43.11,42.970001,42.979999,401806.0,HAL.NYSE-4-HOUR-LAST-EXTERNAL
2022-06-09 15:55:00,42.330001,42.560001,42.330001,42.54,50219.0,HAL.NYSE-4-HOUR-LAST-EXTERNAL
2022-06-09 19:55:00,42.354999,42.375,42.169998,42.2,699118.0,HAL.NYSE-4-HOUR-LAST-EXTERNAL
2022-06-10 15:55:00,40.130001,40.185001,39.959999,40.159999,169949.0,HAL.NYSE-4-HOUR-LAST-EXTERNAL
2022-06-10 19:55:00,40.595001,40.639999,40.470001,40.470001,450654.0,HAL.NYSE-4-HOUR-LAST-EXTERNAL
2022-06-13 15:55:00,37.740001,37.939998,37.729999,37.919101,72591.0,HAL.NYSE-4-HOUR-LAST-EXTERNAL
2022-06-13 19:55:00,37.34,37.54,37.330001,37.529998,630326.0,HAL.NYSE-4-HOUR-LAST-EXTERNAL
2022-06-14 15:55:00,37.404998,37.529998,37.325,37.494998,252540.0,HAL.NYSE-4-HOUR-LAST-EXTERNAL
2022-06-14 19:55:00,36.7,36.705001,36.61,36.68,536624.0,HAL.NYSE-4-HOUR-LAST-EXTERNAL
2022-06-15 15:55:00,36.505001,36.549999,36.459999,36.5,194515.0,HAL.NYSE-4-HOUR-LAST-EXTERNAL
2022-06-15 19:55:00,35.650001,35.744998,35.560001,35.619998,859809.0,HAL.NYSE-4-HOUR-LAST-EXTERNAL
2022-06-16 15:55:00,33.5401,33.720001,33.54,33.639999,158606.0,HAL.NYSE-4-HOUR-LAST-EXTERNAL
2022-06-16 19:55:00,33.380001,33.5,33.349998,33.479999,1073878.0,HAL.NYSE-4-HOUR-LAST-EXTERNAL
2022-06-17 15:55:00,31.915,31.979999,31.79,31.875,137671.0,HAL.NYSE-4-HOUR-LAST-EXTERNAL
2022-06-17 19:55:00,31.725,31.79,31.659999,31.7,1208545.0,HAL.NYSE-4-HOUR-LAST-EXTERNAL
2022-06-21 15:55:00,33.25,33.305,33.220001,33.244998,65018.0,HAL.NYSE-4-HOUR-LAST-EXTERNAL
2022-06-21 19:55:00,33.645,33.669998,33.54,33.560001,678760.0,HAL.NYSE-4-HOUR-LAST-EXTERNAL
2022-06-22 15:55:00,31.909999,31.975,31.885,31.889999,77876.0,HAL.NYSE-4-HOUR-LAST-EXTERNAL
2022-06-22 19:55:00,32.255001,32.310001,32.080001,32.080001,784884.0,HAL.NYSE-4-HOUR-LAST-EXTERNAL
2022-06-23 15:55:00,30.44,30.45,30.27,30.325,360685.0,HAL.NYSE-4-HOUR-LAST-EXTERNAL
2022-06-23 19:55:00,30.02,30.059999,29.909999,30.03,516465.0,HAL.NYSE-4-HOUR-LAST-EXTERNAL
2022-06-24 15:55:00,31.309999,31.309999,31.184999,31.184999,91636.0,HAL.NYSE-4-HOUR-LAST-EXTERNAL
2022-06-24 19:55:00,31.0,31.02,30.899999,30.959999,1132645.0,HAL.NYSE-4-HOUR-LAST-EXTERNAL
2022-06-27 15:55:00,31.93,31.95,31.805,31.905,103371.0,HAL.NYSE-4-HOUR-LAST-EXTERNAL
2022-06-27 19:55:00,32.154998,32.229999,32.11,32.229999,398248.0,HAL.NYSE-4-HOUR-LAST-EXTERNAL
2022-06-28 15:55:00,33.034999,33.034999,32.895,32.919998,118611.0,HAL.NYSE-4-HOUR-LAST-EXTERNAL
2022-06-28 19:55:00,33.189998,33.235,33.162498,33.189998,224942.0,HAL.NYSE-4-HOUR-LAST-EXTERNAL
2022-06-29 15:55:00,32.36,32.404998,32.299999,32.404998,58776.0,HAL.NYSE-4-HOUR-LAST-EXTERNAL
2022-06-29 19:55:00,32.165,32.220001,32.145,32.18,377523.0,HAL.NYSE-4-HOUR-LAST-EXTERNAL
2022-06-30 15:55:00,31.95,31.95,31.809999,31.899999,76777.0,HAL.NYSE-4-HOUR-LAST-EXTERNAL
2022-06-30 19:55:00,31.18,31.379999,31.139999,31.37,641301.0,HAL.NYSE-4-HOUR-LAST-EXTERNAL
2022-07-01 15:55:00,30.325,30.385,30.315,30.344999,65750.0,HAL.NYSE-4-HOUR-LAST-EXTERNAL
2022-07-01 19:55:00,31.42,31.465,31.379999,31.430099,356312.0,HAL.NYSE-4-HOUR-LAST-EXTERNAL
2022-07-05 15:55:00,29.03,29.18,29.02,29.145,98506.0,HAL.NYSE-4-HOUR-LAST-EXTERNAL
2022-07-05 19:55:00,28.809999,28.899999,28.754999,28.889999,758548.0,HAL.NYSE-4-HOUR-LAST-EXTERNAL
2022-07-06 15:55:00,27.674999,27.85,27.674999,27.844999,136442.0,HAL.NYSE-4-HOUR-LAST-EXTERNAL
2022-07-06 19:55:00,28.454999,28.465,28.399999,28.43,703137.0,HAL.NYSE-4-HOUR-LAST-EXTERNAL
2022-07-07 15:55:00,29.67,29.76,29.659999,29.76,61190.0,HAL.NYSE-4-HOUR-LAST-EXTERNAL
2022-07-07 19:55:00,29.899999,29.94,29.87,29.889999,425124.0,HAL.NYSE-4-HOUR-LAST-EXTERNAL
2022-07-08 15:55:00,30.09,30.11,30.04,30.09,43064.0,HAL.NYSE-4-HOUR-LAST-EXTERNAL
2022-07-08 19:55:00,29.979999,30.01,29.829999,29.85,348237.0,HAL.NYSE-4-HOUR-LAST-EXTERNAL
2022-07-11 15:55:00,29.424999,29.489999,29.389999,29.475,29805.0,HAL.NYSE-4-HOUR-LAST-EXTERNAL
2022-07-11 19:55:00,29.35,29.415,29.309999,29.36,443566.0,HAL.NYSE-4-HOUR-LAST-EXTERNAL
2022-07-12 15:55:00,28.5,28.504999,28.462499,28.5,62454.0,HAL.NYSE-4-HOUR-LAST-EXTERNAL
2022-07-12 19:55:00,28.614999,28.629999,28.559999,28.61,423318.0,HAL.NYSE-4-HOUR-LAST-EXTERNAL
2022-07-13 15:55:00,28.299999,28.34,28.29,28.305,75329.0,HAL.NYSE-4-HOUR-LAST-EXTERNAL
2022-07-13 19:55:00,28.329999,28.379999,28.28,28.29,335312.0,HAL.NYSE-4-HOUR-LAST-EXTERNAL
2022-07-14 15:55:00,27.12,27.12,27.049999,27.059999,65269.0,HAL.NYSE-4-HOUR-LAST-EXTERNAL
2022-07-14 19:55:00,27.354999,27.399999,27.319999,27.35,341697.0,HAL.NYSE-4-HOUR-LAST-EXTERNAL
2022-07-15 15:55:00,27.659999,27.68,27.614999,27.62,45740.0,HAL.NYSE-4-HOUR-LAST-EXTERNAL
2022-07-15 19:55:00,27.715,27.879999,27.715,27.86,1379552.0,HAL.NYSE-4-HOUR-LAST-EXTERNAL
2022-07-18 15:55:00,28.85,28.875,28.809999,28.87,44976.0,HAL.NYSE-4-HOUR-LAST-EXTERNAL
2022-07-18 19:55:00,28.87,28.94,28.85,28.86,526448.0,HAL.NYSE-4-HOUR-LAST-EXTERNAL
2022-07-19 15:55:00,29.12,29.2999,29.1177,29.25,138110.0,HAL.NYSE-4-HOUR-LAST-EXTERNAL
2022-07-19 19:55:00,29.385,29.469999,29.379999,29.447,814068.0,HAL.NYSE-4-HOUR-LAST-EXTERNAL
2022-07-20 15:55:00,29.1,29.125,29.01,29.059999,119528.0,HAL.NYSE-4-HOUR-LAST-EXTERNAL
2022-07-20 19:55:00,29.254999,29.299999,29.229999,29.28,462515.0,HAL.NYSE-4-HOUR-LAST-EXTERNAL
2022-07-21 15:55:00,27.799999,27.84,27.752199,27.754999,47114.0,HAL.NYSE-4-HOUR-LAST-EXTERNAL
2022-07-21 19:55:00,28.0289,28.139999,28.024999,28.139999,410567.0,HAL.NYSE-4-HOUR-LAST-EXTERNAL
2022-07-22 15:55:00,28.2,28.215,28.159999,28.18,50339.0,HAL.NYSE-4-HOUR-LAST-EXTERNAL
2022-07-22 19:55:00,27.479999,27.51,27.42,27.459999,639453.0,HAL.NYSE-4-HOUR-LAST-EXTERNAL
2022-07-25 15:55:00,28.514999,28.53,28.473899,28.495,51588.0,HAL.NYSE-4-HOUR-LAST-EXTERNAL
2022-07-25 19:55:00,28.334999,28.45,28.299999,28.409999,636915.0,HAL.NYSE-4-HOUR-LAST-EXTERNAL
2022-07-26 15:55:00,28.03,28.11,28.03,28.059999,60609.0,HAL.NYSE-4-HOUR-LAST-EXTERNAL
2022-07-26 19:55:00,28.149999,28.174999,28.04,28.04,402698.0,HAL.NYSE-4-HOUR-LAST-EXTERNAL
2022-07-27 15:55:00,28.264999,28.29,28.229999,28.229999,42849.0,HAL.NYSE-4-HOUR-LAST-EXTERNAL
2022-07-27 19:55:00,28.934999,28.979999,28.87,28.87,468457.0,HAL.NYSE-4-HOUR-LAST-EXTERNAL
2022-07-28 15:55:00,28.639999,28.639999,28.555,28.559999,66902.0,HAL.NYSE-4-HOUR-LAST-EXTERNAL
2022-07-28 19:55:00,28.68,28.68,28.59,28.629999,393363.0,HAL.NYSE-4-HOUR-LAST-EXTERNAL
2022-07-29 15:55:00,29.130899,29.139999,29.084999,29.09,28121.0,HAL.NYSE-4-HOUR-LAST-EXTERNAL
2022-07-29 19:55:00,29.309999,29.36,29.29,29.309999,556990.0,HAL.NYSE-4-HOUR-LAST-EXTERNAL
2022-08-01 15:55:00,28.129999,28.139999,28.069999,28.104999,72295.0,HAL.NYSE-4-HOUR-LAST-EXTERNAL
2022-08-01 19:55:00,28.184999,28.25,28.12,28.194999,431166.0,HAL.NYSE-4-HOUR-LAST-EXTERNAL
2022-08-02 15:55:00,28.69,28.7,28.649999,28.659999,53899.0,HAL.NYSE-4-HOUR-LAST-EXTERNAL
2022-08-02 19:55:00,28.61,28.614999,28.549999,28.6,407209.0,HAL.NYSE-4-HOUR-LAST-EXTERNAL
2022-08-03 15:55:00,28.451999,28.5,28.383699,28.43,98460.0,HAL.NYSE-4-HOUR-LAST-EXTERNAL
2022-08-03 19:55:00,28.395,28.459999,28.389999,28.42,766862.0,HAL.NYSE-4-HOUR-LAST-EXTERNAL
2022-08-04 15:55:00,27.565,27.6152,27.54,27.555,53666.0,HAL.NYSE-4-HOUR-LAST-EXTERNAL
2022-08-04 19:55:00,27.245,27.29,27.184999,27.2642,837938.0,HAL.NYSE-4-HOUR-LAST-EXTERNAL
2022-08-05 15:55:00,27.899999,27.92,27.854999,27.895,50130.0,HAL.NYSE-4-HOUR-LAST-EXTERNAL
2022-08-05 19:55:00,27.799999,27.86,27.77,27.78,543745.0,HAL.NYSE-4-HOUR-LAST-EXTERNAL
2022-08-08 15:55:00,28.17,28.27,28.17,28.238899,76349.0,HAL.NYSE-4-HOUR-LAST-EXTERNAL
2022-08-08 19:55:00,27.975,28.02,27.965,28.01,216261.0,HAL.NYSE-4-HOUR-LAST-EXTERNAL
2022-08-09 15:55:00,28.27,28.315,28.245,28.299999,50109.0,HAL.NYSE-4-HOUR-LAST-EXTERNAL
2022-08-09 19:55:00,28.219999,28.309999,28.19,28.305,308614.0,HAL.NYSE-4-HOUR-LAST-EXTERNAL
2022-08-10 15:55:00,28.299999,28.35,28.299999,28.34,28776.0,HAL.NYSE-4-HOUR-LAST-EXTERNAL
2022-08-10 19:55:00,28.399999,28.43,28.3726,28.399999,263273.0,HAL.NYSE-4-HOUR-LAST-EXTERNAL
2022-08-11 15:55:00,29.34,29.379999,29.319999,29.35,21408.0,HAL.NYSE-4-HOUR-LAST-EXTERNAL
2022-08-11 19:55:00,29.649999,29.649999,29.54,29.579999,329038.0,HAL.NYSE-4-HOUR-LAST-EXTERNAL
2022-08-12 15:55:00,29.17,29.229999,29.159999,29.225,77093.0,HAL.NYSE-4-HOUR-LAST-EXTERNAL
2022-08-12 19:55:00,29.5,29.559999,29.469999,29.54,400621.0,HAL.NYSE-4-HOUR-LAST-EXTERNAL
2022-08-15 15:55:00,28.504999,28.579999,28.504999,28.54,81643.0,HAL.NYSE-4-HOUR-LAST-EXTERNAL
2022-08-15 19:55:00,28.459999,28.479999,28.45,28.469999,321063.0,HAL.NYSE-4-HOUR-LAST-EXTERNAL
2022-08-16 15:55:00,28.2922,28.35,28.2922,28.309999,65580.0,HAL.NYSE-4-HOUR-LAST-EXTERNAL
2022-08-16 19:55:00,28.184999,28.219999,28.129999,28.209999,612705.0,HAL.NYSE-4-HOUR-LAST-EXTERNAL
2022-08-17 15:55:00,27.51,27.545,27.489999,27.514999,49586.0,HAL.NYSE-4-HOUR-LAST-EXTERNAL
2022-08-17 19:55:00,28.155,28.229999,28.155,28.19,415800.0,HAL.NYSE-4-HOUR-LAST-EXTERNAL
2022-08-18 15:55:00,29.329999,29.344999,29.299999,29.305,50280.0,HAL.NYSE-4-HOUR-LAST-EXTERNAL
2022-08-18 19:55:00,29.739999,29.829999,29.715,29.819999,717341.0,HAL.NYSE-4-HOUR-LAST-EXTERNAL
2022-08-19 15:55:00,29.629999,29.639999,29.579999,29.584999,34533.0,HAL.NYSE-4-HOUR-LAST-EXTERNAL
2022-08-19 19:55:00,29.36,29.409999,29.35,29.389999,394727.0,HAL.NYSE-4-HOUR-LAST-EXTERNAL
2022-08-22 15:55:00,29.209999,29.215,29.104999,29.12,45972.0,HAL.NYSE-4-HOUR-LAST-EXTERNAL
2022-08-22 19:55:00,29.25,29.26,29.159999,29.219999,447310.0,HAL.NYSE-4-HOUR-LAST-EXTERNAL
2022-08-23 15:55:00,31.569999,31.579999,31.489999,31.569999,120691.0,HAL.NYSE-4-HOUR-LAST-EXTERNAL
2022-08-23 19:55:00,31.174999,31.27,31.165,31.2199,1012240.0,HAL.NYSE-4-HOUR-LAST-EXTERNAL
2022-08-24 15:55:00,31.274999,31.295,31.219999,31.232,129461.0,HAL.NYSE-4-HOUR-LAST-EXTERNAL
2022-08-24 19:55:00,31.729999,31.76,31.639999,31.665,367897.0,HAL.NYSE-4-HOUR-LAST-EXTERNAL
2022-08-25 15:55:00,31.829999,31.92,31.809999,31.92,45792.0,HAL.NYSE-4-HOUR-LAST-EXTERNAL
2022-08-25 19:55:00,31.825,31.879999,31.825,31.87,413480.0,HAL.NYSE-4-HOUR-LAST-EXTERNAL
2022-08-26 15:55:00,31.34,31.385,31.299999,31.364999,76309.0,HAL.NYSE-4-HOUR-LAST-EXTERNAL
2022-08-26 19:55:00,31.09,31.149999,31.083799,31.11,484986.0,HAL.NYSE-4-HOUR-LAST-EXTERNAL
2022-08-29 15:55:00,31.795,31.815,31.709999,31.725,26540.0,HAL.NYSE-4-HOUR-LAST-EXTERNAL
2022-08-29 19:55:00,32.005001,32.005001,31.899999,31.909999,437412.0,HAL.NYSE-4-HOUR-LAST-EXTERNAL
2022-08-30 15:55:00,30.409999,30.459999,30.389999,30.399999,41707.0,HAL.NYSE-4-HOUR-LAST-EXTERNAL
2022-08-30 19:55:00,30.309999,30.385,30.309999,30.35,332236.0,HAL.NYSE-4-HOUR-LAST-EXTERNAL
2022-08-31 15:55:00,30.659999,30.78,30.659999,30.754999,78950.0,HAL.NYSE-4-HOUR-LAST-EXTERNAL
2022-08-31 19:55:00,30.209999,30.219999,30.11,30.129999,365807.0,HAL.NYSE-4-HOUR-LAST-EXTERNAL
2022-09-01 15:55:00,29.1,29.17,29.04,29.17,80607.0,HAL.NYSE-4-HOUR-LAST-EXTERNAL
2022-09-01 19:55:00,28.86,28.969999,28.85,28.94,413533.0,HAL.NYSE-4-HOUR-LAST-EXTERNAL
2022-09-02 15:55:00,30.27,30.284999,30.229999,30.254999,55545.0,HAL.NYSE-4-HOUR-LAST-EXTERNAL
2022-09-02 19:55:00,30.034999,30.084999,29.985,30.02,399209.0,HAL.NYSE-4-HOUR-LAST-EXTERNAL
2022-09-06 15:55:00,29.649999,29.704999,29.629999,29.659999,36582.0,HAL.NYSE-4-HOUR-LAST-EXTERNAL
2022-09-06 19:55:00,29.53,29.555,29.45,29.52,538676.0,HAL.NYSE-4-HOUR-LAST-EXTERNAL
2022-09-07 15:55:00,28.819999,28.84,28.764999,28.799999,36774.0,HAL.NYSE-4-HOUR-LAST-EXTERNAL
2022-09-07 19:55:00,28.655,28.715,28.62,28.69,686717.0,HAL.NYSE-4-HOUR-LAST-EXTERNAL
2022-09-08 15:55:00,28.825,28.864999,28.825,28.8462,32494.0,HAL.NYSE-4-HOUR-LAST-EXTERNAL
2022-09-08 19:55:00,28.43,28.44,28.395,28.42,378406.0,HAL.NYSE-4-HOUR-LAST-EXTERNAL
2022-09-09 15:55:00,29.475,29.485,29.389999,29.42,106190.0,HAL.NYSE-4-HOUR-LAST-EXTERNAL
2022-09-09 19:55:00,29.645,29.68,29.62,29.659999,396578.0,HAL.NYSE-4-HOUR-LAST-EXTERNAL
2022-09-12 15:55:00,30.075,30.146999,30.059999,30.129999,48804.0,HAL.NYSE-4-HOUR-LAST-EXTERNAL
2022-09-12 19:55:00,30.28,30.319999,30.26,30.29,456624.0,HAL.NYSE-4-HOUR-LAST-EXTERNAL
2022-09-13 15:55:00,29.569999,29.59,29.53,29.549999,24548.0,HAL.NYSE-4-HOUR-LAST-EXTERNAL
2022-09-13 19:55:00,29.129999,29.2,29.09,29.149999,316056.0,HAL.NYSE-4-HOUR-LAST-EXTERNAL
2022-09-14 15:55:00,30.35,30.415,30.35,30.415,29485.0,HAL.NYSE-4-HOUR-LAST-EXTERNAL
2022-09-14 19:55:00,30.379999,30.399999,30.34,30.389999,343831.0,HAL.NYSE-4-HOUR-LAST-EXTERNAL
2022-09-15 15:55:00,29.67,29.69,29.549999,29.579999,34391.0,HAL.NYSE-4-HOUR-LAST-EXTERNAL
2022-09-15 19:55:00,29.434999,29.459999,29.379999,29.399999,225400.0,HAL.NYSE-4-HOUR-LAST-EXTERNAL
2022-09-16 15:55:00,28.209999,28.225,28.09,28.139999,162135.0,HAL.NYSE-4-HOUR-LAST-EXTERNAL
2022-09-16 19:55:00,28.219999,28.27,28.129999,28.19,835065.0,HAL.NYSE-4-HOUR-LAST-EXTERNAL
2022-09-19 15:55:00,28.282899,28.282899,28.204999,28.215,30664.0,HAL.NYSE-4-HOUR-LAST-EXTERNAL
2022-09-19 19:55:00,28.381999,28.389999,28.334999,28.389999,427639.0,HAL.NYSE-4-HOUR-LAST-EXTERNAL
2022-09-20 15:55:00,27.409999,27.43,27.36,27.389999,37223.0,HAL.NYSE-4-HOUR-LAST-EXTERNAL
2022-09-20 19:55:00,27.629999,27.635,27.59,27.62,364141.0,HAL.NYSE-4-HOUR-LAST-EXTERNAL
2022-09-21 15:55:00,27.944999,27.989999,27.94,27.989999,39714.0,HAL.NYSE-4-HOUR-LAST-EXTERNAL
2022-09-21 19:55:00,27.149999,27.149999,27.049999,27.059999,403630.0,HAL.NYSE-4-HOUR-LAST-EXTERNAL
2022-09-22 15:55:00,27.139999,27.145,27.02,27.03,50221.0,HAL.NYSE-4-HOUR-LAST-EXTERNAL
2022-09-22 19:55:00,27.02,27.024999,26.889999,26.909999,417693.0,HAL.NYSE-4-HOUR-LAST-EXTERNAL
2022-09-23 15:55:00,24.184999,24.26,24.184999,24.219999,117629.0,HAL.NYSE-4-HOUR-LAST-EXTERNAL
2022-09-23 19:55:00,24.655,24.68,24.549999,24.575,796958.0,HAL.NYSE-4-HOUR-LAST-EXTERNAL
2022-09-26 15:55:00,24.004999,24.049999,23.985,24.004999,54398.0,HAL.NYSE-4-HOUR-LAST-EXTERNAL
2022-09-26 19:55:00,23.53,23.53,23.299999,23.309999,742286.0,HAL.NYSE-4-HOUR-LAST-EXTERNAL
2022-09-27 15:55:00,23.729999,23.789899,23.709999,23.718999,85769.0,HAL.NYSE-4-HOUR-LAST-EXTERNAL
2022-09-27 19:55:00,23.829999,23.85,23.739999,23.76,579958.0,HAL.NYSE-4-HOUR-LAST-EXTERNAL
2022-09-28 15:55:00,24.354999,24.379999,24.325,24.330099,43520.0,HAL.NYSE-4-HOUR-LAST-EXTERNAL
2022-09-28 19:55:00,24.829999,24.84,24.719999,24.729999,662874.0,HAL.NYSE-4-HOUR-LAST-EXTERNAL
2022-09-29 15:55:00,24.379999,24.409999,24.305,24.315,60944.0,HAL.NYSE-4-HOUR-LAST-EXTERNAL
2022-09-29 19:55:00,24.6,24.7,24.569999,24.639999,573273.0,HAL.NYSE-4-HOUR-LAST-EXTERNAL
2022-09-30 15:55:00,24.78,24.815,24.77,24.7758,34553.0,HAL.NYSE-4-HOUR-LAST-EXTERNAL
2022-09-30 19:55:00,24.659999,24.68,24.6,24.625,715506.0,HAL.NYSE-4-HOUR-LAST-EXTERNAL
2022-10-03 15:55:00,26.25,26.26,26.17,26.239999,68440.0,HAL.NYSE-4-HOUR-LAST-EXTERNAL
2022-10-03 19:55:00,26.415,26.415,26.35,26.37,670876.0,HAL.NYSE-4-HOUR-LAST-EXTERNAL
2022-10-04 15:55:00,27.67,27.684999,27.54,27.559999,129933.0,HAL.NYSE-4-HOUR-LAST-EXTERNAL
2022-10-04 19:55:00,28.174999,28.2,28.12,28.149999,894880.0,HAL.NYSE-4-HOUR-LAST-EXTERNAL
2022-10-05 15:55:00,28.86,28.875,28.815,28.87,70835.0,HAL.NYSE-4-HOUR-LAST-EXTERNAL
2022-10-05 19:55:00,29.325,29.329999,29.2,29.26,763345.0,HAL.NYSE-4-HOUR-LAST-EXTERNAL
2022-10-06 15:55:00,29.85,29.895,29.639999,29.639999,156536.0,HAL.NYSE-4-HOUR-LAST-EXTERNAL
2022-10-06 19:55:00,29.895,29.94,29.809999,29.829999,705078.0,HAL.NYSE-4-HOUR-LAST-EXTERNAL
2022-10-07 15:55:00,30.799999,30.829999,30.76,30.784999,202641.0,HAL.NYSE-4-HOUR-LAST-EXTERNAL
2022-10-07 19:55:00,30.444999,30.5,30.395,30.42,1036236.0,HAL.NYSE-4-HOUR-LAST-EXTERNAL
2022-10-10 15:55:00,29.7,29.75,29.694999,29.719999,51298.0,HAL.NYSE-4-HOUR-LAST-EXTERNAL
2022-10-10 19:55:00,29.579999,29.625,29.54,29.54,565347.0,HAL.NYSE-4-HOUR-LAST-EXTERNAL
2022-10-11 15:55:00,30.0,30.129999,29.995,30.125,70896.0,HAL.NYSE-4-HOUR-LAST-EXTERNAL
2022-10-11 19:55:00,29.534999,29.645,29.53,29.559999,498159.0,HAL.NYSE-4-HOUR-LAST-EXTERNAL
2022-10-12 15:55:00,29.656999,29.660999,29.580999,29.635,54069.0,HAL.NYSE-4-HOUR-LAST-EXTERNAL
2022-10-12 19:55:00,29.889999,29.895,29.77,29.799999,737573.0,HAL.NYSE-4-HOUR-LAST-EXTERNAL
2022-10-13 15:55:00,31.1846,31.26,31.12,31.17,316655.0,HAL.NYSE-4-HOUR-LAST-EXTERNAL
2022-10-13 19:55:00,31.219999,31.225,31.079999,31.12,761921.0,HAL.NYSE-4-HOUR-LAST-EXTERNAL
2022-10-14 15:55:00,30.01,30.02,29.979999,29.979999,64420.0,HAL.NYSE-4-HOUR-LAST-EXTERNAL
2022-10-14 19:55:00,29.579999,29.579999,29.389999,29.44,889211.0,HAL.NYSE-4-HOUR-LAST-EXTERNAL
2022-10-17 15:55:00,30.1,30.11,30.059999,30.059999,38712.0,HAL.NYSE-4-HOUR-LAST-EXTERNAL
2022-10-17 19:55:00,30.079999,30.084999,29.94,30.0,398199.0,HAL.NYSE-4-HOUR-LAST-EXTERNAL
2022-10-18 15:55:00,29.834999,29.934999,29.799999,29.895,96533.0,HAL.NYSE-4-HOUR-LAST-EXTERNAL
2022-10-18 19:55:00,30.43,30.479999,30.395,30.479999,502484.0,HAL.NYSE-4-HOUR-LAST-EXTERNAL
2022-10-19 15:55:00,31.639999,31.684999,31.62,31.62,138342.0,HAL.NYSE-4-HOUR-LAST-EXTERNAL
2022-10-19 19:55:00,31.934999,32.0,31.909999,31.979999,669833.0,HAL.NYSE-4-HOUR-LAST-EXTERNAL
2022-10-20 15:55:00,31.7,31.719999,31.54,31.5445,129087.0,HAL.NYSE-4-HOUR-LAST-EXTERNAL
2022-10-20 19:55:00,31.7,31.709999,31.629999,31.639999,699271.0,HAL.NYSE-4-HOUR-LAST-EXTERNAL
2022-10-21 15:55:00,33.479999,33.529998,33.455001,33.490001,118695.0,HAL.NYSE-4-HOUR-LAST-EXTERNAL
2022-10-21 19:55:00,33.904998,33.915,33.830001,33.884998,735579.0,HAL.NYSE-4-HOUR-LAST-EXTERNAL
2022-10-24 15:55:00,34.334701,34.380001,34.314998,34.36,131917.0,HAL.NYSE-4-HOUR-LAST-EXTERNAL
2022-10-24 19:55:00,34.604999,34.729999,34.59,34.639999,1314246.0,HAL.NYSE-4-HOUR-LAST-EXTERNAL
2022-10-25 15:55:00,34.389999,34.395,34.11,34.117,215289.0,HAL.NYSE-4-HOUR-LAST-EXTERNAL
2022-10-25 19:55:00,34.77,35.0,34.75,34.959999,1069035.0,HAL.NYSE-4-HOUR-LAST-EXTERNAL
2022-10-26 15:55:00,36.990001,37.005001,36.95,36.991901,142858.0,HAL.NYSE-4-HOUR-LAST-EXTERNAL
2022-10-26 19:55:00,36.625,36.630001,36.45,36.490001,754374.0,HAL.NYSE-4-HOUR-LAST-EXTERNAL
2022-10-27 15:55:00,36.400001,36.549999,36.389999,36.544998,116881.0,HAL.NYSE-4-HOUR-LAST-EXTERNAL
2022-10-27 19:55:00,36.150001,36.299999,36.119998,36.279998,782377.0,HAL.NYSE-4-HOUR-LAST-EXTERNAL
2022-10-28 15:55:00,35.5,35.59,35.5,35.514999,82522.0,HAL.NYSE-4-HOUR-LAST-EXTERNAL
2022-10-28 19:55:00,35.830001,35.959999,35.830001,35.950901,593694.0,HAL.NYSE-4-HOUR-LAST-EXTERNAL
2022-10-31 15:55:00,36.294998,36.345001,35.919898,36.02,243994.0,HAL.NYSE-4-HOUR-LAST-EXTERNAL
2022-10-31 19:55:00,36.444999,36.52,36.400001,36.43,486754.0,HAL.NYSE-4-HOUR-LAST-EXTERNAL
2022-11-01 15:55:00,36.689998,36.705001,36.630001,36.674999,54919.0,HAL.NYSE-4-HOUR-LAST-EXTERNAL
2022-11-01 19:55:00,36.575,36.575,36.5,36.514999,620647.0,HAL.NYSE-4-HOUR-LAST-EXTERNAL
2022-11-02 15:55:00,36.674999,36.79,36.654998,36.759998,48570.0,HAL.NYSE-4-HOUR-LAST-EXTERNAL
2022-11-02 19:55:00,35.764999,35.869998,35.763698,35.784999,351311.0,HAL.NYSE-4-HOUR-LAST-EXTERNAL
2022-11-03 15:55:00,36.615001,36.645,36.569999,36.632301,33617.0,HAL.NYSE-4-HOUR-LAST-EXTERNAL
2022-11-03 19:55:00,36.875,36.895,36.814998,36.830001,605188.0,HAL.NYSE-4-HOUR-LAST-EXTERNAL
2022-11-04 15:55:00,37.854999,37.944999,37.84,37.86,74678.0,HAL.NYSE-4-HOUR-LAST-EXTERNAL
2022-11-04 19:55:00,38.459999,38.529998,38.415,38.52,553610.0,HAL.NYSE-4-HOUR-LAST-EXTERNAL
2022-11-07 15:55:00,39.349998,39.45,39.240001,39.275001,94903.0,HAL.NYSE-4-HOUR-LAST-EXTERNAL
2022-11-07 19:55:00,39.622501,39.625,39.560001,39.580001,87731.0,HAL.NYSE-4-HOUR-LAST-EXTERNAL
2022-11-07 21:00:00,39.54,39.54,39.54,39.54,476068.0,HAL.NYSE-4-HOUR-LAST-EXTERNAL
2022-11-08 15:55:00,39.889999,39.955001,39.884998,39.955001,50827.0,HAL.NYSE-4-HOUR-LAST-EXTERNAL
2022-11-08 19:55:00,39.395,39.43,39.334999,39.349998,61978.0,HAL.NYSE-4-HOUR-LAST-EXTERNAL
2022-11-08 21:00:00,39.369998,39.369998,39.369998,39.369998,427710.0,HAL.NYSE-4-HOUR-LAST-EXTERNAL
2022-11-09 15:55:00,37.639999,37.7,37.5,37.650001,171747.0,HAL.NYSE-4-HOUR-LAST-EXTERNAL
2022-11-09 19:55:00,36.992,36.994098,36.889999,36.935001,104970.0,HAL.NYSE-4-HOUR-LAST-EXTERNAL
2022-11-09 21:00:00,36.810001,36.810001,36.810001,36.810001,544293.0,HAL.NYSE-4-HOUR-LAST-EXTERNAL
2022-11-10 15:55:00,37.799999,38.0,37.784999,37.989398,70249.0,HAL.NYSE-4-HOUR-LAST-EXTERNAL
2022-11-10 19:55:00,37.615001,37.630001,37.580001,37.59,39310.0,HAL.NYSE-4-HOUR-LAST-EXTERNAL
2022-11-10 21:00:00,37.810001,37.810001,37.810001,37.810001,387222.0,HAL.NYSE-4-HOUR-LAST-EXTERNAL
2022-11-11 15:55:00,39.779998,39.799999,39.574199,39.574199,124226.0,HAL.NYSE-4-HOUR-LAST-EXTERNAL
2022-11-11 19:55:00,38.79,38.814998,38.759998,38.779998,50944.0,HAL.NYSE-4-HOUR-LAST-EXTERNAL
2022-11-11 21:00:00,38.740001,38.740001,38.740001,38.740001,437173.0,HAL.NYSE-4-HOUR-LAST-EXTERNAL
2022-11-14 15:55:00,38.674999,38.674999,38.549999,38.575,79623.0,HAL.NYSE-4-HOUR-LAST-EXTERNAL
2022-11-14 19:55:00,38.389999,38.408901,38.314998,38.330001,75380.0,HAL.NYSE-4-HOUR-LAST-EXTERNAL
2022-11-14 21:00:00,38.049999,38.049999,38.049999,38.049999,546980.0,HAL.NYSE-4-HOUR-LAST-EXTERNAL
2022-11-15 15:55:00,38.02,38.09,37.970001,38.0,70469.0,HAL.NYSE-4-HOUR-LAST-EXTERNAL
2022-11-15 19:55:00,38.625,38.79,38.61,38.685001,75596.0,HAL.NYSE-4-HOUR-LAST-EXTERNAL
2022-11-15 21:00:00,38.909999,38.909999,38.909999,38.909999,348805.0,HAL.NYSE-4-HOUR-LAST-EXTERNAL
2022-11-16 15:55:00,38.619998,38.630001,38.45,38.569999,60443.0,HAL.NYSE-4-HOUR-LAST-EXTERNAL
2022-11-16 19:55:00,37.909999,37.919998,37.865001,37.900001,55420.0,HAL.NYSE-4-HOUR-LAST-EXTERNAL
2022-11-16 21:00:00,37.849998,37.849998,37.849998,37.849998,310983.0,HAL.NYSE-4-HOUR-LAST-EXTERNAL
2022-11-17 15:55:00,37.025001,37.029998,36.970001,36.994998,78722.0,HAL.NYSE-4-HOUR-LAST-EXTERNAL
2022-11-17 19:55:00,37.299999,37.310001,37.264999,37.27,42732.0,HAL.NYSE-4-HOUR-LAST-EXTERNAL
2022-11-17 21:00:00,37.470001,37.470001,37.470001,37.470001,448049.0,HAL.NYSE-4-HOUR-LAST-EXTERNAL
2022-11-18 15:55:00,36.654998,36.705001,36.560001,36.619998,99378.0,HAL.NYSE-4-HOUR-LAST-EXTERNAL
2022-11-18 19:55:00,36.61,36.665,36.61,36.6585,39643.0,HAL.NYSE-4-HOUR-LAST-EXTERNAL
2022-11-18 21:00:00,36.709999,36.709999,36.709999,36.709999,342693.0,HAL.NYSE-4-HOUR-LAST-EXTERNAL
2022-11-21 15:55:00,33.669998,33.755001,33.630001,33.639999,132042.0,HAL.NYSE-4-HOUR-LAST-EXTERNAL
2022-11-21 19:55:00,35.865001,35.909999,35.834999,35.834999,37176.0,HAL.NYSE-4-HOUR-LAST-EXTERNAL
2022-11-21 21:00:00,36.130001,36.130001,36.130001,36.130001,469179.0,HAL.NYSE-4-HOUR-LAST-EXTERNAL
2022-11-22 15:55:00,37.049999,37.099998,37.0,37.009998,99256.0,HAL.NYSE-4-HOUR-LAST-EXTERNAL
2022-11-22 19:55:00,37.11,37.150001,37.11,37.130001,53176.0,HAL.NYSE-4-HOUR-LAST-EXTERNAL
2022-11-22 21:00:00,37.45,37.45,37.45,37.45,760767.0,HAL.NYSE-4-HOUR-LAST-EXTERNAL
2022-11-23 15:55:00,36.634998,36.665,36.584999,36.650001,86103.0,HAL.NYSE-4-HOUR-LAST-EXTERNAL
2022-11-23 19:55:00,36.595001,36.625,36.529998,36.54,52671.0,HAL.NYSE-4-HOUR-LAST-EXTERNAL
2022-11-23 21:00:00,36.560001,36.560001,36.560001,36.560001,327736.0,HAL.NYSE-4-HOUR-LAST-EXTERNAL
2022-11-25 15:55:00,36.719898,36.719898,36.650001,36.650001,37035.0,HAL.NYSE-4-HOUR-LAST-EXTERNAL
2022-11-25 18:00:00,36.36,36.505001,36.36,36.36,10734.0,HAL.NYSE-4-HOUR-LAST-EXTERNAL
2022-11-28 15:55:00,35.630001,35.645,35.555,35.569999,52881.0,HAL.NYSE-4-HOUR-LAST-EXTERNAL
2022-11-28 19:55:00,36.174999,36.189899,36.130001,36.130001,52474.0,HAL.NYSE-4-HOUR-LAST-EXTERNAL
2022-11-28 21:00:00,35.880001,35.880001,35.880001,35.880001,362114.0,HAL.NYSE-4-HOUR-LAST-EXTERNAL
2022-11-29 15:55:00,37.080001,37.2,37.064998,37.139999,92087.0,HAL.NYSE-4-HOUR-LAST-EXTERNAL
2022-11-29 19:55:00,37.0,37.044998,36.990001,37.034999,32073.0,HAL.NYSE-4-HOUR-LAST-EXTERNAL
2022-11-29 21:00:00,37.159999,37.159999,37.159999,37.159999,334629.0,HAL.NYSE-4-HOUR-LAST-EXTERNAL
2022-11-30 15:55:00,37.009998,37.115001,37.0,37.049999,60337.0,HAL.NYSE-4-HOUR-LAST-EXTERNAL
2022-11-30 19:55:00,37.715,37.799999,37.709999,37.799999,61704.0,HAL.NYSE-4-HOUR-LAST-EXTERNAL
2022-11-30 21:00:00,37.889999,37.889999,37.889999,37.889999,778711.0,HAL.NYSE-4-HOUR-LAST-EXTERNAL
2022-12-01 15:55:00,38.79,38.79,38.68,38.705001,123060.0,HAL.NYSE-4-HOUR-LAST-EXTERNAL
2022-12-01 19:55:00,38.255001,38.29,38.224998,38.25,86919.0,HAL.NYSE-4-HOUR-LAST-EXTERNAL
2022-12-01 21:00:00,37.889999,37.889999,37.889999,37.889999,485634.0,HAL.NYSE-4-HOUR-LAST-EXTERNAL
2022-12-02 15:55:00,38.805,38.810001,38.61,38.689998,78240.0,HAL.NYSE-4-HOUR-LAST-EXTERNAL
2022-12-02 19:55:00,38.810001,38.875,38.805,38.869998,64706.0,HAL.NYSE-4-HOUR-LAST-EXTERNAL
2022-12-02 21:00:00,38.869998,38.869998,38.869998,38.869998,340820.0,HAL.NYSE-4-HOUR-LAST-EXTERNAL
2022-12-05 15:55:00,38.409999,38.449699,38.209999,38.210498,221944.0,HAL.NYSE-4-HOUR-LAST-EXTERNAL
2022-12-05 19:55:00,36.52,36.659999,36.505001,36.625,109526.0,HAL.NYSE-4-HOUR-LAST-EXTERNAL
2022-12-05 21:00:00,36.819999,36.819999,36.819999,36.819999,489949.0,HAL.NYSE-4-HOUR-LAST-EXTERNAL
2022-12-06 15:55:00,37.284999,37.330001,37.240001,37.330001,62021.0,HAL.NYSE-4-HOUR-LAST-EXTERNAL
2022-12-06 19:55:00,36.259998,36.277599,36.189998,36.194999,60877.0,HAL.NYSE-4-HOUR-LAST-EXTERNAL
2022-12-06 21:00:00,36.2,36.2,36.2,36.2,900759.0,HAL.NYSE-4-HOUR-LAST-EXTERNAL
2022-12-07 15:55:00,36.139999,36.194999,36.080001,36.09,54533.0,HAL.NYSE-4-HOUR-LAST-EXTERNAL
2022-12-07 19:55:00,35.259998,35.27,35.209999,35.240001,56340.0,HAL.NYSE-4-HOUR-LAST-EXTERNAL
2022-12-07 21:00:00,35.049999,35.049999,35.049999,35.049999,1507608.0,HAL.NYSE-4-HOUR-LAST-EXTERNAL
2022-12-08 15:55:00,35.349998,35.354999,35.145,35.150001,120565.0,HAL.NYSE-4-HOUR-LAST-EXTERNAL
2022-12-08 19:55:00,34.900001,34.935001,34.880001,34.900001,39267.0,HAL.NYSE-4-HOUR-LAST-EXTERNAL
2022-12-08 21:00:00,34.869998,34.869998,34.869998,34.869998,523704.0,HAL.NYSE-4-HOUR-LAST-EXTERNAL
2022-12-09 15:55:00,34.049999,34.0969,34.025001,34.09,76340.0,HAL.NYSE-4-HOUR-LAST-EXTERNAL
2022-12-09 19:55:00,33.159999,33.169998,33.119998,33.125,122681.0,HAL.NYSE-4-HOUR-LAST-EXTERNAL
2022-12-09 21:00:00,33.009998,33.009998,33.009998,33.009998,633930.0,HAL.NYSE-4-HOUR-LAST-EXTERNAL
2022-12-12 15:55:00,33.759998,33.869998,33.724998,33.869998,95319.0,HAL.NYSE-4-HOUR-LAST-EXTERNAL
2022-12-12 19:55:00,34.314998,34.345001,34.279998,34.284999,131683.0,HAL.NYSE-4-HOUR-LAST-EXTERNAL
2022-12-12 21:00:00,34.299999,34.299999,34.299999,34.299999,1457180.0,HAL.NYSE-4-HOUR-LAST-EXTERNAL
2022-12-13 15:55:00,35.709999,35.724998,35.634998,35.650001,93640.0,HAL.NYSE-4-HOUR-LAST-EXTERNAL
2022-12-13 19:55:00,36.93,37.0,36.849998,36.970001,152902.0,HAL.NYSE-4-HOUR-LAST-EXTERNAL
2022-12-13 21:00:00,37.0,37.0,37.0,37.0,801459.0,HAL.NYSE-4-HOUR-LAST-EXTERNAL
2022-12-14 15:55:00,36.310001,36.380001,36.259998,36.319999,160216.0,HAL.NYSE-4-HOUR-LAST-EXTERNAL
2022-12-14 19:55:00,36.61,36.650001,36.54,36.639999,65668.0,HAL.NYSE-4-HOUR-LAST-EXTERNAL
2022-12-14 21:00:00,36.549999,36.549999,36.549999,36.549999,768703.0,HAL.NYSE-4-HOUR-LAST-EXTERNAL
2022-12-15 15:55:00,36.215,36.305,36.18,36.299999,62286.0,HAL.NYSE-4-HOUR-LAST-EXTERNAL
2022-12-15 19:55:00,36.330001,36.439998,36.319999,36.43,47106.0,HAL.NYSE-4-HOUR-LAST-EXTERNAL
2022-12-15 21:00:00,36.689998,36.689998,36.689998,36.689998,573225.0,HAL.NYSE-4-HOUR-LAST-EXTERNAL
2022-12-16 15:55:00,35.380001,35.380001,35.27,35.369998,119388.0,HAL.NYSE-4-HOUR-LAST-EXTERNAL
2022-12-16 19:55:00,35.917499,36.049999,35.889999,36.005001,179459.0,HAL.NYSE-4-HOUR-LAST-EXTERNAL
2022-12-16 21:00:00,35.849998,35.849998,35.849998,35.849998,818279.0,HAL.NYSE-4-HOUR-LAST-EXTERNAL
2022-12-19 15:55:00,35.740001,35.744998,35.674999,35.720001,41755.0,HAL.NYSE-4-HOUR-LAST-EXTERNAL
2022-12-19 19:55:00,35.720001,35.75,35.709999,35.724998,27573.0,HAL.NYSE-4-HOUR-LAST-EXTERNAL
2022-12-19 21:00:00,36.060001,36.060001,36.060001,36.060001,300562.0,HAL.NYSE-4-HOUR-LAST-EXTERNAL
2022-12-20 15:55:00,37.61,37.715,37.61,37.639999,72204.0,HAL.NYSE-4-HOUR-LAST-EXTERNAL
2022-12-20 19:55:00,37.25,37.264999,37.2,37.215,57952.0,HAL.NYSE-4-HOUR-LAST-EXTERNAL
2022-12-20 21:00:00,37.419998,37.419998,37.419998,37.419998,418044.0,HAL.NYSE-4-HOUR-LAST-EXTERNAL
2022-12-21 15:55:00,38.330001,38.349998,38.29,38.310001,57056.0,HAL.NYSE-4-HOUR-LAST-EXTERNAL
2022-12-21 19:55:00,38.674999,38.709999,38.630001,38.634998,74804.0,HAL.NYSE-4-HOUR-LAST-EXTERNAL
2022-12-21 21:00:00,38.630001,38.630001,38.630001,38.630001,415618.0,HAL.NYSE-4-HOUR-LAST-EXTERNAL
2022-12-22 15:55:00,37.970001,37.970001,37.8624,37.875,90208.0,HAL.NYSE-4-HOUR-LAST-EXTERNAL
2022-12-22 19:55:00,37.389999,37.560001,37.380001,37.514999,72919.0,HAL.NYSE-4-HOUR-LAST-EXTERNAL
2022-12-22 21:00:00,37.54,37.54,37.54,37.54,560585.0,HAL.NYSE-4-HOUR-LAST-EXTERNAL
2022-12-23 15:55:00,38.349998,38.380001,38.25,38.27,59195.0,HAL.NYSE-4-HOUR-LAST-EXTERNAL
2022-12-23 19:55:00,38.955001,38.979999,38.924999,38.924999,61811.0,HAL.NYSE-4-HOUR-LAST-EXTERNAL
2022-12-23 21:00:00,39.09,39.09,39.09,39.09,315724.0,HAL.NYSE-4-HOUR-LAST-EXTERNAL
2022-12-27 15:55:00,39.154998,39.159999,39.060001,39.119998,30049.0,HAL.NYSE-4-HOUR-LAST-EXTERNAL
2022-12-27 19:55:00,39.230098,39.259998,39.1926,39.1926,38826.0,HAL.NYSE-4-HOUR-LAST-EXTERNAL
2022-12-27 21:00:00,39.27,39.27,39.27,39.27,271531.0,HAL.NYSE-4-HOUR-LAST-EXTERNAL
2022-12-28 15:55:00,37.895,37.9972,37.884998,37.939998,53481.0,HAL.NYSE-4-HOUR-LAST-EXTERNAL
2022-12-28 19:55:00,38.279998,38.29,38.240001,38.255001,46152.0,HAL.NYSE-4-HOUR-LAST-EXTERNAL
2022-12-28 21:00:00,38.080001,38.080001,38.080001,38.080001,436180.0,HAL.NYSE-4-HOUR-LAST-EXTERNAL
2022-12-29 15:55:00,38.569999,38.599998,38.52,38.54,40695.0,HAL.NYSE-4-HOUR-LAST-EXTERNAL
2022-12-29 19:55:00,38.965,39.02,38.965,39.005001,30330.0,HAL.NYSE-4-HOUR-LAST-EXTERNAL
2022-12-29 21:00:00,38.869998,38.869998,38.869998,38.869998,231900.0,HAL.NYSE-4-HOUR-LAST-EXTERNAL
2022-12-30 15:55:00,38.909999,38.990001,38.909999,38.939998,49654.0,HAL.NYSE-4-HOUR-LAST-EXTERNAL
2022-12-30 19:55:00,38.979999,39.080001,38.955001,39.066501,34547.0,HAL.NYSE-4-HOUR-LAST-EXTERNAL
2022-12-30 21:00:00,39.349998,39.349998,39.349998,39.349998,290941.0,HAL.NYSE-4-HOUR-LAST-EXTERNAL
2023-01-03 15:55:00,38.729999,38.904998,38.650001,38.900001,60532.0,HAL.NYSE-4-HOUR-LAST-EXTERNAL
2023-01-03 19:55:00,37.2,37.314998,37.2,37.2402,64979.0,HAL.NYSE-4-HOUR-LAST-EXTERNAL
2023-01-03 21:00:00,37.659999,37.659999,37.659999,37.659999,333049.0,HAL.NYSE-4-HOUR-LAST-EXTERNAL
2023-01-04 15:55:00,38.130001,38.255001,38.130001,38.209999,69985.0,HAL.NYSE-4-HOUR-LAST-EXTERNAL
2023-01-04 19:55:00,38.169998,38.34,38.169998,38.34,111592.0,HAL.NYSE-4-HOUR-LAST-EXTERNAL
2023-01-04 21:00:00,38.43,38.43,38.43,38.43,357469.0,HAL.NYSE-4-HOUR-LAST-EXTERNAL
2023-01-05 15:55:00,38.93,38.95,38.819999,38.830001,44909.0,HAL.NYSE-4-HOUR-LAST-EXTERNAL
2023-01-05 19:55:00,39.150001,39.159999,39.0825,39.09,41394.0,HAL.NYSE-4-HOUR-LAST-EXTERNAL
2023-01-05 21:00:00,38.95,38.95,38.95,38.95,417096.0,HAL.NYSE-4-HOUR-LAST-EXTERNAL
2023-01-06 15:55:00,40.819999,40.86,40.729999,40.794998,98115.0,HAL.NYSE-4-HOUR-LAST-EXTERNAL
2023-01-06 19:55:00,40.229999,40.297,40.224998,40.240001,44960.0,HAL.NYSE-4-HOUR-LAST-EXTERNAL
2023-01-06 21:00:00,40.209999,40.209999,40.209999,40.209999,328367.0,HAL.NYSE-4-HOUR-LAST-EXTERNAL
2023-01-09 15:55:00,40.779998,40.900001,40.740001,40.77,69073.0,HAL.NYSE-4-HOUR-LAST-EXTERNAL
2023-01-09 19:55:00,40.59,40.709999,40.575,40.686798,92608.0,HAL.NYSE-4-HOUR-LAST-EXTERNAL
2023-01-09 21:00:00,40.439998,40.439998,40.439998,40.439998,912135.0,HAL.NYSE-4-HOUR-LAST-EXTERNAL
2023-01-10 15:55:00,39.909999,39.979999,39.86,39.900001,61161.0,HAL.NYSE-4-HOUR-LAST-EXTERNAL
2023-01-10 19:55:00,40.979999,40.990001,40.919998,40.919998,70323.0,HAL.NYSE-4-HOUR-LAST-EXTERNAL
2023-01-10 21:00:00,40.939998,40.939998,40.939998,40.939998,458783.0,HAL.NYSE-4-HOUR-LAST-EXTERNAL
2023-01-11 15:55:00,40.514999,40.689998,40.5,40.659999,158718.0,HAL.NYSE-4-HOUR-LAST-EXTERNAL
2023-01-11 19:55:00,40.854999,40.915,40.849998,40.889999,56483.0,HAL.NYSE-4-HOUR-LAST-EXTERNAL
2023-01-11 21:00:00,40.990001,40.990001,40.990001,40.990001,389561.0,HAL.NYSE-4-HOUR-LAST-EXTERNAL
2023-01-12 15:55:00,42.470001,42.645,42.470001,42.54,94420.0,HAL.NYSE-4-HOUR-LAST-EXTERNAL
2023-01-12 19:55:00,42.365001,42.395,42.299999,42.389999,63267.0,HAL.NYSE-4-HOUR-LAST-EXTERNAL
2023-01-12 21:00:00,42.169998,42.169998,42.169998,42.169998,429598.0,HAL.NYSE-4-HOUR-LAST-EXTERNAL
2023-01-13 15:55:00,42.259998,42.275001,42.165,42.2,50428.0,HAL.NYSE-4-HOUR-LAST-EXTERNAL
2023-01-13 19:55:00,42.415,42.470001,42.409999,42.470001,56409.0,HAL.NYSE-4-HOUR-LAST-EXTERNAL
2023-01-13 21:00:00,42.659999,42.659999,42.659999,42.659999,406124.0,HAL.NYSE-4-HOUR-LAST-EXTERNAL
2023-01-17 15:55:00,42.470001,42.5,42.400001,42.479999,54290.0,HAL.NYSE-4-HOUR-LAST-EXTERNAL
2023-01-17 19:55:00,42.375,42.380001,42.294998,42.330001,61983.0,HAL.NYSE-4-HOUR-LAST-EXTERNAL
2023-01-17 21:00:00,42.529998,42.529998,42.529998,42.529998,625741.0,HAL.NYSE-4-HOUR-LAST-EXTERNAL
2023-01-18 15:55:00,42.86,42.865001,42.75,42.865001,87495.0,HAL.NYSE-4-HOUR-LAST-EXTERNAL
2023-01-18 19:55:00,41.119998,41.18,41.1026,41.134998,77612.0,HAL.NYSE-4-HOUR-LAST-EXTERNAL
2023-01-18 21:00:00,40.599998,40.599998,40.599998,40.599998,1056150.0,HAL.NYSE-4-HOUR-LAST-EXTERNAL
2023-01-19 15:55:00,39.95,40.049999,39.9206,40.049999,63953.0,HAL.NYSE-4-HOUR-LAST-EXTERNAL
2023-01-19 19:55:00,40.45,40.479999,40.389999,40.395999,82297.0,HAL.NYSE-4-HOUR-LAST-EXTERNAL
2023-01-19 21:00:00,40.189998,40.189998,40.189998,40.189998,689677.0,HAL.NYSE-4-HOUR-LAST-EXTERNAL
2023-01-20 15:55:00,40.845001,40.900001,40.814998,40.834999,71250.0,HAL.NYSE-4-HOUR-LAST-EXTERNAL
2023-01-20 19:55:00,40.59,40.639999,40.560001,40.630001,73164.0,HAL.NYSE-4-HOUR-LAST-EXTERNAL
2023-01-20 21:00:00,40.689998,40.689998,40.689998,40.689998,486244.0,HAL.NYSE-4-HOUR-LAST-EXTERNAL
2023-01-23 15:55:00,40.634998,40.740001,40.630001,40.740001,105107.0,HAL.NYSE-4-HOUR-LAST-EXTERNAL
2023-01-23 19:55:00,40.645,40.735,40.599998,40.654998,112109.0,HAL.NYSE-4-HOUR-LAST-EXTERNAL
2023-01-23 21:00:00,40.569999,40.569999,40.569999,40.569999,389365.0,HAL.NYSE-4-HOUR-LAST-EXTERNAL
2023-01-24 15:55:00,39.470001,39.7,39.459999,39.580699,152211.0,HAL.NYSE-4-HOUR-LAST-EXTERNAL
2023-01-24 19:55:00,39.805,39.884998,39.7901,39.810001,138201.0,HAL.NYSE-4-HOUR-LAST-EXTERNAL
2023-01-24 21:00:00,39.84,39.84,39.84,39.84,586689.0,HAL.NYSE-4-HOUR-LAST-EXTERNAL
2023-01-25 15:55:00,39.439998,39.479999,39.319999,39.404998,138207.0,HAL.NYSE-4-HOUR-LAST-EXTERNAL
2023-01-25 19:55:00,40.115001,40.27,40.104999,40.259998,106096.0,HAL.NYSE-4-HOUR-LAST-EXTERNAL
2023-01-25 21:00:00,40.029998,40.029998,40.029998,40.029998,514962.0,HAL.NYSE-4-HOUR-LAST-EXTERNAL
2023-01-26 15:55:00,40.02,40.060001,39.93,39.970001,56519.0,HAL.NYSE-4-HOUR-LAST-EXTERNAL
2023-01-26 19:55:00,40.509998,40.595298,40.5,40.580001,47198.0,HAL.NYSE-4-HOUR-LAST-EXTERNAL
2023-01-26 21:00:00,41.0,41.0,41.0,41.0,514154.0,HAL.NYSE-4-HOUR-LAST-EXTERNAL
2023-01-27 15:55:00,40.43,40.52,40.36,40.45,89615.0,HAL.NYSE-4-HOUR-LAST-EXTERNAL
2023-01-27 19:55:00,40.4239,40.449901,40.4001,40.449901,104564.0,HAL.NYSE-4-HOUR-LAST-EXTERNAL
2023-01-27 21:00:00,40.52,40.52,40.52,40.52,1124726.0,HAL.NYSE-4-HOUR-LAST-EXTERNAL
2023-01-30 15:55:00,40.84,40.880001,40.740001,40.845001,109336.0,HAL.NYSE-4-HOUR-LAST-EXTERNAL
2023-01-30 19:55:00,40.689998,40.694999,40.639999,40.659999,53994.0,HAL.NYSE-4-HOUR-LAST-EXTERNAL
2023-01-30 21:00:00,40.34,40.34,40.34,40.34,643610.0,HAL.NYSE-4-HOUR-LAST-EXTERNAL
2023-01-31 15:55:00,41.009998,41.049999,40.95,40.970001,59640.0,HAL.NYSE-4-HOUR-LAST-EXTERNAL
2023-01-31 19:55:00,40.819999,40.84,40.755001,40.755001,31614.0,HAL.NYSE-4-HOUR-LAST-EXTERNAL
2023-01-31 21:00:00,41.220001,41.220001,41.220001,41.220001,450935.0,HAL.NYSE-4-HOUR-LAST-EXTERNAL
2023-02-01 15:55:00,40.705001,40.759998,40.599998,40.645,247347.0,HAL.NYSE-4-HOUR-LAST-EXTERNAL
2023-02-01 19:55:00,40.659999,40.709999,40.52,40.580001,159007.0,HAL.NYSE-4-HOUR-LAST-EXTERNAL
2023-02-01 21:00:00,40.84,40.84,40.84,40.84,1048764.0,HAL.NYSE-4-HOUR-LAST-EXTERNAL
2023-02-02 15:55:00,39.490001,39.639999,39.479999,39.604999,136467.0,HAL.NYSE-4-HOUR-LAST-EXTERNAL
2023-02-02 19:55:00,38.505001,38.619998,38.479999,38.525001,263022.0,HAL.NYSE-4-HOUR-LAST-EXTERNAL
2023-02-02 21:00:00,38.560001,38.560001,38.560001,38.560001,769754.0,HAL.NYSE-4-HOUR-LAST-EXTERNAL
2023-02-03 15:55:00,39.080001,39.209999,39.029998,39.134998,123881.0,HAL.NYSE-4-HOUR-LAST-EXTERNAL
2023-02-03 19:55:00,38.575,38.615001,38.494998,38.525001,65685.0,HAL.NYSE-4-HOUR-LAST-EXTERNAL
2023-02-03 21:00:00,38.569999,38.569999,38.569999,38.569999,866564.0,HAL.NYSE-4-HOUR-LAST-EXTERNAL
2023-02-06 15:55:00,37.814998,37.944999,37.799999,37.84,120013.0,HAL.NYSE-4-HOUR-LAST-EXTERNAL
2023-02-06 19:55:00,38.169998,38.240001,38.169998,38.235,67763.0,HAL.NYSE-4-HOUR-LAST-EXTERNAL
2023-02-06 21:00:00,38.310001,38.310001,38.310001,38.310001,334461.0,HAL.NYSE-4-HOUR-LAST-EXTERNAL
2023-02-07 15:55:00,38.279998,38.319999,38.209999,38.25,46324.0,HAL.NYSE-4-HOUR-LAST-EXTERNAL
2023-02-07 19:55:00,38.875,38.959999,38.875,38.955001,21018.0,HAL.NYSE-4-HOUR-LAST-EXTERNAL
2023-02-07 21:00:00,39.029998,39.029998,39.029998,39.029998,318450.0,HAL.NYSE-4-HOUR-LAST-EXTERNAL
2023-02-08 15:55:00,38.959999,39.09,38.95,39.069999,60528.0,HAL.NYSE-4-HOUR-LAST-EXTERNAL
2023-02-08 19:55:00,39.354999,39.419998,39.345001,39.395,35658.0,HAL.NYSE-4-HOUR-LAST-EXTERNAL
2023-02-08 21:00:00,39.279998,39.279998,39.279998,39.279998,536313.0,HAL.NYSE-4-HOUR-LAST-EXTERNAL
2023-02-09 15:55:00,38.2145,38.255001,38.060001,38.0951,317516.0,HAL.NYSE-4-HOUR-LAST-EXTERNAL
2023-02-09 19:55:00,37.59,37.619899,37.575,37.61,99286.0,HAL.NYSE-4-HOUR-LAST-EXTERNAL
2023-02-09 21:00:00,37.659999,37.659999,37.659999,37.659999,791826.0,HAL.NYSE-4-HOUR-LAST-EXTERNAL
2023-02-10 15:55:00,38.470001,38.516799,38.43,38.509998,75206.0,HAL.NYSE-4-HOUR-LAST-EXTERNAL
2023-02-10 19:55:00,38.865001,38.900001,38.849998,38.869998,55949.0,HAL.NYSE-4-HOUR-LAST-EXTERNAL
2023-02-10 21:00:00,39.02,39.02,39.02,39.02,545993.0,HAL.NYSE-4-HOUR-LAST-EXTERNAL
2023-02-13 15:55:00,38.845001,38.869998,38.779998,38.779998,74735.0,HAL.NYSE-4-HOUR-LAST-EXTERNAL
2023-02-13 19:55:00,39.474998,39.494998,39.43,39.490001,32291.0,HAL.NYSE-4-HOUR-LAST-EXTERNAL
2023-02-13 21:00:00,39.27,39.27,39.27,39.27,422768.0,HAL.NYSE-4-HOUR-LAST-EXTERNAL
2023-02-14 15:55:00,38.970001,39.1501,38.9575,39.084999,36479.0,HAL.NYSE-4-HOUR-LAST-EXTERNAL
2023-02-14 19:55:00,38.869998,38.869998,38.819999,38.845001,50564.0,HAL.NYSE-4-HOUR-LAST-EXTERNAL
2023-02-14 21:00:00,38.959999,38.959999,38.959999,38.959999,372738.0,HAL.NYSE-4-HOUR-LAST-EXTERNAL
2023-02-15 15:55:00,37.805,37.830001,37.740001,37.759998,48466.0,HAL.NYSE-4-HOUR-LAST-EXTERNAL
2023-02-15 19:55:00,37.880001,37.939998,37.86,37.919998,64249.0,HAL.NYSE-4-HOUR-LAST-EXTERNAL
2023-02-15 21:00:00,37.95,37.95,37.95,37.95,460597.0,HAL.NYSE-4-HOUR-LAST-EXTERNAL
2023-02-16 15:55:00,38.080001,38.115001,37.979999,38.110099,52666.0,HAL.NYSE-4-HOUR-LAST-EXTERNAL
2023-02-16 19:55:00,38.919998,38.944999,38.909999,38.912498,65732.0,HAL.NYSE-4-HOUR-LAST-EXTERNAL
2023-02-16 21:00:00,38.580001,38.580001,38.580001,38.580001,482421.0,HAL.NYSE-4-HOUR-LAST-EXTERNAL
2023-02-17 15:55:00,37.119998,37.139999,37.060001,37.133998,64465.0,HAL.NYSE-4-HOUR-LAST-EXTERNAL
2023-02-17 19:55:00,36.599998,36.615001,36.529998,36.599998,50621.0,HAL.NYSE-4-HOUR-LAST-EXTERNAL
2023-02-17 21:00:00,36.5,36.5,36.5,36.5,559282.0,HAL.NYSE-4-HOUR-LAST-EXTERNAL
2023-02-21 15:55:00,36.59,36.659999,36.54,36.630001,42308.0,HAL.NYSE-4-HOUR-LAST-EXTERNAL
2023-02-21 19:55:00,36.404998,36.436401,36.389999,36.395,70823.0,HAL.NYSE-4-HOUR-LAST-EXTERNAL
2023-02-21 21:00:00,36.400001,36.400001,36.400001,36.400001,406092.0,HAL.NYSE-4-HOUR-LAST-EXTERNAL
2023-02-22 15:55:00,35.651298,35.759998,35.604999,35.720001,47810.0,HAL.NYSE-4-HOUR-LAST-EXTERNAL
2023-02-22 19:55:00,35.659999,35.665,35.52,35.52,78166.0,HAL.NYSE-4-HOUR-LAST-EXTERNAL
2023-02-22 21:00:00,35.709999,35.709999,35.709999,35.709999,420381.0,HAL.NYSE-4-HOUR-LAST-EXTERNAL
2023-02-23 15:55:00,36.310001,36.328498,36.27,36.29,39953.0,HAL.NYSE-4-HOUR-LAST-EXTERNAL
2023-02-23 19:55:00,36.404998,36.43,36.34,36.409999,80257.0,HAL.NYSE-4-HOUR-LAST-EXTERNAL
2023-02-23 21:00:00,36.229999,36.229999,36.229999,36.229999,377552.0,HAL.NYSE-4-HOUR-LAST-EXTERNAL
2023-02-24 15:55:00,35.709999,35.775001,35.665,35.759998,53214.0,HAL.NYSE-4-HOUR-LAST-EXTERNAL
2023-02-24 19:55:00,36.810001,36.909999,36.759998,36.900001,132452.0,HAL.NYSE-4-HOUR-LAST-EXTERNAL
2023-02-24 21:00:00,36.990001,36.990001,36.990001,36.990001,663954.0,HAL.NYSE-4-HOUR-LAST-EXTERNAL
2023-02-27 15:55:00,37.165,37.18,37.049999,37.169998,77154.0,HAL.NYSE-4-HOUR-LAST-EXTERNAL
2023-02-27 19:55:00,37.334999,37.334999,37.272098,37.272098,48506.0,HAL.NYSE-4-HOUR-LAST-EXTERNAL
2023-02-27 21:00:00,37.18,37.18,37.18,37.18,504652.0,HAL.NYSE-4-HOUR-LAST-EXTERNAL
2023-02-28 15:55:00,37.159999,37.259998,37.130001,37.215,65513.0,HAL.NYSE-4-HOUR-LAST-EXTERNAL
2023-02-28 19:55:00,36.534999,36.575,36.509998,36.534999,90632.0,HAL.NYSE-4-HOUR-LAST-EXTERNAL
2023-02-28 21:00:00,36.229999,36.229999,36.229999,36.229999,903037.0,HAL.NYSE-4-HOUR-LAST-EXTERNAL
2023-03-01 15:55:00,37.45,37.59,37.431499,37.560001,93059.0,HAL.NYSE-4-HOUR-LAST-EXTERNAL
2023-03-01 19:55:00,37.43,37.45,37.384998,37.389999,37447.0,HAL.NYSE-4-HOUR-LAST-EXTERNAL
2023-03-01 21:00:00,37.509998,37.509998,37.509998,37.509998,437001.0,HAL.NYSE-4-HOUR-LAST-EXTERNAL
2023-03-02 15:55:00,37.779998,37.830001,37.764999,37.779998,38415.0,HAL.NYSE-4-HOUR-LAST-EXTERNAL
2023-03-02 19:55:00,38.284999,38.334999,38.279201,38.299999,41963.0,HAL.NYSE-4-HOUR-LAST-EXTERNAL
2023-03-02 21:00:00,38.389999,38.389999,38.389999,38.389999,430638.0,HAL.NYSE-4-HOUR-LAST-EXTERNAL
2023-03-03 15:55:00,38.389999,38.439899,38.349998,38.389999,64456.0,HAL.NYSE-4-HOUR-LAST-EXTERNAL
2023-03-03 19:55:00,38.880001,38.93,38.849998,38.919998,175102.0,HAL.NYSE-4-HOUR-LAST-EXTERNAL
2023-03-03 21:00:00,38.889999,38.889999,38.889999,38.889999,451381.0,HAL.NYSE-4-HOUR-LAST-EXTERNAL
2023-03-06 15:55:00,38.465,38.485,38.330001,38.330001,62316.0,HAL.NYSE-4-HOUR-LAST-EXTERNAL
2023-03-06 19:55:00,38.875,38.917499,38.830001,38.849998,36335.0,HAL.NYSE-4-HOUR-LAST-EXTERNAL
2023-03-06 21:00:00,38.86,38.86,38.86,38.86,304348.0,HAL.NYSE-4-HOUR-LAST-EXTERNAL
2023-03-07 15:55:00,37.979999,38.02,37.849998,37.865001,80104.0,HAL.NYSE-4-HOUR-LAST-EXTERNAL
2023-03-07 19:55:00,37.845001,37.86,37.794998,37.814998,40581.0,HAL.NYSE-4-HOUR-LAST-EXTERNAL
2023-03-07 21:00:00,37.849998,37.849998,37.849998,37.849998,404785.0,HAL.NYSE-4-HOUR-LAST-EXTERNAL
2023-03-08 15:55:00,37.669998,37.669998,37.564998,37.564998,66719.0,HAL.NYSE-4-HOUR-LAST-EXTERNAL
2023-03-08 19:55:00,36.854999,36.915,36.854999,36.875,41076.0,HAL.NYSE-4-HOUR-LAST-EXTERNAL
2023-03-08 21:00:00,37.159999,37.159999,37.159999,37.159999,530476.0,HAL.NYSE-4-HOUR-LAST-EXTERNAL
2023-03-09 15:55:00,37.159999,37.159999,37.041301,37.041301,32724.0,HAL.NYSE-4-HOUR-LAST-EXTERNAL
2023-03-09 19:55:00,36.130001,36.134998,36.009998,36.029998,42440.0,HAL.NYSE-4-HOUR-LAST-EXTERNAL
2023-03-09 21:00:00,35.569999,35.569999,35.569999,35.569999,466352.0,HAL.NYSE-4-HOUR-LAST-EXTERNAL
2023-03-10 15:55:00,35.330001,35.474998,35.330001,35.467601,112116.0,HAL.NYSE-4-HOUR-LAST-EXTERNAL
2023-03-10 19:55:00,34.720001,34.759998,34.580001,34.650001,75066.0,HAL.NYSE-4-HOUR-LAST-EXTERNAL
2023-03-10 21:00:00,34.529998,34.529998,34.529998,34.529998,394592.0,HAL.NYSE-4-HOUR-LAST-EXTERNAL
2023-03-13 15:55:00,34.02,34.119998,33.970001,34.069999,162124.0,HAL.NYSE-4-HOUR-LAST-EXTERNAL
2023-03-13 19:55:00,33.375,33.409999,33.325,33.380001,537416.0,HAL.NYSE-4-HOUR-LAST-EXTERNAL
2023-03-14 15:55:00,34.498001,34.498001,34.325,34.349998,55721.0,HAL.NYSE-4-HOUR-LAST-EXTERNAL
2023-03-14 19:55:00,33.294998,33.470001,33.29,33.409999,472228.0,HAL.NYSE-4-HOUR-LAST-EXTERNAL
2023-03-15 15:55:00,29.915,30.039899,29.849599,29.954999,411334.0,HAL.NYSE-4-HOUR-LAST-EXTERNAL
2023-03-15 19:55:00,30.235,30.459999,30.235,30.42,973810.0,HAL.NYSE-4-HOUR-LAST-EXTERNAL
2023-03-16 15:55:00,30.004999,30.024999,29.909999,29.934999,157699.0,HAL.NYSE-4-HOUR-LAST-EXTERNAL
2023-03-16 19:55:00,31.094999,31.11,30.989999,31.0,787076.0,HAL.NYSE-4-HOUR-LAST-EXTERNAL
2023-03-17 15:55:00,29.78,30.0,29.76,29.989999,193088.0,HAL.NYSE-4-HOUR-LAST-EXTERNAL
2023-03-17 19:55:00,30.004999,30.02,29.92,29.95,640758.0,HAL.NYSE-4-HOUR-LAST-EXTERNAL
2023-03-20 15:55:00,30.934999,30.959899,30.809999,30.834999,89570.0,HAL.NYSE-4-HOUR-LAST-EXTERNAL
2023-03-20 19:55:00,30.799999,30.805,30.67,30.68,588849.0,HAL.NYSE-4-HOUR-LAST-EXTERNAL
2023-03-21 15:55:00,31.68,31.7,31.545,31.559999,119798.0,HAL.NYSE-4-HOUR-LAST-EXTERNAL
2023-03-21 19:55:00,31.954999,31.989999,31.899999,31.959999,653091.0,HAL.NYSE-4-HOUR-LAST-EXTERNAL
2023-03-22 15:55:00,31.509899,31.51,31.405,31.4057,98598.0,HAL.NYSE-4-HOUR-LAST-EXTERNAL
2023-03-22 19:55:00,30.51,30.53,30.424999,30.459999,606786.0,HAL.NYSE-4-HOUR-LAST-EXTERNAL
2023-03-23 15:55:00,30.379999,30.389999,30.299999,30.309999,67870.0,HAL.NYSE-4-HOUR-LAST-EXTERNAL
2023-03-23 19:55:00,29.475,29.495,29.399999,29.415,511799.0,HAL.NYSE-4-HOUR-LAST-EXTERNAL
2023-03-24 15:55:00,29.36,29.59,29.36,29.579999,135332.0,HAL.NYSE-4-HOUR-LAST-EXTERNAL
2023-03-24 19:55:00,29.514999,29.62,29.469999,29.62,801609.0,HAL.NYSE-4-HOUR-LAST-EXTERNAL
2023-03-27 15:55:00,29.989999,30.059999,29.94,30.049999,65075.0,HAL.NYSE-4-HOUR-LAST-EXTERNAL
2023-03-27 19:55:00,30.645,30.649999,30.52,30.59,619394.0,HAL.NYSE-4-HOUR-LAST-EXTERNAL
2023-03-28 15:55:00,31.305999,31.36,31.305,31.309999,47437.0,HAL.NYSE-4-HOUR-LAST-EXTERNAL
2023-03-28 19:55:00,31.26,31.299999,31.239999,31.28,353800.0,HAL.NYSE-4-HOUR-LAST-EXTERNAL
2023-03-29 15:55:00,31.128999,31.239999,31.12,31.2,156359.0,HAL.NYSE-4-HOUR-LAST-EXTERNAL
2023-03-29 19:55:00,31.409999,31.43,31.344999,31.35,567139.0,HAL.NYSE-4-HOUR-LAST-EXTERNAL
2023-03-30 15:55:00,31.12,31.159999,31.055,31.0599,120814.0,HAL.NYSE-4-HOUR-LAST-EXTERNAL
2023-03-30 19:55:00,31.01,31.079999,30.979999,31.055,313687.0,HAL.NYSE-4-HOUR-LAST-EXTERNAL
2023-03-31 15:55:00,31.54,31.68,31.53,31.659999,162419.0,HAL.NYSE-4-HOUR-LAST-EXTERNAL
2023-03-31 19:55:00,31.59,31.67,31.575,31.629999,754253.0,HAL.NYSE-4-HOUR-LAST-EXTERNAL
2023-04-03 15:55:00,33.779998,33.86,33.735,33.854999,275540.0,HAL.NYSE-4-HOUR-LAST-EXTERNAL
2023-04-03 19:55:00,34.095001,34.159999,34.064998,34.11,934817.0,HAL.NYSE-4-HOUR-LAST-EXTERNAL
2023-04-04 15:55:00,33.174999,33.2821,33.159999,33.2821,113818.0,HAL.NYSE-4-HOUR-LAST-EXTERNAL
2023-04-04 19:55:00,33.209999,33.240001,33.099998,33.220001,669034.0,HAL.NYSE-4-HOUR-LAST-EXTERNAL
2023-04-05 15:55:00,32.849998,32.985,32.849998,32.970001,22124.0,HAL.NYSE-4-HOUR-LAST-EXTERNAL
2023-04-05 19:55:00,33.005001,33.075,32.959999,33.060001,514859.0,HAL.NYSE-4-HOUR-LAST-EXTERNAL
2023-04-06 15:55:00,32.810001,32.901699,32.810001,32.880001,27524.0,HAL.NYSE-4-HOUR-LAST-EXTERNAL
2023-04-06 19:55:00,32.650001,32.720001,32.650001,32.720001,342703.0,HAL.NYSE-4-HOUR-LAST-EXTERNAL
2023-04-10 15:55:00,33.330001,33.330001,33.220001,33.2999,75539.0,HAL.NYSE-4-HOUR-LAST-EXTERNAL
2023-04-10 19:55:00,33.014999,33.099998,33.009998,33.095001,271342.0,HAL.NYSE-4-HOUR-LAST-EXTERNAL
2023-04-11 15:55:00,34.18,34.220001,34.130001,34.165,151785.0,HAL.NYSE-4-HOUR-LAST-EXTERNAL
2023-04-11 19:55:00,33.705001,33.740001,33.619998,33.740001,362493.0,HAL.NYSE-4-HOUR-LAST-EXTERNAL
2023-04-12 15:55:00,33.494998,33.549999,33.474998,33.539901,46324.0,HAL.NYSE-4-HOUR-LAST-EXTERNAL
2023-04-12 19:55:00,33.61,33.619998,33.580001,33.59,461878.0,HAL.NYSE-4-HOUR-LAST-EXTERNAL
2023-04-13 15:55:00,33.650001,33.7,33.61,33.694999,75235.0,HAL.NYSE-4-HOUR-LAST-EXTERNAL
2023-04-13 19:55:00,33.810001,33.819999,33.77,33.810001,272254.0,HAL.NYSE-4-HOUR-LAST-EXTERNAL
2023-04-14 15:55:00,33.494998,33.509998,33.470001,33.505001,34645.0,HAL.NYSE-4-HOUR-LAST-EXTERNAL
2023-04-14 19:55:00,33.59,33.650001,33.560001,33.619998,360517.0,HAL.NYSE-4-HOUR-LAST-EXTERNAL
2023-04-17 15:55:00,33.470001,33.509998,33.465,33.5,55839.0,HAL.NYSE-4-HOUR-LAST-EXTERNAL
2023-04-17 19:55:00,33.435001,33.45,33.400001,33.439998,470404.0,HAL.NYSE-4-HOUR-LAST-EXTERNAL
2023-04-18 15:55:00,33.5,33.555,33.479999,33.544998,67016.0,HAL.NYSE-4-HOUR-LAST-EXTERNAL
2023-04-18 19:55:00,33.779998,33.95,33.7709,33.880001,985025.0,HAL.NYSE-4-HOUR-LAST-EXTERNAL
2023-04-19 15:55:00,33.470001,33.52,33.389999,33.509998,136794.0,HAL.NYSE-4-HOUR-LAST-EXTERNAL
2023-04-19 19:55:00,34.04,34.139999,34.034999,34.11,434247.0,HAL.NYSE-4-HOUR-LAST-EXTERNAL
2023-04-20 15:55:00,33.5,33.544998,33.4612,33.505001,39753.0,HAL.NYSE-4-HOUR-LAST-EXTERNAL
2023-04-20 19:55:00,33.825,33.889999,33.79,33.880001,674386.0,HAL.NYSE-4-HOUR-LAST-EXTERNAL
2023-04-21 15:55:00,33.29,33.354999,33.29,33.34,104644.0,HAL.NYSE-4-HOUR-LAST-EXTERNAL
2023-04-21 19:55:00,33.375,33.419998,33.354999,33.400001,564255.0,HAL.NYSE-4-HOUR-LAST-EXTERNAL
2023-04-24 15:55:00,34.439998,34.45,34.380001,34.380001,87432.0,HAL.NYSE-4-HOUR-LAST-EXTERNAL
2023-04-24 19:55:00,34.5,34.5,34.43,34.45,644505.0,HAL.NYSE-4-HOUR-LAST-EXTERNAL
2023-04-25 15:55:00,33.310001,33.36,33.294998,33.305,74216.0,HAL.NYSE-4-HOUR-LAST-EXTERNAL
2023-04-25 19:55:00,33.154998,33.259998,33.099998,33.259998,1239494.0,HAL.NYSE-4-HOUR-LAST-EXTERNAL
2023-04-26 15:55:00,32.939998,32.970001,32.880001,32.895,56498.0,HAL.NYSE-4-HOUR-LAST-EXTERNAL
2023-04-26 19:55:00,31.680099,31.76,31.67,31.709999,861348.0,HAL.NYSE-4-HOUR-LAST-EXTERNAL
