2022-01-03 15:55:00,191.539993,191.839996,191.539993,191.830001,4503.0,HSY.NYSE-4-HOUR-LAST-EXTERNAL
2022-01-03 19:55:00,192.395004,192.429992,192.279998,192.279998,3327.0,HSY.NYSE-4-HOUR-LAST-EXTERNAL
2022-01-03 21:00:00,193.210006,193.210006,193.210006,193.210006,57727.0,HSY.NYSE-4-HOUR-LAST-EXTERNAL
2022-01-04 15:55:00,195.660003,196.070007,195.660003,195.779998,7581.0,HSY.NYSE-4-HOUR-LAST-EXTERNAL
2022-01-04 19:55:00,195.240005,195.300003,195.089996,195.139999,5663.0,HSY.NYSE-4-HOUR-LAST-EXTERNAL
2022-01-04 21:00:00,194.86,194.86,194.86,194.86,66427.0,HSY.NYSE-4-HOUR-LAST-EXTERNAL
2022-01-05 15:55:00,197.449996,197.639999,197.380004,197.520004,3913.0,HSY.NYSE-4-HOUR-LAST-EXTERNAL
2022-01-05 19:55:00,197.410003,197.565002,197.36,197.470001,4341.0,HSY.NYSE-4-HOUR-LAST-EXTERNAL
2022-01-05 21:00:00,197.0,197.0,197.0,197.0,98204.0,HSY.NYSE-4-HOUR-LAST-EXTERNAL
2022-01-06 15:55:00,197.690002,197.690002,197.240005,197.240005,6401.0,HSY.NYSE-4-HOUR-LAST-EXTERNAL
2022-01-06 19:55:00,198.25,198.404998,198.210006,198.270004,6230.0,HSY.NYSE-4-HOUR-LAST-EXTERNAL
2022-01-06 21:00:00,196.570007,196.570007,196.570007,196.570007,61480.0,HSY.NYSE-4-HOUR-LAST-EXTERNAL
2022-01-07 15:55:00,197.009994,197.039993,196.529998,196.529998,5865.0,HSY.NYSE-4-HOUR-LAST-EXTERNAL
2022-01-07 19:55:00,196.235,196.369995,196.199996,196.220001,7555.0,HSY.NYSE-4-HOUR-LAST-EXTERNAL
2022-01-07 21:00:00,195.850006,195.850006,195.850006,195.850006,109794.0,HSY.NYSE-4-HOUR-LAST-EXTERNAL
2022-01-10 15:55:00,196.703704,196.86,196.61,196.699996,3208.0,HSY.NYSE-4-HOUR-LAST-EXTERNAL
2022-01-10 19:55:00,194.770004,195.080093,194.755004,195.020004,7684.0,HSY.NYSE-4-HOUR-LAST-EXTERNAL
2022-01-10 21:00:00,194.639999,194.639999,194.639999,194.639999,78992.0,HSY.NYSE-4-HOUR-LAST-EXTERNAL
2022-01-11 15:55:00,192.690002,192.779998,192.591796,192.630004,5150.0,HSY.NYSE-4-HOUR-LAST-EXTERNAL
2022-01-11 19:55:00,193.440002,193.494995,193.320007,193.420501,4504.0,HSY.NYSE-4-HOUR-LAST-EXTERNAL
2022-01-11 21:00:00,194.029998,194.029998,194.029998,194.029998,76032.0,HSY.NYSE-4-HOUR-LAST-EXTERNAL
2022-01-12 15:55:00,195.729995,195.824996,195.660003,195.815002,8107.0,HSY.NYSE-4-HOUR-LAST-EXTERNAL
2022-01-12 19:55:00,196.160003,196.164993,195.910003,195.910003,6097.0,HSY.NYSE-4-HOUR-LAST-EXTERNAL
2022-01-12 21:00:00,195.839996,195.839996,195.839996,195.839996,64673.0,HSY.NYSE-4-HOUR-LAST-EXTERNAL
2022-01-13 15:55:00,196.960006,197.089996,196.960006,197.020004,2597.0,HSY.NYSE-4-HOUR-LAST-EXTERNAL
2022-01-13 19:55:00,196.589996,196.639999,196.485,196.490295,5832.0,HSY.NYSE-4-HOUR-LAST-EXTERNAL
2022-01-13 21:00:00,196.740005,196.740005,196.740005,196.740005,84331.0,HSY.NYSE-4-HOUR-LAST-EXTERNAL
2022-01-14 15:55:00,196.535003,196.720001,196.5,196.720001,6112.0,HSY.NYSE-4-HOUR-LAST-EXTERNAL
2022-01-14 19:55:00,199.389999,199.389999,199.190002,199.270004,7638.0,HSY.NYSE-4-HOUR-LAST-EXTERNAL
2022-01-14 21:00:00,199.529998,199.529998,199.529998,199.529998,67649.0,HSY.NYSE-4-HOUR-LAST-EXTERNAL
2022-01-18 15:55:00,196.630004,197.020004,196.490005,197.020004,8473.0,HSY.NYSE-4-HOUR-LAST-EXTERNAL
2022-01-18 19:55:00,198.115203,198.190002,198.039993,198.095001,5876.0,HSY.NYSE-4-HOUR-LAST-EXTERNAL
2022-01-18 21:00:00,198.320007,198.320007,198.320007,198.320007,129041.0,HSY.NYSE-4-HOUR-LAST-EXTERNAL
2022-01-19 15:55:00,200.779998,201.139999,200.779998,200.830001,9775.0,HSY.NYSE-4-HOUR-LAST-EXTERNAL
2022-01-19 19:55:00,199.630004,200.009994,199.630004,200.0,17428.0,HSY.NYSE-4-HOUR-LAST-EXTERNAL
2022-01-19 21:00:00,199.639999,199.639999,199.639999,199.639999,121113.0,HSY.NYSE-4-HOUR-LAST-EXTERNAL
2022-01-20 15:55:00,198.949996,199.059997,198.910003,199.020004,6763.0,HSY.NYSE-4-HOUR-LAST-EXTERNAL
2022-01-20 19:55:00,200.059997,200.089996,199.895004,200.0,7715.0,HSY.NYSE-4-HOUR-LAST-EXTERNAL
2022-01-20 21:00:00,199.160003,199.160003,199.160003,199.160003,111071.0,HSY.NYSE-4-HOUR-LAST-EXTERNAL
2022-01-21 15:55:00,201.639999,201.660003,201.279998,201.600006,4614.0,HSY.NYSE-4-HOUR-LAST-EXTERNAL
2022-01-21 19:55:00,200.975006,200.975006,200.714996,200.820007,5488.0,HSY.NYSE-4-HOUR-LAST-EXTERNAL
2022-01-21 21:00:00,200.350006,200.350006,200.350006,200.350006,125020.0,HSY.NYSE-4-HOUR-LAST-EXTERNAL
2022-01-24 15:55:00,201.695007,201.695007,201.259994,201.399993,13334.0,HSY.NYSE-4-HOUR-LAST-EXTERNAL
2022-01-24 19:55:00,196.910003,197.470001,196.899993,197.449996,12387.0,HSY.NYSE-4-HOUR-LAST-EXTERNAL
2022-01-24 21:00:00,199.919998,199.919998,199.919998,199.919998,169297.0,HSY.NYSE-4-HOUR-LAST-EXTERNAL
2022-01-25 15:55:00,197.479995,197.589996,196.869995,197.11,12842.0,HSY.NYSE-4-HOUR-LAST-EXTERNAL
2022-01-25 19:55:00,196.539993,196.960006,196.5,196.925003,7694.0,HSY.NYSE-4-HOUR-LAST-EXTERNAL
2022-01-25 21:00:00,194.770004,194.770004,194.770004,194.770004,204321.0,HSY.NYSE-4-HOUR-LAST-EXTERNAL
2022-01-26 15:55:00,194.539993,194.720001,194.289993,194.619995,11187.0,HSY.NYSE-4-HOUR-LAST-EXTERNAL
2022-01-26 19:55:00,194.422607,195.050003,194.380004,195.050003,9422.0,HSY.NYSE-4-HOUR-LAST-EXTERNAL
2022-01-26 21:00:00,194.130004,194.130004,194.130004,194.130004,76515.0,HSY.NYSE-4-HOUR-LAST-EXTERNAL
2022-01-27 15:55:00,197.25,197.649993,197.190002,197.490005,11537.0,HSY.NYSE-4-HOUR-LAST-EXTERNAL
2022-01-27 19:55:00,193.335006,193.350006,193.139999,193.320007,7194.0,HSY.NYSE-4-HOUR-LAST-EXTERNAL
2022-01-27 21:00:00,194.369995,194.369995,194.369995,194.369995,91580.0,HSY.NYSE-4-HOUR-LAST-EXTERNAL
2022-01-28 15:55:00,193.570007,193.570007,193.190002,193.419998,7027.0,HSY.NYSE-4-HOUR-LAST-EXTERNAL
2022-01-28 19:55:00,195.369995,195.509994,195.350006,195.490005,6130.0,HSY.NYSE-4-HOUR-LAST-EXTERNAL
2022-01-28 21:00:00,196.830001,196.830001,196.830001,196.830001,81504.0,HSY.NYSE-4-HOUR-LAST-EXTERNAL
2022-01-31 15:55:00,195.889999,196.0,195.449996,195.550003,8080.0,HSY.NYSE-4-HOUR-LAST-EXTERNAL
2022-01-31 19:55:00,197.220001,197.25,197.119995,197.25,6972.0,HSY.NYSE-4-HOUR-LAST-EXTERNAL
2022-01-31 21:00:00,197.070007,197.070007,197.070007,197.070007,70187.0,HSY.NYSE-4-HOUR-LAST-EXTERNAL
2022-02-01 15:55:00,195.955001,196.11,195.600006,195.729995,6944.0,HSY.NYSE-4-HOUR-LAST-EXTERNAL
2022-02-01 19:55:00,195.970001,196.199996,195.929992,196.030105,9456.0,HSY.NYSE-4-HOUR-LAST-EXTERNAL
2022-02-01 21:00:00,195.729995,195.729995,195.729995,195.729995,97125.0,HSY.NYSE-4-HOUR-LAST-EXTERNAL
2022-02-02 15:55:00,198.220001,198.399993,198.070007,198.240005,8507.0,HSY.NYSE-4-HOUR-LAST-EXTERNAL
2022-02-02 19:55:00,198.529998,198.529998,198.36,198.369995,10393.0,HSY.NYSE-4-HOUR-LAST-EXTERNAL
2022-02-02 21:00:00,198.539993,198.539993,198.539993,198.539993,122008.0,HSY.NYSE-4-HOUR-LAST-EXTERNAL
2022-02-03 15:55:00,205.380004,205.389999,204.410003,204.410003,15565.0,HSY.NYSE-4-HOUR-LAST-EXTERNAL
2022-02-03 19:55:00,203.929992,204.070007,203.690002,203.880004,16188.0,HSY.NYSE-4-HOUR-LAST-EXTERNAL
2022-02-03 21:00:00,203.919998,203.919998,203.919998,203.919998,107155.0,HSY.NYSE-4-HOUR-LAST-EXTERNAL
2022-02-04 15:55:00,202.61,202.711898,202.440002,202.669998,10384.0,HSY.NYSE-4-HOUR-LAST-EXTERNAL
2022-02-04 19:55:00,202.61,202.880004,202.479995,202.874298,15022.0,HSY.NYSE-4-HOUR-LAST-EXTERNAL
2022-02-04 21:00:00,202.779998,202.779998,202.779998,202.779998,119878.0,HSY.NYSE-4-HOUR-LAST-EXTERNAL
2022-02-07 15:55:00,204.149993,204.320007,203.910003,203.919998,8433.0,HSY.NYSE-4-HOUR-LAST-EXTERNAL
2022-02-07 19:55:00,204.899993,205.080001,204.889999,204.934997,9705.0,HSY.NYSE-4-HOUR-LAST-EXTERNAL
2022-02-07 21:00:00,204.710006,204.710006,204.710006,204.710006,98899.0,HSY.NYSE-4-HOUR-LAST-EXTERNAL
2022-02-08 15:55:00,206.029998,206.240005,205.932998,206.059906,9508.0,HSY.NYSE-4-HOUR-LAST-EXTERNAL
2022-02-08 19:55:00,206.240005,206.339996,206.149993,206.205093,12870.0,HSY.NYSE-4-HOUR-LAST-EXTERNAL
2022-02-08 21:00:00,207.0,207.0,207.0,207.0,107955.0,HSY.NYSE-4-HOUR-LAST-EXTERNAL
2022-02-09 15:55:00,205.729995,205.800003,205.410003,205.800003,9680.0,HSY.NYSE-4-HOUR-LAST-EXTERNAL
2022-02-09 19:55:00,203.708999,203.949996,203.690002,203.880004,23897.0,HSY.NYSE-4-HOUR-LAST-EXTERNAL
2022-02-09 21:00:00,203.639999,203.639999,203.639999,203.639999,104530.0,HSY.NYSE-4-HOUR-LAST-EXTERNAL
2022-02-10 15:55:00,203.455001,203.468505,203.029998,203.029998,10677.0,HSY.NYSE-4-HOUR-LAST-EXTERNAL
2022-02-10 19:55:00,203.014999,203.490005,203.014999,203.419998,13551.0,HSY.NYSE-4-HOUR-LAST-EXTERNAL
2022-02-10 21:00:00,203.419998,203.419998,203.419998,203.419998,85500.0,HSY.NYSE-4-HOUR-LAST-EXTERNAL
2022-02-11 15:55:00,204.350006,204.75,204.350006,204.679992,6537.0,HSY.NYSE-4-HOUR-LAST-EXTERNAL
2022-02-11 19:55:00,205.169998,205.460006,205.169998,205.449996,12060.0,HSY.NYSE-4-HOUR-LAST-EXTERNAL
2022-02-11 21:00:00,205.190002,205.190002,205.190002,205.190002,67429.0,HSY.NYSE-4-HOUR-LAST-EXTERNAL
2022-02-14 15:55:00,201.940002,201.970001,201.699996,201.919998,4758.0,HSY.NYSE-4-HOUR-LAST-EXTERNAL
2022-02-14 19:55:00,201.889999,201.979995,201.830001,201.928695,7479.0,HSY.NYSE-4-HOUR-LAST-EXTERNAL
2022-02-14 21:00:00,203.350006,203.350006,203.350006,203.350006,88834.0,HSY.NYSE-4-HOUR-LAST-EXTERNAL
2022-02-15 15:55:00,205.570007,205.789993,205.550003,205.61,11206.0,HSY.NYSE-4-HOUR-LAST-EXTERNAL
2022-02-15 19:55:00,203.0,203.190002,202.979995,203.160003,6052.0,HSY.NYSE-4-HOUR-LAST-EXTERNAL
2022-02-15 21:00:00,202.880004,202.880004,202.880004,202.880004,70983.0,HSY.NYSE-4-HOUR-LAST-EXTERNAL
2022-02-16 15:55:00,200.570007,200.990005,200.399993,200.990005,18304.0,HSY.NYSE-4-HOUR-LAST-EXTERNAL
2022-02-16 19:55:00,202.095001,202.240005,202.050003,202.240005,6170.0,HSY.NYSE-4-HOUR-LAST-EXTERNAL
2022-02-16 21:00:00,202.649993,202.649993,202.649993,202.649993,71013.0,HSY.NYSE-4-HOUR-LAST-EXTERNAL
2022-02-17 15:55:00,200.529998,200.570007,200.320007,200.320007,5347.0,HSY.NYSE-4-HOUR-LAST-EXTERNAL
2022-02-17 19:55:00,203.190002,203.190002,202.985,203.009994,8046.0,HSY.NYSE-4-HOUR-LAST-EXTERNAL
2022-02-17 21:00:00,202.029998,202.029998,202.029998,202.029998,124302.0,HSY.NYSE-4-HOUR-LAST-EXTERNAL
2022-02-18 15:55:00,202.089996,202.289993,202.059997,202.276504,8496.0,HSY.NYSE-4-HOUR-LAST-EXTERNAL
2022-02-18 19:55:00,202.839996,202.955505,202.710006,202.86,11512.0,HSY.NYSE-4-HOUR-LAST-EXTERNAL
2022-02-18 21:00:00,202.589996,202.589996,202.589996,202.589996,77258.0,HSY.NYSE-4-HOUR-LAST-EXTERNAL
2022-02-22 15:55:00,201.100006,201.255004,200.970001,201.210006,5504.0,HSY.NYSE-4-HOUR-LAST-EXTERNAL
2022-02-22 19:55:00,201.539993,201.759994,201.539993,201.740005,10451.0,HSY.NYSE-4-HOUR-LAST-EXTERNAL
2022-02-22 21:00:00,202.029998,202.029998,202.029998,202.029998,73903.0,HSY.NYSE-4-HOUR-LAST-EXTERNAL
2022-02-23 15:55:00,202.36,202.36,201.869995,201.880004,5172.0,HSY.NYSE-4-HOUR-LAST-EXTERNAL
2022-02-23 19:55:00,203.080001,203.160003,203.0,203.020996,11342.0,HSY.NYSE-4-HOUR-LAST-EXTERNAL
2022-02-23 21:00:00,202.570007,202.570007,202.570007,202.570007,69027.0,HSY.NYSE-4-HOUR-LAST-EXTERNAL
2022-02-24 15:55:00,196.529998,196.529998,195.509994,195.729995,10541.0,HSY.NYSE-4-HOUR-LAST-EXTERNAL
2022-02-24 19:55:00,195.020004,195.199996,194.949996,195.175003,12022.0,HSY.NYSE-4-HOUR-LAST-EXTERNAL
2022-02-24 21:00:00,196.809997,196.809997,196.809997,196.809997,84929.0,HSY.NYSE-4-HOUR-LAST-EXTERNAL
2022-02-25 15:55:00,201.699996,201.919998,201.479995,201.759994,7627.0,HSY.NYSE-4-HOUR-LAST-EXTERNAL
2022-02-25 19:55:00,202.600006,203.240005,202.600006,202.979995,9462.0,HSY.NYSE-4-HOUR-LAST-EXTERNAL
2022-02-25 21:00:00,204.320007,204.320007,204.320007,204.320007,121341.0,HSY.NYSE-4-HOUR-LAST-EXTERNAL
2022-02-28 15:55:00,202.11,202.479995,202.095001,202.440002,11875.0,HSY.NYSE-4-HOUR-LAST-EXTERNAL
2022-02-28 19:55:00,201.580001,201.800003,201.535003,201.61,17627.0,HSY.NYSE-4-HOUR-LAST-EXTERNAL
2022-02-28 21:00:00,202.259994,202.259994,202.259994,202.259994,141238.0,HSY.NYSE-4-HOUR-LAST-EXTERNAL
2022-03-01 15:55:00,205.199996,205.570007,205.039993,205.330001,14303.0,HSY.NYSE-4-HOUR-LAST-EXTERNAL
2022-03-01 19:55:00,205.429992,205.710006,205.410003,205.520004,18528.0,HSY.NYSE-4-HOUR-LAST-EXTERNAL
2022-03-01 21:00:00,204.86,204.86,204.86,204.86,148266.0,HSY.NYSE-4-HOUR-LAST-EXTERNAL
2022-03-02 15:55:00,205.479995,205.770004,205.440002,205.544998,19303.0,HSY.NYSE-4-HOUR-LAST-EXTERNAL
2022-03-02 19:55:00,207.705001,207.880004,207.705001,207.789001,9086.0,HSY.NYSE-4-HOUR-LAST-EXTERNAL
2022-03-02 21:00:00,208.029998,208.029998,208.029998,208.029998,91068.0,HSY.NYSE-4-HOUR-LAST-EXTERNAL
2022-03-03 15:55:00,209.649993,209.699996,209.199996,209.330001,12874.0,HSY.NYSE-4-HOUR-LAST-EXTERNAL
2022-03-03 19:55:00,209.029998,209.205001,208.940002,209.169998,7047.0,HSY.NYSE-4-HOUR-LAST-EXTERNAL
2022-03-03 21:00:00,208.139999,208.139999,208.139999,208.139999,100044.0,HSY.NYSE-4-HOUR-LAST-EXTERNAL
2022-03-04 15:55:00,209.899993,210.070007,209.899993,209.979995,8963.0,HSY.NYSE-4-HOUR-LAST-EXTERNAL
2022-03-04 19:55:00,212.380004,212.470001,211.740005,211.880004,15131.0,HSY.NYSE-4-HOUR-LAST-EXTERNAL
2022-03-04 21:00:00,212.820007,212.820007,212.820007,212.820007,135827.0,HSY.NYSE-4-HOUR-LAST-EXTERNAL
2022-03-07 15:55:00,214.979995,215.100006,214.699996,214.899993,35760.0,HSY.NYSE-4-HOUR-LAST-EXTERNAL
2022-03-07 19:55:00,212.899993,213.419998,212.899993,213.389999,28853.0,HSY.NYSE-4-HOUR-LAST-EXTERNAL
2022-03-07 21:00:00,213.380004,213.380004,213.380004,213.380004,75290.0,HSY.NYSE-4-HOUR-LAST-EXTERNAL
2022-03-08 15:55:00,207.270004,207.380004,206.964996,207.070007,12763.0,HSY.NYSE-4-HOUR-LAST-EXTERNAL
2022-03-08 19:55:00,206.509994,206.570007,206.369995,206.369995,3919.0,HSY.NYSE-4-HOUR-LAST-EXTERNAL
2022-03-08 21:00:00,204.009994,204.009994,204.009994,204.009994,101796.0,HSY.NYSE-4-HOUR-LAST-EXTERNAL
2022-03-09 15:55:00,203.600006,203.720001,203.429992,203.720001,7903.0,HSY.NYSE-4-HOUR-LAST-EXTERNAL
2022-03-09 19:55:00,206.119995,206.149993,205.869995,205.940002,10833.0,HSY.NYSE-4-HOUR-LAST-EXTERNAL
2022-03-09 21:00:00,204.880004,204.880004,204.880004,204.880004,80992.0,HSY.NYSE-4-HOUR-LAST-EXTERNAL
2022-03-10 15:55:00,204.914993,204.979995,204.690002,204.690002,8274.0,HSY.NYSE-4-HOUR-LAST-EXTERNAL
2022-03-10 19:55:00,204.389999,204.75,204.377105,204.574996,8933.0,HSY.NYSE-4-HOUR-LAST-EXTERNAL
2022-03-10 21:00:00,205.139999,205.139999,205.139999,205.139999,73092.0,HSY.NYSE-4-HOUR-LAST-EXTERNAL
2022-03-11 15:55:00,208.0,208.020004,207.380004,207.539993,6398.0,HSY.NYSE-4-HOUR-LAST-EXTERNAL
2022-03-11 19:55:00,206.029998,206.179992,205.985,205.985,4502.0,HSY.NYSE-4-HOUR-LAST-EXTERNAL
2022-03-11 21:00:00,204.690002,204.690002,204.690002,204.690002,80001.0,HSY.NYSE-4-HOUR-LAST-EXTERNAL
2022-03-14 15:55:00,206.9953,207.11,206.925003,207.080001,6363.0,HSY.NYSE-4-HOUR-LAST-EXTERNAL
2022-03-14 19:55:00,206.589996,206.899993,206.502105,206.669998,101191.0,HSY.NYSE-4-HOUR-LAST-EXTERNAL
2022-03-15 15:55:00,206.850006,206.949996,206.544998,206.679992,8688.0,HSY.NYSE-4-HOUR-LAST-EXTERNAL
2022-03-15 19:55:00,208.669998,208.830001,208.36,208.820007,86242.0,HSY.NYSE-4-HOUR-LAST-EXTERNAL
2022-03-16 15:55:00,204.919998,205.149993,204.749893,204.749893,6215.0,HSY.NYSE-4-HOUR-LAST-EXTERNAL
2022-03-16 19:55:00,205.279998,205.710006,205.210006,205.710006,103812.0,HSY.NYSE-4-HOUR-LAST-EXTERNAL
2022-03-17 15:55:00,207.800003,207.86,207.580001,207.75,7595.0,HSY.NYSE-4-HOUR-LAST-EXTERNAL
2022-03-17 19:55:00,206.25,206.740005,206.130004,206.720001,116211.0,HSY.NYSE-4-HOUR-LAST-EXTERNAL
2022-03-18 15:55:00,204.594497,204.789993,204.594497,204.789993,2977.0,HSY.NYSE-4-HOUR-LAST-EXTERNAL
2022-03-18 19:55:00,206.449996,206.86,206.229995,206.729995,132636.0,HSY.NYSE-4-HOUR-LAST-EXTERNAL
2022-03-21 15:55:00,207.105499,207.115005,206.910003,206.910003,3060.0,HSY.NYSE-4-HOUR-LAST-EXTERNAL
2022-03-21 19:55:00,208.100006,208.399993,208.009994,208.270004,60623.0,HSY.NYSE-4-HOUR-LAST-EXTERNAL
2022-03-22 15:55:00,206.979995,207.119995,206.949996,207.065002,3641.0,HSY.NYSE-4-HOUR-LAST-EXTERNAL
2022-03-22 19:55:00,208.11,208.300003,207.940093,208.229995,74047.0,HSY.NYSE-4-HOUR-LAST-EXTERNAL
2022-03-23 15:55:00,206.820007,206.979995,206.75,206.779998,3708.0,HSY.NYSE-4-HOUR-LAST-EXTERNAL
2022-03-23 19:55:00,207.780899,208.080001,207.529998,207.710006,56673.0,HSY.NYSE-4-HOUR-LAST-EXTERNAL
2022-03-24 15:55:00,209.800003,209.960006,209.770004,209.929992,2652.0,HSY.NYSE-4-HOUR-LAST-EXTERNAL
2022-03-24 19:55:00,211.154998,211.350006,211.080001,211.240005,110824.0,HSY.NYSE-4-HOUR-LAST-EXTERNAL
2022-03-25 15:55:00,213.190002,213.190002,213.0401,213.089996,2971.0,HSY.NYSE-4-HOUR-LAST-EXTERNAL
2022-03-25 19:55:00,214.0,214.470001,213.990005,214.369995,65528.0,HSY.NYSE-4-HOUR-LAST-EXTERNAL
2022-03-28 15:55:00,213.449996,213.570007,213.449996,213.514205,3157.0,HSY.NYSE-4-HOUR-LAST-EXTERNAL
2022-03-28 19:55:00,214.399993,214.660003,214.399993,214.639999,46901.0,HSY.NYSE-4-HOUR-LAST-EXTERNAL
2022-03-29 15:55:00,213.25,213.339996,213.199996,213.339996,2943.0,HSY.NYSE-4-HOUR-LAST-EXTERNAL
2022-03-29 19:55:00,214.589996,214.75,214.399993,214.75,70019.0,HSY.NYSE-4-HOUR-LAST-EXTERNAL
2022-03-30 15:55:00,214.75,214.759994,214.639999,214.714996,2079.0,HSY.NYSE-4-HOUR-LAST-EXTERNAL
2022-03-30 19:55:00,216.229995,216.720001,216.229995,216.720001,67308.0,HSY.NYSE-4-HOUR-LAST-EXTERNAL
2022-03-31 15:55:00,217.639999,217.742492,217.570007,217.720001,2780.0,HSY.NYSE-4-HOUR-LAST-EXTERNAL
2022-03-31 19:55:00,217.11,217.199996,216.570007,216.630004,156467.0,HSY.NYSE-4-HOUR-LAST-EXTERNAL
2022-04-01 15:55:00,217.087905,217.270004,217.087905,217.190002,6109.0,HSY.NYSE-4-HOUR-LAST-EXTERNAL
2022-04-01 19:55:00,218.630004,218.910003,218.529998,218.770004,132871.0,HSY.NYSE-4-HOUR-LAST-EXTERNAL
2022-04-04 15:55:00,214.869995,214.949996,214.664993,214.740005,4932.0,HSY.NYSE-4-HOUR-LAST-EXTERNAL
2022-04-04 19:55:00,216.550003,216.600006,216.149993,216.419998,74644.0,HSY.NYSE-4-HOUR-LAST-EXTERNAL
2022-04-05 15:55:00,218.979995,218.979995,218.570007,218.619995,5028.0,HSY.NYSE-4-HOUR-LAST-EXTERNAL
2022-04-05 19:55:00,218.559997,218.61,218.320007,218.419998,69749.0,HSY.NYSE-4-HOUR-LAST-EXTERNAL
2022-04-06 15:55:00,220.520004,220.889999,220.520004,220.839996,6411.0,HSY.NYSE-4-HOUR-LAST-EXTERNAL
2022-04-06 19:55:00,221.229995,221.809997,221.130096,221.75,128752.0,HSY.NYSE-4-HOUR-LAST-EXTERNAL
2022-04-07 15:55:00,223.289993,223.289993,223.070007,223.100006,3567.0,HSY.NYSE-4-HOUR-LAST-EXTERNAL
2022-04-07 19:55:00,222.839996,222.919006,222.559997,222.75,89753.0,HSY.NYSE-4-HOUR-LAST-EXTERNAL
2022-04-08 15:55:00,223.139999,223.220001,223.059997,223.059997,6653.0,HSY.NYSE-4-HOUR-LAST-EXTERNAL
2022-04-08 19:55:00,223.520004,223.759994,223.345001,223.759994,101129.0,HSY.NYSE-4-HOUR-LAST-EXTERNAL
2022-04-11 15:55:00,223.429992,223.720001,223.380004,223.630004,3218.0,HSY.NYSE-4-HOUR-LAST-EXTERNAL
2022-04-11 19:55:00,223.899993,224.009994,223.740005,223.929992,51933.0,HSY.NYSE-4-HOUR-LAST-EXTERNAL
2022-04-12 15:55:00,226.889999,227.104995,226.889999,226.929992,7607.0,HSY.NYSE-4-HOUR-LAST-EXTERNAL
2022-04-12 19:55:00,225.910003,226.399993,225.910003,226.059997,69052.0,HSY.NYSE-4-HOUR-LAST-EXTERNAL
2022-04-13 15:55:00,223.339996,223.339996,223.059997,223.119995,7445.0,HSY.NYSE-4-HOUR-LAST-EXTERNAL
2022-04-13 19:55:00,225.429992,225.649993,225.36,225.570007,85033.0,HSY.NYSE-4-HOUR-LAST-EXTERNAL
2022-04-14 15:55:00,226.809997,227.016403,226.809997,226.990005,3421.0,HSY.NYSE-4-HOUR-LAST-EXTERNAL
2022-04-14 19:55:00,226.270004,226.300003,225.740005,226.059997,107721.0,HSY.NYSE-4-HOUR-LAST-EXTERNAL
2022-04-18 15:55:00,225.429992,225.470001,225.345001,225.399993,6131.0,HSY.NYSE-4-HOUR-LAST-EXTERNAL
2022-04-18 19:55:00,224.331405,224.509994,224.220001,224.470001,112480.0,HSY.NYSE-4-HOUR-LAST-EXTERNAL
2022-04-19 15:55:00,226.975006,227.089996,226.889999,226.910003,8366.0,HSY.NYSE-4-HOUR-LAST-EXTERNAL
2022-04-19 19:55:00,226.990005,227.059997,226.770004,227.059997,97778.0,HSY.NYSE-4-HOUR-LAST-EXTERNAL
2022-04-20 15:55:00,229.660003,229.970001,229.600006,229.800003,4719.0,HSY.NYSE-4-HOUR-LAST-EXTERNAL
2022-04-20 19:55:00,229.929992,230.100006,229.630004,229.789993,108777.0,HSY.NYSE-4-HOUR-LAST-EXTERNAL
2022-04-21 15:55:00,231.0,231.225006,231.0,231.149993,5079.0,HSY.NYSE-4-HOUR-LAST-EXTERNAL
2022-04-21 19:55:00,228.904998,228.910003,228.520004,228.740005,60539.0,HSY.NYSE-4-HOUR-LAST-EXTERNAL
2022-04-22 15:55:00,225.970001,226.304992,225.899993,226.25,3703.0,HSY.NYSE-4-HOUR-LAST-EXTERNAL
2022-04-22 19:55:00,224.460006,224.490005,223.960006,224.240005,176642.0,HSY.NYSE-4-HOUR-LAST-EXTERNAL
2022-04-25 15:55:00,221.380004,221.759994,221.309997,221.720001,7902.0,HSY.NYSE-4-HOUR-LAST-EXTERNAL
2022-04-25 19:55:00,225.080001,225.11,224.759994,225.029998,93593.0,HSY.NYSE-4-HOUR-LAST-EXTERNAL
2022-04-26 15:55:00,224.580001,224.729995,224.279998,224.330001,6780.0,HSY.NYSE-4-HOUR-LAST-EXTERNAL
2022-04-26 19:55:00,220.720001,220.770004,219.979995,220.009994,108256.0,HSY.NYSE-4-HOUR-LAST-EXTERNAL
2022-04-27 15:55:00,223.115005,223.479995,223.089996,223.479995,8538.0,HSY.NYSE-4-HOUR-LAST-EXTERNAL
2022-04-27 19:55:00,222.675003,222.800003,221.970001,222.270004,112668.0,HSY.NYSE-4-HOUR-LAST-EXTERNAL
2022-04-28 15:55:00,225.880004,226.080001,225.789993,225.820007,5683.0,HSY.NYSE-4-HOUR-LAST-EXTERNAL
2022-04-28 19:55:00,227.369995,227.940002,227.264999,227.889999,104472.0,HSY.NYSE-4-HOUR-LAST-EXTERNAL
2022-04-29 15:55:00,227.259994,227.445007,227.119995,227.264999,5725.0,HSY.NYSE-4-HOUR-LAST-EXTERNAL
2022-04-29 19:55:00,225.964996,226.115005,225.570007,225.770004,130633.0,HSY.NYSE-4-HOUR-LAST-EXTERNAL
2022-05-02 15:55:00,220.660003,220.809997,220.479995,220.809997,6774.0,HSY.NYSE-4-HOUR-LAST-EXTERNAL
2022-05-02 19:55:00,217.289993,217.619995,217.11,217.619995,78272.0,HSY.NYSE-4-HOUR-LAST-EXTERNAL
2022-05-03 15:55:00,221.309997,221.449996,221.195007,221.449996,5564.0,HSY.NYSE-4-HOUR-LAST-EXTERNAL
2022-05-03 19:55:00,220.104995,220.309997,219.880004,220.11,79296.0,HSY.NYSE-4-HOUR-LAST-EXTERNAL
2022-05-04 15:55:00,223.839996,223.949996,223.75,223.880004,6101.0,HSY.NYSE-4-HOUR-LAST-EXTERNAL
2022-05-04 19:55:00,225.119995,225.479995,224.979995,225.419998,87209.0,HSY.NYSE-4-HOUR-LAST-EXTERNAL
2022-05-05 15:55:00,224.570007,224.789993,224.490005,224.785003,10466.0,HSY.NYSE-4-HOUR-LAST-EXTERNAL
2022-05-05 19:55:00,223.800003,224.039993,223.550003,223.839996,110082.0,HSY.NYSE-4-HOUR-LAST-EXTERNAL
2022-05-06 15:55:00,223.970001,224.100006,223.524505,223.815002,14531.0,HSY.NYSE-4-HOUR-LAST-EXTERNAL
2022-05-06 19:55:00,226.210006,226.389999,225.990005,226.119995,107538.0,HSY.NYSE-4-HOUR-LAST-EXTERNAL
2022-05-09 15:55:00,225.050003,225.100006,224.639999,224.789993,9778.0,HSY.NYSE-4-HOUR-LAST-EXTERNAL
2022-05-09 19:55:00,222.990005,223.460006,222.899993,223.190002,86053.0,HSY.NYSE-4-HOUR-LAST-EXTERNAL
2022-05-10 15:55:00,224.11,224.11,223.75,223.759994,20317.0,HSY.NYSE-4-HOUR-LAST-EXTERNAL
2022-05-10 19:55:00,223.160003,223.350006,222.740005,223.139999,83143.0,HSY.NYSE-4-HOUR-LAST-EXTERNAL
2022-05-11 15:55:00,226.869995,226.929992,226.619995,226.740005,9616.0,HSY.NYSE-4-HOUR-LAST-EXTERNAL
2022-05-11 19:55:00,225.0,225.100006,224.61,224.630004,71538.0,HSY.NYSE-4-HOUR-LAST-EXTERNAL
2022-05-12 15:55:00,221.86,222.380004,221.86,222.229995,15661.0,HSY.NYSE-4-HOUR-LAST-EXTERNAL
2022-05-12 19:55:00,221.690002,222.550003,221.690002,222.529998,105363.0,HSY.NYSE-4-HOUR-LAST-EXTERNAL
2022-05-13 15:55:00,224.759994,224.889892,224.729995,224.889892,4147.0,HSY.NYSE-4-HOUR-LAST-EXTERNAL
2022-05-13 19:55:00,226.050003,226.139999,225.61,225.979995,144249.0,HSY.NYSE-4-HOUR-LAST-EXTERNAL
2022-05-16 15:55:00,227.486297,227.520004,227.217803,227.259994,10385.0,HSY.NYSE-4-HOUR-LAST-EXTERNAL
2022-05-16 19:55:00,229.479995,229.520004,229.070007,229.449996,75517.0,HSY.NYSE-4-HOUR-LAST-EXTERNAL
2022-05-17 15:55:00,226.809997,226.899993,226.654998,226.845001,8662.0,HSY.NYSE-4-HOUR-LAST-EXTERNAL
2022-05-17 19:55:00,225.240005,225.490005,225.080001,225.399993,106718.0,HSY.NYSE-4-HOUR-LAST-EXTERNAL
2022-05-18 15:55:00,215.710006,216.399993,215.710006,216.320007,8959.0,HSY.NYSE-4-HOUR-LAST-EXTERNAL
2022-05-18 19:55:00,207.279998,207.850006,207.139999,207.690002,155244.0,HSY.NYSE-4-HOUR-LAST-EXTERNAL
2022-05-19 15:55:00,205.415603,205.415603,204.720001,205.080001,19423.0,HSY.NYSE-4-HOUR-LAST-EXTERNAL
2022-05-19 19:55:00,205.339996,205.520004,205.100006,205.130004,103052.0,HSY.NYSE-4-HOUR-LAST-EXTERNAL
2022-05-20 15:55:00,204.009994,204.130004,203.889999,203.949996,5382.0,HSY.NYSE-4-HOUR-LAST-EXTERNAL
2022-05-20 19:55:00,206.970001,207.059997,206.720001,206.960006,91400.0,HSY.NYSE-4-HOUR-LAST-EXTERNAL
2022-05-23 15:55:00,210.300003,210.300003,210.100006,210.259994,5358.0,HSY.NYSE-4-HOUR-LAST-EXTERNAL
2022-05-23 19:55:00,209.009994,209.4664,209.0,209.25,78146.0,HSY.NYSE-4-HOUR-LAST-EXTERNAL
2022-05-24 15:55:00,211.970001,212.5,211.929992,212.309997,5069.0,HSY.NYSE-4-HOUR-LAST-EXTERNAL
2022-05-24 19:55:00,212.880004,213.509994,212.804992,213.509994,65987.0,HSY.NYSE-4-HOUR-LAST-EXTERNAL
2022-05-25 15:55:00,212.880004,213.164993,212.880004,213.134994,3931.0,HSY.NYSE-4-HOUR-LAST-EXTERNAL
2022-05-25 19:55:00,211.529998,211.770004,211.339996,211.490005,85576.0,HSY.NYSE-4-HOUR-LAST-EXTERNAL
2022-05-26 15:55:00,211.330001,211.490005,211.279998,211.449996,6922.0,HSY.NYSE-4-HOUR-LAST-EXTERNAL
2022-05-26 19:55:00,209.559997,209.600006,209.279998,209.600006,79869.0,HSY.NYSE-4-HOUR-LAST-EXTERNAL
2022-05-27 15:55:00,211.419998,211.544998,211.36,211.369995,7000.0,HSY.NYSE-4-HOUR-LAST-EXTERNAL
2022-05-27 19:55:00,212.139999,212.61,212.100006,212.604995,47156.0,HSY.NYSE-4-HOUR-LAST-EXTERNAL
2022-05-31 15:55:00,210.910003,211.009994,210.809997,210.878692,4592.0,HSY.NYSE-4-HOUR-LAST-EXTERNAL
2022-05-31 19:55:00,212.199996,212.199996,211.419998,211.710006,92027.0,HSY.NYSE-4-HOUR-LAST-EXTERNAL
2022-06-01 15:55:00,209.354995,209.580001,209.350006,209.580001,3035.0,HSY.NYSE-4-HOUR-LAST-EXTERNAL
2022-06-01 19:55:00,209.75,209.910003,209.464996,209.649993,72117.0,HSY.NYSE-4-HOUR-LAST-EXTERNAL
2022-06-02 15:55:00,207.619995,207.649993,207.309997,207.419998,3802.0,HSY.NYSE-4-HOUR-LAST-EXTERNAL
2022-06-02 19:55:00,208.779998,209.240005,208.779998,209.229995,72959.0,HSY.NYSE-4-HOUR-LAST-EXTERNAL
2022-06-03 15:55:00,207.600006,207.75,207.529998,207.639999,4697.0,HSY.NYSE-4-HOUR-LAST-EXTERNAL
2022-06-03 19:55:00,209.190002,209.259994,208.990005,209.179992,72164.0,HSY.NYSE-4-HOUR-LAST-EXTERNAL
2022-06-06 15:55:00,210.679992,210.910003,210.679992,210.770004,9965.0,HSY.NYSE-4-HOUR-LAST-EXTERNAL
2022-06-06 19:55:00,211.240005,211.539993,211.229995,211.490005,57566.0,HSY.NYSE-4-HOUR-LAST-EXTERNAL
2022-06-07 15:55:00,210.240005,210.240005,210.050003,210.065002,6399.0,HSY.NYSE-4-HOUR-LAST-EXTERNAL
2022-06-07 19:55:00,211.630004,211.850006,211.554992,211.770004,88934.0,HSY.NYSE-4-HOUR-LAST-EXTERNAL
2022-06-08 15:55:00,211.630004,211.759994,211.574996,211.759994,2784.0,HSY.NYSE-4-HOUR-LAST-EXTERNAL
2022-06-08 19:55:00,210.240005,210.619995,210.214996,210.559997,65391.0,HSY.NYSE-4-HOUR-LAST-EXTERNAL
2022-06-09 15:55:00,211.130004,211.218505,211.130004,211.218505,2453.0,HSY.NYSE-4-HOUR-LAST-EXTERNAL
2022-06-09 19:55:00,210.009994,210.050003,209.36,209.440002,72998.0,HSY.NYSE-4-HOUR-LAST-EXTERNAL
2022-06-10 15:55:00,212.729995,212.740005,212.259994,212.300003,21051.0,HSY.NYSE-4-HOUR-LAST-EXTERNAL
2022-06-10 19:55:00,214.089996,214.259994,213.259994,213.279998,116326.0,HSY.NYSE-4-HOUR-LAST-EXTERNAL
2022-06-13 15:55:00,211.625,212.119995,211.625,212.115005,6300.0,HSY.NYSE-4-HOUR-LAST-EXTERNAL
2022-06-13 19:55:00,210.070007,210.309997,209.740005,210.059997,112055.0,HSY.NYSE-4-HOUR-LAST-EXTERNAL
2022-06-14 15:55:00,206.794998,207.074996,206.61,206.835006,7853.0,HSY.NYSE-4-HOUR-LAST-EXTERNAL
2022-06-14 19:55:00,206.729995,206.850006,206.36,206.839996,97783.0,HSY.NYSE-4-HOUR-LAST-EXTERNAL
2022-06-15 15:55:00,205.509994,205.925003,205.509994,205.925003,3478.0,HSY.NYSE-4-HOUR-LAST-EXTERNAL
2022-06-15 19:55:00,205.929992,206.460006,205.929992,206.25,63980.0,HSY.NYSE-4-HOUR-LAST-EXTERNAL
2022-06-16 15:55:00,204.039993,204.399993,203.949996,204.399993,4869.0,HSY.NYSE-4-HOUR-LAST-EXTERNAL
2022-06-16 19:55:00,201.919998,202.289993,201.75,202.289993,131753.0,HSY.NYSE-4-HOUR-LAST-EXTERNAL
2022-06-17 15:55:00,204.929992,205.410003,204.720001,205.229995,11629.0,HSY.NYSE-4-HOUR-LAST-EXTERNAL
2022-06-17 19:55:00,205.619995,206.490005,205.570007,205.960006,184819.0,HSY.NYSE-4-HOUR-LAST-EXTERNAL
2022-06-21 15:55:00,212.214996,212.289993,212.009994,212.289993,5211.0,HSY.NYSE-4-HOUR-LAST-EXTERNAL
2022-06-21 19:55:00,215.449996,215.509994,215.029998,215.070007,98704.0,HSY.NYSE-4-HOUR-LAST-EXTERNAL
2022-06-22 15:55:00,214.460006,214.740005,214.300003,214.740005,7391.0,HSY.NYSE-4-HOUR-LAST-EXTERNAL
2022-06-22 19:55:00,215.600006,215.639999,214.710006,214.800003,82803.0,HSY.NYSE-4-HOUR-LAST-EXTERNAL
2022-06-23 15:55:00,216.964996,216.964996,216.370101,216.535598,8771.0,HSY.NYSE-4-HOUR-LAST-EXTERNAL
2022-06-23 19:55:00,217.990005,218.199996,217.910003,218.089996,45253.0,HSY.NYSE-4-HOUR-LAST-EXTERNAL
2022-06-24 15:55:00,220.279998,220.339996,220.089996,220.205001,2281.0,HSY.NYSE-4-HOUR-LAST-EXTERNAL
2022-06-24 19:55:00,220.559997,221.0,220.380004,220.970001,82255.0,HSY.NYSE-4-HOUR-LAST-EXTERNAL
2022-06-27 15:55:00,221.850006,222.149993,221.720001,222.089996,8073.0,HSY.NYSE-4-HOUR-LAST-EXTERNAL
2022-06-27 19:55:00,220.720001,220.970001,220.690002,220.970001,106162.0,HSY.NYSE-4-HOUR-LAST-EXTERNAL
2022-06-28 15:55:00,220.509994,220.570007,220.279998,220.570007,6569.0,HSY.NYSE-4-HOUR-LAST-EXTERNAL
2022-06-28 19:55:00,218.679992,218.690002,218.309997,218.309997,96412.0,HSY.NYSE-4-HOUR-LAST-EXTERNAL
2022-06-29 15:55:00,219.949996,219.990005,219.699996,219.770004,9856.0,HSY.NYSE-4-HOUR-LAST-EXTERNAL
2022-06-29 19:55:00,218.940002,219.259994,218.820007,218.820007,117211.0,HSY.NYSE-4-HOUR-LAST-EXTERNAL
2022-06-30 15:55:00,215.309997,215.759994,215.259994,215.429992,17838.0,HSY.NYSE-4-HOUR-LAST-EXTERNAL
2022-06-30 19:55:00,214.589996,215.259994,214.309997,215.160003,169966.0,HSY.NYSE-4-HOUR-LAST-EXTERNAL
2022-07-01 15:55:00,217.809997,217.859893,217.059997,217.25,6900.0,HSY.NYSE-4-HOUR-LAST-EXTERNAL
2022-07-01 19:55:00,221.029998,221.074996,220.839996,220.919998,79678.0,HSY.NYSE-4-HOUR-LAST-EXTERNAL
2022-07-05 15:55:00,216.410003,216.580001,216.270004,216.289993,6569.0,HSY.NYSE-4-HOUR-LAST-EXTERNAL
2022-07-05 19:55:00,218.659896,218.659896,217.929992,218.350006,64008.0,HSY.NYSE-4-HOUR-LAST-EXTERNAL
2022-07-06 15:55:00,219.949996,220.514999,219.919998,220.514999,5727.0,HSY.NYSE-4-HOUR-LAST-EXTERNAL
2022-07-06 19:55:00,220.539993,220.740005,220.350006,220.630004,70073.0,HSY.NYSE-4-HOUR-LAST-EXTERNAL
2022-07-07 15:55:00,219.339996,219.5,219.339996,219.479995,5605.0,HSY.NYSE-4-HOUR-LAST-EXTERNAL
2022-07-07 19:55:00,219.75,220.089996,219.679992,219.925003,78602.0,HSY.NYSE-4-HOUR-LAST-EXTERNAL
2022-07-08 15:55:00,219.940002,219.940002,219.779998,219.779998,1748.0,HSY.NYSE-4-HOUR-LAST-EXTERNAL
2022-07-08 19:55:00,220.169998,220.169998,219.699996,219.820007,52556.0,HSY.NYSE-4-HOUR-LAST-EXTERNAL
2022-07-11 15:55:00,220.880004,220.970001,220.824996,220.970001,2250.0,HSY.NYSE-4-HOUR-LAST-EXTERNAL
2022-07-11 19:55:00,220.339996,220.649993,220.300003,220.649993,34063.0,HSY.NYSE-4-HOUR-LAST-EXTERNAL
2022-07-12 15:55:00,220.809997,220.809997,220.660003,220.744995,2161.0,HSY.NYSE-4-HOUR-LAST-EXTERNAL
2022-07-12 19:55:00,219.770004,220.210006,219.699996,220.119995,62058.0,HSY.NYSE-4-HOUR-LAST-EXTERNAL
2022-07-13 15:55:00,220.294998,220.449996,220.220001,220.220001,2633.0,HSY.NYSE-4-HOUR-LAST-EXTERNAL
2022-07-13 19:55:00,219.949996,220.11,219.720001,219.75,56869.0,HSY.NYSE-4-HOUR-LAST-EXTERNAL
2022-07-14 15:55:00,216.350006,216.589996,216.308197,216.449996,3392.0,HSY.NYSE-4-HOUR-LAST-EXTERNAL
2022-07-14 19:55:00,218.029998,218.154998,217.809997,217.86,40400.0,HSY.NYSE-4-HOUR-LAST-EXTERNAL
2022-07-15 15:55:00,216.824996,216.895004,216.824996,216.869995,3665.0,HSY.NYSE-4-HOUR-LAST-EXTERNAL
2022-07-15 19:55:00,216.789993,216.899993,216.61,216.869995,70226.0,HSY.NYSE-4-HOUR-LAST-EXTERNAL
2022-07-18 15:55:00,215.949996,216.130004,215.949996,216.009994,6801.0,HSY.NYSE-4-HOUR-LAST-EXTERNAL
2022-07-18 19:55:00,215.059997,215.279998,214.899993,215.070007,52851.0,HSY.NYSE-4-HOUR-LAST-EXTERNAL
2022-07-19 15:55:00,215.770004,215.800003,215.770004,215.779998,1864.0,HSY.NYSE-4-HOUR-LAST-EXTERNAL
2022-07-19 19:55:00,216.029998,216.320007,215.949996,216.11,72802.0,HSY.NYSE-4-HOUR-LAST-EXTERNAL
2022-07-20 15:55:00,215.820007,215.955001,215.740005,215.740005,4126.0,HSY.NYSE-4-HOUR-LAST-EXTERNAL
2022-07-20 19:55:00,215.244995,215.470001,215.160003,215.429992,60453.0,HSY.NYSE-4-HOUR-LAST-EXTERNAL
2022-07-21 15:55:00,215.020004,215.470001,215.020004,215.470001,5731.0,HSY.NYSE-4-HOUR-LAST-EXTERNAL
2022-07-21 19:55:00,215.619995,216.0,215.529998,215.970001,55125.0,HSY.NYSE-4-HOUR-LAST-EXTERNAL
2022-07-22 15:55:00,216.0,216.050003,215.940002,215.990005,10512.0,HSY.NYSE-4-HOUR-LAST-EXTERNAL
2022-07-22 19:55:00,215.654998,215.979995,215.649993,215.979995,85602.0,HSY.NYSE-4-HOUR-LAST-EXTERNAL
2022-07-25 15:55:00,217.845001,217.86,217.695007,217.850006,5459.0,HSY.NYSE-4-HOUR-LAST-EXTERNAL
2022-07-25 19:55:00,216.585006,217.080001,216.585006,216.86,82474.0,HSY.NYSE-4-HOUR-LAST-EXTERNAL
2022-07-26 15:55:00,216.009994,216.350006,215.979995,216.104995,25181.0,HSY.NYSE-4-HOUR-LAST-EXTERNAL
2022-07-26 19:55:00,218.054992,218.279998,217.979995,218.050003,77237.0,HSY.NYSE-4-HOUR-LAST-EXTERNAL
2022-07-27 15:55:00,215.910003,216.100006,215.910003,215.990005,4414.0,HSY.NYSE-4-HOUR-LAST-EXTERNAL
2022-07-27 19:55:00,218.220001,218.36,217.919998,217.919998,84787.0,HSY.NYSE-4-HOUR-LAST-EXTERNAL
2022-07-28 15:55:00,221.380004,221.460006,221.119995,221.119995,10203.0,HSY.NYSE-4-HOUR-LAST-EXTERNAL
2022-07-28 19:55:00,224.270004,224.389999,224.100006,224.229995,70981.0,HSY.NYSE-4-HOUR-LAST-EXTERNAL
2022-07-29 15:55:00,230.190002,230.289993,229.949996,229.960006,7387.0,HSY.NYSE-4-HOUR-LAST-EXTERNAL
2022-07-29 19:55:00,228.395004,228.395004,227.839996,227.970001,131507.0,HSY.NYSE-4-HOUR-LAST-EXTERNAL
2022-08-01 15:55:00,230.235,230.235,229.949996,230.050003,5325.0,HSY.NYSE-4-HOUR-LAST-EXTERNAL
2022-08-01 19:55:00,229.889999,229.970001,229.600006,229.729995,61725.0,HSY.NYSE-4-HOUR-LAST-EXTERNAL
2022-08-02 15:55:00,231.070007,231.080001,230.820007,231.0,7058.0,HSY.NYSE-4-HOUR-LAST-EXTERNAL
2022-08-02 19:55:00,228.919998,229.199996,228.899993,229.199996,77910.0,HSY.NYSE-4-HOUR-LAST-EXTERNAL
2022-08-03 15:55:00,226.699996,226.779998,226.660003,226.75,4803.0,HSY.NYSE-4-HOUR-LAST-EXTERNAL
2022-08-03 19:55:00,228.434997,228.464004,228.11,228.160003,80946.0,HSY.NYSE-4-HOUR-LAST-EXTERNAL
2022-08-04 15:55:00,227.479995,227.520004,227.399993,227.464996,1561.0,HSY.NYSE-4-HOUR-LAST-EXTERNAL
2022-08-04 19:55:00,225.240005,225.300003,225.050003,225.300003,66124.0,HSY.NYSE-4-HOUR-LAST-EXTERNAL
2022-08-05 15:55:00,224.240005,224.240005,224.089996,224.160003,2447.0,HSY.NYSE-4-HOUR-LAST-EXTERNAL
2022-08-05 19:55:00,226.820007,227.220001,226.774398,227.059997,68574.0,HSY.NYSE-4-HOUR-LAST-EXTERNAL
2022-08-08 15:55:00,226.970001,227.020004,226.770004,226.770004,2596.0,HSY.NYSE-4-HOUR-LAST-EXTERNAL
2022-08-08 19:55:00,226.330001,226.529998,226.300003,226.339996,49717.0,HSY.NYSE-4-HOUR-LAST-EXTERNAL
2022-08-09 15:55:00,228.740005,228.779998,228.529998,228.529998,1808.0,HSY.NYSE-4-HOUR-LAST-EXTERNAL
2022-08-09 19:55:00,228.320007,228.5,228.130004,228.440002,54501.0,HSY.NYSE-4-HOUR-LAST-EXTERNAL
2022-08-10 15:55:00,227.25,227.270004,227.100006,227.119995,1441.0,HSY.NYSE-4-HOUR-LAST-EXTERNAL
2022-08-10 19:55:00,226.380004,226.600006,226.335006,226.389999,59200.0,HSY.NYSE-4-HOUR-LAST-EXTERNAL
2022-08-11 15:55:00,227.300003,227.309997,227.187194,227.309997,1448.0,HSY.NYSE-4-HOUR-LAST-EXTERNAL
2022-08-11 19:55:00,225.440002,225.475006,225.020004,225.279998,60313.0,HSY.NYSE-4-HOUR-LAST-EXTERNAL
2022-08-12 15:55:00,224.880004,224.910003,224.75,224.779998,5398.0,HSY.NYSE-4-HOUR-LAST-EXTERNAL
2022-08-12 19:55:00,225.330001,225.990005,225.320007,225.740005,87175.0,HSY.NYSE-4-HOUR-LAST-EXTERNAL
2022-08-15 15:55:00,229.940002,230.270004,229.872894,230.070007,3047.0,HSY.NYSE-4-HOUR-LAST-EXTERNAL
2022-08-15 19:55:00,229.86,230.350006,229.729995,230.330001,102114.0,HSY.NYSE-4-HOUR-LAST-EXTERNAL
2022-08-16 15:55:00,230.61,230.720001,230.601303,230.649993,1409.0,HSY.NYSE-4-HOUR-LAST-EXTERNAL
2022-08-16 19:55:00,230.880004,230.880004,230.410003,230.720001,25180.0,HSY.NYSE-4-HOUR-LAST-EXTERNAL
2022-08-17 15:55:00,230.559997,230.559997,230.309997,230.529998,3997.0,HSY.NYSE-4-HOUR-LAST-EXTERNAL
2022-08-17 19:55:00,230.474105,230.554992,230.25,230.479995,36084.0,HSY.NYSE-4-HOUR-LAST-EXTERNAL
2022-08-18 15:55:00,229.699996,229.699996,229.464996,229.464996,3772.0,HSY.NYSE-4-HOUR-LAST-EXTERNAL
2022-08-18 19:55:00,230.809997,230.809997,230.369995,230.720001,59474.0,HSY.NYSE-4-HOUR-LAST-EXTERNAL
2022-08-19 15:55:00,232.475006,232.660003,232.429992,232.660003,10798.0,HSY.NYSE-4-HOUR-LAST-EXTERNAL
2022-08-19 19:55:00,233.050003,233.410003,232.979995,233.169998,52584.0,HSY.NYSE-4-HOUR-LAST-EXTERNAL
2022-08-22 15:55:00,231.699996,231.699996,231.240005,231.309997,4214.0,HSY.NYSE-4-HOUR-LAST-EXTERNAL
2022-08-22 19:55:00,231.389999,231.479995,231.100006,231.449996,47714.0,HSY.NYSE-4-HOUR-LAST-EXTERNAL
2022-08-23 15:55:00,232.139999,232.333602,232.130004,232.333602,5488.0,HSY.NYSE-4-HOUR-LAST-EXTERNAL
2022-08-23 19:55:00,232.699996,232.779998,232.539993,232.550003,41178.0,HSY.NYSE-4-HOUR-LAST-EXTERNAL
2022-08-24 15:55:00,234.5,234.5,234.399993,234.429992,3496.0,HSY.NYSE-4-HOUR-LAST-EXTERNAL
2022-08-24 19:55:00,233.345001,233.490005,233.210006,233.389999,33901.0,HSY.NYSE-4-HOUR-LAST-EXTERNAL
2022-08-25 15:55:00,231.527801,231.595001,231.485,231.544998,1573.0,HSY.NYSE-4-HOUR-LAST-EXTERNAL
2022-08-25 19:55:00,232.998001,233.440002,232.962005,233.429992,32541.0,HSY.NYSE-4-HOUR-LAST-EXTERNAL
2022-08-26 15:55:00,231.199996,231.240005,231.199996,231.240005,1425.0,HSY.NYSE-4-HOUR-LAST-EXTERNAL
2022-08-26 19:55:00,228.389999,228.820007,228.389999,228.720001,56113.0,HSY.NYSE-4-HOUR-LAST-EXTERNAL
2022-08-29 15:55:00,227.36,227.490005,227.324996,227.485,2835.0,HSY.NYSE-4-HOUR-LAST-EXTERNAL
2022-08-29 19:55:00,227.960006,228.0,227.770004,227.919998,60517.0,HSY.NYSE-4-HOUR-LAST-EXTERNAL
2022-08-30 15:55:00,227.86,227.899993,227.729995,227.899993,2930.0,HSY.NYSE-4-HOUR-LAST-EXTERNAL
2022-08-30 19:55:00,225.970001,226.369995,225.869995,226.25,47559.0,HSY.NYSE-4-HOUR-LAST-EXTERNAL
2022-08-31 15:55:00,227.309997,227.509994,227.309997,227.479995,4868.0,HSY.NYSE-4-HOUR-LAST-EXTERNAL
2022-08-31 19:55:00,225.529998,225.600006,224.649993,224.660003,71774.0,HSY.NYSE-4-HOUR-LAST-EXTERNAL
2022-09-01 15:55:00,226.759994,226.789993,226.605895,226.720001,5702.0,HSY.NYSE-4-HOUR-LAST-EXTERNAL
2022-09-01 19:55:00,226.919998,227.589996,226.899993,227.539993,68889.0,HSY.NYSE-4-HOUR-LAST-EXTERNAL
2022-09-02 15:55:00,228.389999,228.440002,228.190002,228.235,2625.0,HSY.NYSE-4-HOUR-LAST-EXTERNAL
2022-09-02 19:55:00,223.929992,224.130004,223.830001,224.130004,58375.0,HSY.NYSE-4-HOUR-LAST-EXTERNAL
2022-09-06 15:55:00,224.809997,225.149993,224.809997,224.949996,5876.0,HSY.NYSE-4-HOUR-LAST-EXTERNAL
2022-09-06 19:55:00,222.75,222.889999,222.339996,222.889999,102907.0,HSY.NYSE-4-HOUR-LAST-EXTERNAL
2022-09-07 15:55:00,226.279998,226.380004,226.070007,226.080001,4067.0,HSY.NYSE-4-HOUR-LAST-EXTERNAL
2022-09-07 19:55:00,228.520004,228.550003,227.960006,228.410003,63381.0,HSY.NYSE-4-HOUR-LAST-EXTERNAL
2022-09-08 15:55:00,225.559997,225.740005,225.529998,225.720001,3937.0,HSY.NYSE-4-HOUR-LAST-EXTERNAL
2022-09-08 19:55:00,225.470001,225.639999,225.289993,225.479995,54498.0,HSY.NYSE-4-HOUR-LAST-EXTERNAL
2022-09-09 15:55:00,225.75,225.789993,225.625,225.625,2804.0,HSY.NYSE-4-HOUR-LAST-EXTERNAL
2022-09-09 19:55:00,226.490005,226.490005,226.160003,226.229995,52717.0,HSY.NYSE-4-HOUR-LAST-EXTERNAL
2022-09-12 15:55:00,227.020004,227.077804,226.690093,227.077804,5662.0,HSY.NYSE-4-HOUR-LAST-EXTERNAL
2022-09-12 19:55:00,227.320007,227.61,226.979995,227.169998,60964.0,HSY.NYSE-4-HOUR-LAST-EXTERNAL
2022-09-13 15:55:00,225.589996,225.589996,225.375,225.460006,4676.0,HSY.NYSE-4-HOUR-LAST-EXTERNAL
2022-09-13 19:55:00,222.708694,223.410003,222.690002,222.86,75097.0,HSY.NYSE-4-HOUR-LAST-EXTERNAL
2022-09-14 15:55:00,221.869995,222.054992,221.800003,221.800003,3044.0,HSY.NYSE-4-HOUR-LAST-EXTERNAL
2022-09-14 19:55:00,221.770004,221.910003,221.440002,221.75,61804.0,HSY.NYSE-4-HOUR-LAST-EXTERNAL
2022-09-15 15:55:00,219.044998,219.089996,218.824996,218.940002,7232.0,HSY.NYSE-4-HOUR-LAST-EXTERNAL
2022-09-15 19:55:00,219.929992,220.259994,219.604995,219.630004,73133.0,HSY.NYSE-4-HOUR-LAST-EXTERNAL
2022-09-16 15:55:00,220.0,220.099899,219.850006,220.099899,4295.0,HSY.NYSE-4-HOUR-LAST-EXTERNAL
2022-09-16 19:55:00,219.470001,219.940002,219.449996,219.899993,85226.0,HSY.NYSE-4-HOUR-LAST-EXTERNAL
2022-09-19 15:55:00,221.639999,221.649993,221.460006,221.604995,10448.0,HSY.NYSE-4-HOUR-LAST-EXTERNAL
2022-09-19 19:55:00,223.039993,223.100006,222.730102,222.830001,51300.0,HSY.NYSE-4-HOUR-LAST-EXTERNAL
2022-09-20 15:55:00,221.324996,221.36,221.240005,221.279998,3621.0,HSY.NYSE-4-HOUR-LAST-EXTERNAL
2022-09-20 19:55:00,222.800003,222.979995,222.429992,222.529998,61811.0,HSY.NYSE-4-HOUR-LAST-EXTERNAL
2022-09-21 15:55:00,225.61,225.61,225.389999,225.460006,6703.0,HSY.NYSE-4-HOUR-LAST-EXTERNAL
2022-09-21 19:55:00,224.130004,224.134994,223.440002,223.449996,71250.0,HSY.NYSE-4-HOUR-LAST-EXTERNAL
2022-09-22 15:55:00,224.789993,224.850006,224.570007,224.639999,3104.0,HSY.NYSE-4-HOUR-LAST-EXTERNAL
2022-09-22 19:55:00,226.074996,226.095001,225.5,225.61,90384.0,HSY.NYSE-4-HOUR-LAST-EXTERNAL
2022-09-23 15:55:00,223.5,223.544998,223.145004,223.229995,3632.0,HSY.NYSE-4-HOUR-LAST-EXTERNAL
2022-09-23 19:55:00,223.910003,224.130004,223.425003,223.949996,101091.0,HSY.NYSE-4-HOUR-LAST-EXTERNAL
2022-09-26 15:55:00,225.820007,226.375,225.820007,226.259994,7214.0,HSY.NYSE-4-HOUR-LAST-EXTERNAL
2022-09-26 19:55:00,224.919998,224.919998,223.729995,223.789993,75826.0,HSY.NYSE-4-HOUR-LAST-EXTERNAL
2022-09-27 15:55:00,223.140304,223.300003,223.140304,223.220001,3859.0,HSY.NYSE-4-HOUR-LAST-EXTERNAL
2022-09-27 19:55:00,221.779998,222.005004,221.279998,221.460006,62227.0,HSY.NYSE-4-HOUR-LAST-EXTERNAL
2022-09-28 15:55:00,223.940002,224.179992,223.940002,224.11,4278.0,HSY.NYSE-4-HOUR-LAST-EXTERNAL
2022-09-28 19:55:00,226.839996,226.850006,226.149993,226.380004,92775.0,HSY.NYSE-4-HOUR-LAST-EXTERNAL
2022-09-29 15:55:00,224.699996,224.770004,224.464996,224.464996,9339.0,HSY.NYSE-4-HOUR-LAST-EXTERNAL
2022-09-29 19:55:00,223.880004,224.145004,223.669998,223.800003,80219.0,HSY.NYSE-4-HOUR-LAST-EXTERNAL
2022-09-30 15:55:00,222.580001,222.850006,222.565002,222.847503,4168.0,HSY.NYSE-4-HOUR-LAST-EXTERNAL
2022-09-30 19:55:00,220.960006,220.990005,220.119995,220.529998,194400.0,HSY.NYSE-4-HOUR-LAST-EXTERNAL
2022-10-03 15:55:00,221.929992,222.080001,221.830001,221.880004,8280.0,HSY.NYSE-4-HOUR-LAST-EXTERNAL
2022-10-03 19:55:00,224.740005,224.740005,224.36,224.570007,73886.0,HSY.NYSE-4-HOUR-LAST-EXTERNAL
2022-10-04 15:55:00,225.0,225.139999,224.968002,225.139999,3544.0,HSY.NYSE-4-HOUR-LAST-EXTERNAL
2022-10-04 19:55:00,225.729995,225.869995,225.449996,225.679992,103961.0,HSY.NYSE-4-HOUR-LAST-EXTERNAL
2022-10-05 15:55:00,223.25,223.399993,223.210006,223.210006,8769.0,HSY.NYSE-4-HOUR-LAST-EXTERNAL
2022-10-05 19:55:00,225.039993,225.289993,224.779998,225.11,54270.0,HSY.NYSE-4-HOUR-LAST-EXTERNAL
2022-10-06 15:55:00,223.369995,223.410003,222.639999,222.660003,6273.0,HSY.NYSE-4-HOUR-LAST-EXTERNAL
2022-10-06 19:55:00,221.070007,221.270004,220.61,220.61,64176.0,HSY.NYSE-4-HOUR-LAST-EXTERNAL
2022-10-07 15:55:00,220.389999,220.505004,220.350006,220.470001,3417.0,HSY.NYSE-4-HOUR-LAST-EXTERNAL
2022-10-07 19:55:00,220.460006,220.649993,220.195007,220.520004,63698.0,HSY.NYSE-4-HOUR-LAST-EXTERNAL
2022-10-10 15:55:00,222.75,222.75,222.524993,222.524993,2109.0,HSY.NYSE-4-HOUR-LAST-EXTERNAL
2022-10-10 19:55:00,223.779998,223.970001,223.516693,223.660003,54708.0,HSY.NYSE-4-HOUR-LAST-EXTERNAL
2022-10-11 15:55:00,226.210006,226.350006,226.210006,226.259994,4180.0,HSY.NYSE-4-HOUR-LAST-EXTERNAL
2022-10-11 19:55:00,225.369995,225.755004,225.289993,225.449996,76791.0,HSY.NYSE-4-HOUR-LAST-EXTERNAL
2022-10-12 15:55:00,226.5,226.5,226.179992,226.410003,7539.0,HSY.NYSE-4-HOUR-LAST-EXTERNAL
2022-10-12 19:55:00,224.830001,224.880004,224.475006,224.539993,101925.0,HSY.NYSE-4-HOUR-LAST-EXTERNAL
2022-10-13 15:55:00,226.320007,226.600006,226.320007,226.497192,5792.0,HSY.NYSE-4-HOUR-LAST-EXTERNAL
2022-10-13 19:55:00,227.990005,228.089996,227.729995,227.809997,68024.0,HSY.NYSE-4-HOUR-LAST-EXTERNAL
2022-10-14 15:55:00,224.440002,224.440002,224.369995,224.369995,1296.0,HSY.NYSE-4-HOUR-LAST-EXTERNAL
2022-10-14 19:55:00,223.11,223.11,222.399993,222.75,104065.0,HSY.NYSE-4-HOUR-LAST-EXTERNAL
2022-10-17 15:55:00,224.330001,224.36,224.25,224.309997,3470.0,HSY.NYSE-4-HOUR-LAST-EXTERNAL
2022-10-17 19:55:00,225.720001,225.789993,225.307098,225.75,84904.0,HSY.NYSE-4-HOUR-LAST-EXTERNAL
2022-10-18 15:55:00,226.080001,226.080001,225.899993,225.949996,4828.0,HSY.NYSE-4-HOUR-LAST-EXTERNAL
2022-10-18 19:55:00,226.419998,227.380004,226.25,227.25,148148.0,HSY.NYSE-4-HOUR-LAST-EXTERNAL
2022-10-19 15:55:00,225.270004,225.399993,225.190002,225.399993,5376.0,HSY.NYSE-4-HOUR-LAST-EXTERNAL
2022-10-19 19:55:00,226.119995,226.389999,226.020004,226.36,63442.0,HSY.NYSE-4-HOUR-LAST-EXTERNAL
2022-10-20 15:55:00,226.270004,226.279998,225.929992,225.929992,5512.0,HSY.NYSE-4-HOUR-LAST-EXTERNAL
2022-10-20 19:55:00,224.75,224.770004,224.61,224.710006,62530.0,HSY.NYSE-4-HOUR-LAST-EXTERNAL
2022-10-21 15:55:00,226.054992,226.350006,226.054992,226.339996,2414.0,HSY.NYSE-4-HOUR-LAST-EXTERNAL
2022-10-21 19:55:00,227.830001,228.389999,227.779998,228.300003,90057.0,HSY.NYSE-4-HOUR-LAST-EXTERNAL
2022-10-24 15:55:00,230.789993,230.949996,230.684997,230.949996,2328.0,HSY.NYSE-4-HOUR-LAST-EXTERNAL
2022-10-24 19:55:00,231.479995,232.11,231.479995,232.059997,63733.0,HSY.NYSE-4-HOUR-LAST-EXTERNAL
2022-10-25 15:55:00,233.940002,233.994995,233.490005,233.660003,23086.0,HSY.NYSE-4-HOUR-LAST-EXTERNAL
2022-10-25 19:55:00,233.899993,234.130004,233.86,234.119995,61263.0,HSY.NYSE-4-HOUR-LAST-EXTERNAL
2022-10-26 15:55:00,235.890197,235.914306,235.5,235.729995,5505.0,HSY.NYSE-4-HOUR-LAST-EXTERNAL
2022-10-26 19:55:00,233.039993,233.039993,232.570007,232.809997,72970.0,HSY.NYSE-4-HOUR-LAST-EXTERNAL
2022-10-27 15:55:00,234.869995,234.999206,234.779998,234.951095,2611.0,HSY.NYSE-4-HOUR-LAST-EXTERNAL
2022-10-27 19:55:00,234.380004,234.729995,234.220001,234.61,131243.0,HSY.NYSE-4-HOUR-LAST-EXTERNAL
2022-10-28 15:55:00,239.759994,239.910003,239.660003,239.660003,1914.0,HSY.NYSE-4-HOUR-LAST-EXTERNAL
2022-10-28 19:55:00,239.839996,240.020004,239.570007,239.929992,95030.0,HSY.NYSE-4-HOUR-LAST-EXTERNAL
2022-10-31 15:55:00,241.25,241.339996,240.589996,240.720001,8059.0,HSY.NYSE-4-HOUR-LAST-EXTERNAL
2022-10-31 19:55:00,238.880004,238.979995,238.699996,238.899993,101776.0,HSY.NYSE-4-HOUR-LAST-EXTERNAL
2022-11-01 15:55:00,238.669998,238.740005,238.509994,238.589996,4415.0,HSY.NYSE-4-HOUR-LAST-EXTERNAL
2022-11-01 19:55:00,237.740005,237.899993,237.690002,237.770004,72785.0,HSY.NYSE-4-HOUR-LAST-EXTERNAL
2022-11-02 15:55:00,237.119995,237.300003,237.119995,237.149993,5695.0,HSY.NYSE-4-HOUR-LAST-EXTERNAL
2022-11-02 19:55:00,235.160003,235.419998,234.979995,234.979995,81768.0,HSY.NYSE-4-HOUR-LAST-EXTERNAL
2022-11-03 15:55:00,234.475006,234.820007,234.356201,234.819305,7725.0,HSY.NYSE-4-HOUR-LAST-EXTERNAL
2022-11-03 19:55:00,231.934997,232.279998,231.630004,232.149993,159947.0,HSY.NYSE-4-HOUR-LAST-EXTERNAL
2022-11-04 15:55:00,228.740005,229.100006,227.839996,227.899993,29400.0,HSY.NYSE-4-HOUR-LAST-EXTERNAL
2022-11-04 19:55:00,228.350006,229.199996,228.220001,229.179992,143196.0,HSY.NYSE-4-HOUR-LAST-EXTERNAL
2022-11-07 15:55:00,230.320007,230.320007,229.949996,229.949996,9545.0,HSY.NYSE-4-HOUR-LAST-EXTERNAL
2022-11-07 19:55:00,228.389999,228.410003,228.210006,228.285003,13644.0,HSY.NYSE-4-HOUR-LAST-EXTERNAL
2022-11-07 21:00:00,229.300003,229.300003,229.300003,229.300003,106641.0,HSY.NYSE-4-HOUR-LAST-EXTERNAL
2022-11-08 15:55:00,232.61,232.75,232.570007,232.75,6433.0,HSY.NYSE-4-HOUR-LAST-EXTERNAL
2022-11-08 19:55:00,230.404998,230.539993,230.259994,230.419998,10369.0,HSY.NYSE-4-HOUR-LAST-EXTERNAL
2022-11-08 21:00:00,231.070007,231.070007,231.070007,231.070007,116663.0,HSY.NYSE-4-HOUR-LAST-EXTERNAL
2022-11-09 15:55:00,231.580001,231.679992,231.380004,231.529998,6850.0,HSY.NYSE-4-HOUR-LAST-EXTERNAL
2022-11-09 19:55:00,230.729995,230.880004,230.649993,230.880004,5530.0,HSY.NYSE-4-HOUR-LAST-EXTERNAL
2022-11-09 21:00:00,230.720001,230.720001,230.720001,230.720001,107785.0,HSY.NYSE-4-HOUR-LAST-EXTERNAL
2022-11-10 15:55:00,228.779998,228.869995,228.320007,228.320007,13682.0,HSY.NYSE-4-HOUR-LAST-EXTERNAL
2022-11-10 19:55:00,223.931503,224.139999,223.865005,224.080001,14220.0,HSY.NYSE-4-HOUR-LAST-EXTERNAL
2022-11-10 21:00:00,226.300003,226.300003,226.300003,226.300003,172913.0,HSY.NYSE-4-HOUR-LAST-EXTERNAL
2022-11-11 15:55:00,212.960006,213.565002,212.0,212.0,39497.0,HSY.NYSE-4-HOUR-LAST-EXTERNAL
2022-11-11 19:55:00,217.679992,218.440002,217.649993,218.259994,27017.0,HSY.NYSE-4-HOUR-LAST-EXTERNAL
2022-11-11 21:00:00,218.880004,218.880004,218.880004,218.880004,189610.0,HSY.NYSE-4-HOUR-LAST-EXTERNAL
2022-11-14 15:55:00,221.11,221.145004,220.75,221.009994,10608.0,HSY.NYSE-4-HOUR-LAST-EXTERNAL
2022-11-14 19:55:00,220.449996,220.520004,220.235,220.320007,9491.0,HSY.NYSE-4-HOUR-LAST-EXTERNAL
2022-11-14 21:00:00,218.119995,218.119995,218.119995,218.119995,115044.0,HSY.NYSE-4-HOUR-LAST-EXTERNAL
2022-11-15 15:55:00,217.559997,217.735992,216.720092,216.779998,12964.0,HSY.NYSE-4-HOUR-LAST-EXTERNAL
2022-11-15 19:55:00,217.080001,217.479904,217.080001,217.229995,10211.0,HSY.NYSE-4-HOUR-LAST-EXTERNAL
2022-11-15 21:00:00,217.309997,217.309997,217.309997,217.309997,100736.0,HSY.NYSE-4-HOUR-LAST-EXTERNAL
2022-11-16 15:55:00,224.740005,224.919692,224.714996,224.919692,12990.0,HSY.NYSE-4-HOUR-LAST-EXTERNAL
2022-11-16 19:55:00,223.945007,224.035293,223.850006,224.035003,6666.0,HSY.NYSE-4-HOUR-LAST-EXTERNAL
2022-11-16 21:00:00,223.149993,223.149993,223.149993,223.149993,106727.0,HSY.NYSE-4-HOUR-LAST-EXTERNAL
2022-11-17 15:55:00,222.955001,223.080001,222.839996,222.944793,4704.0,HSY.NYSE-4-HOUR-LAST-EXTERNAL
2022-11-17 19:55:00,221.619995,221.729995,221.619995,221.679992,3287.0,HSY.NYSE-4-HOUR-LAST-EXTERNAL
2022-11-17 21:00:00,221.619995,221.619995,221.619995,221.619995,78718.0,HSY.NYSE-4-HOUR-LAST-EXTERNAL
2022-11-18 15:55:00,223.994995,223.994995,223.679992,223.690002,5354.0,HSY.NYSE-4-HOUR-LAST-EXTERNAL
2022-11-18 19:55:00,224.580001,224.669998,224.509994,224.600006,5350.0,HSY.NYSE-4-HOUR-LAST-EXTERNAL
2022-11-18 21:00:00,225.210006,225.210006,225.210006,225.210006,131944.0,HSY.NYSE-4-HOUR-LAST-EXTERNAL
2022-11-21 15:55:00,230.490005,231.160003,230.020004,231.160003,16341.0,HSY.NYSE-4-HOUR-LAST-EXTERNAL
2022-11-21 19:55:00,231.654998,231.830001,231.649993,231.800003,12600.0,HSY.NYSE-4-HOUR-LAST-EXTERNAL
2022-11-21 21:00:00,232.130004,232.130004,232.130004,232.130004,92815.0,HSY.NYSE-4-HOUR-LAST-EXTERNAL
2022-11-22 15:55:00,232.070007,232.559997,231.985,232.559997,11127.0,HSY.NYSE-4-HOUR-LAST-EXTERNAL
2022-11-22 19:55:00,232.220001,232.320007,231.940002,231.949996,25306.0,HSY.NYSE-4-HOUR-LAST-EXTERNAL
2022-11-22 21:00:00,232.190002,232.190002,232.190002,232.190002,90853.0,HSY.NYSE-4-HOUR-LAST-EXTERNAL
2022-11-23 15:55:00,232.160003,232.160003,231.800003,231.800003,5397.0,HSY.NYSE-4-HOUR-LAST-EXTERNAL
2022-11-23 19:55:00,231.800003,231.969894,231.800003,231.869995,2255.0,HSY.NYSE-4-HOUR-LAST-EXTERNAL
2022-11-23 21:00:00,232.169998,232.169998,232.169998,232.169998,57533.0,HSY.NYSE-4-HOUR-LAST-EXTERNAL
2022-11-25 15:55:00,232.429992,232.539993,232.259994,232.282501,5112.0,HSY.NYSE-4-HOUR-LAST-EXTERNAL
2022-11-25 18:00:00,233.759994,233.759994,233.759994,233.759994,2300.0,HSY.NYSE-4-HOUR-LAST-EXTERNAL
2022-11-28 15:55:00,232.800003,233.155593,232.779998,233.130004,5669.0,HSY.NYSE-4-HOUR-LAST-EXTERNAL
2022-11-28 19:55:00,232.61,232.759994,232.600006,232.630004,4358.0,HSY.NYSE-4-HOUR-LAST-EXTERNAL
2022-11-28 21:00:00,232.630004,232.630004,232.630004,232.630004,65907.0,HSY.NYSE-4-HOUR-LAST-EXTERNAL
2022-11-29 15:55:00,229.36,229.550796,229.225006,229.5,8439.0,HSY.NYSE-4-HOUR-LAST-EXTERNAL
2022-11-29 19:55:00,229.339996,229.429992,229.300003,229.429992,18566.0,HSY.NYSE-4-HOUR-LAST-EXTERNAL
2022-11-29 21:00:00,230.490005,230.490005,230.490005,230.490005,73822.0,HSY.NYSE-4-HOUR-LAST-EXTERNAL
2022-11-30 15:55:00,230.720001,230.720001,230.520004,230.529998,5106.0,HSY.NYSE-4-HOUR-LAST-EXTERNAL
2022-11-30 19:55:00,232.570007,232.669998,232.429992,232.550003,5960.0,HSY.NYSE-4-HOUR-LAST-EXTERNAL
2022-11-30 21:00:00,235.169998,235.169998,235.169998,235.169998,173438.0,HSY.NYSE-4-HOUR-LAST-EXTERNAL
2022-12-01 15:55:00,232.839996,233.089996,232.839996,232.86,10725.0,HSY.NYSE-4-HOUR-LAST-EXTERNAL
2022-12-01 19:55:00,232.389999,232.470001,232.270004,232.460006,5747.0,HSY.NYSE-4-HOUR-LAST-EXTERNAL
2022-12-01 21:00:00,231.880004,231.880004,231.880004,231.880004,116500.0,HSY.NYSE-4-HOUR-LAST-EXTERNAL
2022-12-02 15:55:00,232.190002,232.460006,232.190002,232.419998,5366.0,HSY.NYSE-4-HOUR-LAST-EXTERNAL
2022-12-02 19:55:00,233.75,234.270004,233.75,234.195007,6785.0,HSY.NYSE-4-HOUR-LAST-EXTERNAL
2022-12-02 21:00:00,234.729995,234.729995,234.729995,234.729995,52359.0,HSY.NYSE-4-HOUR-LAST-EXTERNAL
2022-12-05 15:55:00,233.115203,233.115203,232.639999,232.675003,5728.0,HSY.NYSE-4-HOUR-LAST-EXTERNAL
2022-12-05 19:55:00,233.059997,233.190002,233.020004,233.119995,3614.0,HSY.NYSE-4-HOUR-LAST-EXTERNAL
2022-12-05 21:00:00,233.25,233.25,233.25,233.25,54660.0,HSY.NYSE-4-HOUR-LAST-EXTERNAL
2022-12-06 15:55:00,233.660003,233.660003,233.410003,233.479995,4081.0,HSY.NYSE-4-HOUR-LAST-EXTERNAL
2022-12-06 19:55:00,231.160003,231.199996,231.11,231.139999,3027.0,HSY.NYSE-4-HOUR-LAST-EXTERNAL
2022-12-06 21:00:00,232.559997,232.559997,232.559997,232.559997,122964.0,HSY.NYSE-4-HOUR-LAST-EXTERNAL
2022-12-07 15:55:00,235.550003,235.880004,235.550003,235.770004,5753.0,HSY.NYSE-4-HOUR-LAST-EXTERNAL
2022-12-07 19:55:00,236.289993,236.289993,235.960006,235.970001,12261.0,HSY.NYSE-4-HOUR-LAST-EXTERNAL
2022-12-07 21:00:00,236.690002,236.690002,236.690002,236.690002,67600.0,HSY.NYSE-4-HOUR-LAST-EXTERNAL
2022-12-08 15:55:00,240.300003,240.309997,240.070007,240.119995,6261.0,HSY.NYSE-4-HOUR-LAST-EXTERNAL
2022-12-08 19:55:00,240.119995,240.139999,239.960006,239.979995,5127.0,HSY.NYSE-4-HOUR-LAST-EXTERNAL
2022-12-08 21:00:00,241.309997,241.309997,241.309997,241.309997,97977.0,HSY.NYSE-4-HOUR-LAST-EXTERNAL
2022-12-09 15:55:00,241.039993,241.039993,240.235198,240.440002,16343.0,HSY.NYSE-4-HOUR-LAST-EXTERNAL
2022-12-09 19:55:00,238.514999,238.639999,238.470001,238.639999,5237.0,HSY.NYSE-4-HOUR-LAST-EXTERNAL
2022-12-09 21:00:00,236.770004,236.770004,236.770004,236.770004,105664.0,HSY.NYSE-4-HOUR-LAST-EXTERNAL
2022-12-12 15:55:00,236.089996,236.350006,236.089996,236.229995,8616.0,HSY.NYSE-4-HOUR-LAST-EXTERNAL
2022-12-12 19:55:00,237.544998,237.824996,237.544998,237.75,5793.0,HSY.NYSE-4-HOUR-LAST-EXTERNAL
2022-12-12 21:00:00,239.289993,239.289993,239.289993,239.289993,132768.0,HSY.NYSE-4-HOUR-LAST-EXTERNAL
2022-12-13 15:55:00,236.485,236.699996,236.380004,236.380004,6663.0,HSY.NYSE-4-HOUR-LAST-EXTERNAL
2022-12-13 19:55:00,236.399993,236.410003,236.11,236.289993,9843.0,HSY.NYSE-4-HOUR-LAST-EXTERNAL
2022-12-13 21:00:00,236.330001,236.330001,236.330001,236.330001,62829.0,HSY.NYSE-4-HOUR-LAST-EXTERNAL
2022-12-14 15:55:00,239.25,239.324996,238.830001,239.050003,5204.0,HSY.NYSE-4-HOUR-LAST-EXTERNAL
2022-12-14 19:55:00,236.009994,236.529998,235.970001,236.529998,6452.0,HSY.NYSE-4-HOUR-LAST-EXTERNAL
2022-12-14 21:00:00,236.009994,236.009994,236.009994,236.009994,60044.0,HSY.NYSE-4-HOUR-LAST-EXTERNAL
2022-12-15 15:55:00,234.070007,234.070007,233.460006,233.589996,3668.0,HSY.NYSE-4-HOUR-LAST-EXTERNAL
2022-12-15 19:55:00,234.039993,234.139999,233.889999,233.929992,6956.0,HSY.NYSE-4-HOUR-LAST-EXTERNAL
2022-12-15 21:00:00,234.139999,234.139999,234.139999,234.139999,73786.0,HSY.NYSE-4-HOUR-LAST-EXTERNAL
2022-12-16 15:55:00,233.619995,233.794998,233.520004,233.794998,4144.0,HSY.NYSE-4-HOUR-LAST-EXTERNAL
2022-12-16 19:55:00,235.029998,235.410003,235.009994,235.309997,11158.0,HSY.NYSE-4-HOUR-LAST-EXTERNAL
2022-12-16 21:00:00,235.0,235.0,235.0,235.0,76632.0,HSY.NYSE-4-HOUR-LAST-EXTERNAL
2022-12-19 15:55:00,237.559997,237.699996,237.375,237.434997,21281.0,HSY.NYSE-4-HOUR-LAST-EXTERNAL
2022-12-19 19:55:00,233.880004,233.940002,233.759994,233.889999,2590.0,HSY.NYSE-4-HOUR-LAST-EXTERNAL
2022-12-19 21:00:00,234.889999,234.889999,234.889999,234.889999,33848.0,HSY.NYSE-4-HOUR-LAST-EXTERNAL
2022-12-20 15:55:00,234.86,235.259994,234.699996,234.699996,8461.0,HSY.NYSE-4-HOUR-LAST-EXTERNAL
2022-12-20 19:55:00,234.361999,234.369995,234.009994,234.039993,3802.0,HSY.NYSE-4-HOUR-LAST-EXTERNAL
2022-12-20 21:00:00,233.649993,233.649993,233.649993,233.649993,76654.0,HSY.NYSE-4-HOUR-LAST-EXTERNAL
2022-12-21 15:55:00,236.36,236.520004,236.240005,236.419998,3632.0,HSY.NYSE-4-HOUR-LAST-EXTERNAL
2022-12-21 19:55:00,235.175003,235.289993,235.080001,235.289993,3572.0,HSY.NYSE-4-HOUR-LAST-EXTERNAL
2022-12-21 21:00:00,234.979995,234.979995,234.979995,234.979995,34497.0,HSY.NYSE-4-HOUR-LAST-EXTERNAL
2022-12-22 15:55:00,235.279998,235.320007,235.11,235.240005,6327.0,HSY.NYSE-4-HOUR-LAST-EXTERNAL
2022-12-22 19:55:00,234.369995,234.779998,234.339996,234.690002,13206.0,HSY.NYSE-4-HOUR-LAST-EXTERNAL
2022-12-22 21:00:00,234.929992,234.929992,234.929992,234.929992,33379.0,HSY.NYSE-4-HOUR-LAST-EXTERNAL
2022-12-23 15:55:00,234.880004,234.940002,234.804992,234.910003,1812.0,HSY.NYSE-4-HOUR-LAST-EXTERNAL
2022-12-23 19:55:00,235.679992,235.789993,235.679992,235.740005,2605.0,HSY.NYSE-4-HOUR-LAST-EXTERNAL
2022-12-23 21:00:00,235.880004,235.880004,235.880004,235.880004,38167.0,HSY.NYSE-4-HOUR-LAST-EXTERNAL
2022-12-27 15:55:00,235.960006,236.0,235.789993,235.789993,1704.0,HSY.NYSE-4-HOUR-LAST-EXTERNAL
2022-12-27 19:55:00,235.742401,235.869995,235.690002,235.869995,5435.0,HSY.NYSE-4-HOUR-LAST-EXTERNAL
2022-12-27 21:00:00,235.729995,235.729995,235.729995,235.729995,49188.0,HSY.NYSE-4-HOUR-LAST-EXTERNAL
2022-12-28 15:55:00,234.740005,234.86,234.595001,234.595001,3613.0,HSY.NYSE-4-HOUR-LAST-EXTERNAL
2022-12-28 19:55:00,234.520004,234.580001,234.369995,234.404998,2723.0,HSY.NYSE-4-HOUR-LAST-EXTERNAL
2022-12-28 21:00:00,232.869995,232.869995,232.869995,232.869995,34722.0,HSY.NYSE-4-HOUR-LAST-EXTERNAL
2022-12-29 15:55:00,232.670196,232.800003,232.539993,232.729995,5647.0,HSY.NYSE-4-HOUR-LAST-EXTERNAL
2022-12-29 19:55:00,233.240005,233.309997,233.229995,233.240005,1818.0,HSY.NYSE-4-HOUR-LAST-EXTERNAL
2022-12-29 21:00:00,233.25,233.25,233.25,233.25,42897.0,HSY.NYSE-4-HOUR-LAST-EXTERNAL
2022-12-30 15:55:00,230.949996,231.320007,230.940002,231.300003,5103.0,HSY.NYSE-4-HOUR-LAST-EXTERNAL
2022-12-30 19:55:00,229.949996,230.059997,229.949996,230.059997,2086.0,HSY.NYSE-4-HOUR-LAST-EXTERNAL
2022-12-30 21:00:00,231.570007,231.570007,231.570007,231.570007,31382.0,HSY.NYSE-4-HOUR-LAST-EXTERNAL
2023-01-03 15:55:00,227.550003,227.910003,227.5,227.809997,13385.0,HSY.NYSE-4-HOUR-LAST-EXTERNAL
2023-01-03 19:55:00,226.065002,226.229995,225.979995,226.119995,9228.0,HSY.NYSE-4-HOUR-LAST-EXTERNAL
2023-01-03 21:00:00,226.929992,226.929992,226.929992,226.929992,83055.0,HSY.NYSE-4-HOUR-LAST-EXTERNAL
2023-01-04 15:55:00,222.509994,222.979995,222.5,222.964996,7458.0,HSY.NYSE-4-HOUR-LAST-EXTERNAL
2023-01-04 19:55:00,221.919998,222.369995,221.910003,222.350006,10654.0,HSY.NYSE-4-HOUR-LAST-EXTERNAL
2023-01-04 21:00:00,223.270004,223.270004,223.270004,223.270004,113842.0,HSY.NYSE-4-HOUR-LAST-EXTERNAL
2023-01-05 15:55:00,222.720001,223.130004,222.720001,223.104995,9757.0,HSY.NYSE-4-HOUR-LAST-EXTERNAL
2023-01-05 19:55:00,223.559997,223.559997,223.380004,223.380004,4891.0,HSY.NYSE-4-HOUR-LAST-EXTERNAL
2023-01-05 21:00:00,223.080001,223.080001,223.080001,223.080001,78130.0,HSY.NYSE-4-HOUR-LAST-EXTERNAL
2023-01-06 15:55:00,224.809997,225.139999,224.740005,224.835006,14288.0,HSY.NYSE-4-HOUR-LAST-EXTERNAL
2023-01-06 19:55:00,226.169998,226.229995,226.029998,226.029998,7526.0,HSY.NYSE-4-HOUR-LAST-EXTERNAL
2023-01-06 21:00:00,225.649993,225.649993,225.649993,225.649993,75042.0,HSY.NYSE-4-HOUR-LAST-EXTERNAL
2023-01-09 15:55:00,226.380004,226.759994,226.089996,226.169998,11786.0,HSY.NYSE-4-HOUR-LAST-EXTERNAL
2023-01-09 19:55:00,226.139999,226.240005,225.949996,225.960006,11522.0,HSY.NYSE-4-HOUR-LAST-EXTERNAL
2023-01-09 21:00:00,225.389999,225.389999,225.389999,225.389999,72044.0,HSY.NYSE-4-HOUR-LAST-EXTERNAL
2023-01-10 15:55:00,227.380004,227.589996,227.309997,227.334106,10625.0,HSY.NYSE-4-HOUR-LAST-EXTERNAL
2023-01-10 19:55:00,225.050003,225.130004,224.889999,224.899993,3612.0,HSY.NYSE-4-HOUR-LAST-EXTERNAL
2023-01-10 21:00:00,224.779998,224.779998,224.779998,224.779998,44852.0,HSY.NYSE-4-HOUR-LAST-EXTERNAL
2023-01-11 15:55:00,225.899993,226.115005,225.699996,225.839996,24150.0,HSY.NYSE-4-HOUR-LAST-EXTERNAL
2023-01-11 19:55:00,225.61,225.754806,225.600006,225.600006,6474.0,HSY.NYSE-4-HOUR-LAST-EXTERNAL
2023-01-11 21:00:00,226.589996,226.589996,226.589996,226.589996,156252.0,HSY.NYSE-4-HOUR-LAST-EXTERNAL
2023-01-12 15:55:00,225.097503,225.899993,225.097503,225.550003,4951.0,HSY.NYSE-4-HOUR-LAST-EXTERNAL
2023-01-12 19:55:00,224.309997,224.455001,224.119995,224.419998,15270.0,HSY.NYSE-4-HOUR-LAST-EXTERNAL
2023-01-12 21:00:00,224.190002,224.190002,224.190002,224.190002,59119.0,HSY.NYSE-4-HOUR-LAST-EXTERNAL
2023-01-13 15:55:00,225.759994,225.914993,225.565002,225.654998,12070.0,HSY.NYSE-4-HOUR-LAST-EXTERNAL
2023-01-13 19:55:00,226.054992,226.36,226.054992,226.36,6387.0,HSY.NYSE-4-HOUR-LAST-EXTERNAL
2023-01-13 21:00:00,226.61,226.61,226.61,226.61,66442.0,HSY.NYSE-4-HOUR-LAST-EXTERNAL
2023-01-17 15:55:00,228.259994,228.300003,228.038192,228.285003,10922.0,HSY.NYSE-4-HOUR-LAST-EXTERNAL
2023-01-17 19:55:00,227.208999,227.208999,226.889999,226.919998,5229.0,HSY.NYSE-4-HOUR-LAST-EXTERNAL
2023-01-17 21:00:00,226.160003,226.160003,226.160003,226.160003,90730.0,HSY.NYSE-4-HOUR-LAST-EXTERNAL
2023-01-18 15:55:00,222.059997,222.089996,221.714904,221.960006,8713.0,HSY.NYSE-4-HOUR-LAST-EXTERNAL
2023-01-18 19:55:00,219.119995,219.169998,219.050003,219.139999,3528.0,HSY.NYSE-4-HOUR-LAST-EXTERNAL
2023-01-18 21:00:00,216.770004,216.770004,216.770004,216.770004,64928.0,HSY.NYSE-4-HOUR-LAST-EXTERNAL
2023-01-19 15:55:00,216.649993,216.869995,216.649993,216.789993,5371.0,HSY.NYSE-4-HOUR-LAST-EXTERNAL
2023-01-19 19:55:00,216.259994,216.380004,216.259994,216.300003,4075.0,HSY.NYSE-4-HOUR-LAST-EXTERNAL
2023-01-19 21:00:00,216.119995,216.119995,216.119995,216.119995,68559.0,HSY.NYSE-4-HOUR-LAST-EXTERNAL
2023-01-20 15:55:00,215.369995,215.535003,215.350006,215.350006,3798.0,HSY.NYSE-4-HOUR-LAST-EXTERNAL
2023-01-20 19:55:00,214.080001,214.229995,214.054992,214.130004,12950.0,HSY.NYSE-4-HOUR-LAST-EXTERNAL
2023-01-20 21:00:00,214.520004,214.520004,214.520004,214.520004,129681.0,HSY.NYSE-4-HOUR-LAST-EXTERNAL
2023-01-23 15:55:00,218.660003,219.089996,218.559997,219.089996,16586.0,HSY.NYSE-4-HOUR-LAST-EXTERNAL
2023-01-23 19:55:00,216.505004,216.660003,216.464996,216.580001,10434.0,HSY.NYSE-4-HOUR-LAST-EXTERNAL
2023-01-23 21:00:00,217.039993,217.039993,217.039993,217.039993,75216.0,HSY.NYSE-4-HOUR-LAST-EXTERNAL
2023-01-24 15:55:00,218.589996,218.660003,218.100006,218.25,13049.0,HSY.NYSE-4-HOUR-LAST-EXTERNAL
2023-01-24 19:55:00,220.074996,220.169998,219.949996,219.966003,7245.0,HSY.NYSE-4-HOUR-LAST-EXTERNAL
2023-01-24 21:00:00,220.289993,220.289993,220.289993,220.289993,87047.0,HSY.NYSE-4-HOUR-LAST-EXTERNAL
2023-01-25 15:55:00,217.910003,218.274993,217.910003,218.274993,11600.0,HSY.NYSE-4-HOUR-LAST-EXTERNAL
2023-01-25 19:55:00,219.61,219.710006,219.61,219.699996,9345.0,HSY.NYSE-4-HOUR-LAST-EXTERNAL
2023-01-25 21:00:00,220.990005,220.990005,220.990005,220.990005,47823.0,HSY.NYSE-4-HOUR-LAST-EXTERNAL
2023-01-26 15:55:00,219.720001,219.720001,219.289993,219.294998,16440.0,HSY.NYSE-4-HOUR-LAST-EXTERNAL
2023-01-26 19:55:00,220.139999,220.309997,220.059997,220.309997,6338.0,HSY.NYSE-4-HOUR-LAST-EXTERNAL
2023-01-26 21:00:00,220.009994,220.009994,220.009994,220.009994,62325.0,HSY.NYSE-4-HOUR-LAST-EXTERNAL
2023-01-27 15:55:00,218.600006,218.699996,218.434997,218.460006,7880.0,HSY.NYSE-4-HOUR-LAST-EXTERNAL
2023-01-27 19:55:00,219.389999,219.460006,219.369995,219.369995,5990.0,HSY.NYSE-4-HOUR-LAST-EXTERNAL
2023-01-27 21:00:00,218.759994,218.759994,218.759994,218.759994,61352.0,HSY.NYSE-4-HOUR-LAST-EXTERNAL
2023-01-30 15:55:00,223.100006,223.479995,223.100006,223.475006,7581.0,HSY.NYSE-4-HOUR-LAST-EXTERNAL
2023-01-30 19:55:00,222.699996,222.86,222.630004,222.824996,6901.0,HSY.NYSE-4-HOUR-LAST-EXTERNAL
2023-01-30 21:00:00,223.190002,223.190002,223.190002,223.190002,75601.0,HSY.NYSE-4-HOUR-LAST-EXTERNAL
2023-01-31 15:55:00,222.279998,222.539993,222.279998,222.309997,6911.0,HSY.NYSE-4-HOUR-LAST-EXTERNAL
2023-01-31 19:55:00,222.960006,223.059997,222.869995,222.875,16930.0,HSY.NYSE-4-HOUR-LAST-EXTERNAL
2023-01-31 21:00:00,224.600006,224.600006,224.600006,224.600006,299615.0,HSY.NYSE-4-HOUR-LAST-EXTERNAL
2023-02-01 15:55:00,223.615005,224.419403,223.539993,224.419403,7867.0,HSY.NYSE-4-HOUR-LAST-EXTERNAL
2023-02-01 19:55:00,224.979995,225.050003,224.660003,224.960006,12283.0,HSY.NYSE-4-HOUR-LAST-EXTERNAL
2023-02-01 21:00:00,225.300003,225.300003,225.300003,225.300003,128297.0,HSY.NYSE-4-HOUR-LAST-EXTERNAL
2023-02-02 15:55:00,232.389999,232.520004,232.020004,232.070007,12143.0,HSY.NYSE-4-HOUR-LAST-EXTERNAL
2023-02-02 19:55:00,233.505004,233.505004,233.169998,233.25,12893.0,HSY.NYSE-4-HOUR-LAST-EXTERNAL
2023-02-02 21:00:00,234.419998,234.419998,234.419998,234.419998,169693.0,HSY.NYSE-4-HOUR-LAST-EXTERNAL
2023-02-03 15:55:00,233.455001,233.854995,233.289993,233.789993,11029.0,HSY.NYSE-4-HOUR-LAST-EXTERNAL
2023-02-03 19:55:00,234.729995,234.729995,234.410003,234.479995,10712.0,HSY.NYSE-4-HOUR-LAST-EXTERNAL
2023-02-03 21:00:00,236.279998,236.279998,236.279998,236.279998,165611.0,HSY.NYSE-4-HOUR-LAST-EXTERNAL
2023-02-06 15:55:00,238.395004,238.429992,238.101104,238.190002,8372.0,HSY.NYSE-4-HOUR-LAST-EXTERNAL
2023-02-06 19:55:00,241.880004,241.914993,241.490005,241.740005,30323.0,HSY.NYSE-4-HOUR-LAST-EXTERNAL
2023-02-06 21:00:00,240.529998,240.529998,240.529998,240.529998,183194.0,HSY.NYSE-4-HOUR-LAST-EXTERNAL
2023-02-07 15:55:00,236.345001,236.380004,235.880004,236.350006,13951.0,HSY.NYSE-4-HOUR-LAST-EXTERNAL
2023-02-07 19:55:00,236.244995,237.0,236.244995,236.925003,16214.0,HSY.NYSE-4-HOUR-LAST-EXTERNAL
2023-02-07 21:00:00,237.11,237.11,237.11,237.11,152745.0,HSY.NYSE-4-HOUR-LAST-EXTERNAL
2023-02-08 15:55:00,236.25,236.25,236.029998,236.054992,5618.0,HSY.NYSE-4-HOUR-LAST-EXTERNAL
2023-02-08 19:55:00,234.679992,234.869995,234.580001,234.800003,14694.0,HSY.NYSE-4-HOUR-LAST-EXTERNAL
2023-02-08 21:00:00,234.839996,234.839996,234.839996,234.839996,86802.0,HSY.NYSE-4-HOUR-LAST-EXTERNAL
2023-02-09 15:55:00,235.065002,235.139999,234.589996,234.699996,9656.0,HSY.NYSE-4-HOUR-LAST-EXTERNAL
2023-02-09 19:55:00,235.580001,235.975006,235.580001,235.970001,9273.0,HSY.NYSE-4-HOUR-LAST-EXTERNAL
2023-02-09 21:00:00,235.149993,235.149993,235.149993,235.149993,113619.0,HSY.NYSE-4-HOUR-LAST-EXTERNAL
2023-02-10 15:55:00,238.050003,238.3143,238.050003,238.188995,13666.0,HSY.NYSE-4-HOUR-LAST-EXTERNAL
2023-02-10 19:55:00,239.580001,239.679992,239.429992,239.548995,7717.0,HSY.NYSE-4-HOUR-LAST-EXTERNAL
2023-02-10 21:00:00,239.100006,239.100006,239.100006,239.100006,79865.0,HSY.NYSE-4-HOUR-LAST-EXTERNAL
2023-02-13 15:55:00,239.990005,240.029998,239.779998,239.820007,22946.0,HSY.NYSE-4-HOUR-LAST-EXTERNAL
2023-02-13 19:55:00,239.830001,239.889999,239.570007,239.729995,6917.0,HSY.NYSE-4-HOUR-LAST-EXTERNAL
2023-02-13 21:00:00,239.910003,239.910003,239.910003,239.910003,103415.0,HSY.NYSE-4-HOUR-LAST-EXTERNAL
2023-02-14 15:55:00,240.669998,240.998992,240.429992,240.429992,8396.0,HSY.NYSE-4-HOUR-LAST-EXTERNAL
2023-02-14 19:55:00,240.25,240.458999,240.229995,240.330001,5614.0,HSY.NYSE-4-HOUR-LAST-EXTERNAL
2023-02-14 21:00:00,238.899993,238.899993,238.899993,238.899993,73890.0,HSY.NYSE-4-HOUR-LAST-EXTERNAL
2023-02-15 15:55:00,237.235,237.389007,237.020004,237.029998,3556.0,HSY.NYSE-4-HOUR-LAST-EXTERNAL
2023-02-15 19:55:00,236.320007,236.479995,236.294998,236.464996,7398.0,HSY.NYSE-4-HOUR-LAST-EXTERNAL
2023-02-15 21:00:00,237.470001,237.470001,237.470001,237.470001,84400.0,HSY.NYSE-4-HOUR-LAST-EXTERNAL
2023-02-16 15:55:00,233.630004,233.699996,233.410003,233.699996,10364.0,HSY.NYSE-4-HOUR-LAST-EXTERNAL
2023-02-16 19:55:00,235.990005,236.080001,235.899993,236.054992,19143.0,HSY.NYSE-4-HOUR-LAST-EXTERNAL
2023-02-16 21:00:00,235.220001,235.220001,235.220001,235.220001,76483.0,HSY.NYSE-4-HOUR-LAST-EXTERNAL
2023-02-17 15:55:00,236.639999,236.639999,236.330001,236.600006,11658.0,HSY.NYSE-4-HOUR-LAST-EXTERNAL
2023-02-17 19:55:00,239.789993,239.800003,239.589996,239.589996,13415.0,HSY.NYSE-4-HOUR-LAST-EXTERNAL
2023-02-17 21:00:00,240.690002,240.690002,240.690002,240.690002,169828.0,HSY.NYSE-4-HOUR-LAST-EXTERNAL
2023-02-21 15:55:00,241.145004,241.145004,240.574996,240.774993,10040.0,HSY.NYSE-4-HOUR-LAST-EXTERNAL
2023-02-21 19:55:00,242.289993,242.289993,242.169998,242.229995,14183.0,HSY.NYSE-4-HOUR-LAST-EXTERNAL
2023-02-21 21:00:00,240.899993,240.899993,240.899993,240.899993,192158.0,HSY.NYSE-4-HOUR-LAST-EXTERNAL
2023-02-22 15:55:00,242.080001,242.179992,241.649993,241.744995,11532.0,HSY.NYSE-4-HOUR-LAST-EXTERNAL
2023-02-22 19:55:00,239.509994,239.75,239.399993,239.660003,10729.0,HSY.NYSE-4-HOUR-LAST-EXTERNAL
2023-02-22 21:00:00,239.86,239.86,239.86,239.86,96588.0,HSY.NYSE-4-HOUR-LAST-EXTERNAL
2023-02-23 15:55:00,240.679992,241.11,240.679992,240.979995,5332.0,HSY.NYSE-4-HOUR-LAST-EXTERNAL
2023-02-23 19:55:00,240.085006,240.089996,239.880004,239.970001,5528.0,HSY.NYSE-4-HOUR-LAST-EXTERNAL
2023-02-23 21:00:00,240.470001,240.470001,240.470001,240.470001,88522.0,HSY.NYSE-4-HOUR-LAST-EXTERNAL
2023-02-24 15:55:00,238.199996,238.199996,237.962493,237.972503,9688.0,HSY.NYSE-4-HOUR-LAST-EXTERNAL
2023-02-24 19:55:00,239.559997,239.660003,239.389999,239.619995,8508.0,HSY.NYSE-4-HOUR-LAST-EXTERNAL
2023-02-24 21:00:00,239.020004,239.020004,239.020004,239.020004,52547.0,HSY.NYSE-4-HOUR-LAST-EXTERNAL
2023-02-27 15:55:00,240.11,240.11,239.835006,239.835006,5625.0,HSY.NYSE-4-HOUR-LAST-EXTERNAL
2023-02-27 19:55:00,239.649993,239.649993,239.470001,239.539993,7658.0,HSY.NYSE-4-HOUR-LAST-EXTERNAL
2023-02-27 21:00:00,239.220001,239.220001,239.220001,239.220001,54733.0,HSY.NYSE-4-HOUR-LAST-EXTERNAL
2023-02-28 15:55:00,240.309997,240.350006,240.134994,240.350006,6375.0,HSY.NYSE-4-HOUR-LAST-EXTERNAL
2023-02-28 19:55:00,238.720001,238.759994,238.61,238.690002,7138.0,HSY.NYSE-4-HOUR-LAST-EXTERNAL
2023-02-28 21:00:00,238.320007,238.320007,238.320007,238.320007,83633.0,HSY.NYSE-4-HOUR-LAST-EXTERNAL
2023-03-01 15:55:00,234.990005,235.309997,234.869995,234.990005,8717.0,HSY.NYSE-4-HOUR-LAST-EXTERNAL
2023-03-01 19:55:00,236.054992,236.054992,235.970001,235.970001,2646.0,HSY.NYSE-4-HOUR-LAST-EXTERNAL
2023-03-01 21:00:00,236.649993,236.649993,236.649993,236.649993,57051.0,HSY.NYSE-4-HOUR-LAST-EXTERNAL
2023-03-02 15:55:00,238.914993,238.979995,238.789993,238.789993,3511.0,HSY.NYSE-4-HOUR-LAST-EXTERNAL
2023-03-02 19:55:00,237.809997,238.080001,237.809997,238.070007,5088.0,HSY.NYSE-4-HOUR-LAST-EXTERNAL
2023-03-02 21:00:00,238.399993,238.399993,238.399993,238.399993,67274.0,HSY.NYSE-4-HOUR-LAST-EXTERNAL
2023-03-03 15:55:00,237.339996,237.419998,237.229995,237.279998,4355.0,HSY.NYSE-4-HOUR-LAST-EXTERNAL
2023-03-03 19:55:00,238.11,238.36,238.11,238.36,6982.0,HSY.NYSE-4-HOUR-LAST-EXTERNAL
2023-03-03 21:00:00,238.399993,238.399993,238.399993,238.399993,65811.0,HSY.NYSE-4-HOUR-LAST-EXTERNAL
2023-03-06 15:55:00,239.440002,239.440002,239.024993,239.070007,3229.0,HSY.NYSE-4-HOUR-LAST-EXTERNAL
2023-03-06 19:55:00,239.5,239.529998,239.335006,239.419998,4905.0,HSY.NYSE-4-HOUR-LAST-EXTERNAL
2023-03-06 21:00:00,239.880004,239.880004,239.880004,239.880004,37185.0,HSY.NYSE-4-HOUR-LAST-EXTERNAL
2023-03-07 15:55:00,239.720001,239.774993,239.630004,239.679992,5764.0,HSY.NYSE-4-HOUR-LAST-EXTERNAL
2023-03-07 19:55:00,238.755004,238.857299,238.669998,238.669998,4182.0,HSY.NYSE-4-HOUR-LAST-EXTERNAL
2023-03-07 21:00:00,238.350006,238.350006,238.350006,238.350006,72737.0,HSY.NYSE-4-HOUR-LAST-EXTERNAL
2023-03-08 15:55:00,239.210006,239.210006,238.960006,238.960006,2250.0,HSY.NYSE-4-HOUR-LAST-EXTERNAL
2023-03-08 19:55:00,238.759994,238.764999,238.619995,238.699996,6665.0,HSY.NYSE-4-HOUR-LAST-EXTERNAL
2023-03-08 21:00:00,238.979995,238.979995,238.979995,238.979995,80825.0,HSY.NYSE-4-HOUR-LAST-EXTERNAL
2023-03-09 15:55:00,238.544998,238.830001,238.5,238.729995,6211.0,HSY.NYSE-4-HOUR-LAST-EXTERNAL
2023-03-09 19:55:00,238.630004,238.649993,238.279998,238.330001,7414.0,HSY.NYSE-4-HOUR-LAST-EXTERNAL
2023-03-09 21:00:00,238.619995,238.619995,238.619995,238.619995,74981.0,HSY.NYSE-4-HOUR-LAST-EXTERNAL
2023-03-10 15:55:00,238.929992,239.179992,238.910003,239.059997,5866.0,HSY.NYSE-4-HOUR-LAST-EXTERNAL
2023-03-10 19:55:00,237.914993,238.154998,237.759994,237.929992,5637.0,HSY.NYSE-4-HOUR-LAST-EXTERNAL
2023-03-10 21:00:00,237.740005,237.740005,237.740005,237.740005,75508.0,HSY.NYSE-4-HOUR-LAST-EXTERNAL
2023-03-13 15:55:00,238.699996,239.589996,238.690002,239.460006,107912.0,HSY.NYSE-4-HOUR-LAST-EXTERNAL
2023-03-13 19:55:00,240.669998,240.720001,240.220001,240.619995,93601.0,HSY.NYSE-4-HOUR-LAST-EXTERNAL
2023-03-14 15:55:00,241.039993,241.350006,241.039993,241.350006,8012.0,HSY.NYSE-4-HOUR-LAST-EXTERNAL
2023-03-14 19:55:00,241.369995,242.149993,241.369995,241.929992,73097.0,HSY.NYSE-4-HOUR-LAST-EXTERNAL
2023-03-15 15:55:00,243.729995,243.880004,243.550003,243.550003,5607.0,HSY.NYSE-4-HOUR-LAST-EXTERNAL
2023-03-15 19:55:00,243.350006,244.470001,243.350006,244.419998,115404.0,HSY.NYSE-4-HOUR-LAST-EXTERNAL
2023-03-16 15:55:00,243.25,243.580001,243.145004,243.145004,7240.0,HSY.NYSE-4-HOUR-LAST-EXTERNAL
2023-03-16 19:55:00,244.729995,245.0,244.520996,244.880004,90855.0,HSY.NYSE-4-HOUR-LAST-EXTERNAL
2023-03-17 15:55:00,243.869995,244.179992,243.660003,244.089996,7243.0,HSY.NYSE-4-HOUR-LAST-EXTERNAL
2023-03-17 19:55:00,243.089996,243.309997,242.820007,243.009994,112469.0,HSY.NYSE-4-HOUR-LAST-EXTERNAL
2023-03-20 15:55:00,242.720001,242.940002,242.589996,242.619995,9874.0,HSY.NYSE-4-HOUR-LAST-EXTERNAL
2023-03-20 19:55:00,244.210006,244.759994,243.910003,244.529998,143907.0,HSY.NYSE-4-HOUR-LAST-EXTERNAL
2023-03-21 15:55:00,242.789993,242.875,242.759994,242.839996,6833.0,HSY.NYSE-4-HOUR-LAST-EXTERNAL
2023-03-21 19:55:00,243.210006,243.289993,242.914993,243.229995,100491.0,HSY.NYSE-4-HOUR-LAST-EXTERNAL
2023-03-22 15:55:00,244.420104,244.490402,244.279998,244.399993,15132.0,HSY.NYSE-4-HOUR-LAST-EXTERNAL
2023-03-22 19:55:00,243.089996,243.139999,242.639999,242.759994,76616.0,HSY.NYSE-4-HOUR-LAST-EXTERNAL
2023-03-23 15:55:00,244.649993,244.720001,244.425003,244.434997,11498.0,HSY.NYSE-4-HOUR-LAST-EXTERNAL
2023-03-23 19:55:00,244.399993,244.419998,243.75,243.789993,99425.0,HSY.NYSE-4-HOUR-LAST-EXTERNAL
2023-03-24 15:55:00,246.899993,247.0,246.850006,246.960006,4995.0,HSY.NYSE-4-HOUR-LAST-EXTERNAL
2023-03-24 19:55:00,247.580001,248.324996,247.580001,247.880004,191244.0,HSY.NYSE-4-HOUR-LAST-EXTERNAL
2023-03-27 15:55:00,249.919998,250.272506,249.779998,249.835006,12043.0,HSY.NYSE-4-HOUR-LAST-EXTERNAL
2023-03-27 19:55:00,250.75,250.979995,250.619995,250.960006,79481.0,HSY.NYSE-4-HOUR-LAST-EXTERNAL
2023-03-28 15:55:00,253.628997,253.654998,253.559997,253.559997,4100.0,HSY.NYSE-4-HOUR-LAST-EXTERNAL
2023-03-28 19:55:00,253.130004,253.184997,252.770004,252.820007,76073.0,HSY.NYSE-4-HOUR-LAST-EXTERNAL
2023-03-29 15:55:00,254.119995,254.270004,254.059997,254.059997,2632.0,HSY.NYSE-4-HOUR-LAST-EXTERNAL
2023-03-29 19:55:00,252.240005,252.639999,252.089996,252.639999,59923.0,HSY.NYSE-4-HOUR-LAST-EXTERNAL
2023-03-30 15:55:00,253.014999,253.054992,252.770004,252.770004,5695.0,HSY.NYSE-4-HOUR-LAST-EXTERNAL
2023-03-30 19:55:00,253.36,253.520004,253.179992,253.229995,62696.0,HSY.NYSE-4-HOUR-LAST-EXTERNAL
2023-03-31 15:55:00,254.510696,254.520004,254.470001,254.470001,2399.0,HSY.NYSE-4-HOUR-LAST-EXTERNAL
2023-03-31 19:55:00,253.899993,254.36,253.899993,254.270004,76081.0,HSY.NYSE-4-HOUR-LAST-EXTERNAL
2023-04-03 15:55:00,256.660003,256.660003,256.510009,256.549987,7526.0,HSY.NYSE-4-HOUR-LAST-EXTERNAL
2023-04-03 19:55:00,257.079986,257.190002,256.760009,257.130004,74898.0,HSY.NYSE-4-HOUR-LAST-EXTERNAL
2023-04-04 15:55:00,257.920013,257.920013,257.640014,257.679992,4301.0,HSY.NYSE-4-HOUR-LAST-EXTERNAL
2023-04-04 19:55:00,258.220001,258.299987,257.98001,258.070007,73823.0,HSY.NYSE-4-HOUR-LAST-EXTERNAL
2023-04-05 15:55:00,260.220001,260.299987,260.084991,260.109985,4216.0,HSY.NYSE-4-HOUR-LAST-EXTERNAL
2023-04-05 19:55:00,258.950012,259.410003,258.799987,259.399993,146421.0,HSY.NYSE-4-HOUR-LAST-EXTERNAL
2023-04-06 15:55:00,259.600006,259.600006,259.269989,259.459991,3022.0,HSY.NYSE-4-HOUR-LAST-EXTERNAL
2023-04-06 19:55:00,259.690002,259.940002,259.690002,259.839996,67407.0,HSY.NYSE-4-HOUR-LAST-EXTERNAL
2023-04-10 15:55:00,258.725006,258.940002,258.630004,258.940002,2589.0,HSY.NYSE-4-HOUR-LAST-EXTERNAL
2023-04-10 19:55:00,258.429992,258.73999,258.420013,258.73999,47692.0,HSY.NYSE-4-HOUR-LAST-EXTERNAL
2023-04-11 15:55:00,259.540008,259.640014,259.5,259.640014,6050.0,HSY.NYSE-4-HOUR-LAST-EXTERNAL
2023-04-11 19:55:00,259.290008,259.380004,259.065002,259.260009,50291.0,HSY.NYSE-4-HOUR-LAST-EXTERNAL
2023-04-12 15:55:00,259.100006,259.119995,258.890014,258.959991,7985.0,HSY.NYSE-4-HOUR-LAST-EXTERNAL
2023-04-12 19:55:00,258.269989,258.670013,258.179992,258.670013,54175.0,HSY.NYSE-4-HOUR-LAST-EXTERNAL
2023-04-13 15:55:00,257.165008,257.279998,257.059997,257.279998,3468.0,HSY.NYSE-4-HOUR-LAST-EXTERNAL
2023-04-13 19:55:00,258.160003,258.320007,257.920013,258.0,75032.0,HSY.NYSE-4-HOUR-LAST-EXTERNAL
2023-04-14 15:55:00,256.429992,256.619995,256.424987,256.427703,6553.0,HSY.NYSE-4-HOUR-LAST-EXTERNAL
2023-04-14 19:55:00,256.420013,256.5,256.25,256.309997,80120.0,HSY.NYSE-4-HOUR-LAST-EXTERNAL
2023-04-17 15:55:00,257.375,257.660003,257.375,257.660003,3614.0,HSY.NYSE-4-HOUR-LAST-EXTERNAL
2023-04-17 19:55:00,258.799987,259.149993,258.799987,259.049987,72425.0,HSY.NYSE-4-HOUR-LAST-EXTERNAL
2023-04-18 15:55:00,258.434997,258.519989,258.329986,258.519989,3436.0,HSY.NYSE-4-HOUR-LAST-EXTERNAL
2023-04-18 19:55:00,259.290008,259.690002,259.23999,259.640014,66503.0,HSY.NYSE-4-HOUR-LAST-EXTERNAL
2023-04-19 15:55:00,259.135009,259.179992,259.040008,259.179992,3853.0,HSY.NYSE-4-HOUR-LAST-EXTERNAL
2023-04-19 19:55:00,257.279998,257.390014,257.213104,257.290008,54235.0,HSY.NYSE-4-HOUR-LAST-EXTERNAL
2023-04-20 15:55:00,259.140014,259.160003,259.0,259.049987,4035.0,HSY.NYSE-4-HOUR-LAST-EXTERNAL
2023-04-20 19:55:00,260.25,260.545013,260.130004,260.48999,103516.0,HSY.NYSE-4-HOUR-LAST-EXTERNAL
2023-04-21 15:55:00,260.200012,260.519989,260.200012,260.517486,3340.0,HSY.NYSE-4-HOUR-LAST-EXTERNAL
2023-04-21 19:55:00,260.809997,261.123809,260.720001,260.839996,61952.0,HSY.NYSE-4-HOUR-LAST-EXTERNAL
2023-04-24 15:55:00,261.160003,261.265014,261.125,261.135009,9101.0,HSY.NYSE-4-HOUR-LAST-EXTERNAL
2023-04-24 19:55:00,260.769989,261.049987,260.709991,260.959991,93617.0,HSY.NYSE-4-HOUR-LAST-EXTERNAL
2023-04-25 15:55:00,263.695007,263.769989,263.640014,263.640014,5325.0,HSY.NYSE-4-HOUR-LAST-EXTERNAL
2023-04-25 19:55:00,263.010009,263.260009,262.940002,262.98001,100170.0,HSY.NYSE-4-HOUR-LAST-EXTERNAL
2023-04-26 15:55:00,261.225006,261.440002,261.200012,261.200012,6889.0,HSY.NYSE-4-HOUR-LAST-EXTERNAL
2023-04-26 19:55:00,261.644989,262.049987,261.630004,261.670013,99286.0,HSY.NYSE-4-HOUR-LAST-EXTERNAL
