2022-01-03 15:55:00,356.565002,357.140014,356.339996,357.079986,14091.0,ISRG.NYSE-5-MINUTE-LAST-EXTERNAL
2022-01-03 19:55:00,359.149993,359.190002,358.890014,359.0,14562.0,ISRG.NYSE-5-MINUTE-LAST-EXTERNAL
2022-01-03 21:00:00,360.0,360.0,360.0,360.0,105147.0,ISRG.NYSE-5-MINUTE-LAST-EXTERNAL
2022-01-04 15:55:00,354.325012,354.390014,353.029998,353.390014,35460.0,ISRG.NYSE-5-MINUTE-LAST-EXTERNAL
2022-01-04 19:55:00,354.380004,354.472503,353.875,354.23999,8105.0,ISRG.NYSE-5-MINUTE-LAST-EXTERNAL
2022-01-04 21:00:00,354.630004,354.630004,354.630004,354.630004,111787.0,ISRG.NYSE-5-MINUTE-LAST-EXTERNAL
2022-01-05 15:55:00,353.109985,353.993591,353.109985,353.890014,3792.0,ISRG.NYSE-5-MINUTE-LAST-EXTERNAL
2022-01-05 19:55:00,346.975006,347.040008,346.220001,346.440002,11220.0,ISRG.NYSE-5-MINUTE-LAST-EXTERNAL
2022-01-05 21:00:00,341.950012,341.950012,341.950012,341.950012,182479.0,ISRG.NYSE-5-MINUTE-LAST-EXTERNAL
2022-01-06 15:55:00,339.609985,341.059997,339.23999,340.765014,16647.0,ISRG.NYSE-5-MINUTE-LAST-EXTERNAL
2022-01-06 19:55:00,336.625,336.940002,336.290008,336.290008,7445.0,ISRG.NYSE-5-MINUTE-LAST-EXTERNAL
2022-01-06 21:00:00,334.179992,334.179992,334.179992,334.179992,120070.0,ISRG.NYSE-5-MINUTE-LAST-EXTERNAL
2022-01-07 15:55:00,326.320007,326.769989,326.019989,326.179992,8772.0,ISRG.NYSE-5-MINUTE-LAST-EXTERNAL
2022-01-07 19:55:00,324.220001,325.464996,324.170013,325.350006,21864.0,ISRG.NYSE-5-MINUTE-LAST-EXTERNAL
2022-01-07 21:00:00,324.290008,324.290008,324.290008,324.290008,112565.0,ISRG.NYSE-5-MINUTE-LAST-EXTERNAL
2022-01-10 15:55:00,316.010009,317.049987,315.619995,317.040008,20662.0,ISRG.NYSE-5-MINUTE-LAST-EXTERNAL
2022-01-10 19:55:00,321.765014,322.910003,321.765014,322.070007,20781.0,ISRG.NYSE-5-MINUTE-LAST-EXTERNAL
2022-01-10 21:00:00,325.529998,325.529998,325.529998,325.529998,114741.0,ISRG.NYSE-5-MINUTE-LAST-EXTERNAL
2022-01-11 15:55:00,320.204986,320.570007,319.5,320.315002,23733.0,ISRG.NYSE-5-MINUTE-LAST-EXTERNAL
2022-01-11 19:55:00,327.670013,328.024993,327.059997,327.059997,12668.0,ISRG.NYSE-5-MINUTE-LAST-EXTERNAL
2022-01-11 21:00:00,328.019989,328.019989,328.019989,328.019989,117106.0,ISRG.NYSE-5-MINUTE-LAST-EXTERNAL
2022-01-12 15:55:00,322.959991,323.75,322.809997,323.359985,14090.0,ISRG.NYSE-5-MINUTE-LAST-EXTERNAL
2022-01-12 19:55:00,323.589996,323.790008,323.48999,323.700012,20339.0,ISRG.NYSE-5-MINUTE-LAST-EXTERNAL
2022-01-12 21:00:00,323.160003,323.160003,323.160003,323.160003,187065.0,ISRG.NYSE-5-MINUTE-LAST-EXTERNAL
2022-01-13 15:55:00,318.149993,318.690002,317.799987,318.445007,14265.0,ISRG.NYSE-5-MINUTE-LAST-EXTERNAL
2022-01-13 19:55:00,316.519989,316.760009,316.269989,316.505004,16454.0,ISRG.NYSE-5-MINUTE-LAST-EXTERNAL
2022-01-13 21:00:00,313.209991,313.209991,313.209991,313.209991,152063.0,ISRG.NYSE-5-MINUTE-LAST-EXTERNAL
2022-01-14 15:55:00,306.98999,307.690002,306.700012,307.075012,23961.0,ISRG.NYSE-5-MINUTE-LAST-EXTERNAL
2022-01-14 19:55:00,306.790008,306.950012,306.5,306.5,10990.0,ISRG.NYSE-5-MINUTE-LAST-EXTERNAL
2022-01-14 21:00:00,307.73999,307.73999,307.73999,307.73999,186342.0,ISRG.NYSE-5-MINUTE-LAST-EXTERNAL
2022-01-18 15:55:00,297.85501,297.85501,297.010009,297.529998,18168.0,ISRG.NYSE-5-MINUTE-LAST-EXTERNAL
2022-01-18 19:55:00,298.679992,298.98001,298.179992,298.179992,14716.0,ISRG.NYSE-5-MINUTE-LAST-EXTERNAL
2022-01-18 21:00:00,295.48999,295.48999,295.48999,295.48999,189573.0,ISRG.NYSE-5-MINUTE-LAST-EXTERNAL
2022-01-19 15:55:00,296.549987,297.179992,295.654998,296.48999,13638.0,ISRG.NYSE-5-MINUTE-LAST-EXTERNAL
2022-01-19 19:55:00,296.190002,296.970001,296.190002,296.470001,7878.0,ISRG.NYSE-5-MINUTE-LAST-EXTERNAL
2022-01-19 21:00:00,293.459991,293.459991,293.459991,293.459991,112900.0,ISRG.NYSE-5-MINUTE-LAST-EXTERNAL
2022-01-20 15:55:00,302.339996,302.410003,301.399993,301.785003,119276.0,ISRG.NYSE-5-MINUTE-LAST-EXTERNAL
2022-01-20 19:55:00,298.570007,298.829986,298.269989,298.429992,13983.0,ISRG.NYSE-5-MINUTE-LAST-EXTERNAL
2022-01-20 21:00:00,292.73001,292.73001,292.73001,292.73001,164339.0,ISRG.NYSE-5-MINUTE-LAST-EXTERNAL
2022-01-21 15:55:00,277.290008,278.420013,276.179992,276.290008,57299.0,ISRG.NYSE-5-MINUTE-LAST-EXTERNAL
2022-01-21 19:55:00,270.420013,270.670013,270.0,270.070007,47532.0,ISRG.NYSE-5-MINUTE-LAST-EXTERNAL
2022-01-21 21:00:00,269.529998,269.529998,269.529998,269.529998,360275.0,ISRG.NYSE-5-MINUTE-LAST-EXTERNAL
2022-01-24 15:55:00,261.440002,262.269989,260.130004,260.325012,25555.0,ISRG.NYSE-5-MINUTE-LAST-EXTERNAL
2022-01-24 19:55:00,265.23999,266.98001,264.170013,266.970001,25298.0,ISRG.NYSE-5-MINUTE-LAST-EXTERNAL
2022-01-24 21:00:00,271.98001,271.98001,271.98001,271.98001,263946.0,ISRG.NYSE-5-MINUTE-LAST-EXTERNAL
2022-01-25 15:55:00,262.5,262.850006,260.769989,260.910003,19179.0,ISRG.NYSE-5-MINUTE-LAST-EXTERNAL
2022-01-25 19:55:00,267.73001,268.399993,267.559997,268.130004,18341.0,ISRG.NYSE-5-MINUTE-LAST-EXTERNAL
2022-01-25 21:00:00,264.140014,264.140014,264.140014,264.140014,157865.0,ISRG.NYSE-5-MINUTE-LAST-EXTERNAL
2022-01-26 15:55:00,269.700012,270.73999,269.420013,270.390014,62754.0,ISRG.NYSE-5-MINUTE-LAST-EXTERNAL
2022-01-26 19:55:00,266.829986,267.209991,266.299987,266.950012,47363.0,ISRG.NYSE-5-MINUTE-LAST-EXTERNAL
2022-01-26 21:00:00,264.459991,264.459991,264.459991,264.459991,183821.0,ISRG.NYSE-5-MINUTE-LAST-EXTERNAL
2022-01-27 15:55:00,264.670013,267.075012,264.440002,266.890014,22043.0,ISRG.NYSE-5-MINUTE-LAST-EXTERNAL
2022-01-27 19:55:00,262.755004,262.98999,262.225799,262.589996,22994.0,ISRG.NYSE-5-MINUTE-LAST-EXTERNAL
2022-01-27 21:00:00,262.769989,262.769989,262.769989,262.769989,125810.0,ISRG.NYSE-5-MINUTE-LAST-EXTERNAL
2022-01-28 15:55:00,263.010009,263.299987,262.73999,262.75,33281.0,ISRG.NYSE-5-MINUTE-LAST-EXTERNAL
2022-01-28 19:55:00,266.309997,267.309997,266.309997,267.200012,18415.0,ISRG.NYSE-5-MINUTE-LAST-EXTERNAL
2022-01-28 21:00:00,271.790008,271.790008,271.790008,271.790008,239980.0,ISRG.NYSE-5-MINUTE-LAST-EXTERNAL
2022-01-31 15:55:00,279.660003,279.660003,278.429992,279.160003,38092.0,ISRG.NYSE-5-MINUTE-LAST-EXTERNAL
2022-01-31 19:55:00,281.660003,282.059997,281.475402,281.920013,23993.0,ISRG.NYSE-5-MINUTE-LAST-EXTERNAL
2022-01-31 21:00:00,284.179992,284.179992,284.179992,284.179992,250182.0,ISRG.NYSE-5-MINUTE-LAST-EXTERNAL
2022-02-01 15:55:00,283.420013,283.809997,283.160003,283.790008,20988.0,ISRG.NYSE-5-MINUTE-LAST-EXTERNAL
2022-02-01 19:55:00,283.98001,283.98001,283.130004,283.244995,11555.0,ISRG.NYSE-5-MINUTE-LAST-EXTERNAL
2022-02-01 21:00:00,286.510009,286.510009,286.510009,286.510009,132407.0,ISRG.NYSE-5-MINUTE-LAST-EXTERNAL
2022-02-02 15:55:00,291.020599,291.709991,290.820007,291.709991,12988.0,ISRG.NYSE-5-MINUTE-LAST-EXTERNAL
2022-02-02 19:55:00,292.660003,292.886505,292.190002,292.190002,11144.0,ISRG.NYSE-5-MINUTE-LAST-EXTERNAL
2022-02-02 21:00:00,292.940002,292.940002,292.940002,292.940002,139006.0,ISRG.NYSE-5-MINUTE-LAST-EXTERNAL
2022-02-03 15:55:00,286.529998,286.920013,286.265014,286.529998,33480.0,ISRG.NYSE-5-MINUTE-LAST-EXTERNAL
2022-02-03 19:55:00,286.380004,287.140014,286.380004,287.109985,15049.0,ISRG.NYSE-5-MINUTE-LAST-EXTERNAL
2022-02-03 21:00:00,285.600006,285.600006,285.600006,285.600006,219972.0,ISRG.NYSE-5-MINUTE-LAST-EXTERNAL
2022-02-04 15:55:00,281.48999,281.75,281.279998,281.48001,9921.0,ISRG.NYSE-5-MINUTE-LAST-EXTERNAL
2022-02-04 19:55:00,286.619995,286.809997,286.529998,286.700012,4939.0,ISRG.NYSE-5-MINUTE-LAST-EXTERNAL
2022-02-04 21:00:00,285.73001,285.73001,285.73001,285.73001,98422.0,ISRG.NYSE-5-MINUTE-LAST-EXTERNAL
2022-02-07 15:55:00,286.690002,287.100006,286.510009,287.029998,24367.0,ISRG.NYSE-5-MINUTE-LAST-EXTERNAL
2022-02-07 19:55:00,288.040008,288.130004,287.829986,287.940002,8650.0,ISRG.NYSE-5-MINUTE-LAST-EXTERNAL
2022-02-07 21:00:00,284.890014,284.890014,284.890014,284.890014,138572.0,ISRG.NYSE-5-MINUTE-LAST-EXTERNAL
2022-02-08 15:55:00,281.070007,282.0,281.070007,281.975006,33940.0,ISRG.NYSE-5-MINUTE-LAST-EXTERNAL
2022-02-08 19:55:00,282.630004,282.73001,281.98001,282.140014,13559.0,ISRG.NYSE-5-MINUTE-LAST-EXTERNAL
2022-02-08 21:00:00,283.390014,283.390014,283.390014,283.390014,111001.0,ISRG.NYSE-5-MINUTE-LAST-EXTERNAL
2022-02-09 15:55:00,290.540008,291.200012,290.290008,291.200012,18201.0,ISRG.NYSE-5-MINUTE-LAST-EXTERNAL
2022-02-09 19:55:00,290.510009,290.829986,290.359985,290.609985,18773.0,ISRG.NYSE-5-MINUTE-LAST-EXTERNAL
2022-02-09 21:00:00,292.179992,292.179992,292.179992,292.179992,143521.0,ISRG.NYSE-5-MINUTE-LAST-EXTERNAL
2022-02-10 15:55:00,293.019989,293.609985,292.869995,293.336608,26332.0,ISRG.NYSE-5-MINUTE-LAST-EXTERNAL
2022-02-10 19:55:00,291.98999,291.98999,291.565002,291.829986,32444.0,ISRG.NYSE-5-MINUTE-LAST-EXTERNAL
2022-02-10 21:00:00,292.48999,292.48999,292.48999,292.48999,231368.0,ISRG.NYSE-5-MINUTE-LAST-EXTERNAL
2022-02-11 15:55:00,291.579986,291.73999,291.170013,291.399993,19360.0,ISRG.NYSE-5-MINUTE-LAST-EXTERNAL
2022-02-11 19:55:00,283.23999,284.160003,283.010009,284.10501,15475.0,ISRG.NYSE-5-MINUTE-LAST-EXTERNAL
2022-02-11 21:00:00,283.160003,283.160003,283.160003,283.160003,165681.0,ISRG.NYSE-5-MINUTE-LAST-EXTERNAL
2022-02-14 15:55:00,283.964996,284.255004,283.059997,283.059997,9798.0,ISRG.NYSE-5-MINUTE-LAST-EXTERNAL
2022-02-14 19:55:00,281.589996,281.649993,281.23001,281.290008,6625.0,ISRG.NYSE-5-MINUTE-LAST-EXTERNAL
2022-02-14 21:00:00,281.140014,281.140014,281.140014,281.140014,112917.0,ISRG.NYSE-5-MINUTE-LAST-EXTERNAL
2022-02-15 15:55:00,289.559997,289.73999,288.73999,288.73999,11106.0,ISRG.NYSE-5-MINUTE-LAST-EXTERNAL
2022-02-15 19:55:00,288.390014,288.85501,288.299987,288.795013,11148.0,ISRG.NYSE-5-MINUTE-LAST-EXTERNAL
2022-02-15 21:00:00,289.309997,289.309997,289.309997,289.309997,108659.0,ISRG.NYSE-5-MINUTE-LAST-EXTERNAL
2022-02-16 15:55:00,286.369995,286.619995,285.964996,286.015014,7752.0,ISRG.NYSE-5-MINUTE-LAST-EXTERNAL
2022-02-16 19:55:00,290.290008,290.98001,290.290008,290.809997,12952.0,ISRG.NYSE-5-MINUTE-LAST-EXTERNAL
2022-02-16 21:00:00,291.140014,291.140014,291.140014,291.140014,124900.0,ISRG.NYSE-5-MINUTE-LAST-EXTERNAL
2022-02-17 15:55:00,287.869995,288.350006,287.779998,288.209991,8801.0,ISRG.NYSE-5-MINUTE-LAST-EXTERNAL
2022-02-17 19:55:00,285.450012,285.910003,285.450012,285.630004,6157.0,ISRG.NYSE-5-MINUTE-LAST-EXTERNAL
2022-02-17 21:00:00,284.079986,284.079986,284.079986,284.079986,88458.0,ISRG.NYSE-5-MINUTE-LAST-EXTERNAL
2022-02-18 15:55:00,284.644989,284.688995,284.010009,284.345001,10036.0,ISRG.NYSE-5-MINUTE-LAST-EXTERNAL
2022-02-18 19:55:00,283.10501,283.779998,282.880004,283.545013,5495.0,ISRG.NYSE-5-MINUTE-LAST-EXTERNAL
2022-02-18 21:00:00,280.779998,280.779998,280.779998,280.779998,87120.0,ISRG.NYSE-5-MINUTE-LAST-EXTERNAL
2022-02-22 15:55:00,285.019989,285.369995,284.799987,285.200103,19228.0,ISRG.NYSE-5-MINUTE-LAST-EXTERNAL
2022-02-22 19:55:00,285.200012,286.0,285.110107,285.23001,12232.0,ISRG.NYSE-5-MINUTE-LAST-EXTERNAL
2022-02-22 21:00:00,284.0,284.0,284.0,284.0,149308.0,ISRG.NYSE-5-MINUTE-LAST-EXTERNAL
2022-02-23 15:55:00,281.399993,281.98999,280.850006,281.779998,12600.0,ISRG.NYSE-5-MINUTE-LAST-EXTERNAL
2022-02-23 19:55:00,277.089996,277.5,276.890014,277.204986,9688.0,ISRG.NYSE-5-MINUTE-LAST-EXTERNAL
2022-02-23 21:00:00,276.5,276.5,276.5,276.5,126610.0,ISRG.NYSE-5-MINUTE-LAST-EXTERNAL
2022-02-24 15:55:00,276.179992,276.859985,275.950012,276.220001,25277.0,ISRG.NYSE-5-MINUTE-LAST-EXTERNAL
2022-02-24 19:55:00,285.429992,285.429992,284.700012,285.255004,10111.0,ISRG.NYSE-5-MINUTE-LAST-EXTERNAL
2022-02-24 21:00:00,288.380004,288.380004,288.380004,288.380004,205950.0,ISRG.NYSE-5-MINUTE-LAST-EXTERNAL
2022-02-25 15:55:00,289.394989,290.089385,289.200012,289.60501,20220.0,ISRG.NYSE-5-MINUTE-LAST-EXTERNAL
2022-02-25 19:55:00,291.660003,292.399993,291.515014,292.0,11093.0,ISRG.NYSE-5-MINUTE-LAST-EXTERNAL
2022-02-25 21:00:00,293.510009,293.510009,293.510009,293.510009,100423.0,ISRG.NYSE-5-MINUTE-LAST-EXTERNAL
2022-02-28 15:55:00,292.019989,292.519989,291.950012,292.450012,10646.0,ISRG.NYSE-5-MINUTE-LAST-EXTERNAL
2022-02-28 19:55:00,287.700012,288.729003,287.700012,288.260009,8373.0,ISRG.NYSE-5-MINUTE-LAST-EXTERNAL
2022-02-28 21:00:00,290.329986,290.329986,290.329986,290.329986,158181.0,ISRG.NYSE-5-MINUTE-LAST-EXTERNAL
2022-03-01 15:55:00,289.279998,290.130004,288.940002,289.579986,7474.0,ISRG.NYSE-5-MINUTE-LAST-EXTERNAL
2022-03-01 19:55:00,290.325012,290.570007,290.160003,290.290008,13984.0,ISRG.NYSE-5-MINUTE-LAST-EXTERNAL
2022-03-01 21:00:00,291.549987,291.549987,291.549987,291.549987,239040.0,ISRG.NYSE-5-MINUTE-LAST-EXTERNAL
2022-03-02 15:55:00,294.140014,295.190002,294.0,294.970001,7781.0,ISRG.NYSE-5-MINUTE-LAST-EXTERNAL
2022-03-02 19:55:00,299.309997,299.320007,298.809997,299.109985,8762.0,ISRG.NYSE-5-MINUTE-LAST-EXTERNAL
2022-03-02 21:00:00,299.010009,299.010009,299.010009,299.010009,149278.0,ISRG.NYSE-5-MINUTE-LAST-EXTERNAL
2022-03-03 15:55:00,299.0,299.25,298.410003,298.785003,31837.0,ISRG.NYSE-5-MINUTE-LAST-EXTERNAL
2022-03-03 19:55:00,300.549987,300.790008,300.320007,300.48001,11609.0,ISRG.NYSE-5-MINUTE-LAST-EXTERNAL
2022-03-03 21:00:00,299.820007,299.820007,299.820007,299.820007,121555.0,ISRG.NYSE-5-MINUTE-LAST-EXTERNAL
2022-03-04 15:55:00,297.179992,297.399993,296.934997,297.0,14556.0,ISRG.NYSE-5-MINUTE-LAST-EXTERNAL
2022-03-04 19:55:00,300.390014,300.529998,299.529998,299.529998,27805.0,ISRG.NYSE-5-MINUTE-LAST-EXTERNAL
2022-03-04 21:00:00,302.279998,302.279998,302.279998,302.279998,145411.0,ISRG.NYSE-5-MINUTE-LAST-EXTERNAL
2022-03-07 15:55:00,296.700012,297.269989,296.459991,296.589996,42839.0,ISRG.NYSE-5-MINUTE-LAST-EXTERNAL
2022-03-07 19:55:00,293.529998,294.535003,293.529998,294.0,22744.0,ISRG.NYSE-5-MINUTE-LAST-EXTERNAL
2022-03-07 21:00:00,292.690002,292.690002,292.690002,292.690002,312658.0,ISRG.NYSE-5-MINUTE-LAST-EXTERNAL
2022-03-08 15:55:00,273.065002,274.779998,273.065002,274.595001,78975.0,ISRG.NYSE-5-MINUTE-LAST-EXTERNAL
2022-03-08 19:55:00,273.600006,274.589996,273.0,273.570007,22949.0,ISRG.NYSE-5-MINUTE-LAST-EXTERNAL
2022-03-08 21:00:00,269.320007,269.320007,269.320007,269.320007,163752.0,ISRG.NYSE-5-MINUTE-LAST-EXTERNAL
2022-03-09 15:55:00,273.869995,274.269989,273.869995,274.109985,15553.0,ISRG.NYSE-5-MINUTE-LAST-EXTERNAL
2022-03-09 19:55:00,275.73001,276.450012,275.73001,276.209991,6537.0,ISRG.NYSE-5-MINUTE-LAST-EXTERNAL
2022-03-09 21:00:00,278.820007,278.820007,278.820007,278.820007,144632.0,ISRG.NYSE-5-MINUTE-LAST-EXTERNAL
2022-03-10 15:55:00,272.529998,272.640014,271.429992,271.684997,26977.0,ISRG.NYSE-5-MINUTE-LAST-EXTERNAL
2022-03-10 19:55:00,276.32019,276.670013,276.274993,276.369995,5694.0,ISRG.NYSE-5-MINUTE-LAST-EXTERNAL
2022-03-10 21:00:00,275.720001,275.720001,275.720001,275.720001,63922.0,ISRG.NYSE-5-MINUTE-LAST-EXTERNAL
2022-03-11 15:55:00,278.130004,278.140014,277.799987,277.950012,15055.0,ISRG.NYSE-5-MINUTE-LAST-EXTERNAL
2022-03-11 19:55:00,276.970001,277.170013,276.684997,276.799987,15832.0,ISRG.NYSE-5-MINUTE-LAST-EXTERNAL
2022-03-11 21:00:00,273.690002,273.690002,273.690002,273.690002,208286.0,ISRG.NYSE-5-MINUTE-LAST-EXTERNAL
2022-03-14 15:55:00,271.109985,271.149993,270.679992,270.890014,10858.0,ISRG.NYSE-5-MINUTE-LAST-EXTERNAL
2022-03-14 19:55:00,263.040008,263.850006,262.529998,263.670013,369987.0,ISRG.NYSE-5-MINUTE-LAST-EXTERNAL
2022-03-15 15:55:00,268.265197,268.265197,267.209991,267.912689,20383.0,ISRG.NYSE-5-MINUTE-LAST-EXTERNAL
2022-03-15 19:55:00,269.5,270.220001,269.309997,269.839996,144248.0,ISRG.NYSE-5-MINUTE-LAST-EXTERNAL
2022-03-16 15:55:00,274.559997,274.559997,273.940002,274.29309,32356.0,ISRG.NYSE-5-MINUTE-LAST-EXTERNAL
2022-03-16 19:55:00,276.369995,278.059997,276.035003,278.019989,187522.0,ISRG.NYSE-5-MINUTE-LAST-EXTERNAL
2022-03-17 15:55:00,279.630004,279.98001,279.510009,279.510009,9161.0,ISRG.NYSE-5-MINUTE-LAST-EXTERNAL
2022-03-17 19:55:00,282.600006,283.149993,282.279998,283.149993,145217.0,ISRG.NYSE-5-MINUTE-LAST-EXTERNAL
2022-03-18 15:55:00,284.799987,285.720001,284.779998,285.720001,15589.0,ISRG.NYSE-5-MINUTE-LAST-EXTERNAL
2022-03-18 19:55:00,290.079986,290.48001,289.589996,290.160003,125523.0,ISRG.NYSE-5-MINUTE-LAST-EXTERNAL
2022-03-21 15:55:00,284.5,285.179992,284.200012,285.021606,8098.0,ISRG.NYSE-5-MINUTE-LAST-EXTERNAL
2022-03-21 19:55:00,282.660003,283.890014,282.589996,283.279998,168957.0,ISRG.NYSE-5-MINUTE-LAST-EXTERNAL
2022-03-22 15:55:00,287.679992,287.73999,287.255004,287.320007,12593.0,ISRG.NYSE-5-MINUTE-LAST-EXTERNAL
2022-03-22 19:55:00,285.470001,286.559997,285.260009,286.519989,123917.0,ISRG.NYSE-5-MINUTE-LAST-EXTERNAL
2022-03-23 15:55:00,278.033386,278.819885,278.033386,278.819885,9915.0,ISRG.NYSE-5-MINUTE-LAST-EXTERNAL
2022-03-23 19:55:00,275.23001,275.48001,275.0,275.200012,113048.0,ISRG.NYSE-5-MINUTE-LAST-EXTERNAL
2022-03-24 15:55:00,278.070007,278.609985,278.059997,278.470001,12141.0,ISRG.NYSE-5-MINUTE-LAST-EXTERNAL
2022-03-24 19:55:00,280.565002,281.190002,280.420013,281.160003,95845.0,ISRG.NYSE-5-MINUTE-LAST-EXTERNAL
2022-03-25 15:55:00,283.165008,283.165008,282.279998,283.019989,7009.0,ISRG.NYSE-5-MINUTE-LAST-EXTERNAL
2022-03-25 19:55:00,286.320007,286.940002,286.160003,286.890014,103097.0,ISRG.NYSE-5-MINUTE-LAST-EXTERNAL
2022-03-28 15:55:00,289.869995,290.029998,289.411987,289.48001,22638.0,ISRG.NYSE-5-MINUTE-LAST-EXTERNAL
2022-03-28 19:55:00,294.959991,295.0,294.540008,294.970001,115946.0,ISRG.NYSE-5-MINUTE-LAST-EXTERNAL
2022-03-29 15:55:00,298.875,299.140014,298.760009,298.98999,16754.0,ISRG.NYSE-5-MINUTE-LAST-EXTERNAL
2022-03-29 19:55:00,301.690002,302.140014,301.420013,302.079986,121917.0,ISRG.NYSE-5-MINUTE-LAST-EXTERNAL
2022-03-30 15:55:00,305.154998,305.48001,305.0,305.290008,16974.0,ISRG.NYSE-5-MINUTE-LAST-EXTERNAL
2022-03-30 19:55:00,304.440002,305.130004,304.040008,304.5,156255.0,ISRG.NYSE-5-MINUTE-LAST-EXTERNAL
2022-03-31 15:55:00,306.579986,307.369995,306.369995,307.350006,16030.0,ISRG.NYSE-5-MINUTE-LAST-EXTERNAL
2022-03-31 19:55:00,302.829986,303.420013,301.589996,301.600006,271086.0,ISRG.NYSE-5-MINUTE-LAST-EXTERNAL
2022-04-01 15:55:00,303.269989,303.35501,302.579986,302.940002,10433.0,ISRG.NYSE-5-MINUTE-LAST-EXTERNAL
2022-04-01 19:55:00,305.100006,305.880004,304.940002,305.640014,77698.0,ISRG.NYSE-5-MINUTE-LAST-EXTERNAL
2022-04-04 15:55:00,303.369995,303.475006,303.119995,303.25,8727.0,ISRG.NYSE-5-MINUTE-LAST-EXTERNAL
2022-04-04 19:55:00,301.970001,302.350006,301.709991,302.329986,89537.0,ISRG.NYSE-5-MINUTE-LAST-EXTERNAL
2022-04-05 15:55:00,298.23001,298.260009,297.619995,298.040008,12137.0,ISRG.NYSE-5-MINUTE-LAST-EXTERNAL
2022-04-05 19:55:00,295.390014,296.100006,295.390014,295.920013,135761.0,ISRG.NYSE-5-MINUTE-LAST-EXTERNAL
2022-04-06 15:55:00,288.23999,288.23999,287.548004,287.880004,8759.0,ISRG.NYSE-5-MINUTE-LAST-EXTERNAL
2022-04-06 19:55:00,288.640014,289.23999,288.339996,288.670013,218536.0,ISRG.NYSE-5-MINUTE-LAST-EXTERNAL
2022-04-07 15:55:00,289.049987,289.290008,288.910003,289.220001,9119.0,ISRG.NYSE-5-MINUTE-LAST-EXTERNAL
2022-04-07 19:55:00,292.029998,292.109985,291.470001,291.700012,97514.0,ISRG.NYSE-5-MINUTE-LAST-EXTERNAL
2022-04-08 15:55:00,292.160003,292.700012,292.160003,292.695007,2805.0,ISRG.NYSE-5-MINUTE-LAST-EXTERNAL
2022-04-08 19:55:00,289.540008,289.859985,289.23001,289.859985,99249.0,ISRG.NYSE-5-MINUTE-LAST-EXTERNAL
2022-04-11 15:55:00,283.390014,283.390014,282.859985,282.859985,6228.0,ISRG.NYSE-5-MINUTE-LAST-EXTERNAL
2022-04-11 19:55:00,278.660003,279.170013,278.470001,278.970001,157498.0,ISRG.NYSE-5-MINUTE-LAST-EXTERNAL
2022-04-12 15:55:00,284.890014,284.890014,284.459991,284.660003,5560.0,ISRG.NYSE-5-MINUTE-LAST-EXTERNAL
2022-04-12 19:55:00,277.845001,278.089996,277.640014,277.799987,87501.0,ISRG.NYSE-5-MINUTE-LAST-EXTERNAL
2022-04-13 15:55:00,281.910003,282.040008,281.760009,281.950012,4752.0,ISRG.NYSE-5-MINUTE-LAST-EXTERNAL
2022-04-13 19:55:00,285.589996,285.609985,284.859985,285.149993,90713.0,ISRG.NYSE-5-MINUTE-LAST-EXTERNAL
2022-04-14 15:55:00,281.654998,281.804992,281.369995,281.644989,5860.0,ISRG.NYSE-5-MINUTE-LAST-EXTERNAL
2022-04-14 19:55:00,279.799987,280.119995,279.570007,279.709991,118458.0,ISRG.NYSE-5-MINUTE-LAST-EXTERNAL
2022-04-18 15:55:00,276.0,276.399993,275.850006,276.320007,5975.0,ISRG.NYSE-5-MINUTE-LAST-EXTERNAL
2022-04-18 19:55:00,275.450012,276.48001,275.420013,276.459991,73641.0,ISRG.NYSE-5-MINUTE-LAST-EXTERNAL
2022-04-19 15:55:00,293.829986,293.885009,293.609985,293.73999,18450.0,ISRG.NYSE-5-MINUTE-LAST-EXTERNAL
2022-04-19 19:55:00,294.829986,294.970001,294.279998,294.829986,189817.0,ISRG.NYSE-5-MINUTE-LAST-EXTERNAL
2022-04-20 15:55:00,305.98001,306.589996,305.579986,305.886291,25342.0,ISRG.NYSE-5-MINUTE-LAST-EXTERNAL
2022-04-20 19:55:00,303.019989,303.350006,302.459991,302.98001,156645.0,ISRG.NYSE-5-MINUTE-LAST-EXTERNAL
2022-04-21 15:55:00,300.700012,300.850006,300.190002,300.529998,14104.0,ISRG.NYSE-5-MINUTE-LAST-EXTERNAL
2022-04-21 19:55:00,294.984985,295.309997,293.809997,294.220001,155393.0,ISRG.NYSE-5-MINUTE-LAST-EXTERNAL
2022-04-22 15:55:00,258.019989,258.179992,257.019989,257.019989,80315.0,ISRG.NYSE-5-MINUTE-LAST-EXTERNAL
2022-04-22 19:55:00,254.264999,254.264999,251.520004,251.970001,406711.0,ISRG.NYSE-5-MINUTE-LAST-EXTERNAL
2022-04-25 15:55:00,252.699996,253.539993,252.580001,253.220001,19919.0,ISRG.NYSE-5-MINUTE-LAST-EXTERNAL
2022-04-25 19:55:00,255.095001,255.320007,254.619995,255.039993,198147.0,ISRG.NYSE-5-MINUTE-LAST-EXTERNAL
2022-04-26 15:55:00,247.960006,248.509994,247.800003,248.429992,17597.0,ISRG.NYSE-5-MINUTE-LAST-EXTERNAL
2022-04-26 19:55:00,245.080001,245.645004,244.440002,244.679992,172685.0,ISRG.NYSE-5-MINUTE-LAST-EXTERNAL
2022-04-27 15:55:00,239.960006,240.559997,239.904998,240.080001,42625.0,ISRG.NYSE-5-MINUTE-LAST-EXTERNAL
2022-04-27 19:55:00,236.100006,236.470001,235.070007,235.419998,542225.0,ISRG.NYSE-5-MINUTE-LAST-EXTERNAL
2022-04-28 15:55:00,237.845001,238.080001,237.520004,237.910003,22757.0,ISRG.NYSE-5-MINUTE-LAST-EXTERNAL
2022-04-28 19:55:00,242.880004,243.410003,242.395004,243.330001,178389.0,ISRG.NYSE-5-MINUTE-LAST-EXTERNAL
2022-04-29 15:55:00,245.199996,245.264999,244.5,244.639999,13945.0,ISRG.NYSE-5-MINUTE-LAST-EXTERNAL
2022-04-29 19:55:00,239.419998,239.529998,238.529998,239.240005,235721.0,ISRG.NYSE-5-MINUTE-LAST-EXTERNAL
2022-05-02 15:55:00,238.270004,239.149993,238.039993,239.149993,10399.0,ISRG.NYSE-5-MINUTE-LAST-EXTERNAL
2022-05-02 19:55:00,240.320007,240.759994,240.149993,240.460006,122766.0,ISRG.NYSE-5-MINUTE-LAST-EXTERNAL
2022-05-03 15:55:00,240.029998,240.490005,239.929992,240.300003,14469.0,ISRG.NYSE-5-MINUTE-LAST-EXTERNAL
2022-05-03 19:55:00,238.300003,238.5,237.929992,238.100006,107843.0,ISRG.NYSE-5-MINUTE-LAST-EXTERNAL
2022-05-04 15:55:00,236.399993,236.399993,236.050003,236.130004,7630.0,ISRG.NYSE-5-MINUTE-LAST-EXTERNAL
2022-05-04 19:55:00,246.119995,246.559997,245.889999,246.289993,168649.0,ISRG.NYSE-5-MINUTE-LAST-EXTERNAL
2022-05-05 15:55:00,232.404998,233.169998,232.404998,233.035003,27813.0,ISRG.NYSE-5-MINUTE-LAST-EXTERNAL
2022-05-05 19:55:00,233.020004,234.279998,232.869995,233.979995,264423.0,ISRG.NYSE-5-MINUTE-LAST-EXTERNAL
2022-05-06 15:55:00,225.440002,226.039993,225.179992,225.570007,14388.0,ISRG.NYSE-5-MINUTE-LAST-EXTERNAL
2022-05-06 19:55:00,224.919998,225.160003,224.369995,224.839996,208626.0,ISRG.NYSE-5-MINUTE-LAST-EXTERNAL
2022-05-09 15:55:00,211.940002,212.225296,211.259994,211.520004,34363.0,ISRG.NYSE-5-MINUTE-LAST-EXTERNAL
2022-05-09 19:55:00,207.86,209.279998,207.86,208.759292,234896.0,ISRG.NYSE-5-MINUTE-LAST-EXTERNAL
2022-05-10 15:55:00,209.050003,210.0,208.259994,209.990005,15354.0,ISRG.NYSE-5-MINUTE-LAST-EXTERNAL
2022-05-10 19:55:00,211.720001,211.770004,210.820007,211.36,113525.0,ISRG.NYSE-5-MINUTE-LAST-EXTERNAL
2022-05-11 15:55:00,216.419998,216.419998,215.729995,215.889999,16058.0,ISRG.NYSE-5-MINUTE-LAST-EXTERNAL
2022-05-11 19:55:00,210.800003,211.080001,210.445007,210.960006,153283.0,ISRG.NYSE-5-MINUTE-LAST-EXTERNAL
2022-05-12 15:55:00,209.889999,209.891998,209.279998,209.740005,11489.0,ISRG.NYSE-5-MINUTE-LAST-EXTERNAL
2022-05-12 19:55:00,210.539993,211.880004,210.240005,211.559997,135445.0,ISRG.NYSE-5-MINUTE-LAST-EXTERNAL
2022-05-13 15:55:00,222.539993,222.729995,222.3526,222.570007,17522.0,ISRG.NYSE-5-MINUTE-LAST-EXTERNAL
2022-05-13 19:55:00,223.139999,223.740005,222.919998,223.690002,131744.0,ISRG.NYSE-5-MINUTE-LAST-EXTERNAL
2022-05-16 15:55:00,220.539993,220.550003,220.175003,220.229995,4841.0,ISRG.NYSE-5-MINUTE-LAST-EXTERNAL
2022-05-16 19:55:00,219.380004,219.61,218.929992,219.529998,110579.0,ISRG.NYSE-5-MINUTE-LAST-EXTERNAL
2022-05-17 15:55:00,223.080001,223.199996,222.979995,223.160003,10005.0,ISRG.NYSE-5-MINUTE-LAST-EXTERNAL
2022-05-17 19:55:00,224.960006,225.339996,224.720001,225.179992,95443.0,ISRG.NYSE-5-MINUTE-LAST-EXTERNAL
2022-05-18 15:55:00,218.649993,219.024993,218.0,218.25,38223.0,ISRG.NYSE-5-MINUTE-LAST-EXTERNAL
2022-05-18 19:55:00,214.520004,215.470001,214.470001,215.369995,232283.0,ISRG.NYSE-5-MINUTE-LAST-EXTERNAL
2022-05-19 15:55:00,219.759994,219.759994,219.309997,219.509994,10615.0,ISRG.NYSE-5-MINUTE-LAST-EXTERNAL
2022-05-19 19:55:00,217.960006,218.548995,217.820007,218.139999,91806.0,ISRG.NYSE-5-MINUTE-LAST-EXTERNAL
2022-05-20 15:55:00,216.199996,216.649993,216.100006,216.229995,12841.0,ISRG.NYSE-5-MINUTE-LAST-EXTERNAL
2022-05-20 19:55:00,218.820007,219.789993,218.490005,218.940002,249540.0,ISRG.NYSE-5-MINUTE-LAST-EXTERNAL
2022-05-23 15:55:00,220.270004,220.600006,220.220001,220.36,10065.0,ISRG.NYSE-5-MINUTE-LAST-EXTERNAL
2022-05-23 19:55:00,220.880004,221.910003,220.600006,221.619995,91928.0,ISRG.NYSE-5-MINUTE-LAST-EXTERNAL
2022-05-24 15:55:00,218.130004,218.460006,218.0,218.0,8548.0,ISRG.NYSE-5-MINUTE-LAST-EXTERNAL
2022-05-24 19:55:00,217.86,218.529998,217.779998,218.380004,146027.0,ISRG.NYSE-5-MINUTE-LAST-EXTERNAL
2022-05-25 15:55:00,219.354995,219.36,219.020492,219.149993,16744.0,ISRG.NYSE-5-MINUTE-LAST-EXTERNAL
2022-05-25 19:55:00,222.214996,222.699996,222.149993,222.600006,102405.0,ISRG.NYSE-5-MINUTE-LAST-EXTERNAL
2022-05-26 15:55:00,221.699996,222.0,221.570007,221.925003,14646.0,ISRG.NYSE-5-MINUTE-LAST-EXTERNAL
2022-05-26 19:55:00,223.669998,224.11,223.240005,223.25,232304.0,ISRG.NYSE-5-MINUTE-LAST-EXTERNAL
2022-05-27 15:55:00,228.559997,228.649993,228.190002,228.649993,6959.0,ISRG.NYSE-5-MINUTE-LAST-EXTERNAL
2022-05-27 19:55:00,228.800003,229.190002,228.460006,229.169998,157552.0,ISRG.NYSE-5-MINUTE-LAST-EXTERNAL
2022-05-31 15:55:00,229.169998,229.380004,228.86,228.865005,21492.0,ISRG.NYSE-5-MINUTE-LAST-EXTERNAL
2022-05-31 19:55:00,228.190002,228.300003,227.389999,227.460006,124418.0,ISRG.NYSE-5-MINUTE-LAST-EXTERNAL
2022-06-01 15:55:00,214.820007,214.820007,213.809997,213.925003,13113.0,ISRG.NYSE-5-MINUTE-LAST-EXTERNAL
2022-06-01 19:55:00,216.86,217.020004,216.274993,216.389999,158225.0,ISRG.NYSE-5-MINUTE-LAST-EXTERNAL
2022-06-02 15:55:00,222.190002,222.399993,221.990005,222.020004,9406.0,ISRG.NYSE-5-MINUTE-LAST-EXTERNAL
2022-06-02 19:55:00,226.880004,227.339996,226.729995,227.210006,151635.0,ISRG.NYSE-5-MINUTE-LAST-EXTERNAL
2022-06-03 15:55:00,219.035003,219.410003,219.0,219.240005,11611.0,ISRG.NYSE-5-MINUTE-LAST-EXTERNAL
2022-06-03 19:55:00,218.324996,218.339996,217.600006,217.789993,131812.0,ISRG.NYSE-5-MINUTE-LAST-EXTERNAL
2022-06-06 15:55:00,218.434997,218.520004,217.960006,218.169998,13292.0,ISRG.NYSE-5-MINUTE-LAST-EXTERNAL
2022-06-06 19:55:00,216.625,216.919998,216.160095,216.429992,126987.0,ISRG.NYSE-5-MINUTE-LAST-EXTERNAL
2022-06-07 15:55:00,218.869995,219.604995,218.699996,219.539993,12159.0,ISRG.NYSE-5-MINUTE-LAST-EXTERNAL
2022-06-07 19:55:00,222.350006,222.440002,221.820007,221.949996,126066.0,ISRG.NYSE-5-MINUTE-LAST-EXTERNAL
2022-06-08 15:55:00,221.309997,221.550003,221.179992,221.25,6178.0,ISRG.NYSE-5-MINUTE-LAST-EXTERNAL
2022-06-08 19:55:00,218.509994,218.824996,218.25,218.619995,76992.0,ISRG.NYSE-5-MINUTE-LAST-EXTERNAL
2022-06-09 15:55:00,214.949996,215.119995,214.820007,215.070007,5427.0,ISRG.NYSE-5-MINUTE-LAST-EXTERNAL
2022-06-09 19:55:00,210.725006,210.725006,209.910003,209.949996,138189.0,ISRG.NYSE-5-MINUTE-LAST-EXTERNAL
2022-06-10 15:55:00,205.020004,205.949996,204.899993,205.839996,7986.0,ISRG.NYSE-5-MINUTE-LAST-EXTERNAL
2022-06-10 19:55:00,205.929992,206.074996,205.240005,205.259994,112469.0,ISRG.NYSE-5-MINUTE-LAST-EXTERNAL
2022-06-13 15:55:00,196.270004,196.320007,196.0,196.190002,17560.0,ISRG.NYSE-5-MINUTE-LAST-EXTERNAL
2022-06-13 19:55:00,194.729995,195.350006,194.729995,194.970001,168649.0,ISRG.NYSE-5-MINUTE-LAST-EXTERNAL
2022-06-14 15:55:00,193.669998,194.020004,193.539993,193.559997,18380.0,ISRG.NYSE-5-MINUTE-LAST-EXTERNAL
2022-06-14 19:55:00,191.059997,191.25,190.75,191.229995,174565.0,ISRG.NYSE-5-MINUTE-LAST-EXTERNAL
2022-06-15 15:55:00,196.440002,196.835006,196.36,196.835006,8663.0,ISRG.NYSE-5-MINUTE-LAST-EXTERNAL
2022-06-15 19:55:00,195.520004,196.289993,195.509994,196.229995,144955.0,ISRG.NYSE-5-MINUTE-LAST-EXTERNAL
2022-06-16 15:55:00,188.919998,189.800003,188.714996,189.800003,13895.0,ISRG.NYSE-5-MINUTE-LAST-EXTERNAL
2022-06-16 19:55:00,189.619995,190.770004,189.36,190.710006,322637.0,ISRG.NYSE-5-MINUTE-LAST-EXTERNAL
2022-06-17 15:55:00,192.86,193.630004,192.714996,193.270004,11889.0,ISRG.NYSE-5-MINUTE-LAST-EXTERNAL
2022-06-17 19:55:00,192.729995,193.070007,191.910003,192.080001,176070.0,ISRG.NYSE-5-MINUTE-LAST-EXTERNAL
2022-06-21 15:55:00,194.779998,195.389999,194.779998,195.070007,14496.0,ISRG.NYSE-5-MINUTE-LAST-EXTERNAL
2022-06-21 19:55:00,194.600006,194.630004,194.020004,194.320007,126893.0,ISRG.NYSE-5-MINUTE-LAST-EXTERNAL
2022-06-22 15:55:00,201.794998,201.830001,200.929992,201.0,21664.0,ISRG.NYSE-5-MINUTE-LAST-EXTERNAL
2022-06-22 19:55:00,201.149993,201.270004,200.520004,200.539993,254037.0,ISRG.NYSE-5-MINUTE-LAST-EXTERNAL
2022-06-23 15:55:00,205.470001,205.5027,205.0,205.1044,10123.0,ISRG.NYSE-5-MINUTE-LAST-EXTERNAL
2022-06-23 19:55:00,204.570007,204.759994,204.429992,204.5,119178.0,ISRG.NYSE-5-MINUTE-LAST-EXTERNAL
2022-06-24 15:55:00,205.649993,205.929992,205.505004,205.869995,8228.0,ISRG.NYSE-5-MINUTE-LAST-EXTERNAL
2022-06-24 19:55:00,209.300003,209.845001,208.970001,209.759994,180202.0,ISRG.NYSE-5-MINUTE-LAST-EXTERNAL
2022-06-27 15:55:00,208.559997,208.75,208.5,208.630004,10343.0,ISRG.NYSE-5-MINUTE-LAST-EXTERNAL
2022-06-27 19:55:00,207.600006,208.029998,207.600006,207.979995,131582.0,ISRG.NYSE-5-MINUTE-LAST-EXTERNAL
2022-06-28 15:55:00,205.339996,205.889999,205.259994,205.475006,11989.0,ISRG.NYSE-5-MINUTE-LAST-EXTERNAL
2022-06-28 19:55:00,201.880004,202.130004,201.809997,201.990005,171067.0,ISRG.NYSE-5-MINUTE-LAST-EXTERNAL
2022-06-29 15:55:00,202.949996,202.979995,202.36,202.404998,6437.0,ISRG.NYSE-5-MINUTE-LAST-EXTERNAL
2022-06-29 19:55:00,202.039993,203.139999,202.029998,202.580001,143826.0,ISRG.NYSE-5-MINUTE-LAST-EXTERNAL
2022-06-30 15:55:00,201.169998,201.645004,201.089996,201.645004,24804.0,ISRG.NYSE-5-MINUTE-LAST-EXTERNAL
2022-06-30 19:55:00,199.649993,200.949996,199.259994,200.798995,200724.0,ISRG.NYSE-5-MINUTE-LAST-EXTERNAL
2022-07-01 15:55:00,201.669998,202.029998,201.669998,202.029998,5375.0,ISRG.NYSE-5-MINUTE-LAST-EXTERNAL
2022-07-01 19:55:00,205.869995,206.330001,205.770996,206.050003,131569.0,ISRG.NYSE-5-MINUTE-LAST-EXTERNAL
2022-07-05 15:55:00,202.509994,202.61,202.389999,202.559997,33621.0,ISRG.NYSE-5-MINUTE-LAST-EXTERNAL
2022-07-05 19:55:00,206.690002,206.809997,206.330001,206.779998,102916.0,ISRG.NYSE-5-MINUTE-LAST-EXTERNAL
2022-07-06 15:55:00,206.854995,207.089996,206.753204,206.800003,6750.0,ISRG.NYSE-5-MINUTE-LAST-EXTERNAL
2022-07-06 19:55:00,204.660003,205.470001,204.520004,205.419998,107381.0,ISRG.NYSE-5-MINUTE-LAST-EXTERNAL
2022-07-07 15:55:00,207.100006,207.399993,207.020004,207.350006,5779.0,ISRG.NYSE-5-MINUTE-LAST-EXTERNAL
2022-07-07 19:55:00,208.509994,208.850006,208.399993,208.690002,123514.0,ISRG.NYSE-5-MINUTE-LAST-EXTERNAL
2022-07-08 15:55:00,209.979995,210.320007,209.945007,210.240005,4730.0,ISRG.NYSE-5-MINUTE-LAST-EXTERNAL
2022-07-08 19:55:00,208.889999,209.145004,208.710006,208.800003,81946.0,ISRG.NYSE-5-MINUTE-LAST-EXTERNAL
2022-07-11 15:55:00,205.190002,205.270004,204.960006,205.199996,4966.0,ISRG.NYSE-5-MINUTE-LAST-EXTERNAL
2022-07-11 19:55:00,205.440002,205.830001,205.429992,205.770004,85716.0,ISRG.NYSE-5-MINUTE-LAST-EXTERNAL
2022-07-12 15:55:00,203.929992,204.320007,203.800003,204.25,10030.0,ISRG.NYSE-5-MINUTE-LAST-EXTERNAL
2022-07-12 19:55:00,202.309997,202.330001,201.910003,202.139999,169808.0,ISRG.NYSE-5-MINUTE-LAST-EXTERNAL
2022-07-13 15:55:00,201.964996,202.039993,201.580001,201.779998,10633.0,ISRG.NYSE-5-MINUTE-LAST-EXTERNAL
2022-07-13 19:55:00,202.949996,202.949996,201.869995,201.910003,138754.0,ISRG.NYSE-5-MINUTE-LAST-EXTERNAL
2022-07-14 15:55:00,201.199996,201.679992,201.029998,201.5,11120.0,ISRG.NYSE-5-MINUTE-LAST-EXTERNAL
2022-07-14 19:55:00,203.884994,204.509994,203.669998,204.389999,255778.0,ISRG.NYSE-5-MINUTE-LAST-EXTERNAL
2022-07-15 15:55:00,210.160003,210.330001,210.020004,210.119995,12335.0,ISRG.NYSE-5-MINUTE-LAST-EXTERNAL
2022-07-15 19:55:00,210.699996,210.990005,210.429992,210.919998,142066.0,ISRG.NYSE-5-MINUTE-LAST-EXTERNAL
2022-07-18 15:55:00,213.059997,213.339996,212.815002,213.080001,59711.0,ISRG.NYSE-5-MINUTE-LAST-EXTERNAL
2022-07-18 19:55:00,206.449996,206.740005,206.11,206.169998,147377.0,ISRG.NYSE-5-MINUTE-LAST-EXTERNAL
2022-07-19 15:55:00,212.320007,212.380004,212.240005,212.25,7198.0,ISRG.NYSE-5-MINUTE-LAST-EXTERNAL
2022-07-19 19:55:00,214.300003,214.615005,214.289993,214.440002,218930.0,ISRG.NYSE-5-MINUTE-LAST-EXTERNAL
2022-07-20 15:55:00,220.559997,221.009994,220.5,220.910003,16765.0,ISRG.NYSE-5-MINUTE-LAST-EXTERNAL
2022-07-20 19:55:00,219.919998,220.059997,219.039993,219.139999,128580.0,ISRG.NYSE-5-MINUTE-LAST-EXTERNAL
2022-07-21 15:55:00,223.380004,223.690002,223.375,223.425003,23821.0,ISRG.NYSE-5-MINUTE-LAST-EXTERNAL
2022-07-21 19:55:00,224.970001,225.039993,224.550292,224.75,212103.0,ISRG.NYSE-5-MINUTE-LAST-EXTERNAL
2022-07-22 15:55:00,211.820007,212.0699,210.990005,211.014999,70109.0,ISRG.NYSE-5-MINUTE-LAST-EXTERNAL
2022-07-22 19:55:00,211.559997,212.100006,211.520004,211.940002,273506.0,ISRG.NYSE-5-MINUTE-LAST-EXTERNAL
2022-07-25 15:55:00,219.830001,220.339996,219.820007,220.174697,32638.0,ISRG.NYSE-5-MINUTE-LAST-EXTERNAL
2022-07-25 19:55:00,219.080001,219.410003,218.960006,219.179992,205845.0,ISRG.NYSE-5-MINUTE-LAST-EXTERNAL
2022-07-26 15:55:00,215.570007,216.050003,215.529998,215.820007,21190.0,ISRG.NYSE-5-MINUTE-LAST-EXTERNAL
2022-07-26 19:55:00,216.949996,216.979995,216.509994,216.850006,204067.0,ISRG.NYSE-5-MINUTE-LAST-EXTERNAL
2022-07-27 15:55:00,221.86,222.134994,221.759994,221.759994,12085.0,ISRG.NYSE-5-MINUTE-LAST-EXTERNAL
2022-07-27 19:55:00,226.139999,226.160003,225.210006,225.339996,200388.0,ISRG.NYSE-5-MINUTE-LAST-EXTERNAL
2022-07-28 15:55:00,230.61,230.679992,230.149993,230.240005,27784.0,ISRG.NYSE-5-MINUTE-LAST-EXTERNAL
2022-07-28 19:55:00,230.279998,230.660003,230.119995,230.550003,129664.0,ISRG.NYSE-5-MINUTE-LAST-EXTERNAL
2022-07-29 15:55:00,229.089996,229.089996,228.61,228.839996,10519.0,ISRG.NYSE-5-MINUTE-LAST-EXTERNAL
2022-07-29 19:55:00,230.300003,230.410003,229.809997,230.160003,156026.0,ISRG.NYSE-5-MINUTE-LAST-EXTERNAL
2022-08-01 15:55:00,231.179992,231.449996,231.0,231.0,20535.0,ISRG.NYSE-5-MINUTE-LAST-EXTERNAL
2022-08-01 19:55:00,228.240005,228.770004,228.11,228.570007,97710.0,ISRG.NYSE-5-MINUTE-LAST-EXTERNAL
2022-08-02 15:55:00,242.294998,242.440002,241.880004,242.011199,23733.0,ISRG.NYSE-5-MINUTE-LAST-EXTERNAL
2022-08-02 19:55:00,238.524993,238.729995,238.384994,238.479995,153002.0,ISRG.NYSE-5-MINUTE-LAST-EXTERNAL
2022-08-03 15:55:00,240.580001,240.939605,240.580001,240.929992,9941.0,ISRG.NYSE-5-MINUTE-LAST-EXTERNAL
2022-08-03 19:55:00,242.880004,242.880004,242.130004,242.179992,123084.0,ISRG.NYSE-5-MINUTE-LAST-EXTERNAL
2022-08-04 15:55:00,241.524993,241.815002,241.449996,241.679992,7831.0,ISRG.NYSE-5-MINUTE-LAST-EXTERNAL
2022-08-04 19:55:00,242.009994,242.550003,241.809997,242.529998,85239.0,ISRG.NYSE-5-MINUTE-LAST-EXTERNAL
2022-08-05 15:55:00,237.61,237.889999,237.520004,237.570007,17191.0,ISRG.NYSE-5-MINUTE-LAST-EXTERNAL
2022-08-05 19:55:00,240.259994,240.600006,240.240005,240.300003,125780.0,ISRG.NYSE-5-MINUTE-LAST-EXTERNAL
2022-08-08 15:55:00,242.350006,242.350006,241.940002,242.339996,10481.0,ISRG.NYSE-5-MINUTE-LAST-EXTERNAL
2022-08-08 19:55:00,239.210006,239.270004,238.970001,239.130004,146999.0,ISRG.NYSE-5-MINUTE-LAST-EXTERNAL
2022-08-09 15:55:00,238.039993,238.039993,237.470993,237.580001,14564.0,ISRG.NYSE-5-MINUTE-LAST-EXTERNAL
2022-08-09 19:55:00,232.475006,232.949996,232.434997,232.789993,163193.0,ISRG.NYSE-5-MINUTE-LAST-EXTERNAL
2022-08-10 15:55:00,238.649993,238.949996,238.619995,238.949996,10272.0,ISRG.NYSE-5-MINUTE-LAST-EXTERNAL
2022-08-10 19:55:00,237.975006,238.020004,237.550003,237.839996,127502.0,ISRG.NYSE-5-MINUTE-LAST-EXTERNAL
2022-08-11 15:55:00,238.020004,238.145004,237.669998,237.910003,15211.0,ISRG.NYSE-5-MINUTE-LAST-EXTERNAL
2022-08-11 19:55:00,236.139999,236.25,235.399993,236.039993,186219.0,ISRG.NYSE-5-MINUTE-LAST-EXTERNAL
2022-08-12 15:55:00,236.869995,236.910003,236.289993,236.399993,9651.0,ISRG.NYSE-5-MINUTE-LAST-EXTERNAL
2022-08-12 19:55:00,238.100006,238.559997,238.059997,238.369995,125812.0,ISRG.NYSE-5-MINUTE-LAST-EXTERNAL
2022-08-15 15:55:00,238.089996,238.169998,237.779998,237.830001,20250.0,ISRG.NYSE-5-MINUTE-LAST-EXTERNAL
2022-08-15 19:55:00,238.039993,238.300003,237.809997,238.279998,99193.0,ISRG.NYSE-5-MINUTE-LAST-EXTERNAL
2022-08-16 15:55:00,234.410003,234.529998,234.145004,234.394805,9023.0,ISRG.NYSE-5-MINUTE-LAST-EXTERNAL
2022-08-16 19:55:00,233.690002,233.960006,233.570007,233.679992,140441.0,ISRG.NYSE-5-MINUTE-LAST-EXTERNAL
2022-08-17 15:55:00,229.139999,229.210006,229.080001,229.130004,7176.0,ISRG.NYSE-5-MINUTE-LAST-EXTERNAL
2022-08-17 19:55:00,229.789993,229.910003,229.600006,229.710006,133276.0,ISRG.NYSE-5-MINUTE-LAST-EXTERNAL
2022-08-18 15:55:00,229.315002,229.529998,229.315002,229.324996,18897.0,ISRG.NYSE-5-MINUTE-LAST-EXTERNAL
2022-08-18 19:55:00,229.350006,229.619995,229.160003,229.589996,95364.0,ISRG.NYSE-5-MINUTE-LAST-EXTERNAL
2022-08-19 15:55:00,224.255004,224.255004,223.880004,223.880004,12094.0,ISRG.NYSE-5-MINUTE-LAST-EXTERNAL
2022-08-19 19:55:00,224.669998,225.100006,224.580001,224.75,160323.0,ISRG.NYSE-5-MINUTE-LAST-EXTERNAL
2022-08-22 15:55:00,219.720001,219.720001,219.539993,219.589996,9563.0,ISRG.NYSE-5-MINUTE-LAST-EXTERNAL
2022-08-22 19:55:00,218.130004,218.679992,218.130004,218.570007,155198.0,ISRG.NYSE-5-MINUTE-LAST-EXTERNAL
2022-08-23 15:55:00,216.429992,216.479995,216.309997,216.419998,21031.0,ISRG.NYSE-5-MINUTE-LAST-EXTERNAL
2022-08-23 19:55:00,217.169998,217.169998,216.809997,216.880004,83258.0,ISRG.NYSE-5-MINUTE-LAST-EXTERNAL
2022-08-24 15:55:00,221.884994,221.884994,221.510101,221.675003,9641.0,ISRG.NYSE-5-MINUTE-LAST-EXTERNAL
2022-08-24 19:55:00,220.649993,220.690002,220.389999,220.479995,136734.0,ISRG.NYSE-5-MINUTE-LAST-EXTERNAL
2022-08-25 15:55:00,223.570007,223.949996,223.419998,223.949996,17146.0,ISRG.NYSE-5-MINUTE-LAST-EXTERNAL
2022-08-25 19:55:00,224.770004,225.119995,224.679,224.940002,82907.0,ISRG.NYSE-5-MINUTE-LAST-EXTERNAL
2022-08-26 15:55:00,217.154998,217.154998,216.804992,216.899993,16680.0,ISRG.NYSE-5-MINUTE-LAST-EXTERNAL
2022-08-26 19:55:00,211.0,211.4906,210.940002,211.089996,209676.0,ISRG.NYSE-5-MINUTE-LAST-EXTERNAL
2022-08-29 15:55:00,208.289993,208.679992,208.244995,208.559997,13063.0,ISRG.NYSE-5-MINUTE-LAST-EXTERNAL
2022-08-29 19:55:00,209.240005,209.300003,208.570007,208.910003,123212.0,ISRG.NYSE-5-MINUTE-LAST-EXTERNAL
2022-08-30 15:55:00,206.949996,207.217895,206.764999,206.764999,10670.0,ISRG.NYSE-5-MINUTE-LAST-EXTERNAL
2022-08-30 19:55:00,205.979995,206.729995,205.979995,206.580001,160594.0,ISRG.NYSE-5-MINUTE-LAST-EXTERNAL
2022-08-31 15:55:00,207.220001,207.369995,207.100006,207.100006,6602.0,ISRG.NYSE-5-MINUTE-LAST-EXTERNAL
2022-08-31 19:55:00,206.774993,206.839996,205.720001,205.729995,191309.0,ISRG.NYSE-5-MINUTE-LAST-EXTERNAL
2022-09-01 15:55:00,200.929992,200.929992,200.350006,200.770004,21595.0,ISRG.NYSE-5-MINUTE-LAST-EXTERNAL
2022-09-01 19:55:00,205.75,206.440002,205.720001,206.050003,95756.0,ISRG.NYSE-5-MINUTE-LAST-EXTERNAL
2022-09-02 15:55:00,208.820007,208.929992,208.779998,208.880004,6633.0,ISRG.NYSE-5-MINUTE-LAST-EXTERNAL
2022-09-02 19:55:00,203.589996,203.809997,203.229995,203.720001,140807.0,ISRG.NYSE-5-MINUTE-LAST-EXTERNAL
2022-09-06 15:55:00,203.809997,204.059997,203.720001,203.809997,9370.0,ISRG.NYSE-5-MINUTE-LAST-EXTERNAL
2022-09-06 19:55:00,202.160003,202.475006,201.910003,202.300003,145159.0,ISRG.NYSE-5-MINUTE-LAST-EXTERNAL
2022-09-07 15:55:00,208.100006,208.229995,207.869995,207.910003,9180.0,ISRG.NYSE-5-MINUTE-LAST-EXTERNAL
2022-09-07 19:55:00,210.880004,210.979995,210.520004,210.869995,116630.0,ISRG.NYSE-5-MINUTE-LAST-EXTERNAL
2022-09-08 15:55:00,216.25,216.490005,216.11,216.119995,7320.0,ISRG.NYSE-5-MINUTE-LAST-EXTERNAL
2022-09-08 19:55:00,214.669998,214.910003,214.25,214.789993,138011.0,ISRG.NYSE-5-MINUTE-LAST-EXTERNAL
2022-09-09 15:55:00,220.220001,220.5,220.119995,220.339996,9657.0,ISRG.NYSE-5-MINUTE-LAST-EXTERNAL
2022-09-09 19:55:00,221.720001,221.720001,221.25,221.25,150765.0,ISRG.NYSE-5-MINUTE-LAST-EXTERNAL
2022-09-12 15:55:00,220.679992,220.789993,220.100006,220.339996,13219.0,ISRG.NYSE-5-MINUTE-LAST-EXTERNAL
2022-09-12 19:55:00,221.779998,222.130004,221.649993,222.11,69872.0,ISRG.NYSE-5-MINUTE-LAST-EXTERNAL
2022-09-13 15:55:00,214.910003,214.979995,214.410003,214.463302,16914.0,ISRG.NYSE-5-MINUTE-LAST-EXTERNAL
2022-09-13 19:55:00,211.434997,211.839996,211.014999,211.399993,172726.0,ISRG.NYSE-5-MINUTE-LAST-EXTERNAL
2022-09-14 15:55:00,212.399993,212.399993,211.86,211.869995,4818.0,ISRG.NYSE-5-MINUTE-LAST-EXTERNAL
2022-09-14 19:55:00,210.639999,211.080001,210.300003,210.880004,79130.0,ISRG.NYSE-5-MINUTE-LAST-EXTERNAL
2022-09-15 15:55:00,210.880004,210.889999,210.490005,210.889999,8775.0,ISRG.NYSE-5-MINUTE-LAST-EXTERNAL
2022-09-15 19:55:00,209.800003,209.839996,209.470001,209.619995,115950.0,ISRG.NYSE-5-MINUTE-LAST-EXTERNAL
2022-09-16 15:55:00,205.210006,205.399993,204.912506,205.399993,11816.0,ISRG.NYSE-5-MINUTE-LAST-EXTERNAL
2022-09-16 19:55:00,206.080001,206.580001,205.910003,206.210006,118778.0,ISRG.NYSE-5-MINUTE-LAST-EXTERNAL
2022-09-19 15:55:00,200.559997,200.61,200.231002,200.309997,13470.0,ISRG.NYSE-5-MINUTE-LAST-EXTERNAL
2022-09-19 19:55:00,202.25,202.320007,201.839996,202.210006,112976.0,ISRG.NYSE-5-MINUTE-LAST-EXTERNAL
2022-09-20 15:55:00,200.660003,200.725006,200.429992,200.429992,14979.0,ISRG.NYSE-5-MINUTE-LAST-EXTERNAL
2022-09-20 19:55:00,199.910003,199.910003,199.330001,199.460006,125510.0,ISRG.NYSE-5-MINUTE-LAST-EXTERNAL
2022-09-21 15:55:00,200.679992,200.679992,200.494995,200.600006,5764.0,ISRG.NYSE-5-MINUTE-LAST-EXTERNAL
2022-09-21 19:55:00,195.869995,195.889999,195.0,195.070007,136399.0,ISRG.NYSE-5-MINUTE-LAST-EXTERNAL
2022-09-22 15:55:00,191.929992,191.940002,191.589996,191.835006,22919.0,ISRG.NYSE-5-MINUTE-LAST-EXTERNAL
2022-09-22 19:55:00,192.020004,192.315002,190.970001,191.020004,199865.0,ISRG.NYSE-5-MINUTE-LAST-EXTERNAL
2022-09-23 15:55:00,188.539993,188.649993,188.389999,188.649993,8083.0,ISRG.NYSE-5-MINUTE-LAST-EXTERNAL
2022-09-23 19:55:00,190.520004,190.619995,189.809997,190.570007,168449.0,ISRG.NYSE-5-MINUTE-LAST-EXTERNAL
2022-09-26 15:55:00,189.524993,190.75,189.520004,190.520004,30108.0,ISRG.NYSE-5-MINUTE-LAST-EXTERNAL
2022-09-26 19:55:00,189.160003,189.160003,187.740005,188.0,139792.0,ISRG.NYSE-5-MINUTE-LAST-EXTERNAL
2022-09-27 15:55:00,187.649993,187.660003,187.259994,187.339996,24134.0,ISRG.NYSE-5-MINUTE-LAST-EXTERNAL
2022-09-27 19:55:00,186.555603,186.740005,186.169998,186.380004,114957.0,ISRG.NYSE-5-MINUTE-LAST-EXTERNAL
2022-09-28 15:55:00,190.979995,191.050003,190.830001,190.949996,11840.0,ISRG.NYSE-5-MINUTE-LAST-EXTERNAL
2022-09-28 19:55:00,193.199996,193.259292,192.279998,192.309997,111983.0,ISRG.NYSE-5-MINUTE-LAST-EXTERNAL
2022-09-29 15:55:00,191.080001,191.160003,190.850006,190.910003,5954.0,ISRG.NYSE-5-MINUTE-LAST-EXTERNAL
2022-09-29 19:55:00,188.850006,189.289993,188.699996,189.130004,140963.0,ISRG.NYSE-5-MINUTE-LAST-EXTERNAL
2022-09-30 15:55:00,192.169998,192.375,192.139999,192.270004,9345.0,ISRG.NYSE-5-MINUTE-LAST-EXTERNAL
2022-09-30 19:55:00,188.080001,188.220001,187.059997,187.440002,290065.0,ISRG.NYSE-5-MINUTE-LAST-EXTERNAL
2022-10-03 15:55:00,191.889999,191.986999,191.649993,191.889999,13820.0,ISRG.NYSE-5-MINUTE-LAST-EXTERNAL
2022-10-03 19:55:00,194.199996,194.199996,193.130004,193.320007,151406.0,ISRG.NYSE-5-MINUTE-LAST-EXTERNAL
2022-10-04 15:55:00,201.240005,201.889999,201.164993,201.889999,9236.0,ISRG.NYSE-5-MINUTE-LAST-EXTERNAL
2022-10-04 19:55:00,201.410003,201.669998,201.0,201.570007,161814.0,ISRG.NYSE-5-MINUTE-LAST-EXTERNAL
2022-10-05 15:55:00,197.182495,197.229995,196.699996,197.104995,46561.0,ISRG.NYSE-5-MINUTE-LAST-EXTERNAL
2022-10-05 19:55:00,201.293701,201.710006,201.104995,201.300003,144014.0,ISRG.NYSE-5-MINUTE-LAST-EXTERNAL
2022-10-06 15:55:00,199.679992,199.839996,198.5,198.580001,8429.0,ISRG.NYSE-5-MINUTE-LAST-EXTERNAL
2022-10-06 19:55:00,197.800003,198.029998,197.229995,197.699996,246314.0,ISRG.NYSE-5-MINUTE-LAST-EXTERNAL
2022-10-07 15:55:00,190.440002,190.735107,190.414993,190.690002,9723.0,ISRG.NYSE-5-MINUTE-LAST-EXTERNAL
2022-10-07 19:55:00,188.080001,188.869995,188.050003,188.679992,205632.0,ISRG.NYSE-5-MINUTE-LAST-EXTERNAL
2022-10-10 15:55:00,186.740005,187.130004,186.740005,186.830001,5975.0,ISRG.NYSE-5-MINUTE-LAST-EXTERNAL
2022-10-10 19:55:00,187.220001,187.220001,186.419998,186.630004,133286.0,ISRG.NYSE-5-MINUTE-LAST-EXTERNAL
2022-10-11 15:55:00,188.139999,188.330001,188.000106,188.169998,9931.0,ISRG.NYSE-5-MINUTE-LAST-EXTERNAL
2022-10-11 19:55:00,186.339996,186.5,185.630004,185.899993,112727.0,ISRG.NYSE-5-MINUTE-LAST-EXTERNAL
2022-10-12 15:55:00,185.720001,185.850006,185.509994,185.509994,14088.0,ISRG.NYSE-5-MINUTE-LAST-EXTERNAL
2022-10-12 19:55:00,186.520004,186.580001,186.210006,186.408996,183546.0,ISRG.NYSE-5-MINUTE-LAST-EXTERNAL
2022-10-13 15:55:00,189.895004,190.220001,189.559997,189.979995,12957.0,ISRG.NYSE-5-MINUTE-LAST-EXTERNAL
2022-10-13 19:55:00,191.039993,191.050003,190.320007,190.460006,149158.0,ISRG.NYSE-5-MINUTE-LAST-EXTERNAL
2022-10-14 15:55:00,184.175003,184.410003,183.800003,183.800003,14962.0,ISRG.NYSE-5-MINUTE-LAST-EXTERNAL
2022-10-14 19:55:00,183.11,183.199996,182.559997,183.080001,221155.0,ISRG.NYSE-5-MINUTE-LAST-EXTERNAL
2022-10-17 15:55:00,189.880004,189.880004,189.580001,189.690002,10154.0,ISRG.NYSE-5-MINUTE-LAST-EXTERNAL
2022-10-17 19:55:00,190.199996,190.410003,189.727005,190.11,201220.0,ISRG.NYSE-5-MINUTE-LAST-EXTERNAL
2022-10-18 15:55:00,195.350006,195.414993,194.964996,195.125,15346.0,ISRG.NYSE-5-MINUTE-LAST-EXTERNAL
2022-10-18 19:55:00,193.410003,194.029998,193.059997,193.86,228589.0,ISRG.NYSE-5-MINUTE-LAST-EXTERNAL
2022-10-19 15:55:00,215.764999,215.919998,214.910003,214.925003,46379.0,ISRG.NYSE-5-MINUTE-LAST-EXTERNAL
2022-10-19 19:55:00,211.009994,211.880004,210.839996,211.380004,311551.0,ISRG.NYSE-5-MINUTE-LAST-EXTERNAL
2022-10-20 15:55:00,216.264999,216.570007,215.828292,216.095001,34952.0,ISRG.NYSE-5-MINUTE-LAST-EXTERNAL
2022-10-20 19:55:00,212.720001,212.820007,211.740005,212.029998,227736.0,ISRG.NYSE-5-MINUTE-LAST-EXTERNAL
2022-10-21 15:55:00,212.039993,212.770004,211.899993,212.720001,18734.0,ISRG.NYSE-5-MINUTE-LAST-EXTERNAL
2022-10-21 19:55:00,218.539993,218.600006,218.25,218.479995,251738.0,ISRG.NYSE-5-MINUTE-LAST-EXTERNAL
2022-10-24 15:55:00,219.710006,219.979995,219.639999,219.880004,7126.0,ISRG.NYSE-5-MINUTE-LAST-EXTERNAL
2022-10-24 19:55:00,219.880004,220.440002,219.850006,220.36,166562.0,ISRG.NYSE-5-MINUTE-LAST-EXTERNAL
2022-10-25 15:55:00,235.574996,235.690002,234.634994,235.029998,37714.0,ISRG.NYSE-5-MINUTE-LAST-EXTERNAL
2022-10-25 19:55:00,237.264999,238.070007,237.264999,237.940002,248536.0,ISRG.NYSE-5-MINUTE-LAST-EXTERNAL
2022-10-26 15:55:00,247.945693,248.5,247.940002,248.289993,51337.0,ISRG.NYSE-5-MINUTE-LAST-EXTERNAL
2022-10-26 19:55:00,242.529998,242.589996,241.259994,241.660003,184305.0,ISRG.NYSE-5-MINUTE-LAST-EXTERNAL
2022-10-27 15:55:00,240.789993,240.904998,240.5,240.559997,20234.0,ISRG.NYSE-5-MINUTE-LAST-EXTERNAL
2022-10-27 19:55:00,241.529998,241.869995,241.339996,241.690002,265744.0,ISRG.NYSE-5-MINUTE-LAST-EXTERNAL
2022-10-28 15:55:00,246.309997,246.679992,246.179992,246.289993,27276.0,ISRG.NYSE-5-MINUTE-LAST-EXTERNAL
2022-10-28 19:55:00,244.369995,244.604995,243.789993,244.160003,151139.0,ISRG.NYSE-5-MINUTE-LAST-EXTERNAL
2022-10-31 15:55:00,247.389999,247.440002,245.800003,246.085006,32251.0,ISRG.NYSE-5-MINUTE-LAST-EXTERNAL
2022-10-31 19:55:00,246.345001,246.75,246.210006,246.509994,140818.0,ISRG.NYSE-5-MINUTE-LAST-EXTERNAL
2022-11-01 15:55:00,246.199996,246.679992,246.169998,246.679992,11744.0,ISRG.NYSE-5-MINUTE-LAST-EXTERNAL
2022-11-01 19:55:00,247.380004,247.380004,246.800003,246.850006,162317.0,ISRG.NYSE-5-MINUTE-LAST-EXTERNAL
2022-11-02 15:55:00,242.585006,242.649993,241.699996,241.699996,21480.0,ISRG.NYSE-5-MINUTE-LAST-EXTERNAL
2022-11-02 19:55:00,236.630004,236.940002,236.0,236.080001,216868.0,ISRG.NYSE-5-MINUTE-LAST-EXTERNAL
2022-11-03 15:55:00,234.169998,234.225006,233.684997,233.785003,35011.0,ISRG.NYSE-5-MINUTE-LAST-EXTERNAL
2022-11-03 19:55:00,234.220001,234.580001,234.0,234.210006,192548.0,ISRG.NYSE-5-MINUTE-LAST-EXTERNAL
2022-11-04 15:55:00,235.729995,235.759994,234.759994,234.809997,17037.0,ISRG.NYSE-5-MINUTE-LAST-EXTERNAL
2022-11-04 19:55:00,239.039993,239.600006,238.940002,239.529998,131624.0,ISRG.NYSE-5-MINUTE-LAST-EXTERNAL
2022-11-07 15:55:00,241.100006,241.559997,240.949996,241.320007,38769.0,ISRG.NYSE-5-MINUTE-LAST-EXTERNAL
2022-11-07 19:55:00,242.830001,242.86,242.429992,242.514999,12263.0,ISRG.NYSE-5-MINUTE-LAST-EXTERNAL
2022-11-07 21:00:00,242.330001,242.330001,242.330001,242.330001,139909.0,ISRG.NYSE-5-MINUTE-LAST-EXTERNAL
2022-11-08 15:55:00,243.309997,243.449996,243.199996,243.345001,4819.0,ISRG.NYSE-5-MINUTE-LAST-EXTERNAL
2022-11-08 19:55:00,240.059997,240.220001,239.880004,239.880004,7626.0,ISRG.NYSE-5-MINUTE-LAST-EXTERNAL
2022-11-08 21:00:00,240.699996,240.699996,240.699996,240.699996,94927.0,ISRG.NYSE-5-MINUTE-LAST-EXTERNAL
2022-11-09 15:55:00,238.315002,238.61,237.889999,238.485,15176.0,ISRG.NYSE-5-MINUTE-LAST-EXTERNAL
2022-11-09 19:55:00,236.039993,236.190002,235.865005,236.104995,10743.0,ISRG.NYSE-5-MINUTE-LAST-EXTERNAL
2022-11-09 21:00:00,236.130004,236.130004,236.130004,236.130004,144793.0,ISRG.NYSE-5-MINUTE-LAST-EXTERNAL
2022-11-10 15:55:00,247.240005,248.559997,247.029998,248.559997,8343.0,ISRG.NYSE-5-MINUTE-LAST-EXTERNAL
2022-11-10 19:55:00,253.735,254.380004,253.735,254.300003,45834.0,ISRG.NYSE-5-MINUTE-LAST-EXTERNAL
2022-11-10 21:00:00,257.859985,257.859985,257.859985,257.859985,334784.0,ISRG.NYSE-5-MINUTE-LAST-EXTERNAL
2022-11-11 15:55:00,266.464996,267.589996,266.304992,267.089996,28583.0,ISRG.NYSE-5-MINUTE-LAST-EXTERNAL
2022-11-11 19:55:00,265.290008,265.380004,264.975006,265.144989,20992.0,ISRG.NYSE-5-MINUTE-LAST-EXTERNAL
2022-11-11 21:00:00,265.079986,265.079986,265.079986,265.079986,164262.0,ISRG.NYSE-5-MINUTE-LAST-EXTERNAL
2022-11-14 15:55:00,260.390014,261.100006,260.390014,260.899993,11673.0,ISRG.NYSE-5-MINUTE-LAST-EXTERNAL
2022-11-14 19:55:00,262.390014,262.630004,262.299987,262.375,11606.0,ISRG.NYSE-5-MINUTE-LAST-EXTERNAL
2022-11-14 21:00:00,259.440002,259.440002,259.440002,259.440002,172804.0,ISRG.NYSE-5-MINUTE-LAST-EXTERNAL
2022-11-15 15:55:00,264.519989,265.200012,264.440002,265.179992,11502.0,ISRG.NYSE-5-MINUTE-LAST-EXTERNAL
2022-11-15 19:55:00,264.334991,265.380004,264.261688,264.994995,34408.0,ISRG.NYSE-5-MINUTE-LAST-EXTERNAL
2022-11-15 21:00:00,264.179992,264.179992,264.179992,264.179992,111476.0,ISRG.NYSE-5-MINUTE-LAST-EXTERNAL
2022-11-16 15:55:00,261.200012,261.829986,261.200012,261.450012,16073.0,ISRG.NYSE-5-MINUTE-LAST-EXTERNAL
2022-11-16 19:55:00,262.910003,263.059997,262.820007,262.98999,8768.0,ISRG.NYSE-5-MINUTE-LAST-EXTERNAL
2022-11-16 21:00:00,263.040008,263.040008,263.040008,263.040008,144331.0,ISRG.NYSE-5-MINUTE-LAST-EXTERNAL
2022-11-17 15:55:00,256.345001,256.429992,255.669998,255.800003,23008.0,ISRG.NYSE-5-MINUTE-LAST-EXTERNAL
2022-11-17 19:55:00,258.970001,259.09201,258.744995,259.059997,24113.0,ISRG.NYSE-5-MINUTE-LAST-EXTERNAL
2022-11-17 21:00:00,260.769989,260.769989,260.769989,260.769989,161095.0,ISRG.NYSE-5-MINUTE-LAST-EXTERNAL
2022-11-18 15:55:00,262.024993,262.024993,260.910003,261.470001,22135.0,ISRG.NYSE-5-MINUTE-LAST-EXTERNAL
2022-11-18 19:55:00,261.690002,262.140014,261.690002,262.130004,13411.0,ISRG.NYSE-5-MINUTE-LAST-EXTERNAL
2022-11-18 21:00:00,262.109985,262.109985,262.109985,262.109985,102340.0,ISRG.NYSE-5-MINUTE-LAST-EXTERNAL
2022-11-21 15:55:00,263.220001,264.809997,263.220001,264.579986,24692.0,ISRG.NYSE-5-MINUTE-LAST-EXTERNAL
2022-11-21 19:55:00,260.98999,261.135314,260.470001,260.470001,10684.0,ISRG.NYSE-5-MINUTE-LAST-EXTERNAL
2022-11-21 21:00:00,260.350006,260.350006,260.350006,260.350006,125855.0,ISRG.NYSE-5-MINUTE-LAST-EXTERNAL
2022-11-22 15:55:00,260.670013,261.149993,260.670013,260.910003,7728.0,ISRG.NYSE-5-MINUTE-LAST-EXTERNAL
2022-11-22 19:55:00,263.059997,263.25,263.049987,263.119995,6801.0,ISRG.NYSE-5-MINUTE-LAST-EXTERNAL
2022-11-22 21:00:00,262.899993,262.899993,262.899993,262.899993,114970.0,ISRG.NYSE-5-MINUTE-LAST-EXTERNAL
2022-11-23 15:55:00,266.019989,266.25,265.964996,266.209991,8500.0,ISRG.NYSE-5-MINUTE-LAST-EXTERNAL
2022-11-23 19:55:00,265.799987,265.98999,265.73001,265.73999,7096.0,ISRG.NYSE-5-MINUTE-LAST-EXTERNAL
2022-11-23 21:00:00,264.450012,264.450012,264.450012,264.450012,127303.0,ISRG.NYSE-5-MINUTE-LAST-EXTERNAL
2022-11-25 15:55:00,263.869995,264.410186,263.869995,264.209991,3749.0,ISRG.NYSE-5-MINUTE-LAST-EXTERNAL
2022-11-25 18:00:00,265.130004,265.130004,264.019989,264.019989,2313.0,ISRG.NYSE-5-MINUTE-LAST-EXTERNAL
2022-11-28 15:55:00,264.940002,265.149993,264.390014,264.459991,10790.0,ISRG.NYSE-5-MINUTE-LAST-EXTERNAL
2022-11-28 19:55:00,262.714996,262.899993,262.609985,262.670013,6147.0,ISRG.NYSE-5-MINUTE-LAST-EXTERNAL
2022-11-28 21:00:00,262.640014,262.640014,262.640014,262.640014,200704.0,ISRG.NYSE-5-MINUTE-LAST-EXTERNAL
2022-11-29 15:55:00,261.170013,261.48001,261.170013,261.424987,9769.0,ISRG.NYSE-5-MINUTE-LAST-EXTERNAL
2022-11-29 19:55:00,257.450012,257.484985,257.345001,257.484985,6752.0,ISRG.NYSE-5-MINUTE-LAST-EXTERNAL
2022-11-29 21:00:00,258.799987,258.799987,258.799987,258.799987,114170.0,ISRG.NYSE-5-MINUTE-LAST-EXTERNAL
2022-11-30 15:55:00,262.320007,262.470001,262.23001,262.399993,6723.0,ISRG.NYSE-5-MINUTE-LAST-EXTERNAL
2022-11-30 19:55:00,267.0,267.119995,266.850006,267.119995,20183.0,ISRG.NYSE-5-MINUTE-LAST-EXTERNAL
2022-11-30 21:00:00,270.390014,270.390014,270.390014,270.390014,207804.0,ISRG.NYSE-5-MINUTE-LAST-EXTERNAL
2022-12-01 15:55:00,272.220001,272.73999,271.75,272.73999,15724.0,ISRG.NYSE-5-MINUTE-LAST-EXTERNAL
2022-12-01 19:55:00,274.894989,275.010009,274.709991,274.859985,7419.0,ISRG.NYSE-5-MINUTE-LAST-EXTERNAL
2022-12-01 21:00:00,274.48999,274.48999,274.48999,274.48999,127648.0,ISRG.NYSE-5-MINUTE-LAST-EXTERNAL
2022-12-02 15:55:00,270.339996,270.339996,269.48001,269.755004,12391.0,ISRG.NYSE-5-MINUTE-LAST-EXTERNAL
2022-12-02 19:55:00,270.645996,271.375,270.645996,271.184997,15349.0,ISRG.NYSE-5-MINUTE-LAST-EXTERNAL
2022-12-02 21:00:00,272.25,272.25,272.25,272.25,94958.0,ISRG.NYSE-5-MINUTE-LAST-EXTERNAL
2022-12-05 15:55:00,269.880004,270.369995,269.880004,270.369995,6442.0,ISRG.NYSE-5-MINUTE-LAST-EXTERNAL
2022-12-05 19:55:00,269.709991,269.820007,269.394989,269.73001,6828.0,ISRG.NYSE-5-MINUTE-LAST-EXTERNAL
2022-12-05 21:00:00,269.720001,269.720001,269.720001,269.720001,98277.0,ISRG.NYSE-5-MINUTE-LAST-EXTERNAL
2022-12-06 15:55:00,267.5,267.619995,267.309997,267.519989,14759.0,ISRG.NYSE-5-MINUTE-LAST-EXTERNAL
2022-12-06 19:55:00,265.98999,266.040008,265.799987,265.799987,6324.0,ISRG.NYSE-5-MINUTE-LAST-EXTERNAL
2022-12-06 21:00:00,266.309997,266.309997,266.309997,266.309997,95483.0,ISRG.NYSE-5-MINUTE-LAST-EXTERNAL
2022-12-07 15:55:00,268.450012,268.570007,268.359985,268.420013,8265.0,ISRG.NYSE-5-MINUTE-LAST-EXTERNAL
2022-12-07 19:55:00,267.184997,267.225006,267.0,267.0,6739.0,ISRG.NYSE-5-MINUTE-LAST-EXTERNAL
2022-12-07 21:00:00,267.959991,267.959991,267.959991,267.959991,68706.0,ISRG.NYSE-5-MINUTE-LAST-EXTERNAL
2022-12-08 15:55:00,273.850006,274.099395,273.640014,273.640014,10374.0,ISRG.NYSE-5-MINUTE-LAST-EXTERNAL
2022-12-08 19:55:00,272.924987,272.924987,272.23999,272.25,7742.0,ISRG.NYSE-5-MINUTE-LAST-EXTERNAL
2022-12-08 21:00:00,272.019989,272.019989,272.019989,272.019989,118048.0,ISRG.NYSE-5-MINUTE-LAST-EXTERNAL
2022-12-09 15:55:00,272.119995,272.595001,272.100006,272.515014,14309.0,ISRG.NYSE-5-MINUTE-LAST-EXTERNAL
2022-12-09 19:55:00,272.809997,272.899993,272.549987,272.649993,7606.0,ISRG.NYSE-5-MINUTE-LAST-EXTERNAL
2022-12-09 21:00:00,270.600006,270.600006,270.600006,270.600006,152012.0,ISRG.NYSE-5-MINUTE-LAST-EXTERNAL
2022-12-12 15:55:00,271.429992,271.579986,271.119995,271.529998,11256.0,ISRG.NYSE-5-MINUTE-LAST-EXTERNAL
2022-12-12 19:55:00,272.380004,272.795013,272.380004,272.795013,13458.0,ISRG.NYSE-5-MINUTE-LAST-EXTERNAL
2022-12-12 21:00:00,273.839996,273.839996,273.839996,273.839996,146288.0,ISRG.NYSE-5-MINUTE-LAST-EXTERNAL
2022-12-13 15:55:00,278.899993,279.359985,278.385009,279.089996,18011.0,ISRG.NYSE-5-MINUTE-LAST-EXTERNAL
2022-12-13 19:55:00,281.350006,281.570007,281.269989,281.570007,7200.0,ISRG.NYSE-5-MINUTE-LAST-EXTERNAL
2022-12-13 21:00:00,281.73999,281.73999,281.73999,281.73999,131922.0,ISRG.NYSE-5-MINUTE-LAST-EXTERNAL
2022-12-14 15:55:00,283.290008,283.5,282.209991,282.804992,32348.0,ISRG.NYSE-5-MINUTE-LAST-EXTERNAL
2022-12-14 19:55:00,280.654998,281.556213,280.135009,280.929992,31674.0,ISRG.NYSE-5-MINUTE-LAST-EXTERNAL
2022-12-14 21:00:00,280.649993,280.649993,280.649993,280.649993,118160.0,ISRG.NYSE-5-MINUTE-LAST-EXTERNAL
2022-12-15 15:55:00,272.734985,273.279998,272.600006,273.279998,22511.0,ISRG.NYSE-5-MINUTE-LAST-EXTERNAL
2022-12-15 19:55:00,269.910003,270.119995,269.869995,270.070007,20149.0,ISRG.NYSE-5-MINUTE-LAST-EXTERNAL
2022-12-15 21:00:00,267.299987,267.299987,267.299987,267.299987,330762.0,ISRG.NYSE-5-MINUTE-LAST-EXTERNAL
2022-12-16 15:55:00,264.089996,265.029998,264.010009,264.950012,23902.0,ISRG.NYSE-5-MINUTE-LAST-EXTERNAL
2022-12-16 19:55:00,263.10501,263.380004,262.954986,263.295013,55010.0,ISRG.NYSE-5-MINUTE-LAST-EXTERNAL
2022-12-16 21:00:00,264.679992,264.679992,264.679992,264.679992,306690.0,ISRG.NYSE-5-MINUTE-LAST-EXTERNAL
2022-12-19 15:55:00,263.100006,263.100006,262.380004,262.570007,26206.0,ISRG.NYSE-5-MINUTE-LAST-EXTERNAL
2022-12-19 19:55:00,260.910003,261.269989,260.851013,261.23999,14457.0,ISRG.NYSE-5-MINUTE-LAST-EXTERNAL
2022-12-19 21:00:00,261.010009,261.010009,261.010009,261.010009,137638.0,ISRG.NYSE-5-MINUTE-LAST-EXTERNAL
2022-12-20 15:55:00,261.809997,261.899993,261.070007,261.075012,11576.0,ISRG.NYSE-5-MINUTE-LAST-EXTERNAL
2022-12-20 19:55:00,261.380004,261.576812,261.290008,261.5,9764.0,ISRG.NYSE-5-MINUTE-LAST-EXTERNAL
2022-12-20 21:00:00,261.799987,261.799987,261.799987,261.799987,116822.0,ISRG.NYSE-5-MINUTE-LAST-EXTERNAL
2022-12-21 15:55:00,265.880004,266.214996,265.880004,266.059997,13564.0,ISRG.NYSE-5-MINUTE-LAST-EXTERNAL
2022-12-21 19:55:00,265.760009,265.98999,265.540008,265.98999,8264.0,ISRG.NYSE-5-MINUTE-LAST-EXTERNAL
2022-12-21 21:00:00,266.160003,266.160003,266.160003,266.160003,144180.0,ISRG.NYSE-5-MINUTE-LAST-EXTERNAL
2022-12-22 15:55:00,261.632904,262.10501,261.380004,261.839996,19191.0,ISRG.NYSE-5-MINUTE-LAST-EXTERNAL
2022-12-22 19:55:00,262.079986,262.440002,262.040008,262.415008,8817.0,ISRG.NYSE-5-MINUTE-LAST-EXTERNAL
2022-12-22 21:00:00,263.609985,263.609985,263.609985,263.609985,161076.0,ISRG.NYSE-5-MINUTE-LAST-EXTERNAL
2022-12-23 15:55:00,263.130004,263.25,262.679992,262.910003,8239.0,ISRG.NYSE-5-MINUTE-LAST-EXTERNAL
2022-12-23 19:55:00,261.904998,262.119995,261.850006,262.109985,12786.0,ISRG.NYSE-5-MINUTE-LAST-EXTERNAL
2022-12-23 21:00:00,262.660003,262.660003,262.660003,262.660003,67958.0,ISRG.NYSE-5-MINUTE-LAST-EXTERNAL
2022-12-27 15:55:00,264.75,264.785003,264.459991,264.635009,6849.0,ISRG.NYSE-5-MINUTE-LAST-EXTERNAL
2022-12-27 19:55:00,263.75,263.859985,263.549987,263.700012,10399.0,ISRG.NYSE-5-MINUTE-LAST-EXTERNAL
2022-12-27 21:00:00,263.970001,263.970001,263.970001,263.970001,80824.0,ISRG.NYSE-5-MINUTE-LAST-EXTERNAL
2022-12-28 15:55:00,264.609985,264.769409,264.049987,264.049987,7357.0,ISRG.NYSE-5-MINUTE-LAST-EXTERNAL
2022-12-28 19:55:00,263.010009,263.079986,262.929992,263.079986,5445.0,ISRG.NYSE-5-MINUTE-LAST-EXTERNAL
2022-12-28 21:00:00,261.649993,261.649993,261.649993,261.649993,60295.0,ISRG.NYSE-5-MINUTE-LAST-EXTERNAL
2022-12-29 15:55:00,267.665008,267.924987,267.600006,267.630004,4928.0,ISRG.NYSE-5-MINUTE-LAST-EXTERNAL
2022-12-29 19:55:00,268.262908,268.315002,268.119995,268.23999,2480.0,ISRG.NYSE-5-MINUTE-LAST-EXTERNAL
2022-12-29 21:00:00,267.790008,267.790008,267.790008,267.790008,65055.0,ISRG.NYSE-5-MINUTE-LAST-EXTERNAL
2022-12-30 15:55:00,263.609985,263.609985,263.609985,263.609985,1318.0,ISRG.NYSE-5-MINUTE-LAST-EXTERNAL
2022-12-30 19:55:00,262.834991,262.98999,262.815002,262.950012,3057.0,ISRG.NYSE-5-MINUTE-LAST-EXTERNAL
2022-12-30 21:00:00,265.350006,265.350006,265.350006,265.350006,101141.0,ISRG.NYSE-5-MINUTE-LAST-EXTERNAL
2023-01-03 15:55:00,265.73001,266.549987,265.660003,266.5,7881.0,ISRG.NYSE-5-MINUTE-LAST-EXTERNAL
2023-01-03 19:55:00,265.309997,265.399993,264.779998,264.929992,9469.0,ISRG.NYSE-5-MINUTE-LAST-EXTERNAL
2023-01-03 21:00:00,265.630004,265.630004,265.630004,265.630004,91831.0,ISRG.NYSE-5-MINUTE-LAST-EXTERNAL
2023-01-04 15:55:00,267.850006,268.170013,267.75,268.170013,256485.0,ISRG.NYSE-5-MINUTE-LAST-EXTERNAL
2023-01-04 19:55:00,269.160003,269.73999,269.160003,269.625,6212.0,ISRG.NYSE-5-MINUTE-LAST-EXTERNAL
2023-01-04 21:00:00,270.0,270.0,270.0,270.0,105093.0,ISRG.NYSE-5-MINUTE-LAST-EXTERNAL
2023-01-05 15:55:00,269.869995,270.100006,269.420013,269.619995,9827.0,ISRG.NYSE-5-MINUTE-LAST-EXTERNAL
2023-01-05 19:55:00,271.73999,271.790008,271.059997,271.070007,23890.0,ISRG.NYSE-5-MINUTE-LAST-EXTERNAL
2023-01-05 21:00:00,268.619995,268.619995,268.619995,268.619995,146313.0,ISRG.NYSE-5-MINUTE-LAST-EXTERNAL
2023-01-06 15:55:00,268.684997,269.554992,268.630004,269.290008,19436.0,ISRG.NYSE-5-MINUTE-LAST-EXTERNAL
2023-01-06 19:55:00,272.029998,272.279998,271.910003,271.929992,15003.0,ISRG.NYSE-5-MINUTE-LAST-EXTERNAL
2023-01-06 21:00:00,270.390014,270.390014,270.390014,270.390014,136259.0,ISRG.NYSE-5-MINUTE-LAST-EXTERNAL
2023-01-09 15:55:00,271.660003,272.190002,271.660003,271.809997,15566.0,ISRG.NYSE-5-MINUTE-LAST-EXTERNAL
2023-01-09 19:55:00,266.440002,266.475006,265.459991,265.494995,18365.0,ISRG.NYSE-5-MINUTE-LAST-EXTERNAL
2023-01-09 21:00:00,264.929992,264.929992,264.929992,264.929992,148762.0,ISRG.NYSE-5-MINUTE-LAST-EXTERNAL
2023-01-10 15:55:00,269.484985,269.654998,269.190002,269.279998,9627.0,ISRG.NYSE-5-MINUTE-LAST-EXTERNAL
2023-01-10 19:55:00,269.429992,269.640014,269.179992,269.290008,18770.0,ISRG.NYSE-5-MINUTE-LAST-EXTERNAL
2023-01-10 21:00:00,271.359985,271.359985,271.359985,271.359985,166484.0,ISRG.NYSE-5-MINUTE-LAST-EXTERNAL
2023-01-11 15:55:00,259.660003,259.869995,258.679992,259.149993,47868.0,ISRG.NYSE-5-MINUTE-LAST-EXTERNAL
2023-01-11 19:55:00,258.690002,258.950012,258.589996,258.929992,15038.0,ISRG.NYSE-5-MINUTE-LAST-EXTERNAL
2023-01-11 21:00:00,259.959991,259.959991,259.959991,259.959991,168382.0,ISRG.NYSE-5-MINUTE-LAST-EXTERNAL
2023-01-12 15:55:00,258.049987,258.109985,257.062011,257.070007,23872.0,ISRG.NYSE-5-MINUTE-LAST-EXTERNAL
2023-01-12 19:55:00,257.179992,257.420013,256.91101,257.420013,14663.0,ISRG.NYSE-5-MINUTE-LAST-EXTERNAL
2023-01-12 21:00:00,256.940002,256.940002,256.940002,256.940002,129329.0,ISRG.NYSE-5-MINUTE-LAST-EXTERNAL
2023-01-13 15:55:00,257.540985,257.540985,257.089996,257.129791,6862.0,ISRG.NYSE-5-MINUTE-LAST-EXTERNAL
2023-01-13 19:55:00,258.279998,258.75,258.269989,258.630004,5682.0,ISRG.NYSE-5-MINUTE-LAST-EXTERNAL
2023-01-13 21:00:00,258.899993,258.899993,258.899993,258.899993,155053.0,ISRG.NYSE-5-MINUTE-LAST-EXTERNAL
2023-01-17 15:55:00,259.829986,260.054992,259.670013,259.73001,10422.0,ISRG.NYSE-5-MINUTE-LAST-EXTERNAL
2023-01-17 19:55:00,260.579986,260.579986,260.049987,260.140014,9651.0,ISRG.NYSE-5-MINUTE-LAST-EXTERNAL
2023-01-17 21:00:00,261.73001,261.73001,261.73001,261.73001,130078.0,ISRG.NYSE-5-MINUTE-LAST-EXTERNAL
2023-01-18 15:55:00,262.160003,262.829986,262.040008,262.829986,6509.0,ISRG.NYSE-5-MINUTE-LAST-EXTERNAL
2023-01-18 19:55:00,257.190002,257.420013,257.07019,257.23001,8470.0,ISRG.NYSE-5-MINUTE-LAST-EXTERNAL
2023-01-18 21:00:00,256.350006,256.350006,256.350006,256.350006,118167.0,ISRG.NYSE-5-MINUTE-LAST-EXTERNAL
2023-01-19 15:55:00,250.889999,251.020004,250.619995,251.0,19620.0,ISRG.NYSE-5-MINUTE-LAST-EXTERNAL
2023-01-19 19:55:00,253.460006,253.720001,253.380004,253.380004,8942.0,ISRG.NYSE-5-MINUTE-LAST-EXTERNAL
2023-01-19 21:00:00,252.5,252.5,252.5,252.5,149567.0,ISRG.NYSE-5-MINUTE-LAST-EXTERNAL
2023-01-20 15:55:00,251.899993,252.130004,251.729995,251.875,15842.0,ISRG.NYSE-5-MINUTE-LAST-EXTERNAL
2023-01-20 19:55:00,254.300003,254.619995,254.279998,254.619995,18409.0,ISRG.NYSE-5-MINUTE-LAST-EXTERNAL
2023-01-20 21:00:00,256.769989,256.769989,256.769989,256.769989,175147.0,ISRG.NYSE-5-MINUTE-LAST-EXTERNAL
2023-01-23 15:55:00,256.290008,256.619903,256.290008,256.295013,13122.0,ISRG.NYSE-5-MINUTE-LAST-EXTERNAL
2023-01-23 19:55:00,254.169998,254.75,254.169998,254.75,33380.0,ISRG.NYSE-5-MINUTE-LAST-EXTERNAL
2023-01-23 21:00:00,255.979995,255.979995,255.979995,255.979995,146798.0,ISRG.NYSE-5-MINUTE-LAST-EXTERNAL
2023-01-24 15:55:00,255.914993,256.570007,255.804992,256.545013,17726.0,ISRG.NYSE-5-MINUTE-LAST-EXTERNAL
2023-01-24 19:55:00,258.654998,258.970001,258.649993,258.804992,18742.0,ISRG.NYSE-5-MINUTE-LAST-EXTERNAL
2023-01-24 21:00:00,257.98001,257.98001,257.98001,257.98001,210999.0,ISRG.NYSE-5-MINUTE-LAST-EXTERNAL
2023-01-25 15:55:00,239.770004,241.270004,239.634994,241.199996,66605.0,ISRG.NYSE-5-MINUTE-LAST-EXTERNAL
2023-01-25 19:55:00,242.559997,243.11,242.559997,242.880004,29732.0,ISRG.NYSE-5-MINUTE-LAST-EXTERNAL
2023-01-25 21:00:00,243.800003,243.800003,243.800003,243.800003,231271.0,ISRG.NYSE-5-MINUTE-LAST-EXTERNAL
2023-01-26 15:55:00,244.199996,244.384994,243.5,244.270004,23548.0,ISRG.NYSE-5-MINUTE-LAST-EXTERNAL
2023-01-26 19:55:00,248.86,249.639999,248.86,249.639999,37540.0,ISRG.NYSE-5-MINUTE-LAST-EXTERNAL
2023-01-26 21:00:00,250.550003,250.550003,250.550003,250.550003,144855.0,ISRG.NYSE-5-MINUTE-LAST-EXTERNAL
2023-01-27 15:55:00,247.065002,247.449996,246.919998,247.380004,8994.0,ISRG.NYSE-5-MINUTE-LAST-EXTERNAL
2023-01-27 19:55:00,247.529998,248.0,247.494995,248.0,13375.0,ISRG.NYSE-5-MINUTE-LAST-EXTERNAL
2023-01-27 21:00:00,247.259994,247.259994,247.259994,247.259994,128173.0,ISRG.NYSE-5-MINUTE-LAST-EXTERNAL
2023-01-30 15:55:00,243.919998,244.229995,243.809997,244.160003,7626.0,ISRG.NYSE-5-MINUTE-LAST-EXTERNAL
2023-01-30 19:55:00,243.580001,243.695007,243.429992,243.695007,13660.0,ISRG.NYSE-5-MINUTE-LAST-EXTERNAL
2023-01-30 21:00:00,242.229995,242.229995,242.229995,242.229995,120592.0,ISRG.NYSE-5-MINUTE-LAST-EXTERNAL
2023-01-31 15:55:00,242.080001,242.180297,241.86,241.975006,14894.0,ISRG.NYSE-5-MINUTE-LAST-EXTERNAL
2023-01-31 19:55:00,244.740005,245.059997,244.740005,244.919998,8853.0,ISRG.NYSE-5-MINUTE-LAST-EXTERNAL
2023-01-31 21:00:00,245.690002,245.690002,245.690002,245.690002,112810.0,ISRG.NYSE-5-MINUTE-LAST-EXTERNAL
2023-02-01 15:55:00,246.279998,246.5,245.940002,246.089996,7373.0,ISRG.NYSE-5-MINUTE-LAST-EXTERNAL
2023-02-01 19:55:00,249.779998,249.990005,249.242095,249.449996,13945.0,ISRG.NYSE-5-MINUTE-LAST-EXTERNAL
2023-02-01 21:00:00,251.190002,251.190002,251.190002,251.190002,120078.0,ISRG.NYSE-5-MINUTE-LAST-EXTERNAL
2023-02-02 15:55:00,259.160003,259.339996,258.647888,258.720001,41961.0,ISRG.NYSE-5-MINUTE-LAST-EXTERNAL
2023-02-02 19:55:00,259.385009,259.385009,259.015014,259.054992,12558.0,ISRG.NYSE-5-MINUTE-LAST-EXTERNAL
2023-02-02 21:00:00,260.899993,260.899993,260.899993,260.899993,144891.0,ISRG.NYSE-5-MINUTE-LAST-EXTERNAL
2023-02-03 15:55:00,258.86499,258.86499,258.220001,258.700012,31905.0,ISRG.NYSE-5-MINUTE-LAST-EXTERNAL
2023-02-03 19:55:00,253.960006,254.039993,253.339996,253.690002,13994.0,ISRG.NYSE-5-MINUTE-LAST-EXTERNAL
2023-02-03 21:00:00,254.679992,254.679992,254.679992,254.679992,100349.0,ISRG.NYSE-5-MINUTE-LAST-EXTERNAL
2023-02-06 15:55:00,250.869995,251.049896,250.720001,250.794998,10454.0,ISRG.NYSE-5-MINUTE-LAST-EXTERNAL
2023-02-06 19:55:00,249.929992,250.0625,249.740005,249.940002,10538.0,ISRG.NYSE-5-MINUTE-LAST-EXTERNAL
2023-02-06 21:00:00,248.979995,248.979995,248.979995,248.979995,94272.0,ISRG.NYSE-5-MINUTE-LAST-EXTERNAL
2023-02-07 15:55:00,247.800003,247.839996,247.339996,247.339996,7327.0,ISRG.NYSE-5-MINUTE-LAST-EXTERNAL
2023-02-07 19:55:00,251.75,252.0,251.740005,251.979995,11736.0,ISRG.NYSE-5-MINUTE-LAST-EXTERNAL
2023-02-07 21:00:00,253.059997,253.059997,253.059997,253.059997,107726.0,ISRG.NYSE-5-MINUTE-LAST-EXTERNAL
2023-02-08 15:55:00,251.330001,251.472702,251.169998,251.244995,4390.0,ISRG.NYSE-5-MINUTE-LAST-EXTERNAL
2023-02-08 19:55:00,248.809997,249.225006,248.664993,249.139999,12825.0,ISRG.NYSE-5-MINUTE-LAST-EXTERNAL
2023-02-08 21:00:00,248.850006,248.850006,248.850006,248.850006,105929.0,ISRG.NYSE-5-MINUTE-LAST-EXTERNAL
2023-02-09 15:55:00,247.86,248.630004,247.850006,248.354995,7486.0,ISRG.NYSE-5-MINUTE-LAST-EXTERNAL
2023-02-09 19:55:00,245.460006,245.479995,245.225006,245.479995,6179.0,ISRG.NYSE-5-MINUTE-LAST-EXTERNAL
2023-02-09 21:00:00,244.179992,244.179992,244.179992,244.179992,120775.0,ISRG.NYSE-5-MINUTE-LAST-EXTERNAL
2023-02-10 15:55:00,244.990005,245.434997,244.875,245.387893,6572.0,ISRG.NYSE-5-MINUTE-LAST-EXTERNAL
2023-02-10 19:55:00,244.75,244.820007,244.61,244.770004,11699.0,ISRG.NYSE-5-MINUTE-LAST-EXTERNAL
2023-02-10 21:00:00,245.270004,245.270004,245.270004,245.270004,103717.0,ISRG.NYSE-5-MINUTE-LAST-EXTERNAL
2023-02-13 15:55:00,245.580001,245.850006,245.490005,245.779998,8791.0,ISRG.NYSE-5-MINUTE-LAST-EXTERNAL
2023-02-13 19:55:00,245.315002,245.399993,245.100006,245.289993,8034.0,ISRG.NYSE-5-MINUTE-LAST-EXTERNAL
2023-02-13 21:00:00,245.130004,245.130004,245.130004,245.130004,167144.0,ISRG.NYSE-5-MINUTE-LAST-EXTERNAL
2023-02-14 15:55:00,241.220001,241.570007,240.910003,241.339996,12001.0,ISRG.NYSE-5-MINUTE-LAST-EXTERNAL
2023-02-14 19:55:00,242.520004,242.645004,242.399993,242.5,7662.0,ISRG.NYSE-5-MINUTE-LAST-EXTERNAL
2023-02-14 21:00:00,241.089996,241.089996,241.089996,241.089996,125105.0,ISRG.NYSE-5-MINUTE-LAST-EXTERNAL
2023-02-15 15:55:00,241.880004,242.160003,241.740005,242.119995,14953.0,ISRG.NYSE-5-MINUTE-LAST-EXTERNAL
2023-02-15 19:55:00,244.759994,244.820007,244.5,244.669998,10472.0,ISRG.NYSE-5-MINUTE-LAST-EXTERNAL
2023-02-15 21:00:00,244.770004,244.770004,244.770004,244.770004,80875.0,ISRG.NYSE-5-MINUTE-LAST-EXTERNAL
2023-02-16 15:55:00,241.240005,241.240005,240.940002,241.0,22285.0,ISRG.NYSE-5-MINUTE-LAST-EXTERNAL
2023-02-16 19:55:00,243.009994,243.100006,242.86,242.86,8210.0,ISRG.NYSE-5-MINUTE-LAST-EXTERNAL
2023-02-16 21:00:00,240.160003,240.160003,240.160003,240.160003,113825.0,ISRG.NYSE-5-MINUTE-LAST-EXTERNAL
2023-02-17 15:55:00,238.050003,238.184997,237.600006,237.815002,16823.0,ISRG.NYSE-5-MINUTE-LAST-EXTERNAL
2023-02-17 19:55:00,239.020004,239.570007,239.009994,239.550003,22866.0,ISRG.NYSE-5-MINUTE-LAST-EXTERNAL
2023-02-17 21:00:00,238.910003,238.910003,238.910003,238.910003,158425.0,ISRG.NYSE-5-MINUTE-LAST-EXTERNAL
2023-02-21 15:55:00,234.600006,235.199996,234.600006,235.059997,14118.0,ISRG.NYSE-5-MINUTE-LAST-EXTERNAL
2023-02-21 19:55:00,234.095001,234.100006,233.789993,234.0,10323.0,ISRG.NYSE-5-MINUTE-LAST-EXTERNAL
2023-02-21 21:00:00,233.580001,233.580001,233.580001,233.580001,127431.0,ISRG.NYSE-5-MINUTE-LAST-EXTERNAL
2023-02-22 15:55:00,234.800003,234.949996,234.630004,234.639999,10397.0,ISRG.NYSE-5-MINUTE-LAST-EXTERNAL
2023-02-22 19:55:00,234.0,234.0,233.550003,233.625,12977.0,ISRG.NYSE-5-MINUTE-LAST-EXTERNAL
2023-02-22 21:00:00,233.550003,233.550003,233.550003,233.550003,158485.0,ISRG.NYSE-5-MINUTE-LAST-EXTERNAL
2023-02-23 15:55:00,233.550003,233.839996,233.339996,233.839996,16827.0,ISRG.NYSE-5-MINUTE-LAST-EXTERNAL
2023-02-23 19:55:00,234.460006,234.529998,234.240005,234.460006,16520.0,ISRG.NYSE-5-MINUTE-LAST-EXTERNAL
2023-02-23 21:00:00,234.899993,234.899993,234.899993,234.899993,109408.0,ISRG.NYSE-5-MINUTE-LAST-EXTERNAL
2023-02-24 15:55:00,230.080001,230.580001,230.0,230.509994,10623.0,ISRG.NYSE-5-MINUTE-LAST-EXTERNAL
2023-02-24 19:55:00,231.929992,232.339996,231.889999,232.25,8511.0,ISRG.NYSE-5-MINUTE-LAST-EXTERNAL
2023-02-24 21:00:00,231.050003,231.050003,231.050003,231.050003,104763.0,ISRG.NYSE-5-MINUTE-LAST-EXTERNAL
2023-02-27 15:55:00,232.589996,232.589996,232.160003,232.309997,18405.0,ISRG.NYSE-5-MINUTE-LAST-EXTERNAL
2023-02-27 19:55:00,232.429992,232.479995,232.190002,232.320007,7085.0,ISRG.NYSE-5-MINUTE-LAST-EXTERNAL
2023-02-27 21:00:00,231.740005,231.740005,231.740005,231.740005,114635.0,ISRG.NYSE-5-MINUTE-LAST-EXTERNAL
2023-02-28 15:55:00,229.724792,229.979995,229.724792,229.830001,5916.0,ISRG.NYSE-5-MINUTE-LAST-EXTERNAL
2023-02-28 19:55:00,230.244995,230.300003,230.0,230.0,10209.0,ISRG.NYSE-5-MINUTE-LAST-EXTERNAL
2023-02-28 21:00:00,229.389999,229.389999,229.389999,229.389999,111473.0,ISRG.NYSE-5-MINUTE-LAST-EXTERNAL
2023-03-01 15:55:00,227.649993,228.080001,227.460006,227.949996,6484.0,ISRG.NYSE-5-MINUTE-LAST-EXTERNAL
2023-03-01 19:55:00,226.585006,226.929992,226.455001,226.86,10397.0,ISRG.NYSE-5-MINUTE-LAST-EXTERNAL
2023-03-01 21:00:00,227.330001,227.330001,227.330001,227.330001,107072.0,ISRG.NYSE-5-MINUTE-LAST-EXTERNAL
2023-03-02 15:55:00,225.270004,225.369995,225.11,225.139999,11875.0,ISRG.NYSE-5-MINUTE-LAST-EXTERNAL
2023-03-02 19:55:00,228.419998,228.660003,228.300003,228.639999,8548.0,ISRG.NYSE-5-MINUTE-LAST-EXTERNAL
2023-03-02 21:00:00,228.899993,228.899993,228.899993,228.899993,84835.0,ISRG.NYSE-5-MINUTE-LAST-EXTERNAL
2023-03-03 15:55:00,231.369995,231.470001,231.190002,231.375,6876.0,ISRG.NYSE-5-MINUTE-LAST-EXTERNAL
2023-03-03 19:55:00,234.529998,234.639999,234.5,234.570007,14241.0,ISRG.NYSE-5-MINUTE-LAST-EXTERNAL
2023-03-03 21:00:00,234.869995,234.869995,234.869995,234.869995,117061.0,ISRG.NYSE-5-MINUTE-LAST-EXTERNAL
2023-03-06 15:55:00,235.161102,235.869995,235.080001,235.789993,15248.0,ISRG.NYSE-5-MINUTE-LAST-EXTERNAL
2023-03-06 19:55:00,235.470001,235.492492,235.300003,235.399993,3830.0,ISRG.NYSE-5-MINUTE-LAST-EXTERNAL
2023-03-06 21:00:00,234.850006,234.850006,234.850006,234.850006,95403.0,ISRG.NYSE-5-MINUTE-LAST-EXTERNAL
2023-03-07 15:55:00,231.710006,231.75,231.080001,231.080001,14129.0,ISRG.NYSE-5-MINUTE-LAST-EXTERNAL
2023-03-07 19:55:00,229.520004,229.850006,229.419998,229.850006,11813.0,ISRG.NYSE-5-MINUTE-LAST-EXTERNAL
2023-03-07 21:00:00,230.710006,230.710006,230.710006,230.710006,120063.0,ISRG.NYSE-5-MINUTE-LAST-EXTERNAL
2023-03-08 15:55:00,229.544998,229.544998,229.369995,229.479995,3685.0,ISRG.NYSE-5-MINUTE-LAST-EXTERNAL
2023-03-08 19:55:00,230.339996,230.389999,230.205001,230.240005,2801.0,ISRG.NYSE-5-MINUTE-LAST-EXTERNAL
2023-03-08 21:00:00,231.089996,231.089996,231.089996,231.089996,61777.0,ISRG.NYSE-5-MINUTE-LAST-EXTERNAL
2023-03-09 15:55:00,234.225006,234.279998,233.744995,234.024993,11598.0,ISRG.NYSE-5-MINUTE-LAST-EXTERNAL
2023-03-09 19:55:00,229.820007,229.839996,229.389999,229.389999,4377.0,ISRG.NYSE-5-MINUTE-LAST-EXTERNAL
2023-03-09 21:00:00,228.570007,228.570007,228.570007,228.570007,79806.0,ISRG.NYSE-5-MINUTE-LAST-EXTERNAL
2023-03-10 15:55:00,227.699996,228.800003,227.699996,228.800003,19435.0,ISRG.NYSE-5-MINUTE-LAST-EXTERNAL
2023-03-10 19:55:00,225.089996,225.539993,224.580001,224.904998,12755.0,ISRG.NYSE-5-MINUTE-LAST-EXTERNAL
2023-03-10 21:00:00,224.75,224.75,224.75,224.75,120685.0,ISRG.NYSE-5-MINUTE-LAST-EXTERNAL
2023-03-13 15:55:00,230.660003,231.350006,230.580001,231.350006,44562.0,ISRG.NYSE-5-MINUTE-LAST-EXTERNAL
2023-03-13 19:55:00,228.399993,228.440002,227.679992,227.699996,90502.0,ISRG.NYSE-5-MINUTE-LAST-EXTERNAL
2023-03-14 15:55:00,234.869995,234.869995,234.490005,234.737701,17665.0,ISRG.NYSE-5-MINUTE-LAST-EXTERNAL
2023-03-14 19:55:00,234.830001,235.619995,234.714996,235.429992,172157.0,ISRG.NYSE-5-MINUTE-LAST-EXTERNAL
2023-03-15 15:55:00,233.065002,233.559997,232.929992,233.240005,11906.0,ISRG.NYSE-5-MINUTE-LAST-EXTERNAL
2023-03-15 19:55:00,233.419998,234.350006,233.270004,234.179992,136379.0,ISRG.NYSE-5-MINUTE-LAST-EXTERNAL
2023-03-16 15:55:00,239.789993,240.169998,239.210006,239.440002,115450.0,ISRG.NYSE-5-MINUTE-LAST-EXTERNAL
2023-03-16 19:55:00,240.309997,240.61,239.929992,240.490005,115917.0,ISRG.NYSE-5-MINUTE-LAST-EXTERNAL
2023-03-17 15:55:00,236.600006,236.809997,236.36,236.809997,12009.0,ISRG.NYSE-5-MINUTE-LAST-EXTERNAL
2023-03-17 19:55:00,238.330001,238.75,237.729995,237.809997,104866.0,ISRG.NYSE-5-MINUTE-LAST-EXTERNAL
2023-03-20 15:55:00,241.149993,241.174392,240.770004,240.770004,7933.0,ISRG.NYSE-5-MINUTE-LAST-EXTERNAL
2023-03-20 19:55:00,240.600006,240.669998,240.419998,240.449996,56962.0,ISRG.NYSE-5-MINUTE-LAST-EXTERNAL
2023-03-21 15:55:00,243.705001,243.705001,243.345001,243.490005,6580.0,ISRG.NYSE-5-MINUTE-LAST-EXTERNAL
2023-03-21 19:55:00,246.934997,246.934997,246.229995,246.679992,119309.0,ISRG.NYSE-5-MINUTE-LAST-EXTERNAL
2023-03-22 15:55:00,245.794998,245.869995,245.630004,245.710006,5452.0,ISRG.NYSE-5-MINUTE-LAST-EXTERNAL
2023-03-22 19:55:00,242.279998,242.279998,240.539993,240.679992,126012.0,ISRG.NYSE-5-MINUTE-LAST-EXTERNAL
2023-03-23 15:55:00,246.585006,246.619995,246.029998,246.330001,19984.0,ISRG.NYSE-5-MINUTE-LAST-EXTERNAL
2023-03-23 19:55:00,245.130004,245.169998,244.309997,244.460006,118300.0,ISRG.NYSE-5-MINUTE-LAST-EXTERNAL
2023-03-24 15:55:00,252.050003,253.179992,252.050003,253.070007,40286.0,ISRG.NYSE-5-MINUTE-LAST-EXTERNAL
2023-03-24 19:55:00,256.059997,256.600006,255.839996,256.440002,187973.0,ISRG.NYSE-5-MINUTE-LAST-EXTERNAL
2023-03-27 15:55:00,252.550003,252.61,252.190002,252.279998,16716.0,ISRG.NYSE-5-MINUTE-LAST-EXTERNAL
2023-03-27 19:55:00,252.710006,252.850006,252.229995,252.770004,112616.0,ISRG.NYSE-5-MINUTE-LAST-EXTERNAL
2023-03-28 15:55:00,251.169998,251.309997,251.100006,251.309997,4856.0,ISRG.NYSE-5-MINUTE-LAST-EXTERNAL
2023-03-28 19:55:00,249.404998,249.619995,249.160003,249.509994,91876.0,ISRG.NYSE-5-MINUTE-LAST-EXTERNAL
2023-03-29 15:55:00,249.205001,249.419998,249.190002,249.289993,7775.0,ISRG.NYSE-5-MINUTE-LAST-EXTERNAL
2023-03-29 19:55:00,250.960006,251.039993,250.649993,250.75,81039.0,ISRG.NYSE-5-MINUTE-LAST-EXTERNAL
2023-03-30 15:55:00,248.639999,248.740005,248.550003,248.615005,6299.0,ISRG.NYSE-5-MINUTE-LAST-EXTERNAL
2023-03-30 19:55:00,250.979995,251.36,250.830001,251.240005,71088.0,ISRG.NYSE-5-MINUTE-LAST-EXTERNAL
2023-03-31 15:55:00,255.274993,255.309997,255.199996,255.240005,6473.0,ISRG.NYSE-5-MINUTE-LAST-EXTERNAL
2023-03-31 19:55:00,255.020004,255.544998,254.970001,255.479995,168458.0,ISRG.NYSE-5-MINUTE-LAST-EXTERNAL
2023-04-03 15:55:00,253.509994,253.889999,253.455001,253.764999,9439.0,ISRG.NYSE-5-MINUTE-LAST-EXTERNAL
2023-04-03 19:55:00,253.570007,253.720001,253.419998,253.509994,96213.0,ISRG.NYSE-5-MINUTE-LAST-EXTERNAL
2023-04-04 15:55:00,255.320007,255.416107,254.860107,254.910003,12436.0,ISRG.NYSE-5-MINUTE-LAST-EXTERNAL
2023-04-04 19:55:00,254.309997,254.800003,254.244995,254.770004,86485.0,ISRG.NYSE-5-MINUTE-LAST-EXTERNAL
2023-04-05 15:55:00,257.274993,257.704986,257.255004,257.635009,6560.0,ISRG.NYSE-5-MINUTE-LAST-EXTERNAL
2023-04-05 19:55:00,258.390014,258.434997,257.920013,257.970001,62288.0,ISRG.NYSE-5-MINUTE-LAST-EXTERNAL
2023-04-06 15:55:00,256.579986,256.820007,256.545013,256.820007,3192.0,ISRG.NYSE-5-MINUTE-LAST-EXTERNAL
2023-04-06 19:55:00,256.779998,257.049987,256.760009,256.899993,84457.0,ISRG.NYSE-5-MINUTE-LAST-EXTERNAL
2023-04-10 15:55:00,254.955001,255.009994,254.75,254.770004,4599.0,ISRG.NYSE-5-MINUTE-LAST-EXTERNAL
2023-04-10 19:55:00,258.839996,259.109985,258.790008,258.950012,109981.0,ISRG.NYSE-5-MINUTE-LAST-EXTERNAL
2023-04-11 15:55:00,261.334991,261.579986,261.141815,261.454986,11337.0,ISRG.NYSE-5-MINUTE-LAST-EXTERNAL
2023-04-11 19:55:00,262.820007,262.899993,262.450988,262.820007,147064.0,ISRG.NYSE-5-MINUTE-LAST-EXTERNAL
2023-04-12 15:55:00,263.098297,263.420013,263.098297,263.290008,5676.0,ISRG.NYSE-5-MINUTE-LAST-EXTERNAL
2023-04-12 19:55:00,261.619995,261.920013,261.420013,261.920013,80659.0,ISRG.NYSE-5-MINUTE-LAST-EXTERNAL
2023-04-13 15:55:00,263.609985,263.910003,263.573303,263.910003,4495.0,ISRG.NYSE-5-MINUTE-LAST-EXTERNAL
2023-04-13 19:55:00,266.48999,266.700012,266.325012,266.559997,95206.0,ISRG.NYSE-5-MINUTE-LAST-EXTERNAL
2023-04-14 15:55:00,266.410003,266.410003,266.100097,266.309997,7499.0,ISRG.NYSE-5-MINUTE-LAST-EXTERNAL
2023-04-14 19:55:00,266.899993,267.209991,266.899993,267.100006,84547.0,ISRG.NYSE-5-MINUTE-LAST-EXTERNAL
2023-04-17 15:55:00,266.390014,266.510009,266.149993,266.410003,14905.0,ISRG.NYSE-5-MINUTE-LAST-EXTERNAL
2023-04-17 19:55:00,268.630004,268.940002,268.380004,268.920013,104580.0,ISRG.NYSE-5-MINUTE-LAST-EXTERNAL
2023-04-18 15:55:00,267.119995,267.190002,266.73001,267.035003,10788.0,ISRG.NYSE-5-MINUTE-LAST-EXTERNAL
2023-04-18 19:55:00,269.359985,269.609985,269.100006,269.269989,189061.0,ISRG.NYSE-5-MINUTE-LAST-EXTERNAL
2023-04-19 15:55:00,302.165008,303.0,302.089996,302.890014,65385.0,ISRG.NYSE-5-MINUTE-LAST-EXTERNAL
2023-04-19 19:55:00,298.929992,298.929992,298.299987,298.470001,251835.0,ISRG.NYSE-5-MINUTE-LAST-EXTERNAL
2023-04-20 15:55:00,299.329986,299.410003,298.649993,298.649993,27284.0,ISRG.NYSE-5-MINUTE-LAST-EXTERNAL
2023-04-20 19:55:00,297.350006,297.600006,297.040008,297.459991,141344.0,ISRG.NYSE-5-MINUTE-LAST-EXTERNAL
2023-04-21 15:55:00,297.309997,297.760009,297.309997,297.670013,7295.0,ISRG.NYSE-5-MINUTE-LAST-EXTERNAL
2023-04-21 19:55:00,299.760009,300.375,299.709991,300.200012,145401.0,ISRG.NYSE-5-MINUTE-LAST-EXTERNAL
2023-04-24 15:55:00,302.070007,302.429992,301.98001,302.170013,22879.0,ISRG.NYSE-5-MINUTE-LAST-EXTERNAL
2023-04-24 19:55:00,300.579986,300.649993,300.209991,300.5,107830.0,ISRG.NYSE-5-MINUTE-LAST-EXTERNAL
2023-04-25 15:55:00,299.260009,299.309997,298.970001,298.970001,23389.0,ISRG.NYSE-5-MINUTE-LAST-EXTERNAL
2023-04-25 19:55:00,295.149993,295.380004,294.709991,294.959991,182130.0,ISRG.NYSE-5-MINUTE-LAST-EXTERNAL
2023-04-26 15:55:00,295.850006,295.984985,295.649993,295.769989,15152.0,ISRG.NYSE-5-MINUTE-LAST-EXTERNAL
2023-04-26 19:55:00,295.17749,295.380004,294.760009,294.760009,119917.0,ISRG.NYSE-5-MINUTE-LAST-EXTERNAL
