2022-01-03 15:55:00,35.740001,35.75,35.705001,35.724998,92115.0,KHC.NYSE-4-HOUR-LAST-EXTERNAL
2022-01-03 19:55:00,36.159999,36.159999,36.130001,36.130001,42532.0,KHC.NYSE-4-HOUR-LAST-EXTERNAL
2022-01-03 21:00:00,36.139999,36.139999,36.139999,36.139999,404853.0,KHC.NYSE-4-HOUR-LAST-EXTERNAL
2022-01-04 15:55:00,36.915,36.985,36.880001,36.95,120698.0,KHC.NYSE-4-HOUR-LAST-EXTERNAL
2022-01-04 19:55:00,37.150001,37.159999,37.119998,37.130001,51945.0,KHC.NYSE-4-HOUR-LAST-EXTERNAL
2022-01-04 21:00:00,36.909999,36.909999,36.909999,36.909999,477340.0,KHC.NYSE-4-HOUR-LAST-EXTERNAL
2022-01-05 15:55:00,37.169998,37.169998,37.09,37.09,46726.0,KHC.NYSE-4-HOUR-LAST-EXTERNAL
2022-01-05 19:55:00,37.02,37.060001,37.019901,37.044998,34252.0,KHC.NYSE-4-HOUR-LAST-EXTERNAL
2022-01-05 21:00:00,36.759998,36.759998,36.759998,36.759998,862989.0,KHC.NYSE-4-HOUR-LAST-EXTERNAL
2022-01-06 15:55:00,37.18,37.18,37.034999,37.04,71934.0,KHC.NYSE-4-HOUR-LAST-EXTERNAL
2022-01-06 19:55:00,37.02,37.049999,37.009998,37.014999,20872.0,KHC.NYSE-4-HOUR-LAST-EXTERNAL
2022-01-06 21:00:00,36.830001,36.830001,36.830001,36.830001,316764.0,KHC.NYSE-4-HOUR-LAST-EXTERNAL
2022-01-07 15:55:00,37.34,37.349998,37.224998,37.243598,32146.0,KHC.NYSE-4-HOUR-LAST-EXTERNAL
2022-01-07 19:55:00,37.29,37.296901,37.279998,37.29,15246.0,KHC.NYSE-4-HOUR-LAST-EXTERNAL
2022-01-07 21:00:00,37.349998,37.349998,37.349998,37.349998,334859.0,KHC.NYSE-4-HOUR-LAST-EXTERNAL
2022-01-10 15:55:00,37.419898,37.459999,37.400001,37.459999,45120.0,KHC.NYSE-4-HOUR-LAST-EXTERNAL
2022-01-10 19:55:00,37.308998,37.369998,37.305,37.34,35284.0,KHC.NYSE-4-HOUR-LAST-EXTERNAL
2022-01-10 21:00:00,37.36,37.36,37.36,37.36,780661.0,KHC.NYSE-4-HOUR-LAST-EXTERNAL
2022-01-11 15:55:00,37.09,37.130001,37.060001,37.080001,84706.0,KHC.NYSE-4-HOUR-LAST-EXTERNAL
2022-01-11 19:55:00,37.5,37.529998,37.484001,37.529998,57380.0,KHC.NYSE-4-HOUR-LAST-EXTERNAL
2022-01-11 21:00:00,37.59,37.59,37.59,37.59,368572.0,KHC.NYSE-4-HOUR-LAST-EXTERNAL
2022-01-12 15:55:00,37.400001,37.459999,37.395,37.424999,98753.0,KHC.NYSE-4-HOUR-LAST-EXTERNAL
2022-01-12 19:55:00,37.34,37.349998,37.275001,37.275001,36547.0,KHC.NYSE-4-HOUR-LAST-EXTERNAL
2022-01-12 21:00:00,37.299999,37.299999,37.299999,37.299999,292879.0,KHC.NYSE-4-HOUR-LAST-EXTERNAL
2022-01-13 15:55:00,37.735,37.75,37.724998,37.742,35375.0,KHC.NYSE-4-HOUR-LAST-EXTERNAL
2022-01-13 19:55:00,37.794998,37.819999,37.77,37.784999,31754.0,KHC.NYSE-4-HOUR-LAST-EXTERNAL
2022-01-13 21:00:00,37.650001,37.650001,37.650001,37.650001,505993.0,KHC.NYSE-4-HOUR-LAST-EXTERNAL
2022-01-14 15:55:00,37.735,37.799999,37.709999,37.799999,48697.0,KHC.NYSE-4-HOUR-LAST-EXTERNAL
2022-01-14 19:55:00,38.11,38.119998,38.064998,38.064998,37555.0,KHC.NYSE-4-HOUR-LAST-EXTERNAL
2022-01-14 21:00:00,38.02,38.02,38.02,38.02,415322.0,KHC.NYSE-4-HOUR-LAST-EXTERNAL
2022-01-18 15:55:00,37.389999,37.499,37.389999,37.490001,51457.0,KHC.NYSE-4-HOUR-LAST-EXTERNAL
2022-01-18 19:55:00,37.5601,37.584999,37.544998,37.584999,40953.0,KHC.NYSE-4-HOUR-LAST-EXTERNAL
2022-01-18 21:00:00,37.43,37.43,37.43,37.43,494724.0,KHC.NYSE-4-HOUR-LAST-EXTERNAL
2022-01-19 15:55:00,37.29,37.369998,37.29,37.334999,54732.0,KHC.NYSE-4-HOUR-LAST-EXTERNAL
2022-01-19 19:55:00,37.439998,37.479999,37.435001,37.470001,27381.0,KHC.NYSE-4-HOUR-LAST-EXTERNAL
2022-01-19 21:00:00,37.220001,37.220001,37.220001,37.220001,354951.0,KHC.NYSE-4-HOUR-LAST-EXTERNAL
2022-01-20 15:55:00,37.54,37.555,37.509998,37.534999,31201.0,KHC.NYSE-4-HOUR-LAST-EXTERNAL
2022-01-20 19:55:00,37.319999,37.330001,37.299999,37.310001,23232.0,KHC.NYSE-4-HOUR-LAST-EXTERNAL
2022-01-20 21:00:00,37.060001,37.060001,37.060001,37.060001,521310.0,KHC.NYSE-4-HOUR-LAST-EXTERNAL
2022-01-21 15:55:00,37.569999,37.569999,37.490001,37.5,37404.0,KHC.NYSE-4-HOUR-LAST-EXTERNAL
2022-01-21 19:55:00,37.209999,37.229999,37.189998,37.209999,34753.0,KHC.NYSE-4-HOUR-LAST-EXTERNAL
2022-01-21 21:00:00,37.0,37.0,37.0,37.0,587127.0,KHC.NYSE-4-HOUR-LAST-EXTERNAL
2022-01-24 15:55:00,36.68,36.68,36.54,36.549999,82969.0,KHC.NYSE-4-HOUR-LAST-EXTERNAL
2022-01-24 19:55:00,35.669998,35.814998,35.659999,35.810001,66470.0,KHC.NYSE-4-HOUR-LAST-EXTERNAL
2022-01-24 21:00:00,36.389999,36.389999,36.389999,36.389999,589315.0,KHC.NYSE-4-HOUR-LAST-EXTERNAL
2022-01-25 15:55:00,36.169998,36.189998,36.11,36.119998,46415.0,KHC.NYSE-4-HOUR-LAST-EXTERNAL
2022-01-25 19:55:00,36.330001,36.389999,36.325,36.375,44270.0,KHC.NYSE-4-HOUR-LAST-EXTERNAL
2022-01-25 21:00:00,36.209999,36.209999,36.209999,36.209999,529276.0,KHC.NYSE-4-HOUR-LAST-EXTERNAL
2022-01-26 15:55:00,36.29,36.310001,36.27,36.2942,39181.0,KHC.NYSE-4-HOUR-LAST-EXTERNAL
2022-01-26 19:55:00,36.150001,36.2,36.125,36.2,94918.0,KHC.NYSE-4-HOUR-LAST-EXTERNAL
2022-01-26 21:00:00,36.04,36.04,36.04,36.04,485383.0,KHC.NYSE-4-HOUR-LAST-EXTERNAL
2022-01-27 15:55:00,36.889999,36.965,36.880001,36.900001,87714.0,KHC.NYSE-4-HOUR-LAST-EXTERNAL
2022-01-27 19:55:00,36.099998,36.145,36.060001,36.11,60683.0,KHC.NYSE-4-HOUR-LAST-EXTERNAL
2022-01-27 21:00:00,36.09,36.09,36.09,36.09,287833.0,KHC.NYSE-4-HOUR-LAST-EXTERNAL
2022-01-28 15:55:00,35.439998,35.444999,35.29,35.419998,88514.0,KHC.NYSE-4-HOUR-LAST-EXTERNAL
2022-01-28 19:55:00,35.705001,35.77,35.7,35.755001,55862.0,KHC.NYSE-4-HOUR-LAST-EXTERNAL
2022-01-28 21:00:00,36.049999,36.049999,36.049999,36.049999,516567.0,KHC.NYSE-4-HOUR-LAST-EXTERNAL
2022-01-31 15:55:00,35.330001,35.389999,35.319999,35.380001,65493.0,KHC.NYSE-4-HOUR-LAST-EXTERNAL
2022-01-31 19:55:00,35.665,35.6655,35.633998,35.645,68346.0,KHC.NYSE-4-HOUR-LAST-EXTERNAL
2022-01-31 21:00:00,35.799999,35.799999,35.799999,35.799999,770596.0,KHC.NYSE-4-HOUR-LAST-EXTERNAL
2022-02-01 15:55:00,35.755001,35.775001,35.685001,35.705001,43959.0,KHC.NYSE-4-HOUR-LAST-EXTERNAL
2022-02-01 19:55:00,36.064998,36.080001,36.029998,36.075,89949.0,KHC.NYSE-4-HOUR-LAST-EXTERNAL
2022-02-01 21:00:00,36.130001,36.130001,36.130001,36.130001,484334.0,KHC.NYSE-4-HOUR-LAST-EXTERNAL
2022-02-02 15:55:00,36.02,36.064998,36.02,36.049999,38016.0,KHC.NYSE-4-HOUR-LAST-EXTERNAL
2022-02-02 19:55:00,36.334999,36.34,36.310001,36.319999,77739.0,KHC.NYSE-4-HOUR-LAST-EXTERNAL
2022-02-02 21:00:00,36.380001,36.380001,36.380001,36.380001,479135.0,KHC.NYSE-4-HOUR-LAST-EXTERNAL
2022-02-03 15:55:00,36.294998,36.334999,36.29,36.310001,33773.0,KHC.NYSE-4-HOUR-LAST-EXTERNAL
2022-02-03 19:55:00,36.009998,36.029998,35.919998,35.944999,517293.0,KHC.NYSE-4-HOUR-LAST-EXTERNAL
2022-02-03 21:00:00,35.84,35.84,35.84,35.84,565316.0,KHC.NYSE-4-HOUR-LAST-EXTERNAL
2022-02-04 15:55:00,34.889999,34.919998,34.854999,34.909999,80788.0,KHC.NYSE-4-HOUR-LAST-EXTERNAL
2022-02-04 19:55:00,34.740001,34.769901,34.729999,34.764999,78450.0,KHC.NYSE-4-HOUR-LAST-EXTERNAL
2022-02-04 21:00:00,34.75,34.75,34.75,34.75,627276.0,KHC.NYSE-4-HOUR-LAST-EXTERNAL
2022-02-07 15:55:00,34.705001,34.79,34.7,34.737998,61754.0,KHC.NYSE-4-HOUR-LAST-EXTERNAL
2022-02-07 19:55:00,34.849998,34.895,34.849998,34.895,38060.0,KHC.NYSE-4-HOUR-LAST-EXTERNAL
2022-02-07 21:00:00,34.720001,34.720001,34.720001,34.720001,553812.0,KHC.NYSE-4-HOUR-LAST-EXTERNAL
2022-02-08 15:55:00,34.895,34.904998,34.86,34.884998,63878.0,KHC.NYSE-4-HOUR-LAST-EXTERNAL
2022-02-08 19:55:00,34.805,34.825,34.779998,34.79,29534.0,KHC.NYSE-4-HOUR-LAST-EXTERNAL
2022-02-08 21:00:00,34.939998,34.939998,34.939998,34.939998,322595.0,KHC.NYSE-4-HOUR-LAST-EXTERNAL
2022-02-09 15:55:00,35.104999,35.130001,35.069999,35.130001,37580.0,KHC.NYSE-4-HOUR-LAST-EXTERNAL
2022-02-09 19:55:00,34.974998,35.0,34.970001,34.970001,24176.0,KHC.NYSE-4-HOUR-LAST-EXTERNAL
2022-02-09 21:00:00,34.95,34.95,34.95,34.95,321793.0,KHC.NYSE-4-HOUR-LAST-EXTERNAL
2022-02-10 15:55:00,34.799999,34.799999,34.665,34.665,72256.0,KHC.NYSE-4-HOUR-LAST-EXTERNAL
2022-02-10 19:55:00,34.334999,34.395,34.330001,34.36,101817.0,KHC.NYSE-4-HOUR-LAST-EXTERNAL
2022-02-10 21:00:00,34.29,34.29,34.29,34.29,310398.0,KHC.NYSE-4-HOUR-LAST-EXTERNAL
2022-02-11 15:55:00,34.806098,34.84,34.799999,34.830001,39726.0,KHC.NYSE-4-HOUR-LAST-EXTERNAL
2022-02-11 19:55:00,34.7,34.744998,34.689998,34.744998,60684.0,KHC.NYSE-4-HOUR-LAST-EXTERNAL
2022-02-11 21:00:00,34.729999,34.729999,34.729999,34.729999,586295.0,KHC.NYSE-4-HOUR-LAST-EXTERNAL
2022-02-14 15:55:00,34.11,34.136398,34.080001,34.080001,65813.0,KHC.NYSE-4-HOUR-LAST-EXTERNAL
2022-02-14 19:55:00,34.395,34.419998,34.375,34.415,36510.0,KHC.NYSE-4-HOUR-LAST-EXTERNAL
2022-02-14 21:00:00,34.59,34.59,34.59,34.59,615674.0,KHC.NYSE-4-HOUR-LAST-EXTERNAL
2022-02-15 15:55:00,34.744998,34.77,34.724998,34.764999,91415.0,KHC.NYSE-4-HOUR-LAST-EXTERNAL
2022-02-15 19:55:00,34.603,34.618801,34.560001,34.569999,102456.0,KHC.NYSE-4-HOUR-LAST-EXTERNAL
2022-02-15 21:00:00,34.68,34.68,34.68,34.68,676068.0,KHC.NYSE-4-HOUR-LAST-EXTERNAL
2022-02-16 15:55:00,35.919998,36.060001,35.869998,36.049999,82650.0,KHC.NYSE-4-HOUR-LAST-EXTERNAL
2022-02-16 19:55:00,36.610401,36.650001,36.599998,36.639999,70133.0,KHC.NYSE-4-HOUR-LAST-EXTERNAL
2022-02-16 21:00:00,36.619998,36.619998,36.619998,36.619998,829770.0,KHC.NYSE-4-HOUR-LAST-EXTERNAL
2022-02-17 15:55:00,37.369998,37.375,37.220001,37.235,138602.0,KHC.NYSE-4-HOUR-LAST-EXTERNAL
2022-02-17 19:55:00,37.639999,37.659999,37.61,37.650001,125300.0,KHC.NYSE-4-HOUR-LAST-EXTERNAL
2022-02-17 21:00:00,37.79,37.79,37.79,37.79,802381.0,KHC.NYSE-4-HOUR-LAST-EXTERNAL
2022-02-18 15:55:00,38.845001,38.889999,38.825,38.834999,102685.0,KHC.NYSE-4-HOUR-LAST-EXTERNAL
2022-02-18 19:55:00,38.259998,38.29,38.240001,38.29,64337.0,KHC.NYSE-4-HOUR-LAST-EXTERNAL
2022-02-18 21:00:00,38.459999,38.459999,38.459999,38.459999,616383.0,KHC.NYSE-4-HOUR-LAST-EXTERNAL
2022-02-22 15:55:00,39.294998,39.470001,39.255001,39.435001,219830.0,KHC.NYSE-4-HOUR-LAST-EXTERNAL
2022-02-22 19:55:00,40.305,40.319999,40.139999,40.145,292768.0,KHC.NYSE-4-HOUR-LAST-EXTERNAL
2022-02-22 21:00:00,40.400001,40.400001,40.400001,40.400001,1535036.0,KHC.NYSE-4-HOUR-LAST-EXTERNAL
2022-02-23 15:55:00,40.169998,40.169998,40.084999,40.09,116596.0,KHC.NYSE-4-HOUR-LAST-EXTERNAL
2022-02-23 19:55:00,40.299999,40.349998,40.294998,40.334999,83266.0,KHC.NYSE-4-HOUR-LAST-EXTERNAL
2022-02-23 21:00:00,40.099998,40.099998,40.099998,40.099998,1219629.0,KHC.NYSE-4-HOUR-LAST-EXTERNAL
2022-02-24 15:55:00,38.659999,38.659999,38.5,38.580799,153059.0,KHC.NYSE-4-HOUR-LAST-EXTERNAL
2022-02-24 19:55:00,38.580001,38.616699,38.555,38.59,75216.0,KHC.NYSE-4-HOUR-LAST-EXTERNAL
2022-02-24 21:00:00,38.979999,38.979999,38.979999,38.979999,816090.0,KHC.NYSE-4-HOUR-LAST-EXTERNAL
2022-02-25 15:55:00,39.909999,39.939998,39.849998,39.900001,74929.0,KHC.NYSE-4-HOUR-LAST-EXTERNAL
2022-02-25 19:55:00,39.560001,39.619998,39.555,39.595001,51212.0,KHC.NYSE-4-HOUR-LAST-EXTERNAL
2022-02-25 21:00:00,39.729999,39.729999,39.729999,39.729999,482530.0,KHC.NYSE-4-HOUR-LAST-EXTERNAL
2022-02-28 15:55:00,38.955001,38.994998,38.93,38.994998,53881.0,KHC.NYSE-4-HOUR-LAST-EXTERNAL
2022-02-28 19:55:00,39.139999,39.196399,39.130001,39.169998,84055.0,KHC.NYSE-4-HOUR-LAST-EXTERNAL
2022-02-28 21:00:00,39.220001,39.220001,39.220001,39.220001,459345.0,KHC.NYSE-4-HOUR-LAST-EXTERNAL
2022-03-01 15:55:00,38.705001,38.784999,38.694999,38.7,81681.0,KHC.NYSE-4-HOUR-LAST-EXTERNAL
2022-03-01 19:55:00,38.810001,38.845001,38.799999,38.830001,46204.0,KHC.NYSE-4-HOUR-LAST-EXTERNAL
2022-03-01 21:00:00,38.68,38.68,38.68,38.68,445441.0,KHC.NYSE-4-HOUR-LAST-EXTERNAL
2022-03-02 15:55:00,38.689998,38.799999,38.685001,38.794998,71877.0,KHC.NYSE-4-HOUR-LAST-EXTERNAL
2022-03-02 19:55:00,39.095001,39.097301,39.060001,39.095001,39394.0,KHC.NYSE-4-HOUR-LAST-EXTERNAL
2022-03-02 21:00:00,39.069999,39.069999,39.069999,39.069999,545373.0,KHC.NYSE-4-HOUR-LAST-EXTERNAL
2022-03-03 15:55:00,39.569999,39.569999,39.490001,39.506,43297.0,KHC.NYSE-4-HOUR-LAST-EXTERNAL
2022-03-03 19:55:00,39.895,39.909999,39.830001,39.909999,133178.0,KHC.NYSE-4-HOUR-LAST-EXTERNAL
2022-03-03 21:00:00,39.95,39.95,39.95,39.95,442003.0,KHC.NYSE-4-HOUR-LAST-EXTERNAL
2022-03-04 15:55:00,39.79,39.84,39.77,39.819999,59558.0,KHC.NYSE-4-HOUR-LAST-EXTERNAL
2022-03-04 19:55:00,40.005001,40.014999,39.895,39.895,67214.0,KHC.NYSE-4-HOUR-LAST-EXTERNAL
2022-03-04 21:00:00,39.84,39.84,39.84,39.84,541395.0,KHC.NYSE-4-HOUR-LAST-EXTERNAL
2022-03-07 15:55:00,40.724998,40.75,40.68,40.729999,100334.0,KHC.NYSE-4-HOUR-LAST-EXTERNAL
2022-03-07 19:55:00,40.209999,40.259998,40.2,40.209999,73260.0,KHC.NYSE-4-HOUR-LAST-EXTERNAL
2022-03-07 21:00:00,40.150001,40.150001,40.150001,40.150001,490460.0,KHC.NYSE-4-HOUR-LAST-EXTERNAL
2022-03-08 15:55:00,39.349998,39.380001,39.259998,39.305,81172.0,KHC.NYSE-4-HOUR-LAST-EXTERNAL
2022-03-08 19:55:00,39.080001,39.099998,39.014999,39.0307,67854.0,KHC.NYSE-4-HOUR-LAST-EXTERNAL
2022-03-08 21:00:00,38.659999,38.659999,38.659999,38.659999,491278.0,KHC.NYSE-4-HOUR-LAST-EXTERNAL
2022-03-09 15:55:00,38.639999,38.709999,38.639999,38.669998,71821.0,KHC.NYSE-4-HOUR-LAST-EXTERNAL
2022-03-09 19:55:00,38.470001,38.52,38.470001,38.474998,48225.0,KHC.NYSE-4-HOUR-LAST-EXTERNAL
2022-03-09 21:00:00,38.18,38.18,38.18,38.18,1191101.0,KHC.NYSE-4-HOUR-LAST-EXTERNAL
2022-03-10 15:55:00,37.435001,37.444999,37.334999,37.34,61554.0,KHC.NYSE-4-HOUR-LAST-EXTERNAL
2022-03-10 19:55:00,37.395,37.470001,37.395,37.435001,32146.0,KHC.NYSE-4-HOUR-LAST-EXTERNAL
2022-03-10 21:00:00,37.54,37.54,37.54,37.54,278948.0,KHC.NYSE-4-HOUR-LAST-EXTERNAL
2022-03-11 15:55:00,37.779998,37.79,37.729999,37.75,32955.0,KHC.NYSE-4-HOUR-LAST-EXTERNAL
2022-03-11 19:55:00,37.560001,37.59,37.560001,37.580001,26560.0,KHC.NYSE-4-HOUR-LAST-EXTERNAL
2022-03-11 21:00:00,37.36,37.36,37.36,37.36,414019.0,KHC.NYSE-4-HOUR-LAST-EXTERNAL
2022-03-14 15:55:00,37.68,37.689998,37.639999,37.645,32534.0,KHC.NYSE-4-HOUR-LAST-EXTERNAL
2022-03-14 19:55:00,37.645,37.735,37.645,37.689998,581050.0,KHC.NYSE-4-HOUR-LAST-EXTERNAL
2022-03-15 15:55:00,38.179901,38.18,38.09,38.121799,71085.0,KHC.NYSE-4-HOUR-LAST-EXTERNAL
2022-03-15 19:55:00,37.884998,37.884998,37.784999,37.830001,442973.0,KHC.NYSE-4-HOUR-LAST-EXTERNAL
2022-03-16 15:55:00,37.645,37.665,37.604999,37.604999,52272.0,KHC.NYSE-4-HOUR-LAST-EXTERNAL
2022-03-16 19:55:00,37.619998,37.694999,37.580001,37.689998,395030.0,KHC.NYSE-4-HOUR-LAST-EXTERNAL
2022-03-17 15:55:00,37.6805,37.7,37.68,37.689998,18698.0,KHC.NYSE-4-HOUR-LAST-EXTERNAL
2022-03-17 19:55:00,37.724998,37.75,37.68,37.75,285010.0,KHC.NYSE-4-HOUR-LAST-EXTERNAL
2022-03-18 15:55:00,37.130001,37.165,37.125,37.150001,32674.0,KHC.NYSE-4-HOUR-LAST-EXTERNAL
2022-03-18 19:55:00,37.564998,37.630001,37.529998,37.61,709984.0,KHC.NYSE-4-HOUR-LAST-EXTERNAL
2022-03-21 15:55:00,37.580001,37.650001,37.580001,37.650001,46604.0,KHC.NYSE-4-HOUR-LAST-EXTERNAL
2022-03-21 19:55:00,37.52,37.639999,37.505001,37.630001,296260.0,KHC.NYSE-4-HOUR-LAST-EXTERNAL
2022-03-22 15:55:00,37.625,37.659999,37.625,37.630001,128783.0,KHC.NYSE-4-HOUR-LAST-EXTERNAL
2022-03-22 19:55:00,37.895,37.970001,37.880001,37.959999,354735.0,KHC.NYSE-4-HOUR-LAST-EXTERNAL
2022-03-23 15:55:00,38.139999,38.139999,38.060001,38.060001,32865.0,KHC.NYSE-4-HOUR-LAST-EXTERNAL
2022-03-23 19:55:00,38.294998,38.369998,38.27,38.279998,404737.0,KHC.NYSE-4-HOUR-LAST-EXTERNAL
2022-03-24 15:55:00,38.575,38.580001,38.555,38.564998,18982.0,KHC.NYSE-4-HOUR-LAST-EXTERNAL
2022-03-24 19:55:00,38.634998,38.639999,38.580001,38.639999,421685.0,KHC.NYSE-4-HOUR-LAST-EXTERNAL
2022-03-25 15:55:00,39.150001,39.165,39.11,39.111999,69064.0,KHC.NYSE-4-HOUR-LAST-EXTERNAL
2022-03-25 19:55:00,39.229999,39.305,39.224998,39.305,347779.0,KHC.NYSE-4-HOUR-LAST-EXTERNAL
2022-03-28 15:55:00,39.100101,39.150001,39.095001,39.130001,18842.0,KHC.NYSE-4-HOUR-LAST-EXTERNAL
2022-03-28 19:55:00,39.365001,39.419998,39.365001,39.400001,271134.0,KHC.NYSE-4-HOUR-LAST-EXTERNAL
2022-03-29 15:55:00,39.244998,39.275199,39.220001,39.275199,38869.0,KHC.NYSE-4-HOUR-LAST-EXTERNAL
2022-03-29 19:55:00,39.330001,39.389999,39.330001,39.384998,275392.0,KHC.NYSE-4-HOUR-LAST-EXTERNAL
2022-03-30 15:55:00,39.209999,39.209999,39.173,39.2,37494.0,KHC.NYSE-4-HOUR-LAST-EXTERNAL
2022-03-30 19:55:00,39.294998,39.409999,39.284999,39.409999,377523.0,KHC.NYSE-4-HOUR-LAST-EXTERNAL
2022-03-31 15:55:00,39.34,39.34,39.299999,39.299999,24010.0,KHC.NYSE-4-HOUR-LAST-EXTERNAL
2022-03-31 19:55:00,39.444999,39.459999,39.389999,39.389999,606333.0,KHC.NYSE-4-HOUR-LAST-EXTERNAL
2022-04-01 15:55:00,39.384101,39.419998,39.380001,39.389999,26459.0,KHC.NYSE-4-HOUR-LAST-EXTERNAL
2022-04-01 19:55:00,39.889999,39.959999,39.869998,39.93,347548.0,KHC.NYSE-4-HOUR-LAST-EXTERNAL
2022-04-04 15:55:00,39.564998,39.599998,39.555,39.560001,23661.0,KHC.NYSE-4-HOUR-LAST-EXTERNAL
2022-04-04 19:55:00,39.889999,39.919998,39.830001,39.889999,227369.0,KHC.NYSE-4-HOUR-LAST-EXTERNAL
2022-04-05 15:55:00,39.900001,39.915,39.834999,39.8455,34335.0,KHC.NYSE-4-HOUR-LAST-EXTERNAL
2022-04-05 19:55:00,39.560001,39.61,39.549999,39.59,368534.0,KHC.NYSE-4-HOUR-LAST-EXTERNAL
2022-04-06 15:55:00,40.2,40.270801,40.199901,40.220001,54972.0,KHC.NYSE-4-HOUR-LAST-EXTERNAL
2022-04-06 19:55:00,39.95,40.09,39.95,40.049999,517424.0,KHC.NYSE-4-HOUR-LAST-EXTERNAL
2022-04-07 15:55:00,40.299999,40.349998,40.279998,40.284999,31183.0,KHC.NYSE-4-HOUR-LAST-EXTERNAL
2022-04-07 19:55:00,40.349998,40.354999,40.29,40.299999,326277.0,KHC.NYSE-4-HOUR-LAST-EXTERNAL
2022-04-08 15:55:00,40.994998,41.009998,40.974998,40.990001,30484.0,KHC.NYSE-4-HOUR-LAST-EXTERNAL
2022-04-08 19:55:00,40.884998,40.959999,40.875,40.959999,425672.0,KHC.NYSE-4-HOUR-LAST-EXTERNAL
2022-04-11 15:55:00,41.52,41.534999,41.459999,41.465,25872.0,KHC.NYSE-4-HOUR-LAST-EXTERNAL
2022-04-11 19:55:00,41.2,41.3199,41.189998,41.259998,592884.0,KHC.NYSE-4-HOUR-LAST-EXTERNAL
2022-04-12 15:55:00,41.29,41.334999,41.29,41.310001,15447.0,KHC.NYSE-4-HOUR-LAST-EXTERNAL
2022-04-12 19:55:00,41.104999,41.159999,41.09,41.11,344703.0,KHC.NYSE-4-HOUR-LAST-EXTERNAL
2022-04-13 15:55:00,41.479999,41.490001,41.43,41.435001,55945.0,KHC.NYSE-4-HOUR-LAST-EXTERNAL
2022-04-13 19:55:00,42.029998,42.029998,41.959999,42.0,693209.0,KHC.NYSE-4-HOUR-LAST-EXTERNAL
2022-04-14 15:55:00,42.325,42.380001,42.319999,42.375,44744.0,KHC.NYSE-4-HOUR-LAST-EXTERNAL
2022-04-14 19:55:00,42.259998,42.310001,42.240001,42.299999,575792.0,KHC.NYSE-4-HOUR-LAST-EXTERNAL
2022-04-18 15:55:00,42.169998,42.194999,42.163898,42.185001,26270.0,KHC.NYSE-4-HOUR-LAST-EXTERNAL
2022-04-18 19:55:00,42.154998,42.159999,42.125,42.159999,396957.0,KHC.NYSE-4-HOUR-LAST-EXTERNAL
2022-04-19 15:55:00,42.634998,42.634998,42.615001,42.625,29517.0,KHC.NYSE-4-HOUR-LAST-EXTERNAL
2022-04-19 19:55:00,42.630001,42.659999,42.59,42.61,768330.0,KHC.NYSE-4-HOUR-LAST-EXTERNAL
2022-04-20 15:55:00,43.365001,43.419998,43.354999,43.400001,26145.0,KHC.NYSE-4-HOUR-LAST-EXTERNAL
2022-04-20 19:55:00,43.354999,43.389999,43.314998,43.36,506841.0,KHC.NYSE-4-HOUR-LAST-EXTERNAL
2022-04-21 15:55:00,44.18,44.229999,44.165,44.220001,180698.0,KHC.NYSE-4-HOUR-LAST-EXTERNAL
2022-04-21 19:55:00,43.974998,44.069999,43.974998,43.985,560264.0,KHC.NYSE-4-HOUR-LAST-EXTERNAL
2022-04-22 15:55:00,43.525001,43.544998,43.514999,43.514999,29485.0,KHC.NYSE-4-HOUR-LAST-EXTERNAL
2022-04-22 19:55:00,43.27,43.279998,43.150001,43.159999,763295.0,KHC.NYSE-4-HOUR-LAST-EXTERNAL
2022-04-25 15:55:00,42.11,42.314998,42.11,42.310001,51651.0,KHC.NYSE-4-HOUR-LAST-EXTERNAL
2022-04-25 19:55:00,43.044998,43.055,43.0,43.04,432722.0,KHC.NYSE-4-HOUR-LAST-EXTERNAL
2022-04-26 15:55:00,43.2,43.2,43.099998,43.130001,71417.0,KHC.NYSE-4-HOUR-LAST-EXTERNAL
2022-04-26 19:55:00,42.36,42.389999,42.25,42.310001,642393.0,KHC.NYSE-4-HOUR-LAST-EXTERNAL
2022-04-27 15:55:00,43.145,43.236698,43.11,43.2,65316.0,KHC.NYSE-4-HOUR-LAST-EXTERNAL
2022-04-27 19:55:00,42.900001,42.95,42.819999,42.86,406646.0,KHC.NYSE-4-HOUR-LAST-EXTERNAL
2022-04-28 15:55:00,43.595001,43.604999,43.369998,43.490001,421515.0,KHC.NYSE-4-HOUR-LAST-EXTERNAL
2022-04-28 19:55:00,43.599998,43.619998,43.52,43.61,543814.0,KHC.NYSE-4-HOUR-LAST-EXTERNAL
2022-04-29 15:55:00,43.04,43.064998,42.9701,42.994998,33111.0,KHC.NYSE-4-HOUR-LAST-EXTERNAL
2022-04-29 19:55:00,42.634998,42.651,42.560001,42.630001,594466.0,KHC.NYSE-4-HOUR-LAST-EXTERNAL
2022-05-02 15:55:00,42.134998,42.209999,42.11,42.205001,44156.0,KHC.NYSE-4-HOUR-LAST-EXTERNAL
2022-05-02 19:55:00,41.979999,42.02,41.939998,41.970001,449851.0,KHC.NYSE-4-HOUR-LAST-EXTERNAL
2022-05-03 15:55:00,42.349998,42.419998,42.345001,42.419998,25549.0,KHC.NYSE-4-HOUR-LAST-EXTERNAL
2022-05-03 19:55:00,42.284999,42.419998,42.284999,42.380001,486251.0,KHC.NYSE-4-HOUR-LAST-EXTERNAL
2022-05-04 15:55:00,42.84,42.849998,42.799999,42.805,43158.0,KHC.NYSE-4-HOUR-LAST-EXTERNAL
2022-05-04 19:55:00,43.299999,43.34,43.255001,43.319999,485854.0,KHC.NYSE-4-HOUR-LAST-EXTERNAL
2022-05-05 15:55:00,43.009998,43.060001,43.0,43.029998,24846.0,KHC.NYSE-4-HOUR-LAST-EXTERNAL
2022-05-05 19:55:00,43.025001,43.159999,43.014999,43.150001,602284.0,KHC.NYSE-4-HOUR-LAST-EXTERNAL
2022-05-06 15:55:00,43.154998,43.189998,43.11,43.139999,46097.0,KHC.NYSE-4-HOUR-LAST-EXTERNAL
2022-05-06 19:55:00,43.569999,43.619998,43.560001,43.580001,436208.0,KHC.NYSE-4-HOUR-LAST-EXTERNAL
2022-05-09 15:55:00,44.549999,44.584999,44.509998,44.534999,76507.0,KHC.NYSE-4-HOUR-LAST-EXTERNAL
2022-05-09 19:55:00,44.095001,44.229999,44.09,44.194999,518524.0,KHC.NYSE-4-HOUR-LAST-EXTERNAL
2022-05-10 15:55:00,43.531898,43.569999,43.43,43.525001,59947.0,KHC.NYSE-4-HOUR-LAST-EXTERNAL
2022-05-10 19:55:00,43.534999,43.54,43.419998,43.459999,369754.0,KHC.NYSE-4-HOUR-LAST-EXTERNAL
2022-05-11 15:55:00,43.834999,43.865001,43.810001,43.849998,31747.0,KHC.NYSE-4-HOUR-LAST-EXTERNAL
2022-05-11 19:55:00,43.459999,43.52,43.439998,43.509998,356692.0,KHC.NYSE-4-HOUR-LAST-EXTERNAL
2022-05-12 15:55:00,42.900001,42.906898,42.825,42.830001,34709.0,KHC.NYSE-4-HOUR-LAST-EXTERNAL
2022-05-12 19:55:00,42.889999,43.049999,42.889999,43.04,448163.0,KHC.NYSE-4-HOUR-LAST-EXTERNAL
2022-05-13 15:55:00,43.869998,43.93,43.869998,43.889999,67688.0,KHC.NYSE-4-HOUR-LAST-EXTERNAL
2022-05-13 19:55:00,44.259998,44.310001,44.229999,44.29,586985.0,KHC.NYSE-4-HOUR-LAST-EXTERNAL
2022-05-16 15:55:00,44.440101,44.479999,44.440101,44.459999,102042.0,KHC.NYSE-4-HOUR-LAST-EXTERNAL
2022-05-16 19:55:00,44.069999,44.09,43.994998,44.080001,554039.0,KHC.NYSE-4-HOUR-LAST-EXTERNAL
2022-05-17 15:55:00,43.334999,43.34,43.284999,43.330001,42910.0,KHC.NYSE-4-HOUR-LAST-EXTERNAL
2022-05-17 19:55:00,43.145,43.18,43.11,43.150001,607500.0,KHC.NYSE-4-HOUR-LAST-EXTERNAL
2022-05-18 15:55:00,40.709999,40.755001,40.639999,40.6431,104807.0,KHC.NYSE-4-HOUR-LAST-EXTERNAL
2022-05-18 19:55:00,39.04,39.049999,38.939998,39.04,1325888.0,KHC.NYSE-4-HOUR-LAST-EXTERNAL
2022-05-19 15:55:00,38.694999,38.694999,38.59,38.639999,60500.0,KHC.NYSE-4-HOUR-LAST-EXTERNAL
2022-05-19 19:55:00,38.544998,38.599998,38.534999,38.569999,538632.0,KHC.NYSE-4-HOUR-LAST-EXTERNAL
2022-05-20 15:55:00,38.005001,38.049999,37.990001,38.02,44560.0,KHC.NYSE-4-HOUR-LAST-EXTERNAL
2022-05-20 19:55:00,38.389999,38.389999,38.294998,38.36,484417.0,KHC.NYSE-4-HOUR-LAST-EXTERNAL
2022-05-23 15:55:00,39.305,39.349998,39.279998,39.310001,39553.0,KHC.NYSE-4-HOUR-LAST-EXTERNAL
2022-05-23 19:55:00,38.979999,39.02,38.944999,38.990001,474437.0,KHC.NYSE-4-HOUR-LAST-EXTERNAL
2022-05-24 15:55:00,38.689998,38.84,38.689998,38.787998,54856.0,KHC.NYSE-4-HOUR-LAST-EXTERNAL
2022-05-24 19:55:00,39.544998,39.639999,39.52,39.630001,518343.0,KHC.NYSE-4-HOUR-LAST-EXTERNAL
2022-05-25 15:55:00,39.8092,39.865001,39.799999,39.810001,27249.0,KHC.NYSE-4-HOUR-LAST-EXTERNAL
2022-05-25 19:55:00,39.865001,39.880001,39.819999,39.880001,438206.0,KHC.NYSE-4-HOUR-LAST-EXTERNAL
2022-05-26 15:55:00,36.755001,36.759998,36.700099,36.740699,89196.0,KHC.NYSE-4-HOUR-LAST-EXTERNAL
2022-05-26 19:55:00,37.139999,37.18,37.060001,37.069999,1193799.0,KHC.NYSE-4-HOUR-LAST-EXTERNAL
2022-05-27 15:55:00,37.095001,37.150001,37.080001,37.118,74149.0,KHC.NYSE-4-HOUR-LAST-EXTERNAL
2022-05-27 19:55:00,37.720001,37.849998,37.715,37.830001,912789.0,KHC.NYSE-4-HOUR-LAST-EXTERNAL
2022-05-31 15:55:00,37.619998,37.740001,37.619998,37.689998,55204.0,KHC.NYSE-4-HOUR-LAST-EXTERNAL
2022-05-31 19:55:00,37.915,37.919998,37.669998,37.849998,767272.0,KHC.NYSE-4-HOUR-LAST-EXTERNAL
2022-06-01 15:55:00,37.075,37.130001,37.069999,37.09,57968.0,KHC.NYSE-4-HOUR-LAST-EXTERNAL
2022-06-01 19:55:00,37.284999,37.29,37.229999,37.259998,768392.0,KHC.NYSE-4-HOUR-LAST-EXTERNAL
2022-06-02 15:55:00,35.034999,35.119998,35.029998,35.099998,216438.0,KHC.NYSE-4-HOUR-LAST-EXTERNAL
2022-06-02 19:55:00,36.444999,36.444999,36.361499,36.380001,1171497.0,KHC.NYSE-4-HOUR-LAST-EXTERNAL
2022-06-03 15:55:00,36.209999,36.255001,36.205001,36.209999,58799.0,KHC.NYSE-4-HOUR-LAST-EXTERNAL
2022-06-03 19:55:00,36.279998,36.319999,36.27,36.299999,698223.0,KHC.NYSE-4-HOUR-LAST-EXTERNAL
2022-06-06 15:55:00,36.34,36.400001,36.330001,36.392501,39859.0,KHC.NYSE-4-HOUR-LAST-EXTERNAL
2022-06-06 19:55:00,36.639999,36.764999,36.61,36.68,1036564.0,KHC.NYSE-4-HOUR-LAST-EXTERNAL
2022-06-07 15:55:00,36.669998,36.689998,36.630001,36.689998,204484.0,KHC.NYSE-4-HOUR-LAST-EXTERNAL
2022-06-07 19:55:00,37.139999,37.169998,37.049999,37.069999,537540.0,KHC.NYSE-4-HOUR-LAST-EXTERNAL
2022-06-08 15:55:00,37.409999,37.43,37.375,37.415,48256.0,KHC.NYSE-4-HOUR-LAST-EXTERNAL
2022-06-08 19:55:00,37.375,37.43,37.369998,37.400001,509130.0,KHC.NYSE-4-HOUR-LAST-EXTERNAL
2022-06-09 15:55:00,37.729999,37.779998,37.724998,37.775001,27515.0,KHC.NYSE-4-HOUR-LAST-EXTERNAL
2022-06-09 19:55:00,37.34,37.365001,37.25,37.27,528216.0,KHC.NYSE-4-HOUR-LAST-EXTERNAL
2022-06-10 15:55:00,37.395,37.435001,37.380001,37.419998,48602.0,KHC.NYSE-4-HOUR-LAST-EXTERNAL
2022-06-10 19:55:00,37.5,37.52,37.439998,37.439998,489687.0,KHC.NYSE-4-HOUR-LAST-EXTERNAL
2022-06-13 15:55:00,36.810001,36.900001,36.805,36.865001,49214.0,KHC.NYSE-4-HOUR-LAST-EXTERNAL
2022-06-13 19:55:00,36.009998,36.095001,36.009998,36.04,950174.0,KHC.NYSE-4-HOUR-LAST-EXTERNAL
2022-06-14 15:55:00,35.965,36.04,35.95,35.990001,89117.0,KHC.NYSE-4-HOUR-LAST-EXTERNAL
2022-06-14 19:55:00,36.125,36.189998,36.099998,36.139999,471587.0,KHC.NYSE-4-HOUR-LAST-EXTERNAL
2022-06-15 15:55:00,36.310001,36.354999,36.310001,36.349998,22070.0,KHC.NYSE-4-HOUR-LAST-EXTERNAL
2022-06-15 19:55:00,36.154998,36.229999,36.150001,36.169998,394248.0,KHC.NYSE-4-HOUR-LAST-EXTERNAL
2022-06-16 15:55:00,36.0,36.09,35.985,36.080001,43726.0,KHC.NYSE-4-HOUR-LAST-EXTERNAL
2022-06-16 19:55:00,35.95,36.060001,35.919998,36.049999,467630.0,KHC.NYSE-4-HOUR-LAST-EXTERNAL
2022-06-17 15:55:00,35.064998,35.084999,35.02,35.02,96984.0,KHC.NYSE-4-HOUR-LAST-EXTERNAL
2022-06-17 19:55:00,35.569999,35.669998,35.549999,35.619998,1807670.0,KHC.NYSE-4-HOUR-LAST-EXTERNAL
2022-06-21 15:55:00,36.334999,36.384998,36.299999,36.369998,39803.0,KHC.NYSE-4-HOUR-LAST-EXTERNAL
2022-06-21 19:55:00,36.639999,36.665,36.59,36.61,558341.0,KHC.NYSE-4-HOUR-LAST-EXTERNAL
2022-06-22 15:55:00,37.34,37.369998,37.279998,37.319999,47900.0,KHC.NYSE-4-HOUR-LAST-EXTERNAL
2022-06-22 19:55:00,37.415,37.439998,37.0,37.04,3260330.0,KHC.NYSE-4-HOUR-LAST-EXTERNAL
2022-06-23 15:55:00,37.669998,37.689998,37.639999,37.659999,66205.0,KHC.NYSE-4-HOUR-LAST-EXTERNAL
2022-06-23 19:55:00,37.919998,37.924999,37.849998,37.849998,495892.0,KHC.NYSE-4-HOUR-LAST-EXTERNAL
2022-06-24 15:55:00,38.240001,38.25,38.194999,38.220001,15171.0,KHC.NYSE-4-HOUR-LAST-EXTERNAL
2022-06-24 19:55:00,38.400001,38.424999,38.319999,38.409999,647397.0,KHC.NYSE-4-HOUR-LAST-EXTERNAL
2022-06-27 15:55:00,38.569999,38.7,38.569999,38.689998,115639.0,KHC.NYSE-4-HOUR-LAST-EXTERNAL
2022-06-27 19:55:00,38.599998,38.669998,38.560001,38.669998,425378.0,KHC.NYSE-4-HOUR-LAST-EXTERNAL
2022-06-28 15:55:00,38.189998,38.2,38.145,38.159999,37391.0,KHC.NYSE-4-HOUR-LAST-EXTERNAL
2022-06-28 19:55:00,37.759998,37.759998,37.709999,37.729999,481291.0,KHC.NYSE-4-HOUR-LAST-EXTERNAL
2022-06-29 15:55:00,38.130001,38.150001,38.049999,38.0899,124765.0,KHC.NYSE-4-HOUR-LAST-EXTERNAL
2022-06-29 19:55:00,37.95,38.02,37.95,37.979999,307120.0,KHC.NYSE-4-HOUR-LAST-EXTERNAL
2022-06-30 15:55:00,38.354999,38.435001,38.354999,38.404998,70602.0,KHC.NYSE-4-HOUR-LAST-EXTERNAL
2022-06-30 19:55:00,38.009998,38.150001,37.970001,38.150001,837394.0,KHC.NYSE-4-HOUR-LAST-EXTERNAL
2022-07-01 15:55:00,38.075,38.134998,38.04,38.044998,33325.0,KHC.NYSE-4-HOUR-LAST-EXTERNAL
2022-07-01 19:55:00,38.689998,38.689998,38.580001,38.639999,475734.0,KHC.NYSE-4-HOUR-LAST-EXTERNAL
2022-07-05 15:55:00,37.709999,37.77,37.7,37.720001,36274.0,KHC.NYSE-4-HOUR-LAST-EXTERNAL
2022-07-05 19:55:00,38.240001,38.240001,38.09,38.11,783960.0,KHC.NYSE-4-HOUR-LAST-EXTERNAL
2022-07-06 15:55:00,38.049999,38.104999,38.029998,38.099998,31876.0,KHC.NYSE-4-HOUR-LAST-EXTERNAL
2022-07-06 19:55:00,38.185001,38.209999,38.150001,38.209999,287356.0,KHC.NYSE-4-HOUR-LAST-EXTERNAL
2022-07-07 15:55:00,37.970001,38.049999,37.970001,38.049999,36644.0,KHC.NYSE-4-HOUR-LAST-EXTERNAL
2022-07-07 19:55:00,38.130001,38.134998,38.069999,38.080001,407061.0,KHC.NYSE-4-HOUR-LAST-EXTERNAL
2022-07-08 15:55:00,38.580001,38.619998,38.549999,38.604999,78345.0,KHC.NYSE-4-HOUR-LAST-EXTERNAL
2022-07-08 19:55:00,38.45,38.45,38.34,38.369998,344234.0,KHC.NYSE-4-HOUR-LAST-EXTERNAL
2022-07-11 15:55:00,38.509998,38.52,38.490001,38.514999,23903.0,KHC.NYSE-4-HOUR-LAST-EXTERNAL
2022-07-11 19:55:00,38.599998,38.619998,38.549999,38.619998,413426.0,KHC.NYSE-4-HOUR-LAST-EXTERNAL
2022-07-12 15:55:00,38.845001,38.86,38.784999,38.825,25900.0,KHC.NYSE-4-HOUR-LAST-EXTERNAL
2022-07-12 19:55:00,38.77,38.849998,38.75,38.811,532408.0,KHC.NYSE-4-HOUR-LAST-EXTERNAL
2022-07-13 15:55:00,38.909999,38.95,38.880001,38.884998,29980.0,KHC.NYSE-4-HOUR-LAST-EXTERNAL
2022-07-13 19:55:00,39.279998,39.279998,39.139999,39.169998,598068.0,KHC.NYSE-4-HOUR-LAST-EXTERNAL
2022-07-14 15:55:00,38.479999,38.509998,38.452999,38.4789,32836.0,KHC.NYSE-4-HOUR-LAST-EXTERNAL
2022-07-14 19:55:00,38.735,38.799999,38.735,38.759998,306686.0,KHC.NYSE-4-HOUR-LAST-EXTERNAL
2022-07-15 15:55:00,37.95,37.978099,37.909999,37.919998,64517.0,KHC.NYSE-4-HOUR-LAST-EXTERNAL
2022-07-15 19:55:00,38.0,38.04,37.959999,38.009998,524493.0,KHC.NYSE-4-HOUR-LAST-EXTERNAL
2022-07-18 15:55:00,38.529998,38.580001,38.529998,38.561,54503.0,KHC.NYSE-4-HOUR-LAST-EXTERNAL
2022-07-18 19:55:00,38.419998,38.455001,38.395,38.419998,517157.0,KHC.NYSE-4-HOUR-LAST-EXTERNAL
2022-07-19 15:55:00,38.615001,38.654998,38.615001,38.6399,37630.0,KHC.NYSE-4-HOUR-LAST-EXTERNAL
2022-07-19 19:55:00,38.740001,38.77,38.7,38.720001,732363.0,KHC.NYSE-4-HOUR-LAST-EXTERNAL
2022-07-20 15:55:00,38.5,38.514999,38.485,38.514999,14960.0,KHC.NYSE-4-HOUR-LAST-EXTERNAL
2022-07-20 19:55:00,38.224998,38.29,38.224998,38.240001,417321.0,KHC.NYSE-4-HOUR-LAST-EXTERNAL
2022-07-21 15:55:00,37.93,37.985,37.924999,37.979999,49219.0,KHC.NYSE-4-HOUR-LAST-EXTERNAL
2022-07-21 19:55:00,37.935001,37.959999,37.900001,37.93,324969.0,KHC.NYSE-4-HOUR-LAST-EXTERNAL
2022-07-22 15:55:00,38.470001,38.490001,38.45,38.490001,37906.0,KHC.NYSE-4-HOUR-LAST-EXTERNAL
2022-07-22 19:55:00,38.229999,38.330001,38.224998,38.330001,452002.0,KHC.NYSE-4-HOUR-LAST-EXTERNAL
2022-07-25 15:55:00,38.505001,38.5149,38.485,38.494998,22315.0,KHC.NYSE-4-HOUR-LAST-EXTERNAL
2022-07-25 19:55:00,38.310001,38.419998,38.310001,38.380001,646971.0,KHC.NYSE-4-HOUR-LAST-EXTERNAL
2022-07-26 15:55:00,38.439998,38.529998,38.435001,38.490001,36653.0,KHC.NYSE-4-HOUR-LAST-EXTERNAL
2022-07-26 19:55:00,38.630001,38.68,38.599998,38.639999,598864.0,KHC.NYSE-4-HOUR-LAST-EXTERNAL
2022-07-27 15:55:00,35.86,36.0,35.79,35.900001,148438.0,KHC.NYSE-4-HOUR-LAST-EXTERNAL
2022-07-27 19:55:00,36.470001,36.549999,36.310001,36.319999,1042959.0,KHC.NYSE-4-HOUR-LAST-EXTERNAL
2022-07-28 15:55:00,36.615001,36.645,36.555,36.555,57863.0,KHC.NYSE-4-HOUR-LAST-EXTERNAL
2022-07-28 19:55:00,37.174999,37.235,37.139999,37.189998,821237.0,KHC.NYSE-4-HOUR-LAST-EXTERNAL
2022-07-29 15:55:00,36.915,36.915,36.830001,36.830001,47580.0,KHC.NYSE-4-HOUR-LAST-EXTERNAL
2022-07-29 19:55:00,36.784999,36.849998,36.779998,36.830001,744073.0,KHC.NYSE-4-HOUR-LAST-EXTERNAL
2022-08-01 15:55:00,37.319999,37.36,37.284999,37.357398,46959.0,KHC.NYSE-4-HOUR-LAST-EXTERNAL
2022-08-01 19:55:00,37.389999,37.459999,37.36,37.43,378531.0,KHC.NYSE-4-HOUR-LAST-EXTERNAL
2022-08-02 15:55:00,37.279998,37.29,37.255001,37.259899,20952.0,KHC.NYSE-4-HOUR-LAST-EXTERNAL
2022-08-02 19:55:00,37.125,37.125,37.060001,37.09,361729.0,KHC.NYSE-4-HOUR-LAST-EXTERNAL
2022-08-03 15:55:00,37.09,37.159999,37.084999,37.159999,28850.0,KHC.NYSE-4-HOUR-LAST-EXTERNAL
2022-08-03 19:55:00,37.465,37.465,37.34,37.34,473177.0,KHC.NYSE-4-HOUR-LAST-EXTERNAL
2022-08-04 15:55:00,37.189998,37.209999,37.154998,37.205001,26100.0,KHC.NYSE-4-HOUR-LAST-EXTERNAL
2022-08-04 19:55:00,37.029998,37.049999,36.990001,37.049999,469149.0,KHC.NYSE-4-HOUR-LAST-EXTERNAL
2022-08-05 15:55:00,37.130001,37.154998,37.099998,37.099998,23522.0,KHC.NYSE-4-HOUR-LAST-EXTERNAL
2022-08-05 19:55:00,37.534999,37.61,37.52,37.580001,466312.0,KHC.NYSE-4-HOUR-LAST-EXTERNAL
2022-08-08 15:55:00,37.955001,37.979999,37.95,37.965,17584.0,KHC.NYSE-4-HOUR-LAST-EXTERNAL
2022-08-08 19:55:00,37.794998,37.819999,37.775001,37.799999,318835.0,KHC.NYSE-4-HOUR-LAST-EXTERNAL
2022-08-09 15:55:00,38.240001,38.257099,38.189998,38.189998,26551.0,KHC.NYSE-4-HOUR-LAST-EXTERNAL
2022-08-09 19:55:00,38.409999,38.439998,38.380001,38.419998,468186.0,KHC.NYSE-4-HOUR-LAST-EXTERNAL
2022-08-10 15:55:00,38.650001,38.659999,38.630001,38.654998,30956.0,KHC.NYSE-4-HOUR-LAST-EXTERNAL
2022-08-10 19:55:00,38.665,38.669998,38.61,38.630001,481545.0,KHC.NYSE-4-HOUR-LAST-EXTERNAL
2022-08-11 15:55:00,39.145,39.154998,39.061298,39.095001,46186.0,KHC.NYSE-4-HOUR-LAST-EXTERNAL
2022-08-11 19:55:00,38.724998,38.755001,38.68,38.735,513402.0,KHC.NYSE-4-HOUR-LAST-EXTERNAL
2022-08-12 15:55:00,38.580001,38.604999,38.555,38.575099,21470.0,KHC.NYSE-4-HOUR-LAST-EXTERNAL
2022-08-12 19:55:00,38.659999,38.709999,38.645,38.669998,393668.0,KHC.NYSE-4-HOUR-LAST-EXTERNAL
2022-08-15 15:55:00,38.645,38.694999,38.642398,38.665,49378.0,KHC.NYSE-4-HOUR-LAST-EXTERNAL
2022-08-15 19:55:00,38.549999,38.625,38.54,38.569999,572548.0,KHC.NYSE-4-HOUR-LAST-EXTERNAL
2022-08-16 15:55:00,38.854999,38.884998,38.845001,38.849998,34411.0,KHC.NYSE-4-HOUR-LAST-EXTERNAL
2022-08-16 19:55:00,38.865001,38.865001,38.799999,38.830001,448394.0,KHC.NYSE-4-HOUR-LAST-EXTERNAL
2022-08-17 15:55:00,38.299999,38.349998,38.294998,38.299999,31167.0,KHC.NYSE-4-HOUR-LAST-EXTERNAL
2022-08-17 19:55:00,38.259998,38.259998,38.145,38.189998,562398.0,KHC.NYSE-4-HOUR-LAST-EXTERNAL
2022-08-18 15:55:00,37.944999,37.944999,37.900001,37.919998,54102.0,KHC.NYSE-4-HOUR-LAST-EXTERNAL
2022-08-18 19:55:00,38.209999,38.279998,38.190101,38.259998,527987.0,KHC.NYSE-4-HOUR-LAST-EXTERNAL
2022-08-19 15:55:00,38.150001,38.209999,38.150001,38.209999,16393.0,KHC.NYSE-4-HOUR-LAST-EXTERNAL
2022-08-19 19:55:00,38.52,38.560001,38.514999,38.54,306943.0,KHC.NYSE-4-HOUR-LAST-EXTERNAL
2022-08-22 15:55:00,38.25,38.25,38.215,38.215,19797.0,KHC.NYSE-4-HOUR-LAST-EXTERNAL
2022-08-22 19:55:00,38.395,38.439998,38.389999,38.419998,506269.0,KHC.NYSE-4-HOUR-LAST-EXTERNAL
2022-08-23 15:55:00,38.709999,38.709999,38.650001,38.7,42227.0,KHC.NYSE-4-HOUR-LAST-EXTERNAL
2022-08-23 19:55:00,38.740001,38.75,38.709999,38.720001,353517.0,KHC.NYSE-4-HOUR-LAST-EXTERNAL
2022-08-24 15:55:00,38.880001,38.93,38.880001,38.904998,43335.0,KHC.NYSE-4-HOUR-LAST-EXTERNAL
2022-08-24 19:55:00,38.904998,38.939998,38.86,38.93,379691.0,KHC.NYSE-4-HOUR-LAST-EXTERNAL
2022-08-25 15:55:00,38.639999,38.68,38.634998,38.68,21494.0,KHC.NYSE-4-HOUR-LAST-EXTERNAL
2022-08-25 19:55:00,38.599998,38.645,38.580001,38.615001,307892.0,KHC.NYSE-4-HOUR-LAST-EXTERNAL
2022-08-26 15:55:00,38.400001,38.409999,38.340999,38.360099,29201.0,KHC.NYSE-4-HOUR-LAST-EXTERNAL
2022-08-26 19:55:00,38.134998,38.174999,38.11,38.11,517001.0,KHC.NYSE-4-HOUR-LAST-EXTERNAL
2022-08-29 15:55:00,38.255001,38.29,38.169998,38.194999,149237.0,KHC.NYSE-4-HOUR-LAST-EXTERNAL
2022-08-29 19:55:00,38.119998,38.159999,38.080001,38.080001,405003.0,KHC.NYSE-4-HOUR-LAST-EXTERNAL
2022-08-30 15:55:00,37.759998,37.77,37.729999,37.764999,36152.0,KHC.NYSE-4-HOUR-LAST-EXTERNAL
2022-08-30 19:55:00,37.365001,37.45,37.36,37.43,338574.0,KHC.NYSE-4-HOUR-LAST-EXTERNAL
2022-08-31 15:55:00,37.759998,37.810001,37.751598,37.784999,37227.0,KHC.NYSE-4-HOUR-LAST-EXTERNAL
2022-08-31 19:55:00,37.45,37.479999,37.400001,37.400001,507757.0,KHC.NYSE-4-HOUR-LAST-EXTERNAL
2022-09-01 15:55:00,37.715,37.720001,37.619998,37.659999,80409.0,KHC.NYSE-4-HOUR-LAST-EXTERNAL
2022-09-01 19:55:00,37.659999,37.709999,37.650001,37.709999,567658.0,KHC.NYSE-4-HOUR-LAST-EXTERNAL
2022-09-02 15:55:00,38.2285,38.255001,38.189998,38.2,39218.0,KHC.NYSE-4-HOUR-LAST-EXTERNAL
2022-09-02 19:55:00,37.27,37.319999,37.244998,37.310001,473424.0,KHC.NYSE-4-HOUR-LAST-EXTERNAL
2022-09-06 15:55:00,37.409999,37.43,37.369998,37.389999,58481.0,KHC.NYSE-4-HOUR-LAST-EXTERNAL
2022-09-06 19:55:00,37.459999,37.465,37.380001,37.45,1035902.0,KHC.NYSE-4-HOUR-LAST-EXTERNAL
2022-09-07 15:55:00,37.11,37.119998,37.049999,37.075,69955.0,KHC.NYSE-4-HOUR-LAST-EXTERNAL
2022-09-07 19:55:00,37.400001,37.400001,37.299999,37.319999,728494.0,KHC.NYSE-4-HOUR-LAST-EXTERNAL
2022-09-08 15:55:00,36.560001,36.564998,36.544998,36.560001,41173.0,KHC.NYSE-4-HOUR-LAST-EXTERNAL
2022-09-08 19:55:00,36.025001,36.09,36.009998,36.069999,827312.0,KHC.NYSE-4-HOUR-LAST-EXTERNAL
2022-09-09 15:55:00,36.259998,36.298301,36.250099,36.259998,35325.0,KHC.NYSE-4-HOUR-LAST-EXTERNAL
2022-09-09 19:55:00,36.474998,36.479999,36.400001,36.444999,654290.0,KHC.NYSE-4-HOUR-LAST-EXTERNAL
2022-09-12 15:55:00,36.729999,36.75,36.650001,36.7,53601.0,KHC.NYSE-4-HOUR-LAST-EXTERNAL
2022-09-12 19:55:00,36.674999,36.735,36.669998,36.729999,550725.0,KHC.NYSE-4-HOUR-LAST-EXTERNAL
2022-09-13 15:55:00,36.083198,36.09,36.044998,36.044998,33537.0,KHC.NYSE-4-HOUR-LAST-EXTERNAL
2022-09-13 19:55:00,35.064998,35.130001,35.009998,35.049999,1031681.0,KHC.NYSE-4-HOUR-LAST-EXTERNAL
2022-09-14 15:55:00,35.299301,35.310001,35.240001,35.25,50722.0,KHC.NYSE-4-HOUR-LAST-EXTERNAL
2022-09-14 19:55:00,34.947498,34.990001,34.880001,34.979999,503163.0,KHC.NYSE-4-HOUR-LAST-EXTERNAL
2022-09-15 15:55:00,34.689998,34.689998,34.645,34.665,42299.0,KHC.NYSE-4-HOUR-LAST-EXTERNAL
2022-09-15 19:55:00,34.639999,34.68,34.59,34.619998,545216.0,KHC.NYSE-4-HOUR-LAST-EXTERNAL
2022-09-16 15:55:00,34.709999,34.720001,34.68,34.715,56008.0,KHC.NYSE-4-HOUR-LAST-EXTERNAL
2022-09-16 19:55:00,34.729999,34.779998,34.645,34.720001,1203971.0,KHC.NYSE-4-HOUR-LAST-EXTERNAL
2022-09-19 15:55:00,34.808498,34.810001,34.729999,34.729999,28677.0,KHC.NYSE-4-HOUR-LAST-EXTERNAL
2022-09-19 19:55:00,34.694999,34.694999,34.59,34.61,691271.0,KHC.NYSE-4-HOUR-LAST-EXTERNAL
2022-09-20 15:55:00,34.055,34.060001,34.025001,34.025001,19978.0,KHC.NYSE-4-HOUR-LAST-EXTERNAL
2022-09-20 19:55:00,34.04,34.049999,33.919998,33.93,871388.0,KHC.NYSE-4-HOUR-LAST-EXTERNAL
2022-09-21 15:55:00,34.77,34.79,34.751899,34.764999,35479.0,KHC.NYSE-4-HOUR-LAST-EXTERNAL
2022-09-21 19:55:00,34.544998,34.544998,34.439998,34.439998,479526.0,KHC.NYSE-4-HOUR-LAST-EXTERNAL
2022-09-22 15:55:00,34.404998,34.419998,34.36,34.369998,30329.0,KHC.NYSE-4-HOUR-LAST-EXTERNAL
2022-09-22 19:55:00,34.375,34.375,34.240001,34.259998,461667.0,KHC.NYSE-4-HOUR-LAST-EXTERNAL
2022-09-23 15:55:00,33.895,33.917999,33.875,33.880001,25144.0,KHC.NYSE-4-HOUR-LAST-EXTERNAL
2022-09-23 19:55:00,33.895,33.93,33.849998,33.919998,443341.0,KHC.NYSE-4-HOUR-LAST-EXTERNAL
2022-09-26 15:55:00,34.04,34.194999,34.04,34.1646,92189.0,KHC.NYSE-4-HOUR-LAST-EXTERNAL
2022-09-26 19:55:00,34.189998,34.194999,34.029998,34.044998,541205.0,KHC.NYSE-4-HOUR-LAST-EXTERNAL
2022-09-27 15:55:00,33.575,33.630001,33.569999,33.584999,32845.0,KHC.NYSE-4-HOUR-LAST-EXTERNAL
2022-09-27 19:55:00,32.994998,33.0,32.900001,32.95,776769.0,KHC.NYSE-4-HOUR-LAST-EXTERNAL
2022-09-28 15:55:00,33.459999,33.5,33.452098,33.479999,55808.0,KHC.NYSE-4-HOUR-LAST-EXTERNAL
2022-09-28 19:55:00,33.7,33.720001,33.599998,33.61,485230.0,KHC.NYSE-4-HOUR-LAST-EXTERNAL
2022-09-29 15:55:00,33.599998,33.619998,33.54,33.54,43972.0,KHC.NYSE-4-HOUR-LAST-EXTERNAL
2022-09-29 19:55:00,33.619998,33.625,33.549999,33.580001,592751.0,KHC.NYSE-4-HOUR-LAST-EXTERNAL
2022-09-30 15:55:00,33.319999,33.409999,33.299999,33.404998,79661.0,KHC.NYSE-4-HOUR-LAST-EXTERNAL
2022-09-30 19:55:00,33.380001,33.380001,33.314998,33.330001,894738.0,KHC.NYSE-4-HOUR-LAST-EXTERNAL
2022-10-03 15:55:00,33.724998,33.724998,33.650001,33.669998,33232.0,KHC.NYSE-4-HOUR-LAST-EXTERNAL
2022-10-03 19:55:00,34.0,34.0,33.95,33.959999,456897.0,KHC.NYSE-4-HOUR-LAST-EXTERNAL
2022-10-04 15:55:00,34.340099,34.340099,34.2929,34.319999,36825.0,KHC.NYSE-4-HOUR-LAST-EXTERNAL
2022-10-04 19:55:00,34.369998,34.369998,34.275001,34.319999,757444.0,KHC.NYSE-4-HOUR-LAST-EXTERNAL
2022-10-05 15:55:00,33.529998,33.630001,33.529998,33.599998,128846.0,KHC.NYSE-4-HOUR-LAST-EXTERNAL
2022-10-05 19:55:00,33.880001,33.889999,33.830001,33.880001,401280.0,KHC.NYSE-4-HOUR-LAST-EXTERNAL
2022-10-06 15:55:00,33.479999,33.509998,33.389999,33.424999,47889.0,KHC.NYSE-4-HOUR-LAST-EXTERNAL
2022-10-06 19:55:00,33.45,33.505001,33.389999,33.409999,485126.0,KHC.NYSE-4-HOUR-LAST-EXTERNAL
2022-10-07 15:55:00,33.275001,33.294998,33.27,33.284999,34165.0,KHC.NYSE-4-HOUR-LAST-EXTERNAL
2022-10-07 19:55:00,32.994998,33.060001,32.959999,33.029998,583128.0,KHC.NYSE-4-HOUR-LAST-EXTERNAL
2022-10-10 15:55:00,33.685001,33.729999,33.68,33.68,69994.0,KHC.NYSE-4-HOUR-LAST-EXTERNAL
2022-10-10 19:55:00,34.107498,34.119998,34.049999,34.069999,640163.0,KHC.NYSE-4-HOUR-LAST-EXTERNAL
2022-10-11 15:55:00,34.724998,34.77,34.720001,34.75,64745.0,KHC.NYSE-4-HOUR-LAST-EXTERNAL
2022-10-11 19:55:00,34.884998,35.009998,34.869998,34.939998,1348420.0,KHC.NYSE-4-HOUR-LAST-EXTERNAL
2022-10-12 15:55:00,35.59,35.61,35.52,35.580001,136430.0,KHC.NYSE-4-HOUR-LAST-EXTERNAL
2022-10-12 19:55:00,35.439998,35.439998,35.29,35.305,787134.0,KHC.NYSE-4-HOUR-LAST-EXTERNAL
2022-10-13 15:55:00,35.729999,35.779998,35.720001,35.77,72911.0,KHC.NYSE-4-HOUR-LAST-EXTERNAL
2022-10-13 19:55:00,35.845001,35.849998,35.77,35.779998,520153.0,KHC.NYSE-4-HOUR-LAST-EXTERNAL
2022-10-14 15:55:00,35.819999,35.880001,35.799999,35.845001,56943.0,KHC.NYSE-4-HOUR-LAST-EXTERNAL
2022-10-14 19:55:00,35.819999,35.825,35.68,35.740001,781792.0,KHC.NYSE-4-HOUR-LAST-EXTERNAL
2022-10-17 15:55:00,35.669998,35.674999,35.584999,35.604999,33536.0,KHC.NYSE-4-HOUR-LAST-EXTERNAL
2022-10-17 19:55:00,35.549999,35.549999,35.459999,35.5,479808.0,KHC.NYSE-4-HOUR-LAST-EXTERNAL
2022-10-18 15:55:00,35.924999,35.927501,35.889999,35.915,23248.0,KHC.NYSE-4-HOUR-LAST-EXTERNAL
2022-10-18 19:55:00,36.055,36.11,36.009998,36.099998,450480.0,KHC.NYSE-4-HOUR-LAST-EXTERNAL
2022-10-19 15:55:00,36.134998,36.139999,36.119998,36.130001,62027.0,KHC.NYSE-4-HOUR-LAST-EXTERNAL
2022-10-19 19:55:00,36.264999,36.319999,36.240001,36.319999,564637.0,KHC.NYSE-4-HOUR-LAST-EXTERNAL
2022-10-20 15:55:00,35.77,35.77,35.709999,35.720001,39754.0,KHC.NYSE-4-HOUR-LAST-EXTERNAL
2022-10-20 19:55:00,35.395,35.409999,35.310001,35.319999,764612.0,KHC.NYSE-4-HOUR-LAST-EXTERNAL
2022-10-21 15:55:00,35.029998,35.11,35.02,35.11,57227.0,KHC.NYSE-4-HOUR-LAST-EXTERNAL
2022-10-21 19:55:00,35.159999,35.240001,35.115001,35.2,704482.0,KHC.NYSE-4-HOUR-LAST-EXTERNAL
2022-10-24 15:55:00,36.240001,36.284999,36.220001,36.279998,41146.0,KHC.NYSE-4-HOUR-LAST-EXTERNAL
2022-10-24 19:55:00,36.485,36.54,36.465,36.529998,628705.0,KHC.NYSE-4-HOUR-LAST-EXTERNAL
2022-10-25 15:55:00,36.709999,36.709999,36.659999,36.685001,55197.0,KHC.NYSE-4-HOUR-LAST-EXTERNAL
2022-10-25 19:55:00,37.009998,37.11,37.0,37.089401,833690.0,KHC.NYSE-4-HOUR-LAST-EXTERNAL
2022-10-26 15:55:00,37.189998,37.2,37.119998,37.18,66348.0,KHC.NYSE-4-HOUR-LAST-EXTERNAL
2022-10-26 19:55:00,36.974998,37.009998,36.869998,36.93,625331.0,KHC.NYSE-4-HOUR-LAST-EXTERNAL
2022-10-27 15:55:00,37.93,37.93,37.889999,37.919998,48174.0,KHC.NYSE-4-HOUR-LAST-EXTERNAL
2022-10-27 19:55:00,37.974998,38.029998,37.939998,38.020999,1013962.0,KHC.NYSE-4-HOUR-LAST-EXTERNAL
2022-10-28 15:55:00,38.794998,38.849998,38.79,38.834999,61935.0,KHC.NYSE-4-HOUR-LAST-EXTERNAL
2022-10-28 19:55:00,38.955001,38.970001,38.889999,38.93,755156.0,KHC.NYSE-4-HOUR-LAST-EXTERNAL
2022-10-31 15:55:00,38.659301,38.669998,38.560001,38.615001,311826.0,KHC.NYSE-4-HOUR-LAST-EXTERNAL
2022-10-31 19:55:00,38.470001,38.479999,38.435001,38.470001,559101.0,KHC.NYSE-4-HOUR-LAST-EXTERNAL
2022-11-01 15:55:00,38.330001,38.34,38.27,38.310001,47788.0,KHC.NYSE-4-HOUR-LAST-EXTERNAL
2022-11-01 19:55:00,38.240001,38.259998,38.210399,38.220001,436742.0,KHC.NYSE-4-HOUR-LAST-EXTERNAL
2022-11-02 15:55:00,38.604999,38.650001,38.599998,38.625,30716.0,KHC.NYSE-4-HOUR-LAST-EXTERNAL
2022-11-02 19:55:00,38.150001,38.209999,38.11,38.119998,490901.0,KHC.NYSE-4-HOUR-LAST-EXTERNAL
2022-11-03 15:55:00,37.994998,38.029998,37.985,38.009998,42907.0,KHC.NYSE-4-HOUR-LAST-EXTERNAL
2022-11-03 19:55:00,38.055,38.055,37.970001,37.990001,476064.0,KHC.NYSE-4-HOUR-LAST-EXTERNAL
2022-11-04 15:55:00,37.834999,37.849998,37.79,37.79,46225.0,KHC.NYSE-4-HOUR-LAST-EXTERNAL
2022-11-04 19:55:00,37.979999,38.029998,37.935001,38.009998,424838.0,KHC.NYSE-4-HOUR-LAST-EXTERNAL
2022-11-07 15:55:00,38.264999,38.284999,38.139999,38.139999,42823.0,KHC.NYSE-4-HOUR-LAST-EXTERNAL
2022-11-07 19:55:00,38.174999,38.174999,38.119998,38.1375,33210.0,KHC.NYSE-4-HOUR-LAST-EXTERNAL
2022-11-07 21:00:00,38.169998,38.169998,38.169998,38.169998,351988.0,KHC.NYSE-4-HOUR-LAST-EXTERNAL
2022-11-08 15:55:00,38.305,38.334999,38.284999,38.334999,27910.0,KHC.NYSE-4-HOUR-LAST-EXTERNAL
2022-11-08 19:55:00,38.009998,38.014999,37.979999,37.985,33068.0,KHC.NYSE-4-HOUR-LAST-EXTERNAL
2022-11-08 21:00:00,38.099998,38.099998,38.099998,38.099998,312573.0,KHC.NYSE-4-HOUR-LAST-EXTERNAL
2022-11-09 15:55:00,38.189998,38.189998,38.104999,38.154098,42038.0,KHC.NYSE-4-HOUR-LAST-EXTERNAL
2022-11-09 19:55:00,37.825,37.84,37.799999,37.834999,29825.0,KHC.NYSE-4-HOUR-LAST-EXTERNAL
2022-11-09 21:00:00,37.729999,37.729999,37.729999,37.729999,441073.0,KHC.NYSE-4-HOUR-LAST-EXTERNAL
2022-11-10 15:55:00,37.919998,37.919998,37.849998,37.909999,38368.0,KHC.NYSE-4-HOUR-LAST-EXTERNAL
2022-11-10 19:55:00,37.615001,37.615001,37.564998,37.564998,99670.0,KHC.NYSE-4-HOUR-LAST-EXTERNAL
2022-11-10 21:00:00,37.869998,37.869998,37.869998,37.869998,845599.0,KHC.NYSE-4-HOUR-LAST-EXTERNAL
2022-11-11 15:55:00,36.185001,36.275001,36.084999,36.11,130907.0,KHC.NYSE-4-HOUR-LAST-EXTERNAL
2022-11-11 19:55:00,36.744998,36.821399,36.744998,36.79,49721.0,KHC.NYSE-4-HOUR-LAST-EXTERNAL
2022-11-11 21:00:00,36.990001,36.990001,36.990001,36.990001,533884.0,KHC.NYSE-4-HOUR-LAST-EXTERNAL
2022-11-14 15:55:00,37.575,37.625,37.534999,37.584999,74043.0,KHC.NYSE-4-HOUR-LAST-EXTERNAL
2022-11-14 19:55:00,37.11,37.139999,37.080001,37.080001,101403.0,KHC.NYSE-4-HOUR-LAST-EXTERNAL
2022-11-14 21:00:00,36.819999,36.819999,36.819999,36.819999,492356.0,KHC.NYSE-4-HOUR-LAST-EXTERNAL
2022-11-15 15:55:00,36.974998,37.036998,36.93,36.935001,34495.0,KHC.NYSE-4-HOUR-LAST-EXTERNAL
2022-11-15 19:55:00,36.919998,36.979999,36.915,36.95,72509.0,KHC.NYSE-4-HOUR-LAST-EXTERNAL
2022-11-15 21:00:00,37.04,37.04,37.04,37.04,408993.0,KHC.NYSE-4-HOUR-LAST-EXTERNAL
2022-11-16 15:55:00,37.794998,37.84,37.759998,37.84,43378.0,KHC.NYSE-4-HOUR-LAST-EXTERNAL
2022-11-16 19:55:00,37.659999,37.7,37.654998,37.689998,47676.0,KHC.NYSE-4-HOUR-LAST-EXTERNAL
2022-11-16 21:00:00,37.689998,37.689998,37.689998,37.689998,670395.0,KHC.NYSE-4-HOUR-LAST-EXTERNAL
2022-11-17 15:55:00,37.529998,37.569999,37.52,37.560001,39554.0,KHC.NYSE-4-HOUR-LAST-EXTERNAL
2022-11-17 19:55:00,37.639999,37.639999,37.599998,37.619998,38637.0,KHC.NYSE-4-HOUR-LAST-EXTERNAL
2022-11-17 21:00:00,37.75,37.75,37.75,37.75,589388.0,KHC.NYSE-4-HOUR-LAST-EXTERNAL
2022-11-18 15:55:00,38.04,38.0499,37.93,37.939998,44208.0,KHC.NYSE-4-HOUR-LAST-EXTERNAL
2022-11-18 19:55:00,38.009998,38.04,38.0,38.029998,53277.0,KHC.NYSE-4-HOUR-LAST-EXTERNAL
2022-11-18 21:00:00,38.099998,38.099998,38.099998,38.099998,773323.0,KHC.NYSE-4-HOUR-LAST-EXTERNAL
2022-11-21 15:55:00,38.409999,38.494998,38.389999,38.490798,33595.0,KHC.NYSE-4-HOUR-LAST-EXTERNAL
2022-11-21 19:55:00,38.36,38.369998,38.319999,38.330001,30179.0,KHC.NYSE-4-HOUR-LAST-EXTERNAL
2022-11-21 21:00:00,38.439998,38.439998,38.439998,38.439998,538503.0,KHC.NYSE-4-HOUR-LAST-EXTERNAL
2022-11-22 15:55:00,38.669998,38.744998,38.659999,38.740001,48673.0,KHC.NYSE-4-HOUR-LAST-EXTERNAL
2022-11-22 19:55:00,38.889999,38.909999,38.86,38.889999,47524.0,KHC.NYSE-4-HOUR-LAST-EXTERNAL
2022-11-22 21:00:00,38.959999,38.959999,38.959999,38.959999,629540.0,KHC.NYSE-4-HOUR-LAST-EXTERNAL
2022-11-23 15:55:00,38.880001,38.889999,38.830001,38.884998,41914.0,KHC.NYSE-4-HOUR-LAST-EXTERNAL
2022-11-23 19:55:00,38.830001,38.849998,38.810001,38.819999,28201.0,KHC.NYSE-4-HOUR-LAST-EXTERNAL
2022-11-23 21:00:00,38.900001,38.900001,38.900001,38.900001,489588.0,KHC.NYSE-4-HOUR-LAST-EXTERNAL
2022-11-25 15:55:00,39.095001,39.11,39.064998,39.09,37314.0,KHC.NYSE-4-HOUR-LAST-EXTERNAL
2022-11-25 18:00:00,38.900001,38.900001,38.889999,38.900001,11186.0,KHC.NYSE-4-HOUR-LAST-EXTERNAL
2022-11-28 15:55:00,38.990001,39.069999,38.979999,39.0699,56077.0,KHC.NYSE-4-HOUR-LAST-EXTERNAL
2022-11-28 19:55:00,38.895,38.909999,38.86,38.875,41696.0,KHC.NYSE-4-HOUR-LAST-EXTERNAL
2022-11-28 21:00:00,38.869998,38.869998,38.869998,38.869998,550695.0,KHC.NYSE-4-HOUR-LAST-EXTERNAL
2022-11-29 15:55:00,38.900001,38.919998,38.880001,38.909999,25634.0,KHC.NYSE-4-HOUR-LAST-EXTERNAL
2022-11-29 19:55:00,38.895,38.924999,38.895,38.924999,22412.0,KHC.NYSE-4-HOUR-LAST-EXTERNAL
2022-11-29 21:00:00,39.04,39.04,39.04,39.04,385314.0,KHC.NYSE-4-HOUR-LAST-EXTERNAL
2022-11-30 15:55:00,38.509998,38.52,38.474998,38.509998,34456.0,KHC.NYSE-4-HOUR-LAST-EXTERNAL
2022-11-30 19:55:00,39.229999,39.229999,39.189998,39.2,37126.0,KHC.NYSE-4-HOUR-LAST-EXTERNAL
2022-11-30 21:00:00,39.349998,39.349998,39.349998,39.349998,619803.0,KHC.NYSE-4-HOUR-LAST-EXTERNAL
2022-12-01 15:55:00,39.810001,39.819999,39.759998,39.759998,50263.0,KHC.NYSE-4-HOUR-LAST-EXTERNAL
2022-12-01 19:55:00,39.465,39.505001,39.459999,39.465,47111.0,KHC.NYSE-4-HOUR-LAST-EXTERNAL
2022-12-01 21:00:00,39.490001,39.490001,39.490001,39.490001,593617.0,KHC.NYSE-4-HOUR-LAST-EXTERNAL
2022-12-02 15:55:00,39.45,39.490001,39.400001,39.409999,25326.0,KHC.NYSE-4-HOUR-LAST-EXTERNAL
2022-12-02 19:55:00,39.729999,39.79,39.729999,39.79,31595.0,KHC.NYSE-4-HOUR-LAST-EXTERNAL
2022-12-02 21:00:00,39.830001,39.830001,39.830001,39.830001,418128.0,KHC.NYSE-4-HOUR-LAST-EXTERNAL
2022-12-05 15:55:00,39.59,39.599998,39.525001,39.549999,33047.0,KHC.NYSE-4-HOUR-LAST-EXTERNAL
2022-12-05 19:55:00,39.61,39.625,39.59,39.61,26545.0,KHC.NYSE-4-HOUR-LAST-EXTERNAL
2022-12-05 21:00:00,39.619998,39.619998,39.619998,39.619998,480779.0,KHC.NYSE-4-HOUR-LAST-EXTERNAL
2022-12-06 15:55:00,39.665,39.669998,39.630001,39.645,26261.0,KHC.NYSE-4-HOUR-LAST-EXTERNAL
2022-12-06 19:55:00,39.404998,39.404998,39.365001,39.375,33450.0,KHC.NYSE-4-HOUR-LAST-EXTERNAL
2022-12-06 21:00:00,39.419998,39.419998,39.419998,39.419998,431931.0,KHC.NYSE-4-HOUR-LAST-EXTERNAL
2022-12-07 15:55:00,39.650001,39.7,39.650001,39.68,23932.0,KHC.NYSE-4-HOUR-LAST-EXTERNAL
2022-12-07 19:55:00,39.895,39.895,39.865001,39.875,33329.0,KHC.NYSE-4-HOUR-LAST-EXTERNAL
2022-12-07 21:00:00,39.889999,39.889999,39.889999,39.889999,610836.0,KHC.NYSE-4-HOUR-LAST-EXTERNAL
2022-12-08 15:55:00,40.185001,40.194999,40.159999,40.18,49521.0,KHC.NYSE-4-HOUR-LAST-EXTERNAL
2022-12-08 19:55:00,40.145,40.145,40.099998,40.115001,37587.0,KHC.NYSE-4-HOUR-LAST-EXTERNAL
2022-12-08 21:00:00,40.139999,40.139999,40.139999,40.139999,446065.0,KHC.NYSE-4-HOUR-LAST-EXTERNAL
2022-12-09 15:55:00,40.04,40.044998,40.0,40.02,32214.0,KHC.NYSE-4-HOUR-LAST-EXTERNAL
2022-12-09 19:55:00,40.130001,40.159999,40.119998,40.159999,25205.0,KHC.NYSE-4-HOUR-LAST-EXTERNAL
2022-12-09 21:00:00,39.939998,39.939998,39.939998,39.939998,475857.0,KHC.NYSE-4-HOUR-LAST-EXTERNAL
2022-12-12 15:55:00,40.02,40.069999,40.009998,40.060001,31326.0,KHC.NYSE-4-HOUR-LAST-EXTERNAL
2022-12-12 19:55:00,40.181999,40.220001,40.181999,40.209999,39248.0,KHC.NYSE-4-HOUR-LAST-EXTERNAL
2022-12-12 21:00:00,40.279998,40.279998,40.279998,40.279998,449457.0,KHC.NYSE-4-HOUR-LAST-EXTERNAL
2022-12-13 15:55:00,40.330001,40.356498,40.299999,40.319999,44696.0,KHC.NYSE-4-HOUR-LAST-EXTERNAL
2022-12-13 19:55:00,40.1389,40.139499,40.064998,40.095001,24476.0,KHC.NYSE-4-HOUR-LAST-EXTERNAL
2022-12-13 21:00:00,39.970001,39.970001,39.970001,39.970001,524607.0,KHC.NYSE-4-HOUR-LAST-EXTERNAL
2022-12-14 15:55:00,40.525001,40.599998,40.514999,40.548999,52682.0,KHC.NYSE-4-HOUR-LAST-EXTERNAL
2022-12-14 19:55:00,40.148101,40.189998,40.130001,40.189998,27460.0,KHC.NYSE-4-HOUR-LAST-EXTERNAL
2022-12-14 21:00:00,40.159999,40.159999,40.159999,40.159999,578854.0,KHC.NYSE-4-HOUR-LAST-EXTERNAL
2022-12-15 15:55:00,39.68,39.685001,39.630001,39.669998,55481.0,KHC.NYSE-4-HOUR-LAST-EXTERNAL
2022-12-15 19:55:00,39.694999,39.729499,39.689998,39.720001,26923.0,KHC.NYSE-4-HOUR-LAST-EXTERNAL
2022-12-15 21:00:00,39.830001,39.830001,39.830001,39.830001,653223.0,KHC.NYSE-4-HOUR-LAST-EXTERNAL
2022-12-16 15:55:00,39.560001,39.615001,39.5,39.604999,56219.0,KHC.NYSE-4-HOUR-LAST-EXTERNAL
2022-12-16 19:55:00,39.75,39.810001,39.740001,39.805,44242.0,KHC.NYSE-4-HOUR-LAST-EXTERNAL
2022-12-16 21:00:00,39.919998,39.919998,39.919998,39.919998,755242.0,KHC.NYSE-4-HOUR-LAST-EXTERNAL
2022-12-19 15:55:00,40.310001,40.365001,40.305,40.34,34267.0,KHC.NYSE-4-HOUR-LAST-EXTERNAL
2022-12-19 19:55:00,39.959999,40.0,39.955001,39.985,57496.0,KHC.NYSE-4-HOUR-LAST-EXTERNAL
2022-12-19 21:00:00,40.11,40.11,40.11,40.11,608225.0,KHC.NYSE-4-HOUR-LAST-EXTERNAL
2022-12-20 15:55:00,39.79,39.830001,39.764999,39.764999,27242.0,KHC.NYSE-4-HOUR-LAST-EXTERNAL
2022-12-20 19:55:00,39.845001,39.849998,39.79,39.794998,21511.0,KHC.NYSE-4-HOUR-LAST-EXTERNAL
2022-12-20 21:00:00,39.79,39.79,39.79,39.79,371830.0,KHC.NYSE-4-HOUR-LAST-EXTERNAL
2022-12-21 15:55:00,40.224998,40.259998,40.194999,40.2,50722.0,KHC.NYSE-4-HOUR-LAST-EXTERNAL
2022-12-21 19:55:00,40.18,40.189998,40.154998,40.1875,20492.0,KHC.NYSE-4-HOUR-LAST-EXTERNAL
2022-12-21 21:00:00,40.18,40.18,40.18,40.18,461596.0,KHC.NYSE-4-HOUR-LAST-EXTERNAL
2022-12-22 15:55:00,40.200401,40.209899,40.150001,40.169998,29829.0,KHC.NYSE-4-HOUR-LAST-EXTERNAL
2022-12-22 19:55:00,40.009899,40.095001,40.0,40.084999,76535.0,KHC.NYSE-4-HOUR-LAST-EXTERNAL
2022-12-22 21:00:00,40.36,40.36,40.36,40.36,736294.0,KHC.NYSE-4-HOUR-LAST-EXTERNAL
2022-12-23 15:55:00,40.45,40.5,40.449199,40.496601,50026.0,KHC.NYSE-4-HOUR-LAST-EXTERNAL
2022-12-23 19:55:00,40.564998,40.59,40.560001,40.584999,24889.0,KHC.NYSE-4-HOUR-LAST-EXTERNAL
2022-12-23 21:00:00,40.52,40.52,40.52,40.52,563362.0,KHC.NYSE-4-HOUR-LAST-EXTERNAL
2022-12-27 15:55:00,40.639999,40.650001,40.61,40.61,10134.0,KHC.NYSE-4-HOUR-LAST-EXTERNAL
2022-12-27 19:55:00,40.900001,40.939998,40.900001,40.924999,48232.0,KHC.NYSE-4-HOUR-LAST-EXTERNAL
2022-12-27 21:00:00,40.959999,40.959999,40.959999,40.959999,469930.0,KHC.NYSE-4-HOUR-LAST-EXTERNAL
2022-12-28 15:55:00,40.854999,40.86,40.755001,40.755001,49676.0,KHC.NYSE-4-HOUR-LAST-EXTERNAL
2022-12-28 19:55:00,40.689998,40.694999,40.665,40.669998,22866.0,KHC.NYSE-4-HOUR-LAST-EXTERNAL
2022-12-28 21:00:00,40.439998,40.439998,40.439998,40.439998,470285.0,KHC.NYSE-4-HOUR-LAST-EXTERNAL
2022-12-29 15:55:00,40.705001,40.75,40.705001,40.709999,42945.0,KHC.NYSE-4-HOUR-LAST-EXTERNAL
2022-12-29 19:55:00,40.7,40.709999,40.685001,40.685001,19847.0,KHC.NYSE-4-HOUR-LAST-EXTERNAL
2022-12-29 21:00:00,40.68,40.68,40.68,40.68,236298.0,KHC.NYSE-4-HOUR-LAST-EXTERNAL
2022-12-30 15:55:00,40.555,40.599998,40.555,40.580001,41487.0,KHC.NYSE-4-HOUR-LAST-EXTERNAL
2022-12-30 19:55:00,40.490001,40.490001,40.45,40.465,26209.0,KHC.NYSE-4-HOUR-LAST-EXTERNAL
2022-12-30 21:00:00,40.709999,40.709999,40.709999,40.709999,310668.0,KHC.NYSE-4-HOUR-LAST-EXTERNAL
2023-01-03 15:55:00,40.694999,40.775001,40.685001,40.764999,68497.0,KHC.NYSE-4-HOUR-LAST-EXTERNAL
2023-01-03 19:55:00,40.615001,40.665,40.615001,40.659999,32415.0,KHC.NYSE-4-HOUR-LAST-EXTERNAL
2023-01-03 21:00:00,40.779998,40.779998,40.779998,40.779998,398775.0,KHC.NYSE-4-HOUR-LAST-EXTERNAL
2023-01-04 15:55:00,41.189998,41.240001,41.18,41.240001,40644.0,KHC.NYSE-4-HOUR-LAST-EXTERNAL
2023-01-04 19:55:00,41.174999,41.259998,41.174999,41.235,118147.0,KHC.NYSE-4-HOUR-LAST-EXTERNAL
2023-01-04 21:00:00,41.240001,41.240001,41.240001,41.240001,753766.0,KHC.NYSE-4-HOUR-LAST-EXTERNAL
2023-01-05 15:55:00,41.29,41.29,41.240001,41.255001,19325.0,KHC.NYSE-4-HOUR-LAST-EXTERNAL
2023-01-05 19:55:00,41.435001,41.444999,41.400001,41.404998,32528.0,KHC.NYSE-4-HOUR-LAST-EXTERNAL
2023-01-05 21:00:00,41.330001,41.330001,41.330001,41.330001,533040.0,KHC.NYSE-4-HOUR-LAST-EXTERNAL
2023-01-06 15:55:00,42.52,42.555,42.494998,42.534999,45877.0,KHC.NYSE-4-HOUR-LAST-EXTERNAL
2023-01-06 19:55:00,42.6935,42.709999,42.68,42.685001,36163.0,KHC.NYSE-4-HOUR-LAST-EXTERNAL
2023-01-06 21:00:00,42.59,42.59,42.59,42.59,572081.0,KHC.NYSE-4-HOUR-LAST-EXTERNAL
2023-01-09 15:55:00,42.665,42.7,42.650001,42.665,25887.0,KHC.NYSE-4-HOUR-LAST-EXTERNAL
2023-01-09 19:55:00,42.369998,42.375,42.264999,42.275001,92750.0,KHC.NYSE-4-HOUR-LAST-EXTERNAL
2023-01-09 21:00:00,42.2,42.2,42.2,42.2,658003.0,KHC.NYSE-4-HOUR-LAST-EXTERNAL
2023-01-10 15:55:00,42.400001,42.5,42.400001,42.489898,23322.0,KHC.NYSE-4-HOUR-LAST-EXTERNAL
2023-01-10 19:55:00,42.305,42.319999,42.29,42.294998,53140.0,KHC.NYSE-4-HOUR-LAST-EXTERNAL
2023-01-10 21:00:00,42.330001,42.330001,42.330001,42.330001,590236.0,KHC.NYSE-4-HOUR-LAST-EXTERNAL
2023-01-11 15:55:00,42.334999,42.400001,42.330001,42.354999,84522.0,KHC.NYSE-4-HOUR-LAST-EXTERNAL
2023-01-11 19:55:00,42.59,42.634998,42.544998,42.59,425882.0,KHC.NYSE-4-HOUR-LAST-EXTERNAL
2023-01-11 21:00:00,42.560001,42.560001,42.560001,42.560001,742902.0,KHC.NYSE-4-HOUR-LAST-EXTERNAL
2023-01-12 15:55:00,42.389999,42.45,42.369998,42.384998,55636.0,KHC.NYSE-4-HOUR-LAST-EXTERNAL
2023-01-12 19:55:00,42.580001,42.599998,42.560001,42.595001,54934.0,KHC.NYSE-4-HOUR-LAST-EXTERNAL
2023-01-12 21:00:00,42.43,42.43,42.43,42.43,604890.0,KHC.NYSE-4-HOUR-LAST-EXTERNAL
2023-01-13 15:55:00,42.395,42.395,42.369998,42.384998,34436.0,KHC.NYSE-4-HOUR-LAST-EXTERNAL
2023-01-13 19:55:00,42.400001,42.419998,42.395,42.415,15537.0,KHC.NYSE-4-HOUR-LAST-EXTERNAL
2023-01-13 21:00:00,42.419998,42.419998,42.419998,42.419998,694717.0,KHC.NYSE-4-HOUR-LAST-EXTERNAL
2023-01-17 15:55:00,42.529998,42.529998,42.474998,42.474998,31735.0,KHC.NYSE-4-HOUR-LAST-EXTERNAL
2023-01-17 19:55:00,42.325,42.330001,42.279998,42.299999,157749.0,KHC.NYSE-4-HOUR-LAST-EXTERNAL
2023-01-17 21:00:00,42.330001,42.330001,42.330001,42.330001,1039488.0,KHC.NYSE-4-HOUR-LAST-EXTERNAL
2023-01-18 15:55:00,40.419998,40.52,40.34,40.494998,126323.0,KHC.NYSE-4-HOUR-LAST-EXTERNAL
2023-01-18 19:55:00,39.810001,39.909999,39.799999,39.889999,362041.0,KHC.NYSE-4-HOUR-LAST-EXTERNAL
2023-01-18 21:00:00,39.659999,39.659999,39.659999,39.659999,1245866.0,KHC.NYSE-4-HOUR-LAST-EXTERNAL
2023-01-19 15:55:00,39.889999,39.970001,39.84,39.959999,81677.0,KHC.NYSE-4-HOUR-LAST-EXTERNAL
2023-01-19 19:55:00,40.055,40.095001,40.049999,40.064998,64849.0,KHC.NYSE-4-HOUR-LAST-EXTERNAL
2023-01-19 21:00:00,40.04,40.04,40.04,40.04,669869.0,KHC.NYSE-4-HOUR-LAST-EXTERNAL
2023-01-20 15:55:00,39.909999,39.959999,39.830001,39.834999,66654.0,KHC.NYSE-4-HOUR-LAST-EXTERNAL
2023-01-20 19:55:00,39.689998,39.689998,39.595001,39.645,75642.0,KHC.NYSE-4-HOUR-LAST-EXTERNAL
2023-01-20 21:00:00,39.880001,39.880001,39.880001,39.880001,708308.0,KHC.NYSE-4-HOUR-LAST-EXTERNAL
2023-01-23 15:55:00,40.305,40.334999,40.294998,40.299999,52763.0,KHC.NYSE-4-HOUR-LAST-EXTERNAL
2023-01-23 19:55:00,40.075,40.139999,40.075,40.134998,43522.0,KHC.NYSE-4-HOUR-LAST-EXTERNAL
2023-01-23 21:00:00,40.259998,40.259998,40.259998,40.259998,668070.0,KHC.NYSE-4-HOUR-LAST-EXTERNAL
2023-01-24 15:55:00,40.044998,40.060001,39.959999,40.0,110598.0,KHC.NYSE-4-HOUR-LAST-EXTERNAL
2023-01-24 19:55:00,39.720001,39.775001,39.715,39.764999,39175.0,KHC.NYSE-4-HOUR-LAST-EXTERNAL
2023-01-24 21:00:00,39.819999,39.819999,39.819999,39.819999,601840.0,KHC.NYSE-4-HOUR-LAST-EXTERNAL
2023-01-25 15:55:00,39.735,39.77,39.735,39.769001,28833.0,KHC.NYSE-4-HOUR-LAST-EXTERNAL
2023-01-25 19:55:00,39.799999,39.814998,39.79,39.79,25674.0,KHC.NYSE-4-HOUR-LAST-EXTERNAL
2023-01-25 21:00:00,39.95,39.95,39.95,39.95,260272.0,KHC.NYSE-4-HOUR-LAST-EXTERNAL
2023-01-26 15:55:00,39.279998,39.319999,39.229999,39.294998,75070.0,KHC.NYSE-4-HOUR-LAST-EXTERNAL
2023-01-26 19:55:00,39.650001,39.665,39.630001,39.656501,29929.0,KHC.NYSE-4-HOUR-LAST-EXTERNAL
2023-01-26 21:00:00,39.659999,39.659999,39.659999,39.659999,406914.0,KHC.NYSE-4-HOUR-LAST-EXTERNAL
2023-01-27 15:55:00,39.11,39.145,39.080001,39.130001,71348.0,KHC.NYSE-4-HOUR-LAST-EXTERNAL
2023-01-27 19:55:00,39.665,39.705001,39.659999,39.685001,43185.0,KHC.NYSE-4-HOUR-LAST-EXTERNAL
2023-01-27 21:00:00,39.689998,39.689998,39.689998,39.689998,530315.0,KHC.NYSE-4-HOUR-LAST-EXTERNAL
2023-01-30 15:55:00,40.380001,40.400001,40.345001,40.369998,51340.0,KHC.NYSE-4-HOUR-LAST-EXTERNAL
2023-01-30 19:55:00,40.150001,40.185001,40.130001,40.18,48238.0,KHC.NYSE-4-HOUR-LAST-EXTERNAL
2023-01-30 21:00:00,40.369998,40.369998,40.369998,40.369998,613714.0,KHC.NYSE-4-HOUR-LAST-EXTERNAL
2023-01-31 15:55:00,40.173198,40.215,40.150001,40.215,78564.0,KHC.NYSE-4-HOUR-LAST-EXTERNAL
2023-01-31 19:55:00,40.294998,40.310001,40.259998,40.264999,34296.0,KHC.NYSE-4-HOUR-LAST-EXTERNAL
2023-01-31 21:00:00,40.529998,40.529998,40.529998,40.529998,554480.0,KHC.NYSE-4-HOUR-LAST-EXTERNAL
2023-02-01 15:55:00,40.415,40.459999,40.400001,40.419998,74137.0,KHC.NYSE-4-HOUR-LAST-EXTERNAL
2023-02-01 19:55:00,40.549999,40.555,40.470001,40.509998,51035.0,KHC.NYSE-4-HOUR-LAST-EXTERNAL
2023-02-01 21:00:00,40.54,40.54,40.54,40.54,402166.0,KHC.NYSE-4-HOUR-LAST-EXTERNAL
2023-02-02 15:55:00,40.04,40.049999,39.970001,39.985,68747.0,KHC.NYSE-4-HOUR-LAST-EXTERNAL
2023-02-02 19:55:00,40.014999,40.014999,39.959999,39.990001,59501.0,KHC.NYSE-4-HOUR-LAST-EXTERNAL
2023-02-02 21:00:00,39.990001,39.990001,39.990001,39.990001,580667.0,KHC.NYSE-4-HOUR-LAST-EXTERNAL
2023-02-03 15:55:00,39.310001,39.395,39.27,39.380001,80279.0,KHC.NYSE-4-HOUR-LAST-EXTERNAL
2023-02-03 19:55:00,39.36,39.36,39.319999,39.34,38456.0,KHC.NYSE-4-HOUR-LAST-EXTERNAL
2023-02-03 21:00:00,39.380001,39.380001,39.380001,39.380001,496039.0,KHC.NYSE-4-HOUR-LAST-EXTERNAL
2023-02-06 15:55:00,39.400001,39.424999,39.384998,39.400001,57465.0,KHC.NYSE-4-HOUR-LAST-EXTERNAL
2023-02-06 19:55:00,39.810001,39.819999,39.779998,39.810001,49274.0,KHC.NYSE-4-HOUR-LAST-EXTERNAL
2023-02-06 21:00:00,39.93,39.93,39.93,39.93,478389.0,KHC.NYSE-4-HOUR-LAST-EXTERNAL
2023-02-07 15:55:00,39.400001,39.404998,39.284999,39.375,70725.0,KHC.NYSE-4-HOUR-LAST-EXTERNAL
2023-02-07 19:55:00,39.400001,39.409999,39.389999,39.409999,44690.0,KHC.NYSE-4-HOUR-LAST-EXTERNAL
2023-02-07 21:00:00,39.54,39.54,39.54,39.54,456176.0,KHC.NYSE-4-HOUR-LAST-EXTERNAL
2023-02-08 15:55:00,39.419998,39.479999,39.409999,39.455001,58727.0,KHC.NYSE-4-HOUR-LAST-EXTERNAL
2023-02-08 19:55:00,39.205001,39.279998,39.189998,39.275001,52577.0,KHC.NYSE-4-HOUR-LAST-EXTERNAL
2023-02-08 21:00:00,39.069999,39.069999,39.069999,39.069999,836724.0,KHC.NYSE-4-HOUR-LAST-EXTERNAL
2023-02-09 15:55:00,38.970001,38.994998,38.959999,38.979999,29922.0,KHC.NYSE-4-HOUR-LAST-EXTERNAL
2023-02-09 19:55:00,38.875,38.909999,38.86,38.865001,40763.0,KHC.NYSE-4-HOUR-LAST-EXTERNAL
2023-02-09 21:00:00,38.889999,38.889999,38.889999,38.889999,513445.0,KHC.NYSE-4-HOUR-LAST-EXTERNAL
2023-02-10 15:55:00,39.525001,39.54,39.494998,39.494998,54389.0,KHC.NYSE-4-HOUR-LAST-EXTERNAL
2023-02-10 19:55:00,39.654998,39.674999,39.630001,39.639999,36638.0,KHC.NYSE-4-HOUR-LAST-EXTERNAL
2023-02-10 21:00:00,39.630001,39.630001,39.630001,39.630001,490425.0,KHC.NYSE-4-HOUR-LAST-EXTERNAL
2023-02-13 15:55:00,40.095001,40.119998,40.080001,40.09,69453.0,KHC.NYSE-4-HOUR-LAST-EXTERNAL
2023-02-13 19:55:00,40.255001,40.255401,40.229999,40.244998,37010.0,KHC.NYSE-4-HOUR-LAST-EXTERNAL
2023-02-13 21:00:00,40.330001,40.330001,40.330001,40.330001,594372.0,KHC.NYSE-4-HOUR-LAST-EXTERNAL
2023-02-14 15:55:00,40.04,40.064998,40.009998,40.025001,89543.0,KHC.NYSE-4-HOUR-LAST-EXTERNAL
2023-02-14 19:55:00,40.134998,40.150001,40.130001,40.139999,29446.0,KHC.NYSE-4-HOUR-LAST-EXTERNAL
2023-02-14 21:00:00,39.880001,39.880001,39.880001,39.880001,603680.0,KHC.NYSE-4-HOUR-LAST-EXTERNAL
2023-02-15 15:55:00,40.099998,40.11,39.979999,39.985,69102.0,KHC.NYSE-4-HOUR-LAST-EXTERNAL
2023-02-15 19:55:00,39.985,39.985,39.939998,39.939998,49037.0,KHC.NYSE-4-HOUR-LAST-EXTERNAL
2023-02-15 21:00:00,40.130001,40.130001,40.130001,40.130001,961427.0,KHC.NYSE-4-HOUR-LAST-EXTERNAL
2023-02-16 15:55:00,39.615001,39.659999,39.580001,39.654998,66788.0,KHC.NYSE-4-HOUR-LAST-EXTERNAL
2023-02-16 19:55:00,39.810001,39.819999,39.759998,39.79,108330.0,KHC.NYSE-4-HOUR-LAST-EXTERNAL
2023-02-16 21:00:00,39.779998,39.779998,39.779998,39.779998,628322.0,KHC.NYSE-4-HOUR-LAST-EXTERNAL
2023-02-17 15:55:00,39.784999,39.810001,39.759998,39.79,43109.0,KHC.NYSE-4-HOUR-LAST-EXTERNAL
2023-02-17 19:55:00,40.125,40.130001,40.11,40.115001,33413.0,KHC.NYSE-4-HOUR-LAST-EXTERNAL
2023-02-17 21:00:00,40.0,40.0,40.0,40.0,565038.0,KHC.NYSE-4-HOUR-LAST-EXTERNAL
2023-02-21 15:55:00,39.715,39.720001,39.665,39.689998,28817.0,KHC.NYSE-4-HOUR-LAST-EXTERNAL
2023-02-21 19:55:00,39.990001,39.994998,39.944999,39.974998,52346.0,KHC.NYSE-4-HOUR-LAST-EXTERNAL
2023-02-21 21:00:00,39.869998,39.869998,39.869998,39.869998,544080.0,KHC.NYSE-4-HOUR-LAST-EXTERNAL
2023-02-22 15:55:00,39.869998,39.93,39.849998,39.875,44533.0,KHC.NYSE-4-HOUR-LAST-EXTERNAL
2023-02-22 19:55:00,39.544998,39.560001,39.509998,39.54,43260.0,KHC.NYSE-4-HOUR-LAST-EXTERNAL
2023-02-22 21:00:00,39.580001,39.580001,39.580001,39.580001,747202.0,KHC.NYSE-4-HOUR-LAST-EXTERNAL
2023-02-23 15:55:00,39.784999,39.814998,39.775001,39.805,38986.0,KHC.NYSE-4-HOUR-LAST-EXTERNAL
2023-02-23 19:55:00,39.799999,39.810001,39.77,39.77,43586.0,KHC.NYSE-4-HOUR-LAST-EXTERNAL
2023-02-23 21:00:00,39.75,39.75,39.75,39.75,361878.0,KHC.NYSE-4-HOUR-LAST-EXTERNAL
2023-02-24 15:55:00,39.674999,39.674999,39.61,39.619998,33931.0,KHC.NYSE-4-HOUR-LAST-EXTERNAL
2023-02-24 19:55:00,39.664199,39.6651,39.619998,39.625,72048.0,KHC.NYSE-4-HOUR-LAST-EXTERNAL
2023-02-24 21:00:00,39.61,39.61,39.61,39.61,341756.0,KHC.NYSE-4-HOUR-LAST-EXTERNAL
2023-02-27 15:55:00,39.919998,39.939998,39.889999,39.935001,32197.0,KHC.NYSE-4-HOUR-LAST-EXTERNAL
2023-02-27 19:55:00,39.740001,39.744998,39.720001,39.729999,31022.0,KHC.NYSE-4-HOUR-LAST-EXTERNAL
2023-02-27 21:00:00,39.659999,39.659999,39.659999,39.659999,343831.0,KHC.NYSE-4-HOUR-LAST-EXTERNAL
2023-02-28 15:55:00,39.299999,39.305,39.279998,39.299999,44666.0,KHC.NYSE-4-HOUR-LAST-EXTERNAL
2023-02-28 19:55:00,39.009998,39.0191,38.959999,38.970001,76731.0,KHC.NYSE-4-HOUR-LAST-EXTERNAL
2023-02-28 21:00:00,38.939998,38.939998,38.939998,38.939998,1079397.0,KHC.NYSE-4-HOUR-LAST-EXTERNAL
2023-03-01 15:55:00,38.291198,38.319999,38.259998,38.29,52322.0,KHC.NYSE-4-HOUR-LAST-EXTERNAL
2023-03-01 19:55:00,38.256999,38.259998,38.229999,38.235,46711.0,KHC.NYSE-4-HOUR-LAST-EXTERNAL
2023-03-01 21:00:00,38.400001,38.400001,38.400001,38.400001,418485.0,KHC.NYSE-4-HOUR-LAST-EXTERNAL
2023-03-02 15:55:00,38.77,38.79,38.720699,38.740001,37457.0,KHC.NYSE-4-HOUR-LAST-EXTERNAL
2023-03-02 19:55:00,38.705001,38.764999,38.705001,38.75,29955.0,KHC.NYSE-4-HOUR-LAST-EXTERNAL
2023-03-02 21:00:00,38.659999,38.659999,38.659999,38.659999,409196.0,KHC.NYSE-4-HOUR-LAST-EXTERNAL
2023-03-03 15:55:00,38.68,38.705001,38.634998,38.634998,46438.0,KHC.NYSE-4-HOUR-LAST-EXTERNAL
2023-03-03 19:55:00,39.075,39.099998,39.069999,39.099998,35862.0,KHC.NYSE-4-HOUR-LAST-EXTERNAL
2023-03-03 21:00:00,39.04,39.04,39.04,39.04,390217.0,KHC.NYSE-4-HOUR-LAST-EXTERNAL
2023-03-06 15:55:00,38.810001,38.810001,38.740001,38.755001,26330.0,KHC.NYSE-4-HOUR-LAST-EXTERNAL
2023-03-06 19:55:00,38.889999,38.899898,38.86,38.86,23444.0,KHC.NYSE-4-HOUR-LAST-EXTERNAL
2023-03-06 21:00:00,38.990001,38.990001,38.990001,38.990001,247438.0,KHC.NYSE-4-HOUR-LAST-EXTERNAL
2023-03-07 15:55:00,38.669998,38.689998,38.639999,38.68,85646.0,KHC.NYSE-4-HOUR-LAST-EXTERNAL
2023-03-07 19:55:00,38.560001,38.615001,38.560001,38.604999,77222.0,KHC.NYSE-4-HOUR-LAST-EXTERNAL
2023-03-07 21:00:00,38.639999,38.639999,38.639999,38.639999,356754.0,KHC.NYSE-4-HOUR-LAST-EXTERNAL
2023-03-08 15:55:00,38.45,38.455001,38.375,38.381198,33981.0,KHC.NYSE-4-HOUR-LAST-EXTERNAL
2023-03-08 19:55:00,38.145,38.150001,38.130001,38.145,46085.0,KHC.NYSE-4-HOUR-LAST-EXTERNAL
2023-03-08 21:00:00,38.319999,38.319999,38.319999,38.319999,582655.0,KHC.NYSE-4-HOUR-LAST-EXTERNAL
2023-03-09 15:55:00,37.810001,37.830001,37.799999,37.825,45240.0,KHC.NYSE-4-HOUR-LAST-EXTERNAL
2023-03-09 19:55:00,37.865001,37.869998,37.784999,37.805,81485.0,KHC.NYSE-4-HOUR-LAST-EXTERNAL
2023-03-09 21:00:00,37.79,37.79,37.79,37.79,651357.0,KHC.NYSE-4-HOUR-LAST-EXTERNAL
2023-03-10 15:55:00,37.77,37.86,37.77,37.84,27073.0,KHC.NYSE-4-HOUR-LAST-EXTERNAL
2023-03-10 19:55:00,38.0,38.029998,37.939998,37.970001,46294.0,KHC.NYSE-4-HOUR-LAST-EXTERNAL
2023-03-10 21:00:00,37.939998,37.939998,37.939998,37.939998,423122.0,KHC.NYSE-4-HOUR-LAST-EXTERNAL
2023-03-13 15:55:00,38.2,38.419998,38.189998,38.400001,73533.0,KHC.NYSE-4-HOUR-LAST-EXTERNAL
2023-03-13 19:55:00,38.194999,38.2,38.11,38.119998,455082.0,KHC.NYSE-4-HOUR-LAST-EXTERNAL
2023-03-14 15:55:00,38.0484,38.0484,38.02,38.025001,34002.0,KHC.NYSE-4-HOUR-LAST-EXTERNAL
2023-03-14 19:55:00,38.029998,38.159999,38.025001,38.130001,665671.0,KHC.NYSE-4-HOUR-LAST-EXTERNAL
2023-03-15 15:55:00,37.845001,37.865001,37.810001,37.810001,27197.0,KHC.NYSE-4-HOUR-LAST-EXTERNAL
2023-03-15 19:55:00,38.029998,38.119998,38.025001,38.119998,362687.0,KHC.NYSE-4-HOUR-LAST-EXTERNAL
2023-03-16 15:55:00,37.705001,37.775001,37.7,37.729999,42584.0,KHC.NYSE-4-HOUR-LAST-EXTERNAL
2023-03-16 19:55:00,38.185001,38.189998,38.119998,38.18,462765.0,KHC.NYSE-4-HOUR-LAST-EXTERNAL
2023-03-17 15:55:00,37.54,37.580001,37.525001,37.560001,55448.0,KHC.NYSE-4-HOUR-LAST-EXTERNAL
2023-03-17 19:55:00,37.645,37.669998,37.569999,37.639999,621523.0,KHC.NYSE-4-HOUR-LAST-EXTERNAL
2023-03-20 15:55:00,37.965,37.974998,37.880001,37.880001,52755.0,KHC.NYSE-4-HOUR-LAST-EXTERNAL
2023-03-20 19:55:00,37.970001,37.979999,37.909999,37.939998,473727.0,KHC.NYSE-4-HOUR-LAST-EXTERNAL
2023-03-21 15:55:00,37.955001,37.974998,37.944999,37.95,18573.0,KHC.NYSE-4-HOUR-LAST-EXTERNAL
2023-03-21 19:55:00,38.069999,38.080001,38.0,38.04,513448.0,KHC.NYSE-4-HOUR-LAST-EXTERNAL
2023-03-22 15:55:00,38.189998,38.215,38.165,38.169998,27891.0,KHC.NYSE-4-HOUR-LAST-EXTERNAL
2023-03-22 19:55:00,37.68,37.689998,37.560001,37.560001,495983.0,KHC.NYSE-4-HOUR-LAST-EXTERNAL
2023-03-23 15:55:00,37.75,37.764999,37.740001,37.744998,23294.0,KHC.NYSE-4-HOUR-LAST-EXTERNAL
2023-03-23 19:55:00,37.509998,37.514999,37.409999,37.409999,456267.0,KHC.NYSE-4-HOUR-LAST-EXTERNAL
2023-03-24 15:55:00,37.95,38.014999,37.9477,38.014999,45024.0,KHC.NYSE-4-HOUR-LAST-EXTERNAL
2023-03-24 19:55:00,38.11,38.2,38.084999,38.18,470819.0,KHC.NYSE-4-HOUR-LAST-EXTERNAL
2023-03-27 15:55:00,38.630001,38.665,38.61,38.625,19522.0,KHC.NYSE-4-HOUR-LAST-EXTERNAL
2023-03-27 19:55:00,38.639999,38.659999,38.569999,38.61,600125.0,KHC.NYSE-4-HOUR-LAST-EXTERNAL
2023-03-28 15:55:00,38.650001,38.654998,38.625,38.645,41144.0,KHC.NYSE-4-HOUR-LAST-EXTERNAL
2023-03-28 19:55:00,38.389999,38.400001,38.36,38.389999,272680.0,KHC.NYSE-4-HOUR-LAST-EXTERNAL
2023-03-29 15:55:00,38.86,38.889999,38.854999,38.869998,31531.0,KHC.NYSE-4-HOUR-LAST-EXTERNAL
2023-03-29 19:55:00,38.685001,38.689998,38.665,38.68,349944.0,KHC.NYSE-4-HOUR-LAST-EXTERNAL
2023-03-30 15:55:00,38.84,38.845001,38.810001,38.814998,21100.0,KHC.NYSE-4-HOUR-LAST-EXTERNAL
2023-03-30 19:55:00,38.84,38.880001,38.819999,38.84,380903.0,KHC.NYSE-4-HOUR-LAST-EXTERNAL
2023-03-31 15:55:00,38.68,38.68,38.630001,38.630001,19781.0,KHC.NYSE-4-HOUR-LAST-EXTERNAL
2023-03-31 19:55:00,38.61,38.689998,38.61,38.659999,703908.0,KHC.NYSE-4-HOUR-LAST-EXTERNAL
2023-04-03 15:55:00,38.924999,38.9263,38.890998,38.919998,34050.0,KHC.NYSE-4-HOUR-LAST-EXTERNAL
2023-04-03 19:55:00,38.834999,38.86,38.819999,38.86,322658.0,KHC.NYSE-4-HOUR-LAST-EXTERNAL
2023-04-04 15:55:00,38.310001,38.310001,38.259998,38.275001,41135.0,KHC.NYSE-4-HOUR-LAST-EXTERNAL
2023-04-04 19:55:00,38.580001,38.630001,38.549999,38.619998,999090.0,KHC.NYSE-4-HOUR-LAST-EXTERNAL
2023-04-05 15:55:00,38.95,38.955001,38.93,38.95,29932.0,KHC.NYSE-4-HOUR-LAST-EXTERNAL
2023-04-05 19:55:00,39.025001,39.044998,38.985,39.029998,514730.0,KHC.NYSE-4-HOUR-LAST-EXTERNAL
2023-04-06 15:55:00,39.044998,39.049999,39.009998,39.034999,30675.0,KHC.NYSE-4-HOUR-LAST-EXTERNAL
2023-04-06 19:55:00,39.145,39.189998,39.130001,39.145,393291.0,KHC.NYSE-4-HOUR-LAST-EXTERNAL
2023-04-10 15:55:00,38.944999,38.965,38.919998,38.959999,37325.0,KHC.NYSE-4-HOUR-LAST-EXTERNAL
2023-04-10 19:55:00,39.09,39.099998,39.080001,39.095001,286156.0,KHC.NYSE-4-HOUR-LAST-EXTERNAL
2023-04-11 15:55:00,39.220001,39.229999,39.205001,39.220001,31605.0,KHC.NYSE-4-HOUR-LAST-EXTERNAL
2023-04-11 19:55:00,39.255001,39.27,39.244998,39.264999,421952.0,KHC.NYSE-4-HOUR-LAST-EXTERNAL
2023-04-12 15:55:00,39.395,39.400001,39.3885,39.395,25756.0,KHC.NYSE-4-HOUR-LAST-EXTERNAL
2023-04-12 19:55:00,39.259998,39.299999,39.229999,39.29,315904.0,KHC.NYSE-4-HOUR-LAST-EXTERNAL
2023-04-13 15:55:00,39.04,39.075,39.032501,39.069999,28760.0,KHC.NYSE-4-HOUR-LAST-EXTERNAL
2023-04-13 19:55:00,39.154998,39.169998,39.130001,39.159999,481135.0,KHC.NYSE-4-HOUR-LAST-EXTERNAL
2023-04-14 15:55:00,39.095001,39.115001,39.095001,39.11,17175.0,KHC.NYSE-4-HOUR-LAST-EXTERNAL
2023-04-14 19:55:00,39.09,39.119998,39.09,39.099998,329492.0,KHC.NYSE-4-HOUR-LAST-EXTERNAL
2023-04-17 15:55:00,39.334999,39.365001,39.330001,39.365001,13796.0,KHC.NYSE-4-HOUR-LAST-EXTERNAL
2023-04-17 19:55:00,39.479999,39.549999,39.474998,39.54,322729.0,KHC.NYSE-4-HOUR-LAST-EXTERNAL
2023-04-18 15:55:00,39.119998,39.145,39.11,39.145,39963.0,KHC.NYSE-4-HOUR-LAST-EXTERNAL
2023-04-18 19:55:00,39.444999,39.470001,39.439998,39.459999,344998.0,KHC.NYSE-4-HOUR-LAST-EXTERNAL
2023-04-19 15:55:00,39.509998,39.529998,39.505001,39.514999,35731.0,KHC.NYSE-4-HOUR-LAST-EXTERNAL
2023-04-19 19:55:00,39.494998,39.5,39.459999,39.470001,446675.0,KHC.NYSE-4-HOUR-LAST-EXTERNAL
2023-04-20 15:55:00,39.375,39.384998,39.349998,39.380001,44917.0,KHC.NYSE-4-HOUR-LAST-EXTERNAL
2023-04-20 19:55:00,39.380001,39.43,39.380001,39.419998,316200.0,KHC.NYSE-4-HOUR-LAST-EXTERNAL
2023-04-21 15:55:00,39.025001,39.060001,39.021999,39.034999,42509.0,KHC.NYSE-4-HOUR-LAST-EXTERNAL
2023-04-21 19:55:00,39.189998,39.25,39.185001,39.220001,373939.0,KHC.NYSE-4-HOUR-LAST-EXTERNAL
2023-04-24 15:55:00,39.18,39.18,39.159999,39.169998,20059.0,KHC.NYSE-4-HOUR-LAST-EXTERNAL
2023-04-24 19:55:00,39.150001,39.189998,39.145,39.18,355296.0,KHC.NYSE-4-HOUR-LAST-EXTERNAL
2023-04-25 15:55:00,39.555,39.59,39.555,39.569999,20295.0,KHC.NYSE-4-HOUR-LAST-EXTERNAL
2023-04-25 19:55:00,39.470001,39.490001,39.409999,39.444999,758012.0,KHC.NYSE-4-HOUR-LAST-EXTERNAL
2023-04-26 15:55:00,39.220001,39.255001,39.215,39.215,35109.0,KHC.NYSE-4-HOUR-LAST-EXTERNAL
2023-04-26 19:55:00,39.365001,39.369998,39.330001,39.34,594496.0,KHC.NYSE-4-HOUR-LAST-EXTERNAL
