2022-01-03 15:55:00,72.279998,72.29,72.135002,72.214996,100734.0,KRE.NYSE-5-MINUTE-LAST-EXTERNAL
2022-01-03 19:55:00,71.819999,71.870002,71.779998,71.870002,99115.0,KRE.NYSE-5-MINUTE-LAST-EXTERNAL
2022-01-03 20:55:00,72.154998,72.220001,72.099998,72.190002,1029403.0,KRE.NYSE-5-MINUTE-LAST-EXTERNAL
2022-01-04 15:55:00,74.629997,74.629997,74.410003,74.510002,183483.0,KRE.NYSE-5-MINUTE-LAST-EXTERNAL
2022-01-04 19:55:00,74.36,74.440002,74.349998,74.385002,84106.0,KRE.NYSE-5-MINUTE-LAST-EXTERNAL
2022-01-04 20:55:00,74.419998,74.419998,74.184997,74.190002,509051.0,KRE.NYSE-5-MINUTE-LAST-EXTERNAL
2022-01-05 15:55:00,74.980003,75.04,74.79,74.819999,62898.0,KRE.NYSE-5-MINUTE-LAST-EXTERNAL
2022-01-05 19:55:00,74.36,74.489997,74.330001,74.43,92330.0,KRE.NYSE-5-MINUTE-LAST-EXTERNAL
2022-01-05 20:55:00,73.879997,73.910003,73.68,73.769996,334063.0,KRE.NYSE-5-MINUTE-LAST-EXTERNAL
2022-01-06 15:55:00,74.875,74.985,74.830001,74.879997,181705.0,KRE.NYSE-5-MINUTE-LAST-EXTERNAL
2022-01-06 19:55:00,76.690002,76.720001,76.61,76.699996,206828.0,KRE.NYSE-5-MINUTE-LAST-EXTERNAL
2022-01-06 20:55:00,76.519996,76.580001,76.389999,76.54,804129.0,KRE.NYSE-5-MINUTE-LAST-EXTERNAL
2022-01-07 15:55:00,76.25,76.510002,76.25,76.470001,47401.0,KRE.NYSE-5-MINUTE-LAST-EXTERNAL
2022-01-07 19:55:00,77.230003,77.254997,77.199996,77.209999,105612.0,KRE.NYSE-5-MINUTE-LAST-EXTERNAL
2022-01-07 20:55:00,77.279998,77.339996,77.25,77.269996,379901.0,KRE.NYSE-5-MINUTE-LAST-EXTERNAL
2022-01-10 15:55:00,76.709999,76.949996,76.669998,76.870002,187223.0,KRE.NYSE-5-MINUTE-LAST-EXTERNAL
2022-01-10 19:55:00,76.690002,76.776199,76.650001,76.690002,80334.0,KRE.NYSE-5-MINUTE-LAST-EXTERNAL
2022-01-10 20:55:00,77.059997,77.129997,77.04,77.089996,890658.0,KRE.NYSE-5-MINUTE-LAST-EXTERNAL
2022-01-11 15:55:00,76.559997,76.620002,76.5,76.599998,88694.0,KRE.NYSE-5-MINUTE-LAST-EXTERNAL
2022-01-11 19:55:00,77.169998,77.220001,77.11,77.11,139770.0,KRE.NYSE-5-MINUTE-LAST-EXTERNAL
2022-01-11 20:55:00,77.279998,77.419998,77.269996,77.410003,316735.0,KRE.NYSE-5-MINUTE-LAST-EXTERNAL
2022-01-12 15:55:00,77.620002,77.660003,77.54,77.639999,126082.0,KRE.NYSE-5-MINUTE-LAST-EXTERNAL
2022-01-12 19:55:00,77.699996,77.714996,77.669998,77.690002,38222.0,KRE.NYSE-5-MINUTE-LAST-EXTERNAL
2022-01-12 20:55:00,77.694999,77.760002,77.580001,77.629997,374001.0,KRE.NYSE-5-MINUTE-LAST-EXTERNAL
2022-01-13 15:55:00,78.269996,78.339996,78.230003,78.269996,69791.0,KRE.NYSE-5-MINUTE-LAST-EXTERNAL
2022-01-13 19:55:00,78.444999,78.489997,78.435997,78.459999,77272.0,KRE.NYSE-5-MINUTE-LAST-EXTERNAL
2022-01-13 20:55:00,78.044998,78.099998,77.949996,78.099998,398771.0,KRE.NYSE-5-MINUTE-LAST-EXTERNAL
2022-01-14 15:55:00,78.160003,78.309997,78.120002,78.300003,199768.0,KRE.NYSE-5-MINUTE-LAST-EXTERNAL
2022-01-14 19:55:00,78.29,78.349998,78.279998,78.279998,63210.0,KRE.NYSE-5-MINUTE-LAST-EXTERNAL
2022-01-14 20:55:00,78.709999,78.809997,78.61,78.769996,508123.0,KRE.NYSE-5-MINUTE-LAST-EXTERNAL
2022-01-18 15:55:00,77.589996,77.730003,77.580001,77.709999,143107.0,KRE.NYSE-5-MINUTE-LAST-EXTERNAL
2022-01-18 19:55:00,77.769996,77.779899,77.680099,77.709999,196846.0,KRE.NYSE-5-MINUTE-LAST-EXTERNAL
2022-01-18 20:55:00,76.934997,77.160003,76.93,77.120002,479237.0,KRE.NYSE-5-MINUTE-LAST-EXTERNAL
2022-01-19 15:55:00,75.809997,76.0,75.769996,75.900001,196600.0,KRE.NYSE-5-MINUTE-LAST-EXTERNAL
2022-01-19 19:55:00,75.470001,75.589996,75.459999,75.525001,174968.0,KRE.NYSE-5-MINUTE-LAST-EXTERNAL
2022-01-19 20:55:00,75.044998,75.050003,74.960098,75.0,660488.0,KRE.NYSE-5-MINUTE-LAST-EXTERNAL
2022-01-20 15:55:00,75.720001,75.889999,75.698997,75.870002,126218.0,KRE.NYSE-5-MINUTE-LAST-EXTERNAL
2022-01-20 19:55:00,74.150001,74.194999,74.080001,74.129997,233427.0,KRE.NYSE-5-MINUTE-LAST-EXTERNAL
2022-01-20 20:55:00,72.959999,73.089996,72.819999,73.010002,1040930.0,KRE.NYSE-5-MINUTE-LAST-EXTERNAL
2022-01-21 15:55:00,73.129997,73.199996,72.970001,73.099998,209751.0,KRE.NYSE-5-MINUTE-LAST-EXTERNAL
2022-01-21 19:55:00,71.970001,72.0,71.769996,71.79,181375.0,KRE.NYSE-5-MINUTE-LAST-EXTERNAL
2022-01-21 20:55:00,71.525001,71.75,71.480003,71.599998,658726.0,KRE.NYSE-5-MINUTE-LAST-EXTERNAL
2022-01-24 15:55:00,70.93,70.940002,70.559997,70.589996,289997.0,KRE.NYSE-5-MINUTE-LAST-EXTERNAL
2022-01-24 19:55:00,70.980003,71.300003,70.93,71.279998,128249.0,KRE.NYSE-5-MINUTE-LAST-EXTERNAL
2022-01-24 20:55:00,72.690002,72.75,72.459999,72.620002,781395.0,KRE.NYSE-5-MINUTE-LAST-EXTERNAL
2022-01-25 15:55:00,71.629997,71.669998,71.400001,71.440002,192820.0,KRE.NYSE-5-MINUTE-LAST-EXTERNAL
2022-01-25 19:55:00,73.260002,73.440101,73.220001,73.389999,238457.0,KRE.NYSE-5-MINUTE-LAST-EXTERNAL
2022-01-25 20:55:00,72.489997,72.690002,72.400001,72.550003,725942.0,KRE.NYSE-5-MINUTE-LAST-EXTERNAL
2022-01-26 15:55:00,73.010002,73.114997,72.910003,73.010002,109459.0,KRE.NYSE-5-MINUTE-LAST-EXTERNAL
2022-01-26 19:55:00,72.550003,72.559997,72.269401,72.425003,454180.0,KRE.NYSE-5-MINUTE-LAST-EXTERNAL
2022-01-26 20:55:00,72.279998,72.349998,71.949996,72.169998,544043.0,KRE.NYSE-5-MINUTE-LAST-EXTERNAL
2022-01-27 15:55:00,72.5,72.68,72.489997,72.68,165511.0,KRE.NYSE-5-MINUTE-LAST-EXTERNAL
2022-01-27 19:55:00,70.330001,70.433998,70.239997,70.43,175905.0,KRE.NYSE-5-MINUTE-LAST-EXTERNAL
2022-01-27 20:55:00,70.709999,70.819999,70.61,70.629997,437383.0,KRE.NYSE-5-MINUTE-LAST-EXTERNAL
2022-01-28 15:55:00,70.529998,70.54,70.220001,70.489997,158761.0,KRE.NYSE-5-MINUTE-LAST-EXTERNAL
2022-01-28 19:55:00,69.709999,69.949996,69.68,69.940002,118026.0,KRE.NYSE-5-MINUTE-LAST-EXTERNAL
2022-01-28 20:55:00,70.769996,71.0,70.714996,70.980003,407850.0,KRE.NYSE-5-MINUTE-LAST-EXTERNAL
2022-01-31 15:55:00,70.5,70.529998,70.379997,70.480003,64222.0,KRE.NYSE-5-MINUTE-LAST-EXTERNAL
2022-01-31 19:55:00,71.150001,71.239997,71.139999,71.199996,57555.0,KRE.NYSE-5-MINUTE-LAST-EXTERNAL
2022-01-31 20:55:00,71.595001,71.620002,71.470001,71.519996,841683.0,KRE.NYSE-5-MINUTE-LAST-EXTERNAL
2022-02-01 15:55:00,71.839996,71.980003,71.839996,71.980003,105412.0,KRE.NYSE-5-MINUTE-LAST-EXTERNAL
2022-02-01 19:55:00,72.220001,72.29,72.209999,72.285003,64847.0,KRE.NYSE-5-MINUTE-LAST-EXTERNAL
2022-02-01 20:55:00,72.815002,72.839996,72.690002,72.690002,418892.0,KRE.NYSE-5-MINUTE-LAST-EXTERNAL
2022-02-02 15:55:00,72.150001,72.260002,72.120002,72.209999,75741.0,KRE.NYSE-5-MINUTE-LAST-EXTERNAL
2022-02-02 19:55:00,72.550003,72.580001,72.459999,72.489997,62071.0,KRE.NYSE-5-MINUTE-LAST-EXTERNAL
2022-02-02 20:55:00,72.400001,72.569999,72.400001,72.510002,395404.0,KRE.NYSE-5-MINUTE-LAST-EXTERNAL
2022-02-03 15:55:00,73.330001,73.419998,73.330001,73.410003,75702.0,KRE.NYSE-5-MINUTE-LAST-EXTERNAL
2022-02-03 19:55:00,72.11,72.18,72.089996,72.144996,104704.0,KRE.NYSE-5-MINUTE-LAST-EXTERNAL
2022-02-03 21:00:00,72.069999,72.069999,72.069999,72.069999,386048.0,KRE.NYSE-5-MINUTE-LAST-EXTERNAL
2022-02-04 15:55:00,72.529998,72.559997,72.379997,72.43,70443.0,KRE.NYSE-5-MINUTE-LAST-EXTERNAL
2022-02-04 19:55:00,73.449996,73.480003,73.440002,73.480003,85882.0,KRE.NYSE-5-MINUTE-LAST-EXTERNAL
2022-02-04 20:55:00,73.459999,73.480003,73.349998,73.449996,499450.0,KRE.NYSE-5-MINUTE-LAST-EXTERNAL
2022-02-07 15:55:00,73.61,73.705703,73.589996,73.699996,46458.0,KRE.NYSE-5-MINUTE-LAST-EXTERNAL
2022-02-07 19:55:00,74.095001,74.120002,74.069999,74.11,77374.0,KRE.NYSE-5-MINUTE-LAST-EXTERNAL
2022-02-07 20:55:00,73.669998,73.819999,73.639999,73.800003,282928.0,KRE.NYSE-5-MINUTE-LAST-EXTERNAL
2022-02-08 15:55:00,75.129997,75.169998,75.04,75.050003,99431.0,KRE.NYSE-5-MINUTE-LAST-EXTERNAL
2022-02-08 19:55:00,75.269996,75.319999,75.190002,75.260002,126009.0,KRE.NYSE-5-MINUTE-LAST-EXTERNAL
2022-02-08 20:55:00,75.819999,75.855003,75.690002,75.709999,598001.0,KRE.NYSE-5-MINUTE-LAST-EXTERNAL
2022-02-09 15:55:00,75.75,75.794998,75.650001,75.705001,117208.0,KRE.NYSE-5-MINUTE-LAST-EXTERNAL
2022-02-09 19:55:00,75.059997,75.074996,75.010002,75.014999,72941.0,KRE.NYSE-5-MINUTE-LAST-EXTERNAL
2022-02-09 20:55:00,74.910003,75.0,74.870002,74.989997,438864.0,KRE.NYSE-5-MINUTE-LAST-EXTERNAL
2022-02-10 15:55:00,75.68,75.769996,75.589996,75.68,192488.0,KRE.NYSE-5-MINUTE-LAST-EXTERNAL
2022-02-10 19:55:00,74.629997,74.760002,74.620002,74.739997,88239.0,KRE.NYSE-5-MINUTE-LAST-EXTERNAL
2022-02-10 20:55:00,74.684997,74.940002,74.68,74.809997,427445.0,KRE.NYSE-5-MINUTE-LAST-EXTERNAL
2022-02-11 15:55:00,75.650001,75.839996,75.650001,75.75,304500.0,KRE.NYSE-5-MINUTE-LAST-EXTERNAL
2022-02-11 19:55:00,73.849998,73.980003,73.809997,73.970001,332996.0,KRE.NYSE-5-MINUTE-LAST-EXTERNAL
2022-02-11 20:55:00,74.150001,74.394996,74.150001,74.199996,457122.0,KRE.NYSE-5-MINUTE-LAST-EXTERNAL
2022-02-14 15:55:00,73.690002,73.819999,73.569999,73.629997,132796.0,KRE.NYSE-5-MINUTE-LAST-EXTERNAL
2022-02-14 19:55:00,73.544998,73.720001,73.519996,73.660003,61549.0,KRE.NYSE-5-MINUTE-LAST-EXTERNAL
2022-02-14 21:00:00,73.61,73.61,73.61,73.61,498493.0,KRE.NYSE-5-MINUTE-LAST-EXTERNAL
2022-02-15 15:55:00,75.089996,75.099998,74.980003,75.050003,64986.0,KRE.NYSE-5-MINUTE-LAST-EXTERNAL
2022-02-15 19:55:00,75.400001,75.419998,75.309997,75.339996,68766.0,KRE.NYSE-5-MINUTE-LAST-EXTERNAL
2022-02-15 21:00:00,75.580001,75.580001,75.580001,75.580001,409067.0,KRE.NYSE-5-MINUTE-LAST-EXTERNAL
2022-02-16 15:55:00,75.54,75.559898,75.389999,75.464996,40679.0,KRE.NYSE-5-MINUTE-LAST-EXTERNAL
2022-02-16 19:55:00,75.760002,75.870002,75.735,75.86,49172.0,KRE.NYSE-5-MINUTE-LAST-EXTERNAL
2022-02-16 21:00:00,75.720001,75.720001,75.720001,75.720001,303186.0,KRE.NYSE-5-MINUTE-LAST-EXTERNAL
2022-02-17 15:55:00,74.160003,74.339996,74.160003,74.309997,45584.0,KRE.NYSE-5-MINUTE-LAST-EXTERNAL
2022-02-17 19:55:00,73.68,73.686302,73.595001,73.605003,84595.0,KRE.NYSE-5-MINUTE-LAST-EXTERNAL
2022-02-17 21:00:00,73.410003,73.410003,73.410003,73.410003,583698.0,KRE.NYSE-5-MINUTE-LAST-EXTERNAL
2022-02-18 15:55:00,73.934997,73.934997,73.739997,73.745002,79038.0,KRE.NYSE-5-MINUTE-LAST-EXTERNAL
2022-02-18 19:55:00,73.830001,73.900001,73.769996,73.86,91647.0,KRE.NYSE-5-MINUTE-LAST-EXTERNAL
2022-02-18 21:00:00,73.54,73.54,73.54,73.54,585839.0,KRE.NYSE-5-MINUTE-LAST-EXTERNAL
2022-02-22 15:55:00,73.620002,73.620002,73.449996,73.550003,77071.0,KRE.NYSE-5-MINUTE-LAST-EXTERNAL
2022-02-22 19:55:00,73.669998,73.819999,73.650001,73.709999,126070.0,KRE.NYSE-5-MINUTE-LAST-EXTERNAL
2022-02-22 21:00:00,73.169998,73.169998,73.169998,73.169998,393845.0,KRE.NYSE-5-MINUTE-LAST-EXTERNAL
2022-02-23 15:55:00,72.989997,73.019996,72.86,72.870002,70455.0,KRE.NYSE-5-MINUTE-LAST-EXTERNAL
2022-02-23 19:55:00,72.25,72.400001,72.230003,72.339996,52585.0,KRE.NYSE-5-MINUTE-LAST-EXTERNAL
2022-02-23 21:00:00,71.879997,71.879997,71.879997,71.879997,788796.0,KRE.NYSE-5-MINUTE-LAST-EXTERNAL
2022-02-24 15:55:00,69.459999,69.470001,69.230003,69.300003,114880.0,KRE.NYSE-5-MINUTE-LAST-EXTERNAL
2022-02-24 19:55:00,69.720001,69.720001,69.54,69.650001,122466.0,KRE.NYSE-5-MINUTE-LAST-EXTERNAL
2022-02-24 21:00:00,70.589996,70.589996,70.589996,70.589996,604511.0,KRE.NYSE-5-MINUTE-LAST-EXTERNAL
2022-02-25 15:55:00,72.440002,72.580001,72.300003,72.440002,97574.0,KRE.NYSE-5-MINUTE-LAST-EXTERNAL
2022-02-25 19:55:00,73.519996,73.650001,73.510002,73.559997,141817.0,KRE.NYSE-5-MINUTE-LAST-EXTERNAL
2022-02-25 21:00:00,73.839996,73.839996,73.839996,73.839996,440153.0,KRE.NYSE-5-MINUTE-LAST-EXTERNAL
2022-02-28 15:55:00,73.690002,73.794998,73.644996,73.779998,162719.0,KRE.NYSE-5-MINUTE-LAST-EXTERNAL
2022-02-28 19:55:00,73.849998,73.970001,73.839996,73.870002,85304.0,KRE.NYSE-5-MINUTE-LAST-EXTERNAL
2022-02-28 21:00:00,74.279998,74.279998,74.279998,74.279998,558207.0,KRE.NYSE-5-MINUTE-LAST-EXTERNAL
2022-03-01 15:55:00,71.459999,71.470001,71.230003,71.260002,105568.0,KRE.NYSE-5-MINUTE-LAST-EXTERNAL
2022-03-01 19:55:00,70.309997,70.400001,70.245002,70.305,89943.0,KRE.NYSE-5-MINUTE-LAST-EXTERNAL
2022-03-01 21:00:00,70.220001,70.220001,70.220001,70.220001,1080784.0,KRE.NYSE-5-MINUTE-LAST-EXTERNAL
2022-03-02 15:55:00,72.529998,72.86,72.510002,72.779998,83660.0,KRE.NYSE-5-MINUTE-LAST-EXTERNAL
2022-03-02 19:55:00,73.25,73.279998,73.089996,73.139999,155372.0,KRE.NYSE-5-MINUTE-LAST-EXTERNAL
2022-03-02 21:00:00,73.349998,73.349998,73.349998,73.349998,459665.0,KRE.NYSE-5-MINUTE-LAST-EXTERNAL
2022-03-03 15:55:00,72.480003,72.529998,72.43,72.440002,77957.0,KRE.NYSE-5-MINUTE-LAST-EXTERNAL
2022-03-03 19:55:00,72.550003,72.559997,72.480003,72.54,152165.0,KRE.NYSE-5-MINUTE-LAST-EXTERNAL
2022-03-03 21:00:00,72.889999,72.889999,72.889999,72.889999,458344.0,KRE.NYSE-5-MINUTE-LAST-EXTERNAL
2022-03-04 15:55:00,70.059997,70.059997,69.959999,69.989997,109872.0,KRE.NYSE-5-MINUTE-LAST-EXTERNAL
2022-03-04 19:55:00,69.25,69.349998,69.105003,69.11,240571.0,KRE.NYSE-5-MINUTE-LAST-EXTERNAL
2022-03-04 21:00:00,70.029998,70.029998,70.029998,70.029998,889599.0,KRE.NYSE-5-MINUTE-LAST-EXTERNAL
2022-03-07 15:55:00,68.620002,68.889999,68.620002,68.819999,85358.0,KRE.NYSE-5-MINUTE-LAST-EXTERNAL
2022-03-07 19:55:00,67.769996,67.919998,67.735,67.785003,154626.0,KRE.NYSE-5-MINUTE-LAST-EXTERNAL
2022-03-07 21:00:00,67.010002,67.010002,67.010002,67.010002,1054344.0,KRE.NYSE-5-MINUTE-LAST-EXTERNAL
2022-03-08 15:55:00,67.75,67.775001,67.489997,67.699996,143807.0,KRE.NYSE-5-MINUTE-LAST-EXTERNAL
2022-03-08 19:55:00,68.760002,68.86,68.660003,68.779998,167594.0,KRE.NYSE-5-MINUTE-LAST-EXTERNAL
2022-03-08 21:00:00,67.550003,67.550003,67.550003,67.550003,384966.0,KRE.NYSE-5-MINUTE-LAST-EXTERNAL
2022-03-09 15:55:00,70.089996,70.209999,70.089996,70.18,49270.0,KRE.NYSE-5-MINUTE-LAST-EXTERNAL
2022-03-09 19:55:00,69.949996,70.04,69.93,69.949996,85338.0,KRE.NYSE-5-MINUTE-LAST-EXTERNAL
2022-03-09 21:00:00,69.949996,69.949996,69.949996,69.949996,603611.0,KRE.NYSE-5-MINUTE-LAST-EXTERNAL
2022-03-10 15:55:00,69.569999,69.589996,69.400001,69.480003,142066.0,KRE.NYSE-5-MINUTE-LAST-EXTERNAL
2022-03-10 19:55:00,69.769996,69.839996,69.760002,69.79,73192.0,KRE.NYSE-5-MINUTE-LAST-EXTERNAL
2022-03-10 21:00:00,70.0,70.0,70.0,70.0,377701.0,KRE.NYSE-5-MINUTE-LAST-EXTERNAL
2022-03-11 15:55:00,70.915,71.160003,70.864997,71.135002,340160.0,KRE.NYSE-5-MINUTE-LAST-EXTERNAL
2022-03-11 19:55:00,70.305,70.394996,70.300003,70.389999,624832.0,KRE.NYSE-5-MINUTE-LAST-EXTERNAL
2022-03-11 21:00:00,70.019996,70.019996,70.019996,70.019996,909292.0,KRE.NYSE-5-MINUTE-LAST-EXTERNAL
2022-03-14 15:55:00,70.794998,70.839996,70.730003,70.809997,56153.0,KRE.NYSE-5-MINUTE-LAST-EXTERNAL
2022-03-14 19:55:00,70.440002,70.54,70.379997,70.400001,648677.0,KRE.NYSE-5-MINUTE-LAST-EXTERNAL
2022-03-15 15:55:00,70.440002,70.440002,70.139999,70.36,195577.0,KRE.NYSE-5-MINUTE-LAST-EXTERNAL
2022-03-15 19:55:00,70.599998,70.599998,70.459999,70.589996,405501.0,KRE.NYSE-5-MINUTE-LAST-EXTERNAL
2022-03-16 15:55:00,72.309997,72.499,72.305,72.470001,56280.0,KRE.NYSE-5-MINUTE-LAST-EXTERNAL
2022-03-16 19:55:00,72.68,72.839996,72.625,72.830001,909869.0,KRE.NYSE-5-MINUTE-LAST-EXTERNAL
2022-03-17 15:55:00,71.589996,71.629997,71.580001,71.61,32791.0,KRE.NYSE-5-MINUTE-LAST-EXTERNAL
2022-03-17 19:55:00,71.915,72.04,71.86,72.029998,522859.0,KRE.NYSE-5-MINUTE-LAST-EXTERNAL
2022-03-18 15:55:00,70.559997,70.669998,70.559997,70.629997,117800.0,KRE.NYSE-5-MINUTE-LAST-EXTERNAL
2022-03-18 19:55:00,71.86,71.989997,71.819999,71.900001,663824.0,KRE.NYSE-5-MINUTE-LAST-EXTERNAL
2022-03-21 15:55:00,71.169998,71.279998,71.150001,71.209999,99973.0,KRE.NYSE-5-MINUTE-LAST-EXTERNAL
2022-03-21 19:55:00,70.944999,71.18,70.909896,71.169998,858873.0,KRE.NYSE-5-MINUTE-LAST-EXTERNAL
2022-03-22 15:55:00,72.25,72.279998,72.129997,72.209999,81377.0,KRE.NYSE-5-MINUTE-LAST-EXTERNAL
2022-03-22 19:55:00,72.330001,72.349998,72.239997,72.349998,559253.0,KRE.NYSE-5-MINUTE-LAST-EXTERNAL
2022-03-23 15:55:00,70.974998,70.989997,70.839996,70.900001,52450.0,KRE.NYSE-5-MINUTE-LAST-EXTERNAL
2022-03-23 19:55:00,69.760002,69.86,69.714996,69.779998,1056437.0,KRE.NYSE-5-MINUTE-LAST-EXTERNAL
2022-03-24 15:55:00,70.690002,70.805,70.665,70.665,82117.0,KRE.NYSE-5-MINUTE-LAST-EXTERNAL
2022-03-24 19:55:00,70.330001,70.470001,70.319999,70.459999,247014.0,KRE.NYSE-5-MINUTE-LAST-EXTERNAL
2022-03-25 15:55:00,71.410003,71.410003,71.29,71.309997,51349.0,KRE.NYSE-5-MINUTE-LAST-EXTERNAL
2022-03-25 19:55:00,71.800003,71.809997,71.720001,71.79,427972.0,KRE.NYSE-5-MINUTE-LAST-EXTERNAL
2022-03-28 15:55:00,70.25,70.29,70.169998,70.199996,96625.0,KRE.NYSE-5-MINUTE-LAST-EXTERNAL
2022-03-28 19:55:00,70.93,71.089996,70.900001,71.080001,524972.0,KRE.NYSE-5-MINUTE-LAST-EXTERNAL
2022-03-29 15:55:00,72.269996,72.279998,72.199996,72.209999,37470.0,KRE.NYSE-5-MINUTE-LAST-EXTERNAL
2022-03-29 19:55:00,72.339996,72.419998,72.309997,72.419998,556087.0,KRE.NYSE-5-MINUTE-LAST-EXTERNAL
2022-03-30 15:55:00,70.79,70.819999,70.699996,70.809997,213626.0,KRE.NYSE-5-MINUTE-LAST-EXTERNAL
2022-03-30 19:55:00,69.889999,70.209999,69.889999,70.190002,708688.0,KRE.NYSE-5-MINUTE-LAST-EXTERNAL
2022-03-31 15:55:00,69.79,69.879997,69.760002,69.849998,60884.0,KRE.NYSE-5-MINUTE-LAST-EXTERNAL
2022-03-31 19:55:00,68.970001,69.010002,68.889999,68.889999,783231.0,KRE.NYSE-5-MINUTE-LAST-EXTERNAL
2022-04-01 15:55:00,68.849998,68.849998,68.730003,68.79,78083.0,KRE.NYSE-5-MINUTE-LAST-EXTERNAL
2022-04-01 19:55:00,68.224998,68.260002,68.165,68.220001,1822167.0,KRE.NYSE-5-MINUTE-LAST-EXTERNAL
2022-04-04 15:55:00,67.870002,67.940002,67.855003,67.910003,91803.0,KRE.NYSE-5-MINUTE-LAST-EXTERNAL
2022-04-04 19:55:00,67.779998,67.879997,67.660003,67.879997,670652.0,KRE.NYSE-5-MINUTE-LAST-EXTERNAL
2022-04-05 15:55:00,67.86,67.870002,67.779998,67.800003,80086.0,KRE.NYSE-5-MINUTE-LAST-EXTERNAL
2022-04-05 19:55:00,67.0,67.04,66.910003,66.949996,523224.0,KRE.NYSE-5-MINUTE-LAST-EXTERNAL
2022-04-06 15:55:00,66.309997,66.370002,66.29,66.315002,143059.0,KRE.NYSE-5-MINUTE-LAST-EXTERNAL
2022-04-06 19:55:00,65.919998,65.989997,65.839996,65.940002,958728.0,KRE.NYSE-5-MINUTE-LAST-EXTERNAL
2022-04-07 15:55:00,64.830001,64.940002,64.824996,64.889999,55915.0,KRE.NYSE-5-MINUTE-LAST-EXTERNAL
2022-04-07 19:55:00,65.025001,65.069999,64.949996,65.069999,452801.0,KRE.NYSE-5-MINUTE-LAST-EXTERNAL
2022-04-08 15:55:00,65.400001,65.440002,65.349998,65.349998,51711.0,KRE.NYSE-5-MINUTE-LAST-EXTERNAL
2022-04-08 19:55:00,64.980003,65.019996,64.919998,65.010002,296194.0,KRE.NYSE-5-MINUTE-LAST-EXTERNAL
2022-04-11 15:55:00,65.690002,65.764999,65.68,65.760002,4591763.0,KRE.NYSE-5-MINUTE-LAST-EXTERNAL
2022-04-11 19:55:00,65.220001,65.239997,65.165,65.220001,631316.0,KRE.NYSE-5-MINUTE-LAST-EXTERNAL
2022-04-12 15:55:00,65.574996,65.639999,65.495002,65.510002,71211.0,KRE.NYSE-5-MINUTE-LAST-EXTERNAL
2022-04-12 19:55:00,64.529998,64.690002,64.529998,64.620002,647581.0,KRE.NYSE-5-MINUTE-LAST-EXTERNAL
2022-04-13 15:55:00,64.919998,64.949996,64.879997,64.900001,54187.0,KRE.NYSE-5-MINUTE-LAST-EXTERNAL
2022-04-13 19:55:00,65.514999,65.569999,65.455001,65.559997,629648.0,KRE.NYSE-5-MINUTE-LAST-EXTERNAL
2022-04-14 15:55:00,65.019996,65.080001,65.019996,65.025001,41650.0,KRE.NYSE-5-MINUTE-LAST-EXTERNAL
2022-04-14 19:55:00,64.75,64.79,64.669998,64.699996,713733.0,KRE.NYSE-5-MINUTE-LAST-EXTERNAL
2022-04-18 15:55:00,64.510002,64.660003,64.504997,64.620002,59913.0,KRE.NYSE-5-MINUTE-LAST-EXTERNAL
2022-04-18 19:55:00,64.800003,64.919998,64.800003,64.910003,416752.0,KRE.NYSE-5-MINUTE-LAST-EXTERNAL
2022-04-19 15:55:00,66.849998,66.879997,66.779998,66.779998,252312.0,KRE.NYSE-5-MINUTE-LAST-EXTERNAL
2022-04-19 19:55:00,67.269996,67.279998,67.175003,67.199996,912978.0,KRE.NYSE-5-MINUTE-LAST-EXTERNAL
2022-04-20 15:55:00,68.239997,68.330001,68.230003,68.319999,72329.0,KRE.NYSE-5-MINUTE-LAST-EXTERNAL
2022-04-20 19:55:00,67.68,67.690002,67.569999,67.589996,507848.0,KRE.NYSE-5-MINUTE-LAST-EXTERNAL
2022-04-21 15:55:00,67.419998,67.440002,67.269996,67.292701,80991.0,KRE.NYSE-5-MINUTE-LAST-EXTERNAL
2022-04-21 19:55:00,66.36,66.404998,66.254997,66.285003,654873.0,KRE.NYSE-5-MINUTE-LAST-EXTERNAL
2022-04-22 15:55:00,65.370002,65.389999,65.199996,65.25,305820.0,KRE.NYSE-5-MINUTE-LAST-EXTERNAL
2022-04-22 19:55:00,64.919998,64.970001,64.849998,64.889999,618345.0,KRE.NYSE-5-MINUTE-LAST-EXTERNAL
2022-04-25 15:55:00,63.509998,63.669998,63.490001,63.659999,146994.0,KRE.NYSE-5-MINUTE-LAST-EXTERNAL
2022-04-25 19:55:00,64.985,64.9962,64.889999,64.959999,461038.0,KRE.NYSE-5-MINUTE-LAST-EXTERNAL
2022-04-26 15:55:00,63.5,63.514999,63.325,63.34,93826.0,KRE.NYSE-5-MINUTE-LAST-EXTERNAL
2022-04-26 19:55:00,63.04,63.115001,62.939998,62.95,547362.0,KRE.NYSE-5-MINUTE-LAST-EXTERNAL
2022-04-27 15:55:00,63.189998,63.29,63.150001,63.27,72804.0,KRE.NYSE-5-MINUTE-LAST-EXTERNAL
2022-04-27 19:55:00,62.979999,63.069999,62.909999,62.93,348359.0,KRE.NYSE-5-MINUTE-LAST-EXTERNAL
2022-04-28 15:55:00,62.939998,62.939998,62.849998,62.909999,80904.0,KRE.NYSE-5-MINUTE-LAST-EXTERNAL
2022-04-28 19:55:00,63.799999,63.869998,63.709999,63.830001,308402.0,KRE.NYSE-5-MINUTE-LAST-EXTERNAL
2022-04-29 15:55:00,63.534999,63.54,63.369998,63.409999,84517.0,KRE.NYSE-5-MINUTE-LAST-EXTERNAL
2022-04-29 19:55:00,61.759998,61.880001,61.705001,61.86,1060652.0,KRE.NYSE-5-MINUTE-LAST-EXTERNAL
2022-05-02 15:55:00,62.560001,62.669998,62.509998,62.625,161050.0,KRE.NYSE-5-MINUTE-LAST-EXTERNAL
2022-05-02 19:55:00,62.689998,62.740001,62.615001,62.7,514180.0,KRE.NYSE-5-MINUTE-LAST-EXTERNAL
2022-05-03 15:55:00,63.529998,63.622798,63.509998,63.622798,43393.0,KRE.NYSE-5-MINUTE-LAST-EXTERNAL
2022-05-03 19:55:00,63.7,63.709999,63.54,63.549999,813786.0,KRE.NYSE-5-MINUTE-LAST-EXTERNAL
2022-05-04 15:55:00,63.45,63.45,63.330001,63.424999,62477.0,KRE.NYSE-5-MINUTE-LAST-EXTERNAL
2022-05-04 19:55:00,65.339996,65.370002,65.239997,65.339996,803057.0,KRE.NYSE-5-MINUTE-LAST-EXTERNAL
2022-05-05 15:55:00,62.659999,62.740001,62.634998,62.7,123985.0,KRE.NYSE-5-MINUTE-LAST-EXTERNAL
2022-05-05 19:55:00,63.279998,63.470001,63.259998,63.459999,580717.0,KRE.NYSE-5-MINUTE-LAST-EXTERNAL
2022-05-06 15:55:00,62.099998,62.159999,62.009998,62.080001,255226.0,KRE.NYSE-5-MINUTE-LAST-EXTERNAL
2022-05-06 19:55:00,62.630001,62.669998,62.555,62.650001,473700.0,KRE.NYSE-5-MINUTE-LAST-EXTERNAL
2022-05-09 15:55:00,61.854999,61.919998,61.799999,61.86,63630.0,KRE.NYSE-5-MINUTE-LAST-EXTERNAL
2022-05-09 19:55:00,61.580001,61.86,61.575,61.779998,651524.0,KRE.NYSE-5-MINUTE-LAST-EXTERNAL
2022-05-10 15:55:00,60.654998,60.799999,60.479999,60.729999,227881.0,KRE.NYSE-5-MINUTE-LAST-EXTERNAL
2022-05-10 19:55:00,60.95,61.080001,60.889999,61.029998,388329.0,KRE.NYSE-5-MINUTE-LAST-EXTERNAL
2022-05-11 15:55:00,61.569999,61.569999,61.43,61.549999,79704.0,KRE.NYSE-5-MINUTE-LAST-EXTERNAL
2022-05-11 19:55:00,60.02,60.049999,59.935001,60.02,522377.0,KRE.NYSE-5-MINUTE-LAST-EXTERNAL
2022-05-12 15:55:00,59.349998,59.349998,59.060001,59.069999,220888.0,KRE.NYSE-5-MINUTE-LAST-EXTERNAL
2022-05-12 19:55:00,59.729999,60.060001,59.674999,60.029998,498813.0,KRE.NYSE-5-MINUTE-LAST-EXTERNAL
2022-05-13 15:55:00,60.810001,60.849998,60.77,60.849998,98498.0,KRE.NYSE-5-MINUTE-LAST-EXTERNAL
2022-05-13 19:55:00,60.549999,60.580001,60.470001,60.54,493169.0,KRE.NYSE-5-MINUTE-LAST-EXTERNAL
2022-05-16 15:55:00,60.060001,60.159999,60.04,60.139999,94287.0,KRE.NYSE-5-MINUTE-LAST-EXTERNAL
2022-05-16 19:55:00,59.919998,59.944999,59.779998,59.880001,330483.0,KRE.NYSE-5-MINUTE-LAST-EXTERNAL
2022-05-17 15:55:00,61.319999,61.330001,61.27,61.305,33396.0,KRE.NYSE-5-MINUTE-LAST-EXTERNAL
2022-05-17 19:55:00,62.049999,62.11,61.989898,62.069999,458606.0,KRE.NYSE-5-MINUTE-LAST-EXTERNAL
2022-05-18 15:55:00,60.779998,60.889999,60.759998,60.830001,93665.0,KRE.NYSE-5-MINUTE-LAST-EXTERNAL
2022-05-18 19:55:00,60.43,60.59,60.43,60.59,721524.0,KRE.NYSE-5-MINUTE-LAST-EXTERNAL
2022-05-19 15:55:00,60.299999,60.330001,60.240001,60.29,126619.0,KRE.NYSE-5-MINUTE-LAST-EXTERNAL
2022-05-19 19:55:00,59.79,59.889999,59.79,59.819999,306377.0,KRE.NYSE-5-MINUTE-LAST-EXTERNAL
2022-05-20 15:55:00,59.310001,59.384998,59.25,59.259998,84138.0,KRE.NYSE-5-MINUTE-LAST-EXTERNAL
2022-05-20 19:55:00,59.909999,60.0,59.830001,59.979999,565579.0,KRE.NYSE-5-MINUTE-LAST-EXTERNAL
2022-05-23 15:55:00,62.04,62.055,61.959999,61.959999,80857.0,KRE.NYSE-5-MINUTE-LAST-EXTERNAL
2022-05-23 19:55:00,61.299999,61.45,61.240001,61.439998,696332.0,KRE.NYSE-5-MINUTE-LAST-EXTERNAL
2022-05-24 15:55:00,60.169998,60.314998,60.159999,60.2,51099.0,KRE.NYSE-5-MINUTE-LAST-EXTERNAL
2022-05-24 19:55:00,60.915,61.02,60.865001,61.02,288662.0,KRE.NYSE-5-MINUTE-LAST-EXTERNAL
2022-05-25 15:55:00,61.68,61.810001,61.68,61.77,41838.0,KRE.NYSE-5-MINUTE-LAST-EXTERNAL
2022-05-25 19:55:00,61.990001,62.029998,61.919998,61.95,544134.0,KRE.NYSE-5-MINUTE-LAST-EXTERNAL
2022-05-26 15:55:00,62.889999,62.970001,62.849998,62.959999,25507.0,KRE.NYSE-5-MINUTE-LAST-EXTERNAL
2022-05-26 19:55:00,63.36,63.375,63.279998,63.299999,431437.0,KRE.NYSE-5-MINUTE-LAST-EXTERNAL
2022-05-27 15:55:00,63.77,63.779998,63.740001,63.759998,2401910.0,KRE.NYSE-5-MINUTE-LAST-EXTERNAL
2022-05-27 19:55:00,64.209999,64.309997,64.209999,64.300003,386090.0,KRE.NYSE-5-MINUTE-LAST-EXTERNAL
2022-05-31 15:55:00,64.010002,64.080001,63.990001,64.050003,97881.0,KRE.NYSE-5-MINUTE-LAST-EXTERNAL
2022-05-31 19:55:00,64.444999,64.449996,64.230003,64.279998,470780.0,KRE.NYSE-5-MINUTE-LAST-EXTERNAL
2022-06-01 15:55:00,62.650001,62.7,62.630001,62.7,41847.0,KRE.NYSE-5-MINUTE-LAST-EXTERNAL
2022-06-01 19:55:00,63.619998,63.630001,63.389999,63.43,433041.0,KRE.NYSE-5-MINUTE-LAST-EXTERNAL
2022-06-02 15:55:00,63.950298,63.979999,63.849998,63.86,48146.0,KRE.NYSE-5-MINUTE-LAST-EXTERNAL
2022-06-02 19:55:00,64.61,64.75,64.605003,64.739997,286299.0,KRE.NYSE-5-MINUTE-LAST-EXTERNAL
2022-06-03 15:55:00,63.84,63.93,63.84,63.909999,36316.0,KRE.NYSE-5-MINUTE-LAST-EXTERNAL
2022-06-03 19:55:00,63.970001,64.014999,63.919998,63.919998,439111.0,KRE.NYSE-5-MINUTE-LAST-EXTERNAL
2022-06-06 15:55:00,64.5,64.559997,64.5,64.54,37248.0,KRE.NYSE-5-MINUTE-LAST-EXTERNAL
2022-06-06 19:55:00,64.309997,64.355003,64.239997,64.25,274222.0,KRE.NYSE-5-MINUTE-LAST-EXTERNAL
2022-06-07 15:55:00,64.11,64.199996,64.11,64.190002,31031.0,KRE.NYSE-5-MINUTE-LAST-EXTERNAL
2022-06-07 19:55:00,64.739997,64.79,64.720001,64.779998,407693.0,KRE.NYSE-5-MINUTE-LAST-EXTERNAL
2022-06-08 15:55:00,63.970001,63.985,63.939998,63.939998,28688.0,KRE.NYSE-5-MINUTE-LAST-EXTERNAL
2022-06-08 19:55:00,63.689998,63.75,63.650001,63.669998,327671.0,KRE.NYSE-5-MINUTE-LAST-EXTERNAL
2022-06-09 15:55:00,62.944999,63.029998,62.939998,63.009998,16359.0,KRE.NYSE-5-MINUTE-LAST-EXTERNAL
2022-06-09 19:55:00,61.709999,61.759998,61.619998,61.630001,655582.0,KRE.NYSE-5-MINUTE-LAST-EXTERNAL
2022-06-10 15:55:00,59.650001,59.779998,59.619998,59.759998,53275.0,KRE.NYSE-5-MINUTE-LAST-EXTERNAL
2022-06-10 19:55:00,59.759998,59.915,59.669998,59.7,777122.0,KRE.NYSE-5-MINUTE-LAST-EXTERNAL
2022-06-13 15:55:00,58.560001,58.625,58.52,58.619998,115063.0,KRE.NYSE-5-MINUTE-LAST-EXTERNAL
2022-06-13 19:55:00,57.909999,58.099998,57.900001,58.080001,910108.0,KRE.NYSE-5-MINUTE-LAST-EXTERNAL
2022-06-14 15:55:00,58.45,58.509998,58.45,58.459999,77146.0,KRE.NYSE-5-MINUTE-LAST-EXTERNAL
2022-06-14 19:55:00,58.439998,58.52,58.419998,58.5,508790.0,KRE.NYSE-5-MINUTE-LAST-EXTERNAL
2022-06-15 15:55:00,59.409999,59.455001,59.400001,59.404998,24869.0,KRE.NYSE-5-MINUTE-LAST-EXTERNAL
2022-06-15 19:55:00,58.900001,58.990001,58.889999,58.959999,430147.0,KRE.NYSE-5-MINUTE-LAST-EXTERNAL
2022-06-16 15:55:00,56.994998,57.099998,56.979999,57.099998,54939.0,KRE.NYSE-5-MINUTE-LAST-EXTERNAL
2022-06-16 19:55:00,56.7,56.880001,56.6525,56.86,788774.0,KRE.NYSE-5-MINUTE-LAST-EXTERNAL
2022-06-17 15:55:00,57.54,57.61,57.490001,57.509998,54111.0,KRE.NYSE-5-MINUTE-LAST-EXTERNAL
2022-06-17 19:55:00,57.729999,57.799999,57.68,57.68,688312.0,KRE.NYSE-5-MINUTE-LAST-EXTERNAL
2022-06-21 15:55:00,58.159999,58.264999,58.154998,58.18,44875.0,KRE.NYSE-5-MINUTE-LAST-EXTERNAL
2022-06-21 19:55:00,58.384998,58.389999,58.224998,58.299999,426898.0,KRE.NYSE-5-MINUTE-LAST-EXTERNAL
2022-06-22 15:55:00,57.939998,57.955001,57.854999,57.869998,63747.0,KRE.NYSE-5-MINUTE-LAST-EXTERNAL
2022-06-22 19:55:00,58.485,58.490001,58.310001,58.310001,386289.0,KRE.NYSE-5-MINUTE-LAST-EXTERNAL
2022-06-23 15:55:00,57.54,57.54,57.45,57.476501,44813.0,KRE.NYSE-5-MINUTE-LAST-EXTERNAL
2022-06-23 19:55:00,57.459999,57.569999,57.409999,57.54,414003.0,KRE.NYSE-5-MINUTE-LAST-EXTERNAL
2022-06-24 15:55:00,59.560001,59.560001,59.400001,59.400001,66286.0,KRE.NYSE-5-MINUTE-LAST-EXTERNAL
2022-06-24 19:55:00,59.575,59.580001,59.439998,59.550098,648321.0,KRE.NYSE-5-MINUTE-LAST-EXTERNAL
2022-06-27 15:55:00,59.7,59.729999,59.659999,59.724998,26158.0,KRE.NYSE-5-MINUTE-LAST-EXTERNAL
2022-06-27 19:55:00,59.345001,59.459999,59.330001,59.45,286398.0,KRE.NYSE-5-MINUTE-LAST-EXTERNAL
2022-06-28 15:55:00,59.479999,59.59,59.45,59.529998,35867.0,KRE.NYSE-5-MINUTE-LAST-EXTERNAL
2022-06-28 19:55:00,59.229999,59.229999,59.11,59.119998,286878.0,KRE.NYSE-5-MINUTE-LAST-EXTERNAL
2022-06-29 15:55:00,58.630001,58.639999,58.555,58.639999,23677.0,KRE.NYSE-5-MINUTE-LAST-EXTERNAL
2022-06-29 19:55:00,58.54,58.659999,58.54,58.61,218998.0,KRE.NYSE-5-MINUTE-LAST-EXTERNAL
2022-06-30 15:55:00,58.145,58.240001,58.11,58.240001,20866.0,KRE.NYSE-5-MINUTE-LAST-EXTERNAL
2022-06-30 19:55:00,57.854999,58.09,57.799999,58.080001,1088739.0,KRE.NYSE-5-MINUTE-LAST-EXTERNAL
2022-07-01 15:55:00,57.84,57.900001,57.805,57.895,50934.0,KRE.NYSE-5-MINUTE-LAST-EXTERNAL
2022-07-01 19:55:00,59.029998,59.095001,58.990001,59.060001,431690.0,KRE.NYSE-5-MINUTE-LAST-EXTERNAL
2022-07-05 15:55:00,58.049999,58.095001,58.009998,58.02,81470.0,KRE.NYSE-5-MINUTE-LAST-EXTERNAL
2022-07-05 19:55:00,59.189998,59.29,59.125,59.279998,273166.0,KRE.NYSE-5-MINUTE-LAST-EXTERNAL
2022-07-06 15:55:00,58.669998,58.75,58.650001,58.729999,39891.0,KRE.NYSE-5-MINUTE-LAST-EXTERNAL
2022-07-06 19:55:00,58.77,58.84,58.720001,58.819999,276058.0,KRE.NYSE-5-MINUTE-LAST-EXTERNAL
2022-07-07 15:55:00,59.479999,59.54,59.479999,59.529998,18469.0,KRE.NYSE-5-MINUTE-LAST-EXTERNAL
2022-07-07 19:55:00,59.419998,59.470001,59.380001,59.439998,324539.0,KRE.NYSE-5-MINUTE-LAST-EXTERNAL
2022-07-08 15:55:00,59.330001,59.389999,59.319999,59.380001,15760.0,KRE.NYSE-5-MINUTE-LAST-EXTERNAL
2022-07-08 19:55:00,59.279998,59.34,59.224998,59.27,272928.0,KRE.NYSE-5-MINUTE-LAST-EXTERNAL
2022-07-11 15:55:00,58.630001,58.639999,58.59,58.61,11188.0,KRE.NYSE-5-MINUTE-LAST-EXTERNAL
2022-07-11 19:55:00,58.599998,58.689998,58.575,58.68,238506.0,KRE.NYSE-5-MINUTE-LAST-EXTERNAL
2022-07-12 15:55:00,59.380001,59.400001,59.279998,59.310001,42366.0,KRE.NYSE-5-MINUTE-LAST-EXTERNAL
2022-07-12 19:55:00,58.689998,58.764999,58.639999,58.659999,243801.0,KRE.NYSE-5-MINUTE-LAST-EXTERNAL
2022-07-13 15:55:00,57.439998,57.479999,57.409999,57.439998,31680.0,KRE.NYSE-5-MINUTE-LAST-EXTERNAL
2022-07-13 19:55:00,57.709999,57.779998,57.650001,57.669998,355719.0,KRE.NYSE-5-MINUTE-LAST-EXTERNAL
2022-07-14 15:55:00,56.650001,56.705001,56.619998,56.650001,96626.0,KRE.NYSE-5-MINUTE-LAST-EXTERNAL
2022-07-14 19:55:00,56.79,56.880001,56.779998,56.830001,312384.0,KRE.NYSE-5-MINUTE-LAST-EXTERNAL
2022-07-15 15:55:00,58.470001,58.529998,58.470001,58.5,42234.0,KRE.NYSE-5-MINUTE-LAST-EXTERNAL
2022-07-15 19:55:00,58.694999,58.75,58.694999,58.729999,716073.0,KRE.NYSE-5-MINUTE-LAST-EXTERNAL
2022-07-18 15:55:00,59.900001,59.95,59.880001,59.909999,34611.0,KRE.NYSE-5-MINUTE-LAST-EXTERNAL
2022-07-18 19:55:00,59.11,59.125,59.049999,59.060001,443595.0,KRE.NYSE-5-MINUTE-LAST-EXTERNAL
2022-07-19 15:55:00,60.665,60.759998,60.659999,60.75,29095.0,KRE.NYSE-5-MINUTE-LAST-EXTERNAL
2022-07-19 19:55:00,60.959999,60.979999,60.880001,60.919998,550267.0,KRE.NYSE-5-MINUTE-LAST-EXTERNAL
2022-07-20 15:55:00,61.299999,61.34,61.27,61.310001,12580.0,KRE.NYSE-5-MINUTE-LAST-EXTERNAL
2022-07-20 19:55:00,61.764999,61.830001,61.729999,61.759998,399136.0,KRE.NYSE-5-MINUTE-LAST-EXTERNAL
2022-07-21 15:55:00,61.529998,61.555,61.465,61.465,30199.0,KRE.NYSE-5-MINUTE-LAST-EXTERNAL
2022-07-21 19:55:00,61.729999,61.86,61.724998,61.849998,243314.0,KRE.NYSE-5-MINUTE-LAST-EXTERNAL
2022-07-22 15:55:00,61.525001,61.564998,61.439998,61.514999,24310.0,KRE.NYSE-5-MINUTE-LAST-EXTERNAL
2022-07-22 19:55:00,61.139999,61.229999,61.130001,61.229999,341414.0,KRE.NYSE-5-MINUTE-LAST-EXTERNAL
2022-07-25 15:55:00,62.369998,62.419998,62.36,62.419998,15833.0,KRE.NYSE-5-MINUTE-LAST-EXTERNAL
2022-07-25 19:55:00,62.244998,62.319999,62.229999,62.240001,553441.0,KRE.NYSE-5-MINUTE-LAST-EXTERNAL
2022-07-26 15:55:00,61.805,61.830001,61.75,61.75,26678.0,KRE.NYSE-5-MINUTE-LAST-EXTERNAL
2022-07-26 19:55:00,61.77,61.79,61.709999,61.75,371373.0,KRE.NYSE-5-MINUTE-LAST-EXTERNAL
2022-07-27 15:55:00,62.380001,62.45,62.380001,62.409999,2257171.0,KRE.NYSE-5-MINUTE-LAST-EXTERNAL
2022-07-27 19:55:00,62.95,62.965,62.869998,62.869998,503448.0,KRE.NYSE-5-MINUTE-LAST-EXTERNAL
2022-07-28 15:55:00,62.669998,62.724998,62.595001,62.615001,46645.0,KRE.NYSE-5-MINUTE-LAST-EXTERNAL
2022-07-28 19:55:00,62.924999,62.93,62.825,62.889999,154930.0,KRE.NYSE-5-MINUTE-LAST-EXTERNAL
2022-07-29 15:55:00,63.529998,63.555,63.5,63.529899,27081.0,KRE.NYSE-5-MINUTE-LAST-EXTERNAL
2022-07-29 19:55:00,63.849998,63.849998,63.759998,63.77,339932.0,KRE.NYSE-5-MINUTE-LAST-EXTERNAL
2022-08-01 15:55:00,63.485,63.490001,63.369998,63.395,2359416.0,KRE.NYSE-5-MINUTE-LAST-EXTERNAL
2022-08-01 19:55:00,63.849998,63.880001,63.75,63.84,419849.0,KRE.NYSE-5-MINUTE-LAST-EXTERNAL
2022-08-02 15:55:00,63.569999,63.569999,63.465,63.465,20623.0,KRE.NYSE-5-MINUTE-LAST-EXTERNAL
2022-08-02 19:55:00,63.159999,63.159999,63.064998,63.080001,430463.0,KRE.NYSE-5-MINUTE-LAST-EXTERNAL
2022-08-03 15:55:00,63.529998,63.630001,63.529998,63.560001,55725.0,KRE.NYSE-5-MINUTE-LAST-EXTERNAL
2022-08-03 19:55:00,63.919998,63.919998,63.735,63.775001,396273.0,KRE.NYSE-5-MINUTE-LAST-EXTERNAL
2022-08-04 15:55:00,63.34,63.36,63.330001,63.34,2123982.0,KRE.NYSE-5-MINUTE-LAST-EXTERNAL
2022-08-04 19:55:00,63.319999,63.325,63.25,63.284999,354174.0,KRE.NYSE-5-MINUTE-LAST-EXTERNAL
2022-08-05 15:55:00,63.784999,63.794998,63.650001,63.650001,19992.0,KRE.NYSE-5-MINUTE-LAST-EXTERNAL
2022-08-05 19:55:00,64.074996,64.099998,64.010002,64.019996,289619.0,KRE.NYSE-5-MINUTE-LAST-EXTERNAL
2022-08-08 15:55:00,64.220001,64.269996,64.209999,64.25,20441.0,KRE.NYSE-5-MINUTE-LAST-EXTERNAL
2022-08-08 19:55:00,64.059997,64.065002,63.985,64.0,209027.0,KRE.NYSE-5-MINUTE-LAST-EXTERNAL
2022-08-09 15:55:00,63.889999,63.889999,63.849998,63.876201,21811.0,KRE.NYSE-5-MINUTE-LAST-EXTERNAL
2022-08-09 19:55:00,64.150001,64.25,64.120002,64.239997,248796.0,KRE.NYSE-5-MINUTE-LAST-EXTERNAL
2022-08-10 15:55:00,65.714996,65.79,65.694999,65.785003,134285.0,KRE.NYSE-5-MINUTE-LAST-EXTERNAL
2022-08-10 19:55:00,65.669998,65.730003,65.650001,65.654998,357088.0,KRE.NYSE-5-MINUTE-LAST-EXTERNAL
2022-08-11 15:55:00,66.36,66.470001,66.345001,66.43,77942.0,KRE.NYSE-5-MINUTE-LAST-EXTERNAL
2022-08-11 19:55:00,66.54,66.580001,66.510002,66.569999,562581.0,KRE.NYSE-5-MINUTE-LAST-EXTERNAL
2022-08-12 15:55:00,67.191497,67.191497,67.099998,67.11,45935.0,KRE.NYSE-5-MINUTE-LAST-EXTERNAL
2022-08-12 19:55:00,67.5,67.599998,67.480003,67.580001,308047.0,KRE.NYSE-5-MINUTE-LAST-EXTERNAL
2022-08-15 15:55:00,67.629997,67.669998,67.61,67.620002,58718.0,KRE.NYSE-5-MINUTE-LAST-EXTERNAL
2022-08-15 19:55:00,67.894996,67.93,67.839996,67.93,166009.0,KRE.NYSE-5-MINUTE-LAST-EXTERNAL
2022-08-16 15:55:00,68.385002,68.480003,68.375,68.474998,145964.0,KRE.NYSE-5-MINUTE-LAST-EXTERNAL
2022-08-16 19:55:00,68.625,68.635002,68.529998,68.550003,425821.0,KRE.NYSE-5-MINUTE-LAST-EXTERNAL
2022-08-17 15:55:00,67.389999,67.400001,67.25,67.260002,114392.0,KRE.NYSE-5-MINUTE-LAST-EXTERNAL
2022-08-17 19:55:00,67.769996,67.79,67.699996,67.730003,292858.0,KRE.NYSE-5-MINUTE-LAST-EXTERNAL
2022-08-18 15:55:00,67.839996,67.849998,67.779998,67.779998,16355.0,KRE.NYSE-5-MINUTE-LAST-EXTERNAL
2022-08-18 19:55:00,67.959999,67.974998,67.910003,67.959999,126222.0,KRE.NYSE-5-MINUTE-LAST-EXTERNAL
2022-08-19 15:55:00,66.870002,66.879997,66.839996,66.839996,20071.0,KRE.NYSE-5-MINUTE-LAST-EXTERNAL
2022-08-19 19:55:00,66.879997,66.904998,66.839996,66.839996,464615.0,KRE.NYSE-5-MINUTE-LAST-EXTERNAL
2022-08-22 15:55:00,65.580001,65.669998,65.569999,65.614997,53455.0,KRE.NYSE-5-MINUTE-LAST-EXTERNAL
2022-08-22 19:55:00,65.285003,65.29,65.190002,65.260002,309870.0,KRE.NYSE-5-MINUTE-LAST-EXTERNAL
2022-08-23 15:55:00,65.269996,65.29,65.184997,65.260002,30645.0,KRE.NYSE-5-MINUTE-LAST-EXTERNAL
2022-08-23 19:55:00,64.889999,64.940002,64.870002,64.879997,250001.0,KRE.NYSE-5-MINUTE-LAST-EXTERNAL
2022-08-24 15:55:00,65.025001,65.025001,64.940002,64.940101,64092.0,KRE.NYSE-5-MINUTE-LAST-EXTERNAL
2022-08-24 19:55:00,64.809997,64.815002,64.720001,64.75,270729.0,KRE.NYSE-5-MINUTE-LAST-EXTERNAL
2022-08-25 15:55:00,65.569999,65.61,65.550003,65.599998,26894.0,KRE.NYSE-5-MINUTE-LAST-EXTERNAL
2022-08-25 19:55:00,65.629997,65.739997,65.61,65.720001,293427.0,KRE.NYSE-5-MINUTE-LAST-EXTERNAL
2022-08-26 15:55:00,64.75,64.75,64.635002,64.650001,14311.0,KRE.NYSE-5-MINUTE-LAST-EXTERNAL
2022-08-26 19:55:00,64.114997,64.269996,64.069999,64.11,555114.0,KRE.NYSE-5-MINUTE-LAST-EXTERNAL
2022-08-29 15:55:00,63.45,63.509998,63.439998,63.490001,24802.0,KRE.NYSE-5-MINUTE-LAST-EXTERNAL
2022-08-29 19:55:00,63.275001,63.279998,63.09,63.11,361775.0,KRE.NYSE-5-MINUTE-LAST-EXTERNAL
2022-08-30 15:55:00,63.09,63.139999,63.04,63.060001,32433.0,KRE.NYSE-5-MINUTE-LAST-EXTERNAL
2022-08-30 19:55:00,63.060001,63.150001,63.029998,63.069999,362505.0,KRE.NYSE-5-MINUTE-LAST-EXTERNAL
2022-08-31 15:55:00,63.04,63.130001,63.034999,63.125,18259.0,KRE.NYSE-5-MINUTE-LAST-EXTERNAL
2022-08-31 19:55:00,62.659999,62.689998,62.549999,62.569999,299093.0,KRE.NYSE-5-MINUTE-LAST-EXTERNAL
2022-09-01 15:55:00,61.889999,61.889999,61.77,61.84,31502.0,KRE.NYSE-5-MINUTE-LAST-EXTERNAL
2022-09-01 19:55:00,62.119998,62.259998,62.115001,62.220001,368234.0,KRE.NYSE-5-MINUTE-LAST-EXTERNAL
2022-09-02 15:55:00,63.310001,63.34,63.279998,63.279998,35561.0,KRE.NYSE-5-MINUTE-LAST-EXTERNAL
2022-09-02 19:55:00,61.7,61.779998,61.634998,61.77,362854.0,KRE.NYSE-5-MINUTE-LAST-EXTERNAL
2022-09-06 15:55:00,61.11,61.150001,61.080001,61.104999,33216.0,KRE.NYSE-5-MINUTE-LAST-EXTERNAL
2022-09-06 19:55:00,60.7,60.79,60.639999,60.759998,493825.0,KRE.NYSE-5-MINUTE-LAST-EXTERNAL
2022-09-07 15:55:00,61.189998,61.215,61.134998,61.150001,19066.0,KRE.NYSE-5-MINUTE-LAST-EXTERNAL
2022-09-07 19:55:00,62.009998,62.009998,61.900001,61.939998,807122.0,KRE.NYSE-5-MINUTE-LAST-EXTERNAL
2022-09-08 15:55:00,63.055,63.11,63.049999,63.09,63420.0,KRE.NYSE-5-MINUTE-LAST-EXTERNAL
2022-09-08 19:55:00,63.27,63.29,63.2,63.27,686363.0,KRE.NYSE-5-MINUTE-LAST-EXTERNAL
2022-09-09 15:55:00,63.990001,64.059997,63.959999,64.050003,29129.0,KRE.NYSE-5-MINUTE-LAST-EXTERNAL
2022-09-09 19:55:00,64.050003,64.11,64.029998,64.080001,356524.0,KRE.NYSE-5-MINUTE-LAST-EXTERNAL
2022-09-12 15:55:00,64.379997,64.404998,64.235,64.300003,63124.0,KRE.NYSE-5-MINUTE-LAST-EXTERNAL
2022-09-12 19:55:00,64.629997,64.709999,64.620002,64.699996,510213.0,KRE.NYSE-5-MINUTE-LAST-EXTERNAL
2022-09-13 15:55:00,63.139999,63.220001,63.139999,63.18,19476.0,KRE.NYSE-5-MINUTE-LAST-EXTERNAL
2022-09-13 19:55:00,62.630001,62.755001,62.59,62.650001,557754.0,KRE.NYSE-5-MINUTE-LAST-EXTERNAL
2022-09-14 15:55:00,62.7,62.705001,62.509998,62.525001,2362147.0,KRE.NYSE-5-MINUTE-LAST-EXTERNAL
2022-09-14 19:55:00,62.759998,62.819999,62.689998,62.810001,322755.0,KRE.NYSE-5-MINUTE-LAST-EXTERNAL
2022-09-15 15:55:00,63.560001,63.599998,63.470001,63.599998,43005.0,KRE.NYSE-5-MINUTE-LAST-EXTERNAL
2022-09-15 19:55:00,63.560001,63.669998,63.52,63.529998,376550.0,KRE.NYSE-5-MINUTE-LAST-EXTERNAL
2022-09-16 15:55:00,62.490001,62.569999,62.479999,62.569999,34036.0,KRE.NYSE-5-MINUTE-LAST-EXTERNAL
2022-09-16 19:55:00,62.880001,62.990001,62.875,62.95,612229.0,KRE.NYSE-5-MINUTE-LAST-EXTERNAL
2022-09-19 15:55:00,63.319999,63.330001,63.209999,63.215,28748.0,KRE.NYSE-5-MINUTE-LAST-EXTERNAL
2022-09-19 19:55:00,63.659999,63.689998,63.580001,63.659999,592675.0,KRE.NYSE-5-MINUTE-LAST-EXTERNAL
2022-09-20 15:55:00,63.659999,63.724998,63.654998,63.689998,46702.0,KRE.NYSE-5-MINUTE-LAST-EXTERNAL
2022-09-20 19:55:00,63.54,63.54,63.400001,63.439998,217935.0,KRE.NYSE-5-MINUTE-LAST-EXTERNAL
2022-09-21 15:55:00,63.959999,63.994998,63.944999,63.994998,104729.0,KRE.NYSE-5-MINUTE-LAST-EXTERNAL
2022-09-21 19:55:00,62.880001,62.880001,62.669998,62.68,352492.0,KRE.NYSE-5-MINUTE-LAST-EXTERNAL
2022-09-22 15:55:00,61.459999,61.474998,61.310001,61.354999,69917.0,KRE.NYSE-5-MINUTE-LAST-EXTERNAL
2022-09-22 19:55:00,61.52,61.525001,61.25,61.25,476567.0,KRE.NYSE-5-MINUTE-LAST-EXTERNAL
2022-09-23 15:55:00,59.880001,59.965,59.865001,59.959999,41603.0,KRE.NYSE-5-MINUTE-LAST-EXTERNAL
2022-09-23 19:55:00,60.284999,60.330001,60.134998,60.310001,519317.0,KRE.NYSE-5-MINUTE-LAST-EXTERNAL
2022-09-26 15:55:00,60.11,60.18,60.075,60.09,63333.0,KRE.NYSE-5-MINUTE-LAST-EXTERNAL
2022-09-26 19:55:00,60.049999,60.049999,59.740001,59.779998,313559.0,KRE.NYSE-5-MINUTE-LAST-EXTERNAL
2022-09-27 15:55:00,59.52,59.580001,59.439998,59.459999,62877.0,KRE.NYSE-5-MINUTE-LAST-EXTERNAL
2022-09-27 19:55:00,59.119998,59.18,59.04,59.080001,492225.0,KRE.NYSE-5-MINUTE-LAST-EXTERNAL
2022-09-28 15:55:00,60.060001,60.099998,60.009998,60.034999,23323.0,KRE.NYSE-5-MINUTE-LAST-EXTERNAL
2022-09-28 19:55:00,60.264999,60.27,60.060001,60.080001,533946.0,KRE.NYSE-5-MINUTE-LAST-EXTERNAL
2022-09-29 15:55:00,59.319999,59.34,59.169998,59.169998,116083.0,KRE.NYSE-5-MINUTE-LAST-EXTERNAL
2022-09-29 19:55:00,59.049999,59.165,59.0,59.119998,267331.0,KRE.NYSE-5-MINUTE-LAST-EXTERNAL
2022-09-30 15:55:00,59.709999,59.764999,59.689998,59.759998,63979.0,KRE.NYSE-5-MINUTE-LAST-EXTERNAL
2022-09-30 19:55:00,58.970001,58.970001,58.77,58.880001,555940.0,KRE.NYSE-5-MINUTE-LAST-EXTERNAL
2022-10-03 15:55:00,60.2,60.25,60.165,60.2,34820.0,KRE.NYSE-5-MINUTE-LAST-EXTERNAL
2022-10-03 19:55:00,60.259998,60.27,60.18,60.229999,482327.0,KRE.NYSE-5-MINUTE-LAST-EXTERNAL
2022-10-04 15:55:00,62.639999,62.705001,62.604999,62.7,80624.0,KRE.NYSE-5-MINUTE-LAST-EXTERNAL
2022-10-04 19:55:00,62.75,62.869998,62.729999,62.869998,638726.0,KRE.NYSE-5-MINUTE-LAST-EXTERNAL
2022-10-05 15:55:00,61.869998,61.889999,61.825,61.854999,25520.0,KRE.NYSE-5-MINUTE-LAST-EXTERNAL
2022-10-05 19:55:00,62.34,62.400001,62.299999,62.349998,502362.0,KRE.NYSE-5-MINUTE-LAST-EXTERNAL
2022-10-06 15:55:00,61.979999,62.0,61.720001,61.740001,120610.0,KRE.NYSE-5-MINUTE-LAST-EXTERNAL
2022-10-06 19:55:00,61.755001,61.825,61.7,61.75,341261.0,KRE.NYSE-5-MINUTE-LAST-EXTERNAL
2022-10-07 15:55:00,60.389999,60.485,60.389999,60.459999,35483.0,KRE.NYSE-5-MINUTE-LAST-EXTERNAL
2022-10-07 19:55:00,60.369998,60.400001,60.299999,60.34,511235.0,KRE.NYSE-5-MINUTE-LAST-EXTERNAL
2022-10-10 15:55:00,60.630001,60.645,60.560001,60.569999,44981.0,KRE.NYSE-5-MINUTE-LAST-EXTERNAL
2022-10-10 19:55:00,60.380001,60.380001,60.169998,60.189998,235599.0,KRE.NYSE-5-MINUTE-LAST-EXTERNAL
2022-10-11 15:55:00,60.275001,60.299999,60.215,60.229999,55064.0,KRE.NYSE-5-MINUTE-LAST-EXTERNAL
2022-10-11 19:55:00,60.009998,60.095001,59.909999,59.95,264392.0,KRE.NYSE-5-MINUTE-LAST-EXTERNAL
2022-10-12 15:55:00,60.150001,60.189998,60.130001,60.180198,27334.0,KRE.NYSE-5-MINUTE-LAST-EXTERNAL
2022-10-12 19:55:00,60.029998,60.029998,59.79,59.819999,286963.0,KRE.NYSE-5-MINUTE-LAST-EXTERNAL
2022-10-13 15:55:00,61.580001,61.639999,61.5,61.59,115151.0,KRE.NYSE-5-MINUTE-LAST-EXTERNAL
2022-10-13 19:55:00,62.569999,62.580001,62.45,62.479999,628621.0,KRE.NYSE-5-MINUTE-LAST-EXTERNAL
2022-10-14 15:55:00,61.939998,62.055,61.909999,61.974998,50202.0,KRE.NYSE-5-MINUTE-LAST-EXTERNAL
2022-10-14 19:55:00,61.615001,61.619998,61.45,61.529998,383977.0,KRE.NYSE-5-MINUTE-LAST-EXTERNAL
2022-10-17 15:55:00,62.909999,62.919998,62.84,62.84,34433.0,KRE.NYSE-5-MINUTE-LAST-EXTERNAL
2022-10-17 19:55:00,63.255001,63.264999,63.09,63.130001,693458.0,KRE.NYSE-5-MINUTE-LAST-EXTERNAL
2022-10-18 15:55:00,62.95,62.990001,62.900001,62.959999,38671.0,KRE.NYSE-5-MINUTE-LAST-EXTERNAL
2022-10-18 19:55:00,63.02,63.099998,62.919998,63.099998,369889.0,KRE.NYSE-5-MINUTE-LAST-EXTERNAL
2022-10-19 15:55:00,62.459999,62.470001,62.319999,62.319999,3856311.0,KRE.NYSE-5-MINUTE-LAST-EXTERNAL
2022-10-19 19:55:00,61.720001,61.799999,61.694999,61.779998,382591.0,KRE.NYSE-5-MINUTE-LAST-EXTERNAL
2022-10-20 15:55:00,60.799999,60.819999,60.645,60.650001,68835.0,KRE.NYSE-5-MINUTE-LAST-EXTERNAL
2022-10-20 19:55:00,59.784999,59.799999,59.634998,59.659999,873191.0,KRE.NYSE-5-MINUTE-LAST-EXTERNAL
2022-10-21 15:55:00,59.7,59.77,59.669998,59.7238,59861.0,KRE.NYSE-5-MINUTE-LAST-EXTERNAL
2022-10-21 19:55:00,60.490001,60.514999,60.409999,60.45,423388.0,KRE.NYSE-5-MINUTE-LAST-EXTERNAL
2022-10-24 15:55:00,61.509998,61.59,61.505001,61.544998,150396.0,KRE.NYSE-5-MINUTE-LAST-EXTERNAL
2022-10-24 19:55:00,61.479999,61.52,61.43,61.5,479897.0,KRE.NYSE-5-MINUTE-LAST-EXTERNAL
2022-10-25 15:55:00,62.424999,62.424999,62.365001,62.389999,60283.0,KRE.NYSE-5-MINUTE-LAST-EXTERNAL
2022-10-25 19:55:00,62.330001,62.380001,62.310001,62.36,316479.0,KRE.NYSE-5-MINUTE-LAST-EXTERNAL
2022-10-26 15:55:00,62.79,62.919998,62.79,62.909999,188972.0,KRE.NYSE-5-MINUTE-LAST-EXTERNAL
2022-10-26 19:55:00,62.400001,62.400001,62.27,62.299999,436635.0,KRE.NYSE-5-MINUTE-LAST-EXTERNAL
2022-10-27 15:55:00,62.979999,62.990001,62.900001,62.970001,39165.0,KRE.NYSE-5-MINUTE-LAST-EXTERNAL
2022-10-27 19:55:00,62.279998,62.339,62.215,62.330001,306259.0,KRE.NYSE-5-MINUTE-LAST-EXTERNAL
2022-10-28 15:55:00,63.159999,63.18,63.095001,63.11,31475.0,KRE.NYSE-5-MINUTE-LAST-EXTERNAL
2022-10-28 19:55:00,63.869998,63.909999,63.819999,63.869998,365516.0,KRE.NYSE-5-MINUTE-LAST-EXTERNAL
2022-10-31 15:55:00,63.965,64.010002,63.740001,63.830001,137015.0,KRE.NYSE-5-MINUTE-LAST-EXTERNAL
2022-10-31 19:55:00,63.93,64.0,63.880001,63.939998,459467.0,KRE.NYSE-5-MINUTE-LAST-EXTERNAL
2022-11-01 15:55:00,63.95,64.059997,63.939998,64.050003,76076.0,KRE.NYSE-5-MINUTE-LAST-EXTERNAL
2022-11-01 19:55:00,64.035003,64.050003,63.959999,63.970001,251494.0,KRE.NYSE-5-MINUTE-LAST-EXTERNAL
2022-11-02 15:55:00,63.375,63.389999,63.25,63.264999,37125.0,KRE.NYSE-5-MINUTE-LAST-EXTERNAL
2022-11-02 19:55:00,62.36,62.474998,62.330001,62.349998,451402.0,KRE.NYSE-5-MINUTE-LAST-EXTERNAL
2022-11-03 15:55:00,61.599998,61.619998,61.569999,61.599998,43068.0,KRE.NYSE-5-MINUTE-LAST-EXTERNAL
2022-11-03 19:55:00,61.95,61.959999,61.869998,61.889999,391013.0,KRE.NYSE-5-MINUTE-LAST-EXTERNAL
2022-11-04 15:55:00,62.7,62.735,62.549999,62.560001,119521.0,KRE.NYSE-5-MINUTE-LAST-EXTERNAL
2022-11-04 19:55:00,63.29,63.400001,63.27,63.389999,403621.0,KRE.NYSE-5-MINUTE-LAST-EXTERNAL
2022-11-07 15:55:00,63.400001,63.43,63.354999,63.389999,41859.0,KRE.NYSE-5-MINUTE-LAST-EXTERNAL
2022-11-07 19:55:00,63.75,63.75,63.630001,63.645,62042.0,KRE.NYSE-5-MINUTE-LAST-EXTERNAL
2022-11-07 21:00:00,63.740001,63.740001,63.740001,63.740001,412317.0,KRE.NYSE-5-MINUTE-LAST-EXTERNAL
2022-11-08 15:55:00,63.830001,63.830001,63.75,63.79,24269.0,KRE.NYSE-5-MINUTE-LAST-EXTERNAL
2022-11-08 19:55:00,63.479999,63.529998,63.43,63.43,32177.0,KRE.NYSE-5-MINUTE-LAST-EXTERNAL
2022-11-08 21:00:00,63.549999,63.549999,63.549999,63.549999,337815.0,KRE.NYSE-5-MINUTE-LAST-EXTERNAL
2022-11-09 15:55:00,62.970001,62.979999,62.84,62.924999,70412.0,KRE.NYSE-5-MINUTE-LAST-EXTERNAL
2022-11-09 19:55:00,62.625,62.625,62.564998,62.580001,25303.0,KRE.NYSE-5-MINUTE-LAST-EXTERNAL
2022-11-09 21:00:00,62.569999,62.569999,62.569999,62.569999,428447.0,KRE.NYSE-5-MINUTE-LAST-EXTERNAL
2022-11-10 15:55:00,65.199996,65.379997,65.150001,65.36,128576.0,KRE.NYSE-5-MINUTE-LAST-EXTERNAL
2022-11-10 19:55:00,65.425003,65.440002,65.389999,65.410003,34044.0,KRE.NYSE-5-MINUTE-LAST-EXTERNAL
2022-11-10 21:00:00,65.489997,65.489997,65.489997,65.489997,589107.0,KRE.NYSE-5-MINUTE-LAST-EXTERNAL
2022-11-11 15:55:00,65.220001,65.330001,65.18,65.279998,80197.0,KRE.NYSE-5-MINUTE-LAST-EXTERNAL
2022-11-11 19:55:00,65.349998,65.370002,65.300003,65.339996,26405.0,KRE.NYSE-5-MINUTE-LAST-EXTERNAL
2022-11-11 21:00:00,65.029998,65.029998,65.029998,65.029998,488326.0,KRE.NYSE-5-MINUTE-LAST-EXTERNAL
2022-11-14 15:55:00,64.830001,64.894996,64.819999,64.830001,45521.0,KRE.NYSE-5-MINUTE-LAST-EXTERNAL
2022-11-14 19:55:00,64.599998,64.625,64.569999,64.584999,78707.0,KRE.NYSE-5-MINUTE-LAST-EXTERNAL
2022-11-14 21:00:00,64.11,64.11,64.11,64.11,359135.0,KRE.NYSE-5-MINUTE-LAST-EXTERNAL
2022-11-15 15:55:00,65.089996,65.150001,64.959999,64.959999,53857.0,KRE.NYSE-5-MINUTE-LAST-EXTERNAL
2022-11-15 19:55:00,64.5,64.769996,64.5,64.720001,67803.0,KRE.NYSE-5-MINUTE-LAST-EXTERNAL
2022-11-15 21:00:00,64.54,64.54,64.54,64.54,235255.0,KRE.NYSE-5-MINUTE-LAST-EXTERNAL
2022-11-16 15:55:00,63.68,63.720001,63.6455,63.68,56123.0,KRE.NYSE-5-MINUTE-LAST-EXTERNAL
2022-11-16 19:55:00,63.54,63.59,63.534999,63.59,29218.0,KRE.NYSE-5-MINUTE-LAST-EXTERNAL
2022-11-16 21:00:00,63.490001,63.490001,63.490001,63.490001,508794.0,KRE.NYSE-5-MINUTE-LAST-EXTERNAL
2022-11-17 15:55:00,62.470001,62.490001,62.43,62.459999,37914.0,KRE.NYSE-5-MINUTE-LAST-EXTERNAL
2022-11-17 19:55:00,62.459999,62.459999,62.409999,62.43,103874.0,KRE.NYSE-5-MINUTE-LAST-EXTERNAL
2022-11-17 21:00:00,62.549999,62.549999,62.549999,62.549999,1037277.0,KRE.NYSE-5-MINUTE-LAST-EXTERNAL
2022-11-18 15:55:00,63.119998,63.119998,62.959999,63.0,59486.0,KRE.NYSE-5-MINUTE-LAST-EXTERNAL
2022-11-18 19:55:00,62.709999,62.775001,62.705001,62.77,38859.0,KRE.NYSE-5-MINUTE-LAST-EXTERNAL
2022-11-18 21:00:00,62.95,62.95,62.95,62.95,613236.0,KRE.NYSE-5-MINUTE-LAST-EXTERNAL
2022-11-21 15:55:00,62.849998,62.959999,62.845001,62.935001,29435.0,KRE.NYSE-5-MINUTE-LAST-EXTERNAL
2022-11-21 19:55:00,63.134998,63.159999,63.11,63.115001,94988.0,KRE.NYSE-5-MINUTE-LAST-EXTERNAL
2022-11-21 21:00:00,63.29,63.29,63.29,63.29,322015.0,KRE.NYSE-5-MINUTE-LAST-EXTERNAL
2022-11-22 15:55:00,63.990001,64.025001,63.935001,63.959999,44317.0,KRE.NYSE-5-MINUTE-LAST-EXTERNAL
2022-11-22 19:55:00,63.84,63.880001,63.84,63.86,26631.0,KRE.NYSE-5-MINUTE-LAST-EXTERNAL
2022-11-22 21:00:00,63.979999,63.979999,63.979999,63.979999,528146.0,KRE.NYSE-5-MINUTE-LAST-EXTERNAL
2022-11-23 15:55:00,64.220001,64.279998,64.199996,64.230003,57382.0,KRE.NYSE-5-MINUTE-LAST-EXTERNAL
2022-11-23 19:55:00,64.059997,64.105003,64.050003,64.065002,37812.0,KRE.NYSE-5-MINUTE-LAST-EXTERNAL
2022-11-23 21:00:00,63.970001,63.970001,63.970001,63.970001,186494.0,KRE.NYSE-5-MINUTE-LAST-EXTERNAL
2022-11-25 15:55:00,64.5,64.510002,64.464996,64.470001,13121.0,KRE.NYSE-5-MINUTE-LAST-EXTERNAL
2022-11-25 18:00:00,64.449996,64.449996,64.449996,64.449996,5205.0,KRE.NYSE-5-MINUTE-LAST-EXTERNAL
2022-11-28 15:55:00,63.604999,63.630001,63.549999,63.560001,26712.0,KRE.NYSE-5-MINUTE-LAST-EXTERNAL
2022-11-28 19:55:00,63.0,63.0,62.959999,62.965,31237.0,KRE.NYSE-5-MINUTE-LAST-EXTERNAL
2022-11-28 21:00:00,63.009998,63.009998,63.009998,63.009998,320913.0,KRE.NYSE-5-MINUTE-LAST-EXTERNAL
2022-11-29 15:55:00,63.54,63.569999,63.509998,63.52,27907.0,KRE.NYSE-5-MINUTE-LAST-EXTERNAL
2022-11-29 19:55:00,63.189998,63.224998,63.189998,63.224998,21467.0,KRE.NYSE-5-MINUTE-LAST-EXTERNAL
2022-11-29 21:00:00,63.389999,63.389999,63.389999,63.389999,254048.0,KRE.NYSE-5-MINUTE-LAST-EXTERNAL
2022-11-30 15:55:00,62.389999,62.45,62.389999,62.415,23426.0,KRE.NYSE-5-MINUTE-LAST-EXTERNAL
2022-11-30 19:55:00,63.845001,63.86,63.77,63.84,64040.0,KRE.NYSE-5-MINUTE-LAST-EXTERNAL
2022-11-30 21:00:00,64.519996,64.519996,64.519996,64.519996,690959.0,KRE.NYSE-5-MINUTE-LAST-EXTERNAL
2022-12-01 15:55:00,64.080001,64.150001,64.010002,64.129997,180082.0,KRE.NYSE-5-MINUTE-LAST-EXTERNAL
2022-12-01 19:55:00,64.120002,64.120002,64.069999,64.120002,26330.0,KRE.NYSE-5-MINUTE-LAST-EXTERNAL
2022-12-01 21:00:00,64.069999,64.069999,64.069999,64.069999,320982.0,KRE.NYSE-5-MINUTE-LAST-EXTERNAL
2022-12-02 15:55:00,63.779998,63.779998,63.619998,63.619998,106256.0,KRE.NYSE-5-MINUTE-LAST-EXTERNAL
2022-12-02 19:55:00,63.834999,63.889999,63.834999,63.889999,11339.0,KRE.NYSE-5-MINUTE-LAST-EXTERNAL
2022-12-02 21:00:00,63.95,63.95,63.95,63.95,474042.0,KRE.NYSE-5-MINUTE-LAST-EXTERNAL
2022-12-05 15:55:00,61.529998,61.549999,61.34,61.380001,159522.0,KRE.NYSE-5-MINUTE-LAST-EXTERNAL
2022-12-05 19:55:00,60.400001,60.5,60.369998,60.490001,145418.0,KRE.NYSE-5-MINUTE-LAST-EXTERNAL
2022-12-05 21:00:00,60.75,60.75,60.75,60.75,744181.0,KRE.NYSE-5-MINUTE-LAST-EXTERNAL
2022-12-06 15:55:00,60.115001,60.159999,60.075,60.11,38767.0,KRE.NYSE-5-MINUTE-LAST-EXTERNAL
2022-12-06 19:55:00,60.014999,60.029998,59.979999,60.009998,30476.0,KRE.NYSE-5-MINUTE-LAST-EXTERNAL
2022-12-06 21:00:00,60.159999,60.159999,60.159999,60.159999,567648.0,KRE.NYSE-5-MINUTE-LAST-EXTERNAL
2022-12-07 15:55:00,60.549999,60.59,60.45,60.479999,144582.0,KRE.NYSE-5-MINUTE-LAST-EXTERNAL
2022-12-07 19:55:00,60.139999,60.154998,60.11,60.145,24741.0,KRE.NYSE-5-MINUTE-LAST-EXTERNAL
2022-12-07 21:00:00,60.119998,60.119998,60.119998,60.119998,601451.0,KRE.NYSE-5-MINUTE-LAST-EXTERNAL
2022-12-08 15:55:00,60.514999,60.530101,60.459999,60.459999,202258.0,KRE.NYSE-5-MINUTE-LAST-EXTERNAL
2022-12-08 19:55:00,60.159999,60.174999,60.11,60.11,32182.0,KRE.NYSE-5-MINUTE-LAST-EXTERNAL
2022-12-08 21:00:00,60.279998,60.279998,60.279998,60.279998,256889.0,KRE.NYSE-5-MINUTE-LAST-EXTERNAL
2022-12-09 15:55:00,60.02,60.139999,60.02,60.130001,54985.0,KRE.NYSE-5-MINUTE-LAST-EXTERNAL
2022-12-09 19:55:00,60.264999,60.284999,60.229999,60.240001,30316.0,KRE.NYSE-5-MINUTE-LAST-EXTERNAL
2022-12-09 21:00:00,60.04,60.04,60.04,60.04,586555.0,KRE.NYSE-5-MINUTE-LAST-EXTERNAL
2022-12-12 15:55:00,60.209999,60.229999,60.169998,60.220001,22464.0,KRE.NYSE-5-MINUTE-LAST-EXTERNAL
2022-12-12 19:55:00,60.599998,60.674999,60.599998,60.654998,75888.0,KRE.NYSE-5-MINUTE-LAST-EXTERNAL
2022-12-12 21:00:00,60.59,60.59,60.59,60.59,796127.0,KRE.NYSE-5-MINUTE-LAST-EXTERNAL
2022-12-13 15:55:00,60.159999,60.189998,60.049999,60.099998,95815.0,KRE.NYSE-5-MINUTE-LAST-EXTERNAL
2022-12-13 19:55:00,59.61,59.634998,59.54,59.560001,79293.0,KRE.NYSE-5-MINUTE-LAST-EXTERNAL
2022-12-13 21:00:00,59.599998,59.599998,59.599998,59.599998,586436.0,KRE.NYSE-5-MINUTE-LAST-EXTERNAL
2022-12-14 15:55:00,59.479999,59.555,59.452499,59.5401,76170.0,KRE.NYSE-5-MINUTE-LAST-EXTERNAL
2022-12-14 19:55:00,58.534999,58.7,58.494998,58.654998,260217.0,KRE.NYSE-5-MINUTE-LAST-EXTERNAL
2022-12-14 21:00:00,58.5,58.5,58.5,58.5,652486.0,KRE.NYSE-5-MINUTE-LAST-EXTERNAL
2022-12-15 15:55:00,57.84,57.849998,57.735,57.830001,106437.0,KRE.NYSE-5-MINUTE-LAST-EXTERNAL
2022-12-15 19:55:00,57.534999,57.630001,57.494998,57.630001,87533.0,KRE.NYSE-5-MINUTE-LAST-EXTERNAL
2022-12-15 21:00:00,57.43,57.43,57.43,57.43,1472073.0,KRE.NYSE-5-MINUTE-LAST-EXTERNAL
2022-12-16 15:55:00,57.169998,57.189998,57.099998,57.18,39049.0,KRE.NYSE-5-MINUTE-LAST-EXTERNAL
2022-12-16 19:55:00,56.909999,57.014999,56.854999,56.965,124883.0,KRE.NYSE-5-MINUTE-LAST-EXTERNAL
2022-12-16 21:00:00,56.939998,56.939998,56.939998,56.939998,759941.0,KRE.NYSE-5-MINUTE-LAST-EXTERNAL
2022-12-19 15:55:00,56.830001,56.915,56.799999,56.86,44641.0,KRE.NYSE-5-MINUTE-LAST-EXTERNAL
2022-12-19 19:55:00,56.439998,56.525001,56.439998,56.518001,30897.0,KRE.NYSE-5-MINUTE-LAST-EXTERNAL
2022-12-19 21:00:00,56.830001,56.830001,56.830001,56.830001,362684.0,KRE.NYSE-5-MINUTE-LAST-EXTERNAL
2022-12-20 15:55:00,57.509998,57.549999,57.45,57.474998,106624.0,KRE.NYSE-5-MINUTE-LAST-EXTERNAL
2022-12-20 19:55:00,57.150001,57.150001,57.104999,57.130001,5433926.0,KRE.NYSE-5-MINUTE-LAST-EXTERNAL
2022-12-20 21:00:00,57.11,57.11,57.11,57.11,293335.0,KRE.NYSE-5-MINUTE-LAST-EXTERNAL
2022-12-21 15:55:00,58.36,58.404998,58.330001,58.36,41516.0,KRE.NYSE-5-MINUTE-LAST-EXTERNAL
2022-12-21 19:55:00,57.875,57.919998,57.86,57.889999,22109.0,KRE.NYSE-5-MINUTE-LAST-EXTERNAL
2022-12-21 21:00:00,58.060001,58.060001,58.060001,58.060001,285430.0,KRE.NYSE-5-MINUTE-LAST-EXTERNAL
2022-12-22 15:55:00,57.205001,57.220001,57.159999,57.18,75768.0,KRE.NYSE-5-MINUTE-LAST-EXTERNAL
2022-12-22 19:55:00,57.299999,57.384998,57.294998,57.380001,62263.0,KRE.NYSE-5-MINUTE-LAST-EXTERNAL
2022-12-22 21:00:00,57.84,57.84,57.84,57.84,390834.0,KRE.NYSE-5-MINUTE-LAST-EXTERNAL
2022-12-23 15:55:00,58.125,58.134998,58.029998,58.064998,46311.0,KRE.NYSE-5-MINUTE-LAST-EXTERNAL
2022-12-23 19:55:00,58.25,58.2994,58.244998,58.294998,29908.0,KRE.NYSE-5-MINUTE-LAST-EXTERNAL
2022-12-23 21:00:00,58.220001,58.220001,58.220001,58.220001,212351.0,KRE.NYSE-5-MINUTE-LAST-EXTERNAL
2022-12-27 15:55:00,58.34,58.34,58.255001,58.319999,23635.0,KRE.NYSE-5-MINUTE-LAST-EXTERNAL
2022-12-27 19:55:00,58.224998,58.229999,58.159999,58.209999,203041.0,KRE.NYSE-5-MINUTE-LAST-EXTERNAL
2022-12-27 21:00:00,58.279998,58.279998,58.279998,58.279998,170450.0,KRE.NYSE-5-MINUTE-LAST-EXTERNAL
2022-12-28 15:55:00,58.075,58.099998,58.04,58.069999,41496.0,KRE.NYSE-5-MINUTE-LAST-EXTERNAL
2022-12-28 19:55:00,58.18,58.2,58.139999,58.169998,38952.0,KRE.NYSE-5-MINUTE-LAST-EXTERNAL
2022-12-28 21:00:00,57.869998,57.869998,57.869998,57.869998,183870.0,KRE.NYSE-5-MINUTE-LAST-EXTERNAL
2022-12-29 15:55:00,58.490001,58.544998,58.490001,58.514999,28020.0,KRE.NYSE-5-MINUTE-LAST-EXTERNAL
2022-12-29 19:55:00,58.970001,58.979999,58.865001,58.865001,45177.0,KRE.NYSE-5-MINUTE-LAST-EXTERNAL
2022-12-29 21:00:00,58.959999,58.959999,58.959999,58.959999,388518.0,KRE.NYSE-5-MINUTE-LAST-EXTERNAL
2022-12-30 15:55:00,58.93,58.95,58.845001,58.849998,67809.0,KRE.NYSE-5-MINUTE-LAST-EXTERNAL
2022-12-30 19:55:00,58.43,58.459999,58.409999,58.435001,17772.0,KRE.NYSE-5-MINUTE-LAST-EXTERNAL
2022-12-30 21:00:00,58.740001,58.740001,58.740001,58.740001,199448.0,KRE.NYSE-5-MINUTE-LAST-EXTERNAL
2023-01-03 15:55:00,58.845001,59.075,58.845001,59.075,92306.0,KRE.NYSE-5-MINUTE-LAST-EXTERNAL
2023-01-03 19:55:00,58.330001,58.384998,58.275001,58.310001,133203.0,KRE.NYSE-5-MINUTE-LAST-EXTERNAL
2023-01-03 21:00:00,58.330001,58.330001,58.330001,58.330001,255517.0,KRE.NYSE-5-MINUTE-LAST-EXTERNAL
2023-01-04 15:55:00,59.389999,59.459999,59.349998,59.459999,49711.0,KRE.NYSE-5-MINUTE-LAST-EXTERNAL
2023-01-04 19:55:00,59.069999,59.220001,59.069999,59.209999,59410.0,KRE.NYSE-5-MINUTE-LAST-EXTERNAL
2023-01-04 21:00:00,59.119998,59.119998,59.119998,59.119998,275806.0,KRE.NYSE-5-MINUTE-LAST-EXTERNAL
2023-01-05 15:55:00,57.939998,57.95,57.869998,57.869998,27416.0,KRE.NYSE-5-MINUTE-LAST-EXTERNAL
2023-01-05 19:55:00,58.185001,58.209999,58.029998,58.04,24156.0,KRE.NYSE-5-MINUTE-LAST-EXTERNAL
2023-01-05 21:00:00,58.0,58.0,58.0,58.0,406300.0,KRE.NYSE-5-MINUTE-LAST-EXTERNAL
2023-01-06 15:55:00,59.165,59.209999,59.099998,59.099998,69037.0,KRE.NYSE-5-MINUTE-LAST-EXTERNAL
2023-01-06 19:55:00,59.630001,59.669998,59.619998,59.630001,131975.0,KRE.NYSE-5-MINUTE-LAST-EXTERNAL
2023-01-06 21:00:00,59.7,59.7,59.7,59.7,425529.0,KRE.NYSE-5-MINUTE-LAST-EXTERNAL
2023-01-09 15:55:00,59.669998,59.694999,59.599998,59.599998,35795.0,KRE.NYSE-5-MINUTE-LAST-EXTERNAL
2023-01-09 19:55:00,59.275001,59.29,59.169998,59.189998,40450.0,KRE.NYSE-5-MINUTE-LAST-EXTERNAL
2023-01-09 21:00:00,59.159999,59.159999,59.159999,59.159999,850157.0,KRE.NYSE-5-MINUTE-LAST-EXTERNAL
2023-01-10 15:55:00,59.330001,59.479999,59.330001,59.479999,45133.0,KRE.NYSE-5-MINUTE-LAST-EXTERNAL
2023-01-10 19:55:00,59.584999,59.595001,59.514999,59.534999,137489.0,KRE.NYSE-5-MINUTE-LAST-EXTERNAL
2023-01-10 21:00:00,59.61,59.61,59.61,59.61,266492.0,KRE.NYSE-5-MINUTE-LAST-EXTERNAL
2023-01-11 15:55:00,59.534999,59.534999,59.435001,59.45,50299.0,KRE.NYSE-5-MINUTE-LAST-EXTERNAL
2023-01-11 19:55:00,59.955001,59.959999,59.935001,59.95,23142.0,KRE.NYSE-5-MINUTE-LAST-EXTERNAL
2023-01-11 21:00:00,59.939998,59.939998,59.939998,59.939998,253150.0,KRE.NYSE-5-MINUTE-LAST-EXTERNAL
2023-01-12 15:55:00,60.560001,60.599998,60.479999,60.490001,86680.0,KRE.NYSE-5-MINUTE-LAST-EXTERNAL
2023-01-12 19:55:00,60.7275,60.759998,60.669998,60.759998,129814.0,KRE.NYSE-5-MINUTE-LAST-EXTERNAL
2023-01-12 21:00:00,60.68,60.68,60.68,60.68,377171.0,KRE.NYSE-5-MINUTE-LAST-EXTERNAL
2023-01-13 15:55:00,59.845001,59.924999,59.84,59.86,114784.0,KRE.NYSE-5-MINUTE-LAST-EXTERNAL
2023-01-13 19:55:00,60.529998,60.544998,60.505001,60.544998,23039.0,KRE.NYSE-5-MINUTE-LAST-EXTERNAL
2023-01-13 21:00:00,60.61,60.61,60.61,60.61,375301.0,KRE.NYSE-5-MINUTE-LAST-EXTERNAL
2023-01-17 15:55:00,60.409999,60.409999,60.284999,60.319999,116526.0,KRE.NYSE-5-MINUTE-LAST-EXTERNAL
2023-01-17 19:55:00,60.279998,60.294998,60.259998,60.294998,62957.0,KRE.NYSE-5-MINUTE-LAST-EXTERNAL
2023-01-17 21:00:00,60.240001,60.240001,60.240001,60.240001,459907.0,KRE.NYSE-5-MINUTE-LAST-EXTERNAL
2023-01-18 15:55:00,59.130001,59.18,59.025001,59.139999,267232.0,KRE.NYSE-5-MINUTE-LAST-EXTERNAL
2023-01-18 19:55:00,58.490001,58.494998,58.45,58.465,66317.0,KRE.NYSE-5-MINUTE-LAST-EXTERNAL
2023-01-18 21:00:00,58.09,58.09,58.09,58.09,1435264.0,KRE.NYSE-5-MINUTE-LAST-EXTERNAL
2023-01-19 15:55:00,57.305,57.490001,57.294998,57.479999,293127.0,KRE.NYSE-5-MINUTE-LAST-EXTERNAL
2023-01-19 19:55:00,58.099998,58.150001,58.080001,58.104999,391019.0,KRE.NYSE-5-MINUTE-LAST-EXTERNAL
2023-01-19 21:00:00,58.159999,58.159999,58.159999,58.159999,381564.0,KRE.NYSE-5-MINUTE-LAST-EXTERNAL
2023-01-20 15:55:00,59.2,59.220001,59.04,59.060001,61691.0,KRE.NYSE-5-MINUTE-LAST-EXTERNAL
2023-01-20 19:55:00,59.43,59.575,59.424999,59.564998,55994.0,KRE.NYSE-5-MINUTE-LAST-EXTERNAL
2023-01-20 21:00:00,59.77,59.77,59.77,59.77,526384.0,KRE.NYSE-5-MINUTE-LAST-EXTERNAL
2023-01-23 15:55:00,60.259998,60.310001,60.220001,60.310001,28001.0,KRE.NYSE-5-MINUTE-LAST-EXTERNAL
2023-01-23 19:55:00,60.549999,60.604999,60.43,60.544998,84045.0,KRE.NYSE-5-MINUTE-LAST-EXTERNAL
2023-01-23 21:00:00,60.720001,60.720001,60.720001,60.720001,450191.0,KRE.NYSE-5-MINUTE-LAST-EXTERNAL
2023-01-24 15:55:00,60.395,60.500701,60.395,60.465,87077.0,KRE.NYSE-5-MINUTE-LAST-EXTERNAL
2023-01-24 19:55:00,60.145,60.194999,60.145,60.174999,20659.0,KRE.NYSE-5-MINUTE-LAST-EXTERNAL
2023-01-24 21:00:00,60.0,60.0,60.0,60.0,316814.0,KRE.NYSE-5-MINUTE-LAST-EXTERNAL
2023-01-25 15:55:00,59.060001,59.169998,59.049999,59.154998,24563.0,KRE.NYSE-5-MINUTE-LAST-EXTERNAL
2023-01-25 19:55:00,59.979999,60.029998,59.974998,59.979999,23228.0,KRE.NYSE-5-MINUTE-LAST-EXTERNAL
2023-01-25 21:00:00,60.139999,60.139999,60.139999,60.139999,486583.0,KRE.NYSE-5-MINUTE-LAST-EXTERNAL
2023-01-26 15:55:00,59.95,59.95,59.869998,59.904998,70133.0,KRE.NYSE-5-MINUTE-LAST-EXTERNAL
2023-01-26 19:55:00,60.259998,60.305,60.255001,60.299999,24865.0,KRE.NYSE-5-MINUTE-LAST-EXTERNAL
2023-01-26 21:00:00,60.560001,60.560001,60.560001,60.560001,183926.0,KRE.NYSE-5-MINUTE-LAST-EXTERNAL
2023-01-27 15:55:00,60.45,60.490001,60.36,60.470001,67943.0,KRE.NYSE-5-MINUTE-LAST-EXTERNAL
2023-01-27 19:55:00,60.959999,61.02,60.959999,61.0,5143528.0,KRE.NYSE-5-MINUTE-LAST-EXTERNAL
2023-01-27 21:00:00,60.939998,60.939998,60.939998,60.939998,415277.0,KRE.NYSE-5-MINUTE-LAST-EXTERNAL
2023-01-30 15:55:00,60.59,60.630001,60.560001,60.630001,30153.0,KRE.NYSE-5-MINUTE-LAST-EXTERNAL
2023-01-30 19:55:00,60.500099,60.564998,60.479999,60.544998,22667.0,KRE.NYSE-5-MINUTE-LAST-EXTERNAL
2023-01-30 21:00:00,60.319999,60.319999,60.319999,60.319999,440504.0,KRE.NYSE-5-MINUTE-LAST-EXTERNAL
2023-01-31 15:55:00,60.994998,61.014999,60.959999,61.009998,112679.0,KRE.NYSE-5-MINUTE-LAST-EXTERNAL
2023-01-31 19:55:00,61.740001,61.764999,61.709999,61.720001,25788.0,KRE.NYSE-5-MINUTE-LAST-EXTERNAL
2023-01-31 21:00:00,62.119998,62.119998,62.119998,62.119998,1041492.0,KRE.NYSE-5-MINUTE-LAST-EXTERNAL
2023-02-01 15:55:00,62.029998,62.11,61.990001,62.04,63453.0,KRE.NYSE-5-MINUTE-LAST-EXTERNAL
2023-02-01 19:55:00,63.069999,63.139999,62.900001,63.009998,90696.0,KRE.NYSE-5-MINUTE-LAST-EXTERNAL
2023-02-01 21:00:00,63.0,63.0,63.0,63.0,658608.0,KRE.NYSE-5-MINUTE-LAST-EXTERNAL
2023-02-02 15:55:00,64.779998,64.845001,64.68,64.830001,226634.0,KRE.NYSE-5-MINUTE-LAST-EXTERNAL
2023-02-02 19:55:00,64.129997,64.135002,64.0,64.019996,64784.0,KRE.NYSE-5-MINUTE-LAST-EXTERNAL
2023-02-02 21:00:00,64.68,64.68,64.68,64.68,504889.0,KRE.NYSE-5-MINUTE-LAST-EXTERNAL
2023-02-03 15:55:00,65.0,65.050003,64.879997,65.035003,86730.0,KRE.NYSE-5-MINUTE-LAST-EXTERNAL
2023-02-03 19:55:00,64.510002,64.535003,64.370002,64.379997,319762.0,KRE.NYSE-5-MINUTE-LAST-EXTERNAL
2023-02-03 21:00:00,64.720001,64.720001,64.720001,64.720001,402384.0,KRE.NYSE-5-MINUTE-LAST-EXTERNAL
2023-02-06 15:55:00,63.974998,64.0,63.919998,63.939998,30372.0,KRE.NYSE-5-MINUTE-LAST-EXTERNAL
2023-02-06 19:55:00,63.86,63.904998,63.86,63.900001,21990.0,KRE.NYSE-5-MINUTE-LAST-EXTERNAL
2023-02-06 21:00:00,64.099998,64.099998,64.099998,64.099998,694857.0,KRE.NYSE-5-MINUTE-LAST-EXTERNAL
2023-02-07 15:55:00,63.900001,63.909999,63.79,63.814998,19462.0,KRE.NYSE-5-MINUTE-LAST-EXTERNAL
2023-02-07 19:55:00,64.580001,64.589996,64.54,64.584999,20734.0,KRE.NYSE-5-MINUTE-LAST-EXTERNAL
2023-02-07 21:00:00,64.79,64.79,64.79,64.79,546469.0,KRE.NYSE-5-MINUTE-LAST-EXTERNAL
2023-02-08 15:55:00,64.29,64.419998,64.25,64.389999,20240.0,KRE.NYSE-5-MINUTE-LAST-EXTERNAL
2023-02-08 19:55:00,64.050003,64.139999,64.025001,64.114997,26437.0,KRE.NYSE-5-MINUTE-LAST-EXTERNAL
2023-02-08 21:00:00,64.059997,64.059997,64.059997,64.059997,807526.0,KRE.NYSE-5-MINUTE-LAST-EXTERNAL
2023-02-09 15:55:00,63.95,64.050003,63.93,64.010002,35743.0,KRE.NYSE-5-MINUTE-LAST-EXTERNAL
2023-02-09 19:55:00,63.314998,63.319999,63.279998,63.319999,32118.0,KRE.NYSE-5-MINUTE-LAST-EXTERNAL
2023-02-09 21:00:00,63.119998,63.119998,63.119998,63.119998,421731.0,KRE.NYSE-5-MINUTE-LAST-EXTERNAL
2023-02-10 15:55:00,62.869998,62.889999,62.819999,62.880001,385334.0,KRE.NYSE-5-MINUTE-LAST-EXTERNAL
2023-02-10 19:55:00,62.919998,62.95,62.895,62.919998,26841.0,KRE.NYSE-5-MINUTE-LAST-EXTERNAL
2023-02-10 21:00:00,62.990001,62.990001,62.990001,62.990001,351546.0,KRE.NYSE-5-MINUTE-LAST-EXTERNAL
2023-02-13 15:55:00,63.259998,63.284999,63.209999,63.25,24212.0,KRE.NYSE-5-MINUTE-LAST-EXTERNAL
2023-02-13 19:55:00,63.330001,63.354999,63.319999,63.354999,9574.0,KRE.NYSE-5-MINUTE-LAST-EXTERNAL
2023-02-13 21:00:00,63.5,63.5,63.5,63.5,341705.0,KRE.NYSE-5-MINUTE-LAST-EXTERNAL
2023-02-14 15:55:00,62.86,62.909999,62.77,62.79,241019.0,KRE.NYSE-5-MINUTE-LAST-EXTERNAL
2023-02-14 19:55:00,63.345001,63.365001,63.314998,63.349998,26259.0,KRE.NYSE-5-MINUTE-LAST-EXTERNAL
2023-02-14 21:00:00,63.259998,63.259998,63.259998,63.259998,352003.0,KRE.NYSE-5-MINUTE-LAST-EXTERNAL
2023-02-15 15:55:00,63.650001,63.709999,63.61,63.659999,68418.0,KRE.NYSE-5-MINUTE-LAST-EXTERNAL
2023-02-15 19:55:00,63.959999,63.967498,63.915,63.93,4442985.0,KRE.NYSE-5-MINUTE-LAST-EXTERNAL
2023-02-15 21:00:00,64.010002,64.010002,64.010002,64.010002,448037.0,KRE.NYSE-5-MINUTE-LAST-EXTERNAL
2023-02-16 15:55:00,63.36,63.36,63.259998,63.330001,2753840.0,KRE.NYSE-5-MINUTE-LAST-EXTERNAL
2023-02-16 19:55:00,63.43,63.479999,63.43,63.45,18215.0,KRE.NYSE-5-MINUTE-LAST-EXTERNAL
2023-02-16 21:00:00,62.880001,62.880001,62.880001,62.880001,761481.0,KRE.NYSE-5-MINUTE-LAST-EXTERNAL
2023-02-17 15:55:00,62.77,62.810001,62.650001,62.7,49471.0,KRE.NYSE-5-MINUTE-LAST-EXTERNAL
2023-02-17 19:55:00,63.220001,63.25,63.189998,63.205001,29102.0,KRE.NYSE-5-MINUTE-LAST-EXTERNAL
2023-02-17 21:00:00,63.2,63.2,63.2,63.2,350222.0,KRE.NYSE-5-MINUTE-LAST-EXTERNAL
2023-02-21 15:55:00,61.810001,61.869998,61.75,61.830001,41790.0,KRE.NYSE-5-MINUTE-LAST-EXTERNAL
2023-02-21 19:55:00,61.729999,61.740001,61.685001,61.729999,3305290.0,KRE.NYSE-5-MINUTE-LAST-EXTERNAL
2023-02-21 21:00:00,61.729999,61.729999,61.729999,61.729999,701878.0,KRE.NYSE-5-MINUTE-LAST-EXTERNAL
2023-02-22 15:55:00,61.564998,61.595001,61.549999,61.569999,17658.0,KRE.NYSE-5-MINUTE-LAST-EXTERNAL
2023-02-22 19:55:00,61.255001,61.255001,61.080001,61.080001,251539.0,KRE.NYSE-5-MINUTE-LAST-EXTERNAL
2023-02-22 21:00:00,61.43,61.43,61.43,61.43,540817.0,KRE.NYSE-5-MINUTE-LAST-EXTERNAL
2023-02-23 15:55:00,61.334999,61.369998,61.319999,61.345001,53068.0,KRE.NYSE-5-MINUTE-LAST-EXTERNAL
2023-02-23 19:55:00,61.639999,61.639999,61.549999,61.584999,53327.0,KRE.NYSE-5-MINUTE-LAST-EXTERNAL
2023-02-23 21:00:00,61.669998,61.669998,61.669998,61.669998,603934.0,KRE.NYSE-5-MINUTE-LAST-EXTERNAL
2023-02-24 15:55:00,60.979999,61.115001,60.959999,61.099998,60431.0,KRE.NYSE-5-MINUTE-LAST-EXTERNAL
2023-02-24 19:55:00,61.490001,61.569999,61.474998,61.549999,54685.0,KRE.NYSE-5-MINUTE-LAST-EXTERNAL
2023-02-24 21:00:00,61.68,61.68,61.68,61.68,555087.0,KRE.NYSE-5-MINUTE-LAST-EXTERNAL
2023-02-27 15:55:00,62.159999,62.169998,62.060001,62.130001,61951.0,KRE.NYSE-5-MINUTE-LAST-EXTERNAL
2023-02-27 19:55:00,61.639999,61.665,61.619998,61.619998,23916.0,KRE.NYSE-5-MINUTE-LAST-EXTERNAL
2023-02-27 21:00:00,61.659999,61.659999,61.659999,61.659999,314905.0,KRE.NYSE-5-MINUTE-LAST-EXTERNAL
2023-02-28 15:55:00,61.84,61.880001,61.814998,61.869998,64660.0,KRE.NYSE-5-MINUTE-LAST-EXTERNAL
2023-02-28 19:55:00,61.965,61.990001,61.944999,61.955001,49903.0,KRE.NYSE-5-MINUTE-LAST-EXTERNAL
2023-02-28 21:00:00,61.560001,61.560001,61.560001,61.560001,1201198.0,KRE.NYSE-5-MINUTE-LAST-EXTERNAL
2023-03-01 15:55:00,61.229999,61.365001,61.215,61.325,77696.0,KRE.NYSE-5-MINUTE-LAST-EXTERNAL
2023-03-01 19:55:00,60.849998,60.889999,60.834999,60.854999,32233.0,KRE.NYSE-5-MINUTE-LAST-EXTERNAL
2023-03-01 21:00:00,61.189998,61.189998,61.189998,61.189998,457529.0,KRE.NYSE-5-MINUTE-LAST-EXTERNAL
2023-03-02 15:55:00,59.709999,59.724998,59.630001,59.630001,44109.0,KRE.NYSE-5-MINUTE-LAST-EXTERNAL
2023-03-02 19:55:00,59.384998,59.424999,59.345001,59.389999,60958.0,KRE.NYSE-5-MINUTE-LAST-EXTERNAL
2023-03-02 21:00:00,59.639999,59.639999,59.639999,59.639999,797449.0,KRE.NYSE-5-MINUTE-LAST-EXTERNAL
2023-03-03 15:55:00,59.759998,59.810001,59.720001,59.729999,34851.0,KRE.NYSE-5-MINUTE-LAST-EXTERNAL
2023-03-03 19:55:00,60.294998,60.345001,60.29,60.345001,6360271.0,KRE.NYSE-5-MINUTE-LAST-EXTERNAL
2023-03-03 21:00:00,60.380001,60.380001,60.380001,60.380001,582285.0,KRE.NYSE-5-MINUTE-LAST-EXTERNAL
2023-03-06 15:55:00,60.52,60.529998,60.435001,60.470001,61209.0,KRE.NYSE-5-MINUTE-LAST-EXTERNAL
2023-03-06 19:55:00,60.0,60.0,59.909999,59.93,5408198.0,KRE.NYSE-5-MINUTE-LAST-EXTERNAL
2023-03-06 21:00:00,59.93,59.93,59.93,59.93,510101.0,KRE.NYSE-5-MINUTE-LAST-EXTERNAL
2023-03-07 15:55:00,58.459999,58.514999,58.384998,58.409999,159911.0,KRE.NYSE-5-MINUTE-LAST-EXTERNAL
2023-03-07 19:55:00,57.939998,57.979999,57.919998,57.959999,140114.0,KRE.NYSE-5-MINUTE-LAST-EXTERNAL
2023-03-07 21:00:00,58.0,58.0,58.0,58.0,896009.0,KRE.NYSE-5-MINUTE-LAST-EXTERNAL
2023-03-08 15:55:00,58.069999,58.069999,57.955001,57.970001,122153.0,KRE.NYSE-5-MINUTE-LAST-EXTERNAL
2023-03-08 19:55:00,57.404998,57.459999,57.395,57.435001,133612.0,KRE.NYSE-5-MINUTE-LAST-EXTERNAL
2023-03-08 21:00:00,57.7,57.7,57.7,57.7,1462976.0,KRE.NYSE-5-MINUTE-LAST-EXTERNAL
2023-03-09 15:55:00,54.919998,54.919998,54.7,54.720001,428198.0,KRE.NYSE-5-MINUTE-LAST-EXTERNAL
2023-03-09 19:55:00,53.259998,53.319999,53.220001,53.319999,428991.0,KRE.NYSE-5-MINUTE-LAST-EXTERNAL
2023-03-09 21:00:00,53.02,53.02,53.02,53.02,2489113.0,KRE.NYSE-5-MINUTE-LAST-EXTERNAL
2023-03-10 15:55:00,51.34,51.819999,51.330001,51.779998,1216588.0,KRE.NYSE-5-MINUTE-LAST-EXTERNAL
2023-03-10 19:55:00,50.465,50.52,50.150001,50.220001,548992.0,KRE.NYSE-5-MINUTE-LAST-EXTERNAL
2023-03-10 21:00:00,50.689998,50.689998,50.689998,50.689998,2837336.0,KRE.NYSE-5-MINUTE-LAST-EXTERNAL
2023-03-13 15:55:00,45.560001,45.740001,45.229999,45.734001,740169.0,KRE.NYSE-5-MINUTE-LAST-EXTERNAL
2023-03-13 19:55:00,44.525001,44.549999,44.419998,44.439998,2419324.0,KRE.NYSE-5-MINUTE-LAST-EXTERNAL
2023-03-14 15:55:00,47.134998,47.310001,47.084999,47.224998,357539.0,KRE.NYSE-5-MINUTE-LAST-EXTERNAL
2023-03-14 19:55:00,45.134998,45.470001,45.130001,45.43,2230267.0,KRE.NYSE-5-MINUTE-LAST-EXTERNAL
2023-03-15 15:55:00,44.659999,44.740001,44.599998,44.698299,421874.0,KRE.NYSE-5-MINUTE-LAST-EXTERNAL
2023-03-15 19:55:00,44.384998,44.639999,44.380001,44.630001,1342762.0,KRE.NYSE-5-MINUTE-LAST-EXTERNAL
2023-03-16 15:55:00,45.459999,45.505001,45.2084,45.25,1162937.0,KRE.NYSE-5-MINUTE-LAST-EXTERNAL
2023-03-16 19:55:00,46.209999,46.27,46.139999,46.209999,1516319.0,KRE.NYSE-5-MINUTE-LAST-EXTERNAL
2023-03-17 15:55:00,43.825,43.95,43.819999,43.93,285664.0,KRE.NYSE-5-MINUTE-LAST-EXTERNAL
2023-03-17 19:55:00,43.479999,43.544998,43.400001,43.43,2579722.0,KRE.NYSE-5-MINUTE-LAST-EXTERNAL
2023-03-20 15:55:00,44.259998,44.5,44.25,44.354999,1422659.0,KRE.NYSE-5-MINUTE-LAST-EXTERNAL
2023-03-20 19:55:00,43.560001,43.599998,43.549999,43.59,1449958.0,KRE.NYSE-5-MINUTE-LAST-EXTERNAL
2023-03-21 15:55:00,45.799999,45.884998,45.779998,45.869998,113464.0,KRE.NYSE-5-MINUTE-LAST-EXTERNAL
2023-03-21 19:55:00,46.2,46.220001,46.02,46.04,1120670.0,KRE.NYSE-5-MINUTE-LAST-EXTERNAL
2023-03-22 15:55:00,45.34,45.400001,45.310001,45.400001,244470.0,KRE.NYSE-5-MINUTE-LAST-EXTERNAL
2023-03-22 19:55:00,43.465,43.580001,43.380001,43.389999,3033551.0,KRE.NYSE-5-MINUTE-LAST-EXTERNAL
2023-03-23 15:55:00,43.27,43.349998,43.244998,43.29,277603.0,KRE.NYSE-5-MINUTE-LAST-EXTERNAL
2023-03-23 19:55:00,42.330001,42.349998,42.209999,42.220001,1118410.0,KRE.NYSE-5-MINUTE-LAST-EXTERNAL
2023-03-24 15:55:00,43.029998,43.325,43.029998,43.279998,1763375.0,KRE.NYSE-5-MINUTE-LAST-EXTERNAL
2023-03-24 19:55:00,43.415,43.52,43.349998,43.5,1418770.0,KRE.NYSE-5-MINUTE-LAST-EXTERNAL
2023-03-27 15:55:00,44.029998,44.060001,43.909999,44.025001,238843.0,KRE.NYSE-5-MINUTE-LAST-EXTERNAL
2023-03-27 19:55:00,44.084999,44.084999,43.854999,43.895,1520807.0,KRE.NYSE-5-MINUTE-LAST-EXTERNAL
2023-03-28 15:55:00,44.034999,44.055,44.02,44.020099,59447.0,KRE.NYSE-5-MINUTE-LAST-EXTERNAL
2023-03-28 19:55:00,43.889999,43.919998,43.849998,43.900001,653430.0,KRE.NYSE-5-MINUTE-LAST-EXTERNAL
2023-03-29 15:55:00,44.049999,44.069999,43.994998,44.049999,84496.0,KRE.NYSE-5-MINUTE-LAST-EXTERNAL
2023-03-29 19:55:00,44.419998,44.419998,44.310001,44.409999,1438245.0,KRE.NYSE-5-MINUTE-LAST-EXTERNAL
2023-03-30 15:55:00,43.822601,43.849998,43.740001,43.759998,427687.0,KRE.NYSE-5-MINUTE-LAST-EXTERNAL
2023-03-30 19:55:00,43.439998,43.490001,43.419998,43.459999,768756.0,KRE.NYSE-5-MINUTE-LAST-EXTERNAL
2023-03-31 15:55:00,43.674999,43.689998,43.650001,43.654998,127470.0,KRE.NYSE-5-MINUTE-LAST-EXTERNAL
2023-03-31 19:55:00,43.86,43.889999,43.819999,43.84,1066508.0,KRE.NYSE-5-MINUTE-LAST-EXTERNAL
2023-04-03 15:55:00,43.235,43.349998,43.220001,43.314998,71388.0,KRE.NYSE-5-MINUTE-LAST-EXTERNAL
2023-04-03 19:55:00,43.36,43.43,43.354999,43.400001,894240.0,KRE.NYSE-5-MINUTE-LAST-EXTERNAL
2023-04-04 15:55:00,41.895,41.95,41.84,41.875,164828.0,KRE.NYSE-5-MINUTE-LAST-EXTERNAL
2023-04-04 19:55:00,42.349998,42.479999,42.349998,42.45,845556.0,KRE.NYSE-5-MINUTE-LAST-EXTERNAL
2023-04-05 15:55:00,41.59,41.7,41.580001,41.7,151154.0,KRE.NYSE-5-MINUTE-LAST-EXTERNAL
2023-04-05 19:55:00,42.029998,42.04,41.979999,41.994998,943427.0,KRE.NYSE-5-MINUTE-LAST-EXTERNAL
2023-04-06 15:55:00,42.494998,42.549999,42.490001,42.509998,105528.0,KRE.NYSE-5-MINUTE-LAST-EXTERNAL
2023-04-06 19:55:00,42.580001,42.630001,42.529998,42.619998,1062235.0,KRE.NYSE-5-MINUTE-LAST-EXTERNAL
2023-04-10 15:55:00,42.68,42.7,42.61,42.619998,86676.0,KRE.NYSE-5-MINUTE-LAST-EXTERNAL
2023-04-10 19:55:00,42.819999,42.880001,42.784999,42.8698,491583.0,KRE.NYSE-5-MINUTE-LAST-EXTERNAL
2023-04-11 15:55:00,42.990001,43.099998,42.970001,43.09,311914.0,KRE.NYSE-5-MINUTE-LAST-EXTERNAL
2023-04-11 19:55:00,43.049999,43.055,42.959999,42.970001,544723.0,KRE.NYSE-5-MINUTE-LAST-EXTERNAL
2023-04-12 15:55:00,42.509998,42.580101,42.509998,42.5499,300382.0,KRE.NYSE-5-MINUTE-LAST-EXTERNAL
2023-04-12 19:55:00,42.479999,42.529998,42.404998,42.52,679480.0,KRE.NYSE-5-MINUTE-LAST-EXTERNAL
2023-04-13 15:55:00,42.955001,42.990001,42.909999,42.979999,151929.0,KRE.NYSE-5-MINUTE-LAST-EXTERNAL
2023-04-13 19:55:00,43.11,43.150001,43.075,43.145,993737.0,KRE.NYSE-5-MINUTE-LAST-EXTERNAL
2023-04-14 15:55:00,42.284999,42.380001,42.244499,42.375,357678.0,KRE.NYSE-5-MINUTE-LAST-EXTERNAL
2023-04-14 19:55:00,42.240001,42.330001,42.220001,42.310001,1384896.0,KRE.NYSE-5-MINUTE-LAST-EXTERNAL
2023-04-17 15:55:00,42.869998,42.869998,42.659999,42.669998,165009.0,KRE.NYSE-5-MINUTE-LAST-EXTERNAL
2023-04-17 19:55:00,43.549999,43.580001,43.479999,43.569999,1462466.0,KRE.NYSE-5-MINUTE-LAST-EXTERNAL
2023-04-18 15:55:00,42.619998,42.630001,42.54,42.549999,92571.0,KRE.NYSE-5-MINUTE-LAST-EXTERNAL
2023-04-18 19:55:00,42.650001,42.705001,42.630001,42.650001,1075803.0,KRE.NYSE-5-MINUTE-LAST-EXTERNAL
2023-04-19 15:55:00,43.244998,43.294998,43.229999,43.259998,265478.0,KRE.NYSE-5-MINUTE-LAST-EXTERNAL
2023-04-19 19:55:00,44.310001,44.319999,44.259998,44.29,1459480.0,KRE.NYSE-5-MINUTE-LAST-EXTERNAL
2023-04-20 15:55:00,43.395,43.419998,43.330001,43.369998,367934.0,KRE.NYSE-5-MINUTE-LAST-EXTERNAL
2023-04-20 19:55:00,43.459999,43.52,43.43,43.490001,1085651.0,KRE.NYSE-5-MINUTE-LAST-EXTERNAL
2023-04-21 15:55:00,42.7401,42.779998,42.670101,42.685001,968226.0,KRE.NYSE-5-MINUTE-LAST-EXTERNAL
2023-04-21 19:55:00,42.880001,42.939998,42.875,42.919998,1181106.0,KRE.NYSE-5-MINUTE-LAST-EXTERNAL
2023-04-24 15:55:00,42.799999,42.84,42.779998,42.794998,165312.0,KRE.NYSE-5-MINUTE-LAST-EXTERNAL
2023-04-24 19:55:00,42.7,42.759998,42.68,42.729999,1032537.0,KRE.NYSE-5-MINUTE-LAST-EXTERNAL
2023-04-25 15:55:00,41.744998,41.84,41.740001,41.755001,214650.0,KRE.NYSE-5-MINUTE-LAST-EXTERNAL
2023-04-25 19:55:00,40.86,40.959999,40.86,40.939998,1889681.0,KRE.NYSE-5-MINUTE-LAST-EXTERNAL
2023-04-26 15:55:00,41.720001,41.849998,41.715,41.810798,430364.0,KRE.NYSE-5-MINUTE-LAST-EXTERNAL
2023-04-26 19:55:00,41.159999,41.259998,41.159999,41.169998,1296985.0,KRE.NYSE-5-MINUTE-LAST-EXTERNAL
