2022-01-03 21:00:00,100.190002,100.190002,100.190002,100.190002,601180.0,MS.NYSE-1-DAY-LAST-EXTERNAL
2022-01-04 21:00:00,104.260002,104.260002,104.260002,104.260002,534499.0,MS.NYSE-1-DAY-LAST-EXTERNAL
2022-01-05 21:00:00,101.68,101.68,101.68,101.68,603021.0,MS.NYSE-1-DAY-LAST-EXTERNAL
2022-01-06 21:00:00,103.419998,103.419998,103.419998,103.419998,486762.0,MS.NYSE-1-DAY-LAST-EXTERNAL
2022-01-07 21:00:00,104.050003,104.050003,104.050003,104.050003,371563.0,MS.NYSE-1-DAY-LAST-EXTERNAL
2022-01-10 21:00:00,104.129997,104.129997,104.129997,104.129997,579938.0,MS.NYSE-1-DAY-LAST-EXTERNAL
2022-01-11 21:00:00,105.919998,105.919998,105.919998,105.919998,431380.0,MS.NYSE-1-DAY-LAST-EXTERNAL
2022-01-12 21:00:00,103.050003,103.050003,103.050003,103.050003,562566.0,MS.NYSE-1-DAY-LAST-EXTERNAL
2022-01-13 21:00:00,102.550003,102.550003,102.550003,102.550003,624798.0,MS.NYSE-1-DAY-LAST-EXTERNAL
2022-01-14 21:00:00,98.879997,98.879997,98.879997,98.879997,1305416.0,MS.NYSE-1-DAY-LAST-EXTERNAL
2022-01-18 21:00:00,94.010002,94.010002,94.010002,94.010002,1007520.0,MS.NYSE-1-DAY-LAST-EXTERNAL
2022-01-19 21:00:00,95.730003,95.730003,95.730003,95.730003,946623.0,MS.NYSE-1-DAY-LAST-EXTERNAL
2022-01-20 21:00:00,99.830001,99.830001,99.830001,99.830001,1167955.0,MS.NYSE-1-DAY-LAST-EXTERNAL
2022-01-21 21:00:00,98.86,98.86,98.86,98.86,1411205.0,MS.NYSE-1-DAY-LAST-EXTERNAL
2022-01-24 21:00:00,98.080001,98.080001,98.080001,98.080001,1100957.0,MS.NYSE-1-DAY-LAST-EXTERNAL
2022-01-25 21:00:00,99.04,99.04,99.04,99.04,765319.0,MS.NYSE-1-DAY-LAST-EXTERNAL
2022-01-26 21:00:00,100.169998,100.169998,100.169998,100.169998,591021.0,MS.NYSE-1-DAY-LAST-EXTERNAL
2022-01-27 21:00:00,101.150001,101.150001,101.150001,101.150001,1005408.0,MS.NYSE-1-DAY-LAST-EXTERNAL
2022-01-28 21:00:00,101.800003,101.800003,101.800003,101.800003,798392.0,MS.NYSE-1-DAY-LAST-EXTERNAL
2022-01-31 21:00:00,102.54,102.54,102.54,102.54,551699.0,MS.NYSE-1-DAY-LAST-EXTERNAL
2022-02-01 21:00:00,103.949996,103.949996,103.949996,103.949996,532478.0,MS.NYSE-1-DAY-LAST-EXTERNAL
2022-02-02 21:00:00,103.919998,103.919998,103.919998,103.919998,638560.0,MS.NYSE-1-DAY-LAST-EXTERNAL
2022-02-03 21:00:00,102.29,102.29,102.29,102.29,498715.0,MS.NYSE-1-DAY-LAST-EXTERNAL
2022-02-04 21:00:00,104.11,104.11,104.11,104.11,480691.0,MS.NYSE-1-DAY-LAST-EXTERNAL
2022-02-07 21:00:00,105.18,105.18,105.18,105.18,511505.0,MS.NYSE-1-DAY-LAST-EXTERNAL
2022-02-08 21:00:00,106.349998,106.349998,106.349998,106.349998,508843.0,MS.NYSE-1-DAY-LAST-EXTERNAL
2022-02-09 21:00:00,108.730003,108.730003,108.730003,108.730003,630045.0,MS.NYSE-1-DAY-LAST-EXTERNAL
2022-02-10 21:00:00,107.569999,107.569999,107.569999,107.569999,346556.0,MS.NYSE-1-DAY-LAST-EXTERNAL
2022-02-11 21:00:00,104.569999,104.569999,104.569999,104.569999,610178.0,MS.NYSE-1-DAY-LAST-EXTERNAL
2022-02-14 21:00:00,102.569999,102.569999,102.569999,102.569999,587571.0,MS.NYSE-1-DAY-LAST-EXTERNAL
2022-02-15 21:00:00,103.43,103.43,103.43,103.43,390596.0,MS.NYSE-1-DAY-LAST-EXTERNAL
2022-02-16 21:00:00,101.150001,101.150001,101.150001,101.150001,586279.0,MS.NYSE-1-DAY-LAST-EXTERNAL
2022-02-17 21:00:00,96.150001,96.150001,96.150001,96.150001,911599.0,MS.NYSE-1-DAY-LAST-EXTERNAL
2022-02-18 21:00:00,95.419998,95.419998,95.419998,95.419998,693255.0,MS.NYSE-1-DAY-LAST-EXTERNAL
2022-02-22 21:00:00,94.75,94.75,94.75,94.75,613287.0,MS.NYSE-1-DAY-LAST-EXTERNAL
2022-02-23 21:00:00,93.550003,93.550003,93.550003,93.550003,613799.0,MS.NYSE-1-DAY-LAST-EXTERNAL
2022-02-24 21:00:00,91.809997,91.809997,91.809997,91.809997,684783.0,MS.NYSE-1-DAY-LAST-EXTERNAL
2022-02-25 21:00:00,94.550003,94.550003,94.550003,94.550003,469446.0,MS.NYSE-1-DAY-LAST-EXTERNAL
2022-02-28 21:00:00,90.739997,90.739997,90.739997,90.739997,942600.0,MS.NYSE-1-DAY-LAST-EXTERNAL
2022-03-01 21:00:00,87.629997,87.629997,87.629997,87.629997,671404.0,MS.NYSE-1-DAY-LAST-EXTERNAL
2022-03-02 21:00:00,88.379997,88.379997,88.379997,88.379997,986833.0,MS.NYSE-1-DAY-LAST-EXTERNAL
2022-03-03 21:00:00,87.779998,87.779998,87.779998,87.779998,428190.0,MS.NYSE-1-DAY-LAST-EXTERNAL
2022-03-04 21:00:00,86.36,86.36,86.36,86.36,773935.0,MS.NYSE-1-DAY-LAST-EXTERNAL
2022-03-07 21:00:00,83.449996,83.449996,83.449996,83.449996,552091.0,MS.NYSE-1-DAY-LAST-EXTERNAL
2022-03-08 21:00:00,83.309997,83.309997,83.309997,83.309997,743538.0,MS.NYSE-1-DAY-LAST-EXTERNAL
2022-03-09 21:00:00,87.400001,87.400001,87.400001,87.400001,688543.0,MS.NYSE-1-DAY-LAST-EXTERNAL
2022-03-10 21:00:00,85.86,85.86,85.86,85.86,555918.0,MS.NYSE-1-DAY-LAST-EXTERNAL
2022-03-11 21:00:00,85.18,85.18,85.18,85.18,564068.0,MS.NYSE-1-DAY-LAST-EXTERNAL
2022-03-14 20:00:00,84.720001,84.720001,84.720001,84.720001,482717.0,MS.NYSE-1-DAY-LAST-EXTERNAL
2022-03-15 20:00:00,86.330001,86.330001,86.330001,86.330001,437533.0,MS.NYSE-1-DAY-LAST-EXTERNAL
2022-03-16 20:00:00,91.760002,91.760002,91.760002,91.760002,878113.0,MS.NYSE-1-DAY-LAST-EXTERNAL
2022-03-17 20:00:00,93.86,93.86,93.86,93.86,920284.0,MS.NYSE-1-DAY-LAST-EXTERNAL
2022-03-18 20:00:00,94.819999,94.819999,94.819999,94.819999,994816.0,MS.NYSE-1-DAY-LAST-EXTERNAL
2022-03-21 20:00:00,92.61,92.61,92.61,92.61,472997.0,MS.NYSE-1-DAY-LAST-EXTERNAL
2022-03-22 20:00:00,94.220001,94.220001,94.220001,94.220001,364636.0,MS.NYSE-1-DAY-LAST-EXTERNAL
2022-03-23 20:00:00,92.379997,92.379997,92.379997,92.379997,456488.0,MS.NYSE-1-DAY-LAST-EXTERNAL
2022-03-24 20:00:00,92.129997,92.129997,92.129997,92.129997,648329.0,MS.NYSE-1-DAY-LAST-EXTERNAL
2022-03-25 20:00:00,92.379997,92.379997,92.379997,92.379997,871595.0,MS.NYSE-1-DAY-LAST-EXTERNAL
2022-03-28 20:00:00,91.269996,91.269996,91.269996,91.269996,935986.0,MS.NYSE-1-DAY-LAST-EXTERNAL
2022-03-29 20:00:00,91.839996,91.839996,91.839996,91.839996,368699.0,MS.NYSE-1-DAY-LAST-EXTERNAL
2022-03-30 20:00:00,90.269996,90.269996,90.269996,90.269996,669554.0,MS.NYSE-1-DAY-LAST-EXTERNAL
2022-03-31 20:00:00,87.400001,87.400001,87.400001,87.400001,731373.0,MS.NYSE-1-DAY-LAST-EXTERNAL
2022-04-01 20:00:00,86.989997,86.989997,86.989997,86.989997,702009.0,MS.NYSE-1-DAY-LAST-EXTERNAL
2022-04-04 20:00:00,87.279998,87.279998,87.279998,87.279998,456370.0,MS.NYSE-1-DAY-LAST-EXTERNAL
2022-04-05 20:00:00,85.279998,85.279998,85.279998,85.279998,674369.0,MS.NYSE-1-DAY-LAST-EXTERNAL
2022-04-06 20:00:00,83.129997,83.129997,83.129997,83.129997,613200.0,MS.NYSE-1-DAY-LAST-EXTERNAL
2022-04-07 20:00:00,83.129997,83.129997,83.129997,83.129997,528051.0,MS.NYSE-1-DAY-LAST-EXTERNAL
2022-04-08 20:00:00,84.059997,84.059997,84.059997,84.059997,498960.0,MS.NYSE-1-DAY-LAST-EXTERNAL
2022-04-11 20:00:00,84.019996,84.019996,84.019996,84.019996,691921.0,MS.NYSE-1-DAY-LAST-EXTERNAL
2022-04-12 20:00:00,83.93,83.93,83.93,83.93,471793.0,MS.NYSE-1-DAY-LAST-EXTERNAL
2022-04-13 20:00:00,84.129997,84.129997,84.129997,84.129997,628364.0,MS.NYSE-1-DAY-LAST-EXTERNAL
2022-04-14 20:00:00,84.760002,84.760002,84.760002,84.760002,743720.0,MS.NYSE-1-DAY-LAST-EXTERNAL
2022-04-18 20:00:00,86.480003,86.480003,86.480003,86.480003,634509.0,MS.NYSE-1-DAY-LAST-EXTERNAL
2022-04-19 20:00:00,88.910003,88.910003,88.910003,88.910003,839846.0,MS.NYSE-1-DAY-LAST-EXTERNAL
2022-04-20 20:00:00,90.61,90.61,90.61,90.61,626880.0,MS.NYSE-1-DAY-LAST-EXTERNAL
2022-04-21 20:00:00,88.910003,88.910003,88.910003,88.910003,440044.0,MS.NYSE-1-DAY-LAST-EXTERNAL
2022-04-22 20:00:00,84.739997,84.739997,84.739997,84.739997,725135.0,MS.NYSE-1-DAY-LAST-EXTERNAL
2022-04-25 20:00:00,85.050003,85.050003,85.050003,85.050003,421127.0,MS.NYSE-1-DAY-LAST-EXTERNAL
2022-04-26 20:00:00,82.370002,82.370002,82.370002,82.370002,559315.0,MS.NYSE-1-DAY-LAST-EXTERNAL
2022-04-27 20:00:00,82.209999,82.209999,82.209999,82.209999,552616.0,MS.NYSE-1-DAY-LAST-EXTERNAL
2022-04-28 20:00:00,83.400001,83.400001,83.400001,83.400001,569795.0,MS.NYSE-1-DAY-LAST-EXTERNAL
2022-04-29 20:00:00,80.589996,80.589996,80.589996,80.589996,606028.0,MS.NYSE-1-DAY-LAST-EXTERNAL
2022-05-02 20:00:00,81.959999,81.959999,81.959999,81.959999,492414.0,MS.NYSE-1-DAY-LAST-EXTERNAL
2022-05-03 20:00:00,83.75,83.75,83.75,83.75,666241.0,MS.NYSE-1-DAY-LAST-EXTERNAL
2022-05-04 20:00:00,87.220001,87.220001,87.220001,87.220001,535030.0,MS.NYSE-1-DAY-LAST-EXTERNAL
2022-05-05 20:00:00,84.940002,84.940002,84.940002,84.940002,503624.0,MS.NYSE-1-DAY-LAST-EXTERNAL
2022-05-06 20:00:00,84.230003,84.230003,84.230003,84.230003,522419.0,MS.NYSE-1-DAY-LAST-EXTERNAL
2022-05-09 20:00:00,81.150001,81.150001,81.150001,81.150001,603655.0,MS.NYSE-1-DAY-LAST-EXTERNAL
2022-05-10 20:00:00,80.260002,80.260002,80.260002,80.260002,434524.0,MS.NYSE-1-DAY-LAST-EXTERNAL
2022-05-11 20:00:00,78.889999,78.889999,78.889999,78.889999,432626.0,MS.NYSE-1-DAY-LAST-EXTERNAL
2022-05-12 20:00:00,78.589996,78.589996,78.589996,78.589996,504282.0,MS.NYSE-1-DAY-LAST-EXTERNAL
2022-05-13 20:00:00,80.54,80.54,80.54,80.54,397824.0,MS.NYSE-1-DAY-LAST-EXTERNAL
2022-05-16 20:00:00,79.900001,79.900001,79.900001,79.900001,302414.0,MS.NYSE-1-DAY-LAST-EXTERNAL
2022-05-17 20:00:00,82.93,82.93,82.93,82.93,336263.0,MS.NYSE-1-DAY-LAST-EXTERNAL
2022-05-18 20:00:00,80.690002,80.690002,80.690002,80.690002,487588.0,MS.NYSE-1-DAY-LAST-EXTERNAL
2022-05-19 20:00:00,79.959999,79.959999,79.959999,79.959999,515157.0,MS.NYSE-1-DAY-LAST-EXTERNAL
2022-05-20 20:00:00,79.370002,79.370002,79.370002,79.370002,529540.0,MS.NYSE-1-DAY-LAST-EXTERNAL
2022-05-23 20:00:00,82.309997,82.309997,82.309997,82.309997,438622.0,MS.NYSE-1-DAY-LAST-EXTERNAL
2022-05-24 20:00:00,81.959999,81.959999,81.959999,81.959999,307665.0,MS.NYSE-1-DAY-LAST-EXTERNAL
2022-05-25 20:00:00,82.230003,82.230003,82.230003,82.230003,357312.0,MS.NYSE-1-DAY-LAST-EXTERNAL
2022-05-26 20:00:00,85.0,85.0,85.0,85.0,499228.0,MS.NYSE-1-DAY-LAST-EXTERNAL
2022-05-27 20:00:00,86.449996,86.449996,86.449996,86.449996,315906.0,MS.NYSE-1-DAY-LAST-EXTERNAL
2022-05-31 20:00:00,86.139999,86.139999,86.139999,86.139999,752681.0,MS.NYSE-1-DAY-LAST-EXTERNAL
2022-06-01 20:00:00,85.0,85.0,85.0,85.0,382131.0,MS.NYSE-1-DAY-LAST-EXTERNAL
2022-06-02 20:00:00,85.199996,85.199996,85.199996,85.199996,385296.0,MS.NYSE-1-DAY-LAST-EXTERNAL
2022-06-03 20:00:00,84.120002,84.120002,84.120002,84.120002,309377.0,MS.NYSE-1-DAY-LAST-EXTERNAL
2022-06-06 20:00:00,84.870002,84.870002,84.870002,84.870002,264438.0,MS.NYSE-1-DAY-LAST-EXTERNAL
2022-06-07 20:00:00,85.330001,85.330001,85.330001,85.330001,257131.0,MS.NYSE-1-DAY-LAST-EXTERNAL
2022-06-08 20:00:00,83.199996,83.199996,83.199996,83.199996,530039.0,MS.NYSE-1-DAY-LAST-EXTERNAL
2022-06-09 20:00:00,81.160003,81.160003,81.160003,81.160003,506190.0,MS.NYSE-1-DAY-LAST-EXTERNAL
2022-06-10 20:00:00,77.400001,77.400001,77.400001,77.400001,578982.0,MS.NYSE-1-DAY-LAST-EXTERNAL
2022-06-13 20:00:00,75.18,75.18,75.18,75.18,827078.0,MS.NYSE-1-DAY-LAST-EXTERNAL
2022-06-14 20:00:00,74.959999,74.959999,74.959999,74.959999,454536.0,MS.NYSE-1-DAY-LAST-EXTERNAL
2022-06-15 20:00:00,76.019996,76.019996,76.019996,76.019996,404785.0,MS.NYSE-1-DAY-LAST-EXTERNAL
2022-06-16 20:00:00,73.949996,73.949996,73.949996,73.949996,502187.0,MS.NYSE-1-DAY-LAST-EXTERNAL
2022-06-17 20:00:00,72.900001,72.900001,72.900001,72.900001,1003099.0,MS.NYSE-1-DAY-LAST-EXTERNAL
2022-06-21 20:00:00,74.629997,74.629997,74.629997,74.629997,418201.0,MS.NYSE-1-DAY-LAST-EXTERNAL
2022-06-22 20:00:00,74.400001,74.400001,74.400001,74.400001,360883.0,MS.NYSE-1-DAY-LAST-EXTERNAL
2022-06-23 20:00:00,73.970001,73.970001,73.970001,73.970001,338376.0,MS.NYSE-1-DAY-LAST-EXTERNAL
2022-06-24 20:00:00,77.819999,77.819999,77.819999,77.819999,619502.0,MS.NYSE-1-DAY-LAST-EXTERNAL
2022-06-27 20:00:00,77.440002,77.440002,77.440002,77.440002,331148.0,MS.NYSE-1-DAY-LAST-EXTERNAL
2022-06-28 20:00:00,78.160003,78.160003,78.160003,78.160003,554466.0,MS.NYSE-1-DAY-LAST-EXTERNAL
2022-06-29 20:00:00,78.190002,78.190002,78.190002,78.190002,516328.0,MS.NYSE-1-DAY-LAST-EXTERNAL
2022-06-30 20:00:00,76.059997,76.059997,76.059997,76.059997,686253.0,MS.NYSE-1-DAY-LAST-EXTERNAL
2022-07-01 20:00:00,76.75,76.75,76.75,76.75,447924.0,MS.NYSE-1-DAY-LAST-EXTERNAL
2022-07-05 20:00:00,76.11,76.11,76.11,76.11,385085.0,MS.NYSE-1-DAY-LAST-EXTERNAL
2022-07-06 20:00:00,75.449996,75.449996,75.449996,75.449996,302667.0,MS.NYSE-1-DAY-LAST-EXTERNAL
2022-07-07 20:00:00,76.989997,76.989997,76.989997,76.989997,362154.0,MS.NYSE-1-DAY-LAST-EXTERNAL
2022-07-08 20:00:00,76.730003,76.730003,76.730003,76.730003,430067.0,MS.NYSE-1-DAY-LAST-EXTERNAL
2022-07-11 20:00:00,75.819999,75.819999,75.819999,75.819999,300107.0,MS.NYSE-1-DAY-LAST-EXTERNAL
2022-07-12 20:00:00,75.940002,75.940002,75.940002,75.940002,646797.0,MS.NYSE-1-DAY-LAST-EXTERNAL
2022-07-13 20:00:00,74.980003,74.980003,74.980003,74.980003,568787.0,MS.NYSE-1-DAY-LAST-EXTERNAL
2022-07-14 20:00:00,74.690002,74.690002,74.690002,74.690002,509523.0,MS.NYSE-1-DAY-LAST-EXTERNAL
2022-07-15 20:00:00,78.050003,78.050003,78.050003,78.050003,684613.0,MS.NYSE-1-DAY-LAST-EXTERNAL
2022-07-18 20:00:00,78.86,78.86,78.86,78.86,556519.0,MS.NYSE-1-DAY-LAST-EXTERNAL
2022-07-19 20:00:00,81.650001,81.650001,81.650001,81.650001,678775.0,MS.NYSE-1-DAY-LAST-EXTERNAL
2022-07-20 20:00:00,81.809997,81.809997,81.809997,81.809997,387857.0,MS.NYSE-1-DAY-LAST-EXTERNAL
2022-07-21 20:00:00,83.019996,83.019996,83.019996,83.019996,392331.0,MS.NYSE-1-DAY-LAST-EXTERNAL
2022-07-22 20:00:00,82.43,82.43,82.43,82.43,342920.0,MS.NYSE-1-DAY-LAST-EXTERNAL
2022-07-25 20:00:00,82.550003,82.550003,82.550003,82.550003,381956.0,MS.NYSE-1-DAY-LAST-EXTERNAL
2022-07-26 20:00:00,80.79,80.79,80.79,80.79,418707.0,MS.NYSE-1-DAY-LAST-EXTERNAL
2022-07-27 20:00:00,82.510002,82.510002,82.510002,82.510002,465956.0,MS.NYSE-1-DAY-LAST-EXTERNAL
2022-07-28 20:00:00,82.949996,82.949996,82.949996,82.949996,405199.0,MS.NYSE-1-DAY-LAST-EXTERNAL
2022-07-29 20:00:00,84.300003,84.300003,84.300003,84.300003,568871.0,MS.NYSE-1-DAY-LAST-EXTERNAL
2022-08-01 20:00:00,84.089996,84.089996,84.089996,84.089996,300724.0,MS.NYSE-1-DAY-LAST-EXTERNAL
2022-08-02 20:00:00,83.529998,83.529998,83.529998,83.529998,533733.0,MS.NYSE-1-DAY-LAST-EXTERNAL
2022-08-03 20:00:00,85.050003,85.050003,85.050003,85.050003,410528.0,MS.NYSE-1-DAY-LAST-EXTERNAL
2022-08-04 20:00:00,85.36,85.36,85.36,85.36,355850.0,MS.NYSE-1-DAY-LAST-EXTERNAL
2022-08-05 20:00:00,86.129997,86.129997,86.129997,86.129997,353519.0,MS.NYSE-1-DAY-LAST-EXTERNAL
2022-08-08 20:00:00,86.029998,86.029998,86.029998,86.029998,375693.0,MS.NYSE-1-DAY-LAST-EXTERNAL
2022-08-09 20:00:00,86.36,86.36,86.36,86.36,284421.0,MS.NYSE-1-DAY-LAST-EXTERNAL
2022-08-10 20:00:00,88.889999,88.889999,88.889999,88.889999,479000.0,MS.NYSE-1-DAY-LAST-EXTERNAL
2022-08-11 20:00:00,90.199996,90.199996,90.199996,90.199996,670882.0,MS.NYSE-1-DAY-LAST-EXTERNAL
2022-08-12 20:00:00,91.660003,91.660003,91.660003,91.660003,409506.0,MS.NYSE-1-DAY-LAST-EXTERNAL
2022-08-15 20:00:00,92.019996,92.019996,92.019996,92.019996,467736.0,MS.NYSE-1-DAY-LAST-EXTERNAL
2022-08-16 20:00:00,91.819999,91.819999,91.819999,91.819999,298920.0,MS.NYSE-1-DAY-LAST-EXTERNAL
2022-08-17 20:00:00,91.349998,91.349998,91.349998,91.349998,285353.0,MS.NYSE-1-DAY-LAST-EXTERNAL
2022-08-18 20:00:00,91.730003,91.730003,91.730003,91.730003,384773.0,MS.NYSE-1-DAY-LAST-EXTERNAL
2022-08-19 20:00:00,90.010002,90.010002,90.010002,90.010002,387168.0,MS.NYSE-1-DAY-LAST-EXTERNAL
2022-08-22 20:00:00,88.459999,88.459999,88.459999,88.459999,328567.0,MS.NYSE-1-DAY-LAST-EXTERNAL
2022-08-23 20:00:00,88.300003,88.300003,88.300003,88.300003,563643.0,MS.NYSE-1-DAY-LAST-EXTERNAL
2022-08-24 20:00:00,88.599998,88.599998,88.599998,88.599998,350509.0,MS.NYSE-1-DAY-LAST-EXTERNAL
2022-08-25 20:00:00,89.910003,89.910003,89.910003,89.910003,401558.0,MS.NYSE-1-DAY-LAST-EXTERNAL
2022-08-26 20:00:00,86.809997,86.809997,86.809997,86.809997,633553.0,MS.NYSE-1-DAY-LAST-EXTERNAL
2022-08-29 20:00:00,85.349998,85.349998,85.349998,85.349998,501703.0,MS.NYSE-1-DAY-LAST-EXTERNAL
2022-08-30 20:00:00,84.43,84.43,84.43,84.43,578730.0,MS.NYSE-1-DAY-LAST-EXTERNAL
2022-08-31 20:00:00,85.220001,85.220001,85.220001,85.220001,700360.0,MS.NYSE-1-DAY-LAST-EXTERNAL
2022-09-01 20:00:00,86.169998,86.169998,86.169998,86.169998,698645.0,MS.NYSE-1-DAY-LAST-EXTERNAL
2022-09-02 20:00:00,86.400001,86.400001,86.400001,86.400001,597825.0,MS.NYSE-1-DAY-LAST-EXTERNAL
2022-09-06 20:00:00,85.129997,85.129997,85.129997,85.129997,628695.0,MS.NYSE-1-DAY-LAST-EXTERNAL
2022-09-07 20:00:00,86.86,86.86,86.86,86.86,428348.0,MS.NYSE-1-DAY-LAST-EXTERNAL
2022-09-08 20:00:00,88.440002,88.440002,88.440002,88.440002,355486.0,MS.NYSE-1-DAY-LAST-EXTERNAL
2022-09-09 20:00:00,89.459999,89.459999,89.459999,89.459999,406790.0,MS.NYSE-1-DAY-LAST-EXTERNAL
2022-09-12 20:00:00,90.150001,90.150001,90.150001,90.150001,617615.0,MS.NYSE-1-DAY-LAST-EXTERNAL
2022-09-13 20:00:00,87.050003,87.050003,87.050003,87.050003,608967.0,MS.NYSE-1-DAY-LAST-EXTERNAL
2022-09-14 20:00:00,87.18,87.18,87.18,87.18,431349.0,MS.NYSE-1-DAY-LAST-EXTERNAL
2022-09-15 20:00:00,88.260002,88.260002,88.260002,88.260002,494959.0,MS.NYSE-1-DAY-LAST-EXTERNAL
2022-09-16 20:00:00,87.43,87.43,87.43,87.43,892475.0,MS.NYSE-1-DAY-LAST-EXTERNAL
2022-09-19 20:00:00,88.720001,88.720001,88.720001,88.720001,274927.0,MS.NYSE-1-DAY-LAST-EXTERNAL
2022-09-20 20:00:00,87.190002,87.190002,87.190002,87.190002,765324.0,MS.NYSE-1-DAY-LAST-EXTERNAL
2022-09-21 20:00:00,86.36,86.36,86.36,86.36,696996.0,MS.NYSE-1-DAY-LAST-EXTERNAL
2022-09-22 20:00:00,84.769996,84.769996,84.769996,84.769996,729562.0,MS.NYSE-1-DAY-LAST-EXTERNAL
2022-09-23 20:00:00,81.510002,81.510002,81.510002,81.510002,691052.0,MS.NYSE-1-DAY-LAST-EXTERNAL
2022-09-26 20:00:00,79.760002,79.760002,79.760002,79.760002,495012.0,MS.NYSE-1-DAY-LAST-EXTERNAL
2022-09-27 20:00:00,79.480003,79.480003,79.480003,79.480003,478744.0,MS.NYSE-1-DAY-LAST-EXTERNAL
2022-09-28 20:00:00,81.470001,81.470001,81.470001,81.470001,400085.0,MS.NYSE-1-DAY-LAST-EXTERNAL
2022-09-29 20:00:00,79.86,79.86,79.86,79.86,465443.0,MS.NYSE-1-DAY-LAST-EXTERNAL
2022-09-30 20:00:00,79.010002,79.010002,79.010002,79.010002,692411.0,MS.NYSE-1-DAY-LAST-EXTERNAL
2022-10-03 20:00:00,80.379997,80.379997,80.379997,80.379997,454619.0,MS.NYSE-1-DAY-LAST-EXTERNAL
2022-10-04 20:00:00,83.970001,83.970001,83.970001,83.970001,499732.0,MS.NYSE-1-DAY-LAST-EXTERNAL
2022-10-05 20:00:00,83.11,83.11,83.11,83.11,370881.0,MS.NYSE-1-DAY-LAST-EXTERNAL
2022-10-06 20:00:00,81.309997,81.309997,81.309997,81.309997,458798.0,MS.NYSE-1-DAY-LAST-EXTERNAL
2022-10-07 20:00:00,78.93,78.93,78.93,78.93,514877.0,MS.NYSE-1-DAY-LAST-EXTERNAL
2022-10-10 20:00:00,78.410003,78.410003,78.410003,78.410003,318280.0,MS.NYSE-1-DAY-LAST-EXTERNAL
2022-10-11 20:00:00,77.0,77.0,77.0,77.0,360128.0,MS.NYSE-1-DAY-LAST-EXTERNAL
2022-10-12 20:00:00,76.599998,76.599998,76.599998,76.599998,605822.0,MS.NYSE-1-DAY-LAST-EXTERNAL
2022-10-13 20:00:00,79.319999,79.319999,79.319999,79.319999,618550.0,MS.NYSE-1-DAY-LAST-EXTERNAL
2022-10-14 20:00:00,75.300003,75.300003,75.300003,75.300003,885735.0,MS.NYSE-1-DAY-LAST-EXTERNAL
2022-10-17 20:00:00,77.139999,77.139999,77.139999,77.139999,600810.0,MS.NYSE-1-DAY-LAST-EXTERNAL
2022-10-18 20:00:00,79.440002,79.440002,79.440002,79.440002,715803.0,MS.NYSE-1-DAY-LAST-EXTERNAL
2022-10-19 20:00:00,77.639999,77.639999,77.639999,77.639999,594964.0,MS.NYSE-1-DAY-LAST-EXTERNAL
2022-10-20 20:00:00,76.599998,76.599998,76.599998,76.599998,548710.0,MS.NYSE-1-DAY-LAST-EXTERNAL
2022-10-21 20:00:00,79.220001,79.220001,79.220001,79.220001,601887.0,MS.NYSE-1-DAY-LAST-EXTERNAL
2022-10-24 20:00:00,79.43,79.43,79.43,79.43,441566.0,MS.NYSE-1-DAY-LAST-EXTERNAL
2022-10-25 20:00:00,80.510002,80.510002,80.510002,80.510002,641276.0,MS.NYSE-1-DAY-LAST-EXTERNAL
2022-10-26 20:00:00,80.910003,80.910003,80.910003,80.910003,331791.0,MS.NYSE-1-DAY-LAST-EXTERNAL
2022-10-27 20:00:00,80.690002,80.690002,80.690002,80.690002,791240.0,MS.NYSE-1-DAY-LAST-EXTERNAL
2022-10-28 20:00:00,82.220001,82.220001,82.220001,82.220001,576100.0,MS.NYSE-1-DAY-LAST-EXTERNAL
2022-10-31 20:00:00,82.169998,82.169998,82.169998,82.169998,606296.0,MS.NYSE-1-DAY-LAST-EXTERNAL
2022-11-01 20:00:00,83.720001,83.720001,83.720001,83.720001,691207.0,MS.NYSE-1-DAY-LAST-EXTERNAL
2022-11-02 20:00:00,84.370002,84.370002,84.370002,84.370002,746406.0,MS.NYSE-1-DAY-LAST-EXTERNAL
2022-11-03 20:00:00,83.620002,83.620002,83.620002,83.620002,595944.0,MS.NYSE-1-DAY-LAST-EXTERNAL
2022-11-04 20:00:00,84.849998,84.849998,84.849998,84.849998,433249.0,MS.NYSE-1-DAY-LAST-EXTERNAL
2022-11-07 21:00:00,85.569999,85.569999,85.569999,85.569999,345561.0,MS.NYSE-1-DAY-LAST-EXTERNAL
2022-11-08 21:00:00,85.279998,85.279998,85.279998,85.279998,305347.0,MS.NYSE-1-DAY-LAST-EXTERNAL
2022-11-09 21:00:00,83.449996,83.449996,83.449996,83.449996,395181.0,MS.NYSE-1-DAY-LAST-EXTERNAL
2022-11-10 21:00:00,88.800003,88.800003,88.800003,88.800003,565165.0,MS.NYSE-1-DAY-LAST-EXTERNAL
2022-11-11 21:00:00,90.779998,90.779998,90.779998,90.779998,554022.0,MS.NYSE-1-DAY-LAST-EXTERNAL
2022-11-14 21:00:00,89.809997,89.809997,89.809997,89.809997,382137.0,MS.NYSE-1-DAY-LAST-EXTERNAL
2022-11-15 21:00:00,90.5,90.5,90.5,90.5,323530.0,MS.NYSE-1-DAY-LAST-EXTERNAL
2022-11-16 21:00:00,89.819999,89.819999,89.819999,89.819999,275444.0,MS.NYSE-1-DAY-LAST-EXTERNAL
2022-11-17 21:00:00,88.949996,88.949996,88.949996,88.949996,303746.0,MS.NYSE-1-DAY-LAST-EXTERNAL
2022-11-18 21:00:00,89.199996,89.199996,89.199996,89.199996,426968.0,MS.NYSE-1-DAY-LAST-EXTERNAL
2022-11-21 21:00:00,89.080001,89.080001,89.080001,89.080001,259956.0,MS.NYSE-1-DAY-LAST-EXTERNAL
2022-11-22 21:00:00,89.669998,89.669998,89.669998,89.669998,265179.0,MS.NYSE-1-DAY-LAST-EXTERNAL
2022-11-23 21:00:00,89.93,89.93,89.93,89.93,266656.0,MS.NYSE-1-DAY-LAST-EXTERNAL
2022-11-25 18:00:00,90.910003,90.910102,90.910003,90.910102,23051.0,MS.NYSE-1-DAY-LAST-EXTERNAL
2022-11-28 21:00:00,89.889999,89.889999,89.889999,89.889999,509809.0,MS.NYSE-1-DAY-LAST-EXTERNAL
2022-11-29 21:00:00,91.080001,91.080001,91.080001,91.080001,237213.0,MS.NYSE-1-DAY-LAST-EXTERNAL
2022-11-30 21:00:00,93.069999,93.069999,93.069999,93.069999,712002.0,MS.NYSE-1-DAY-LAST-EXTERNAL
2022-12-01 21:00:00,93.0,93.0,93.0,93.0,430491.0,MS.NYSE-1-DAY-LAST-EXTERNAL
2022-12-02 21:00:00,92.099998,92.099998,92.099998,92.099998,393063.0,MS.NYSE-1-DAY-LAST-EXTERNAL
2022-12-05 21:00:00,89.809997,89.809997,89.809997,89.809997,562555.0,MS.NYSE-1-DAY-LAST-EXTERNAL
2022-12-06 21:00:00,87.510002,87.510002,87.510002,87.510002,622059.0,MS.NYSE-1-DAY-LAST-EXTERNAL
2022-12-07 21:00:00,87.279998,87.279998,87.279998,87.279998,287182.0,MS.NYSE-1-DAY-LAST-EXTERNAL
2022-12-08 21:00:00,88.690002,88.690002,88.690002,88.690002,435577.0,MS.NYSE-1-DAY-LAST-EXTERNAL
2022-12-09 21:00:00,89.470001,89.470001,89.470001,89.470001,605021.0,MS.NYSE-1-DAY-LAST-EXTERNAL
2022-12-12 21:00:00,91.120002,91.120002,91.120002,91.120002,459030.0,MS.NYSE-1-DAY-LAST-EXTERNAL
2022-12-13 21:00:00,92.709999,92.709999,92.709999,92.709999,455858.0,MS.NYSE-1-DAY-LAST-EXTERNAL
2022-12-14 21:00:00,90.5,90.5,90.5,90.5,549131.0,MS.NYSE-1-DAY-LAST-EXTERNAL
2022-12-15 21:00:00,87.79,87.79,87.79,87.79,603137.0,MS.NYSE-1-DAY-LAST-EXTERNAL
2022-12-16 21:00:00,86.86,86.86,86.86,86.86,644789.0,MS.NYSE-1-DAY-LAST-EXTERNAL
2022-12-19 21:00:00,85.550003,85.550003,85.550003,85.550003,348213.0,MS.NYSE-1-DAY-LAST-EXTERNAL
2022-12-20 21:00:00,85.160003,85.160003,85.160003,85.160003,423036.0,MS.NYSE-1-DAY-LAST-EXTERNAL
2022-12-21 21:00:00,86.870002,86.870002,86.870002,86.870002,374211.0,MS.NYSE-1-DAY-LAST-EXTERNAL
2022-12-22 21:00:00,86.370002,86.370002,86.370002,86.370002,357756.0,MS.NYSE-1-DAY-LAST-EXTERNAL
2022-12-23 21:00:00,86.11,86.11,86.11,86.11,261650.0,MS.NYSE-1-DAY-LAST-EXTERNAL
2022-12-27 21:00:00,85.059997,85.059997,85.059997,85.059997,450725.0,MS.NYSE-1-DAY-LAST-EXTERNAL
2022-12-28 21:00:00,84.459999,84.459999,84.459999,84.459999,280240.0,MS.NYSE-1-DAY-LAST-EXTERNAL
2022-12-29 21:00:00,85.239997,85.239997,85.239997,85.239997,286067.0,MS.NYSE-1-DAY-LAST-EXTERNAL
2022-12-30 21:00:00,85.019996,85.019996,85.019996,85.019996,380897.0,MS.NYSE-1-DAY-LAST-EXTERNAL
2023-01-03 21:00:00,85.720001,85.720001,85.720001,85.720001,325315.0,MS.NYSE-1-DAY-LAST-EXTERNAL
2023-01-04 21:00:00,86.650001,86.650001,86.650001,86.650001,408098.0,MS.NYSE-1-DAY-LAST-EXTERNAL
2023-01-05 21:00:00,85.919998,85.919998,85.919998,85.919998,441160.0,MS.NYSE-1-DAY-LAST-EXTERNAL
2023-01-06 21:00:00,87.559997,87.559997,87.559997,87.559997,356245.0,MS.NYSE-1-DAY-LAST-EXTERNAL
2023-01-09 21:00:00,87.639999,87.639999,87.639999,87.639999,253308.0,MS.NYSE-1-DAY-LAST-EXTERNAL
2023-01-10 21:00:00,88.919998,88.919998,88.919998,88.919998,300648.0,MS.NYSE-1-DAY-LAST-EXTERNAL
2023-01-11 21:00:00,89.43,89.43,89.43,89.43,535241.0,MS.NYSE-1-DAY-LAST-EXTERNAL
2023-01-12 21:00:00,90.529998,90.529998,90.529998,90.529998,710549.0,MS.NYSE-1-DAY-LAST-EXTERNAL
2023-01-13 21:00:00,91.660003,91.660003,91.660003,91.660003,808110.0,MS.NYSE-1-DAY-LAST-EXTERNAL
2023-01-17 21:00:00,97.080001,97.080001,97.080001,97.080001,1255465.0,MS.NYSE-1-DAY-LAST-EXTERNAL
2023-01-18 21:00:00,96.580001,96.580001,96.580001,96.580001,1113125.0,MS.NYSE-1-DAY-LAST-EXTERNAL
2023-01-19 21:00:00,94.150001,94.150001,94.150001,94.150001,722182.0,MS.NYSE-1-DAY-LAST-EXTERNAL
2023-01-20 21:00:00,96.239997,96.239997,96.239997,96.239997,776219.0,MS.NYSE-1-DAY-LAST-EXTERNAL
2023-01-23 21:00:00,97.129997,97.129997,97.129997,97.129997,701367.0,MS.NYSE-1-DAY-LAST-EXTERNAL
2023-01-24 21:00:00,95.510002,95.510002,95.510002,95.510002,381617.0,MS.NYSE-1-DAY-LAST-EXTERNAL
2023-01-25 21:00:00,95.639999,95.639999,95.639999,95.639999,354105.0,MS.NYSE-1-DAY-LAST-EXTERNAL
2023-01-26 21:00:00,96.5,96.5,96.5,96.5,425842.0,MS.NYSE-1-DAY-LAST-EXTERNAL
2023-01-27 21:00:00,96.86,96.86,96.86,96.86,509688.0,MS.NYSE-1-DAY-LAST-EXTERNAL
2023-01-30 21:00:00,95.959999,95.959999,95.959999,95.959999,480204.0,MS.NYSE-1-DAY-LAST-EXTERNAL
2023-01-31 21:00:00,97.330001,97.330001,97.330001,97.330001,497291.0,MS.NYSE-1-DAY-LAST-EXTERNAL
2023-02-01 21:00:00,98.190002,98.190002,98.190002,98.190002,577147.0,MS.NYSE-1-DAY-LAST-EXTERNAL
2023-02-02 21:00:00,99.209999,99.209999,99.209999,99.209999,629529.0,MS.NYSE-1-DAY-LAST-EXTERNAL
2023-02-03 21:00:00,99.43,99.43,99.43,99.43,524408.0,MS.NYSE-1-DAY-LAST-EXTERNAL
2023-02-06 21:00:00,98.900001,98.900001,98.900001,98.900001,315754.0,MS.NYSE-1-DAY-LAST-EXTERNAL
2023-02-07 21:00:00,99.220001,99.220001,99.220001,99.220001,332382.0,MS.NYSE-1-DAY-LAST-EXTERNAL
2023-02-08 21:00:00,98.959999,98.959999,98.959999,98.959999,269042.0,MS.NYSE-1-DAY-LAST-EXTERNAL
2023-02-09 21:00:00,98.050003,98.050003,98.050003,98.050003,399341.0,MS.NYSE-1-DAY-LAST-EXTERNAL
2023-02-10 21:00:00,98.440002,98.440002,98.440002,98.440002,285836.0,MS.NYSE-1-DAY-LAST-EXTERNAL
2023-02-13 21:00:00,99.43,99.43,99.43,99.43,295325.0,MS.NYSE-1-DAY-LAST-EXTERNAL
2023-02-14 21:00:00,100.559997,100.559997,100.559997,100.559997,438642.0,MS.NYSE-1-DAY-LAST-EXTERNAL
2023-02-15 21:00:00,100.830001,100.830001,100.830001,100.830001,318993.0,MS.NYSE-1-DAY-LAST-EXTERNAL
2023-02-16 21:00:00,99.569999,99.569999,99.569999,99.569999,392837.0,MS.NYSE-1-DAY-LAST-EXTERNAL
2023-02-17 21:00:00,99.510002,99.510002,99.510002,99.510002,405465.0,MS.NYSE-1-DAY-LAST-EXTERNAL
2023-02-21 21:00:00,97.620002,97.620002,97.620002,97.620002,359304.0,MS.NYSE-1-DAY-LAST-EXTERNAL
2023-02-22 21:00:00,97.269996,97.269996,97.269996,97.269996,319088.0,MS.NYSE-1-DAY-LAST-EXTERNAL
2023-02-23 21:00:00,97.940002,97.940002,97.940002,97.940002,403986.0,MS.NYSE-1-DAY-LAST-EXTERNAL
2023-02-24 21:00:00,97.699996,97.699996,97.699996,97.699996,321915.0,MS.NYSE-1-DAY-LAST-EXTERNAL
2023-02-27 21:00:00,96.699996,96.699996,96.699996,96.699996,472825.0,MS.NYSE-1-DAY-LAST-EXTERNAL
2023-02-28 21:00:00,96.5,96.5,96.5,96.5,378294.0,MS.NYSE-1-DAY-LAST-EXTERNAL
2023-03-01 21:00:00,96.190002,96.190002,96.190002,96.190002,227551.0,MS.NYSE-1-DAY-LAST-EXTERNAL
2023-03-02 21:00:00,96.080001,96.080001,96.080001,96.080001,334752.0,MS.NYSE-1-DAY-LAST-EXTERNAL
2023-03-03 21:00:00,98.330001,98.330001,98.330001,98.330001,525995.0,MS.NYSE-1-DAY-LAST-EXTERNAL
2023-03-06 21:00:00,98.379997,98.379997,98.379997,98.379997,263873.0,MS.NYSE-1-DAY-LAST-EXTERNAL
2023-03-07 21:00:00,96.059997,96.059997,96.059997,96.059997,463083.0,MS.NYSE-1-DAY-LAST-EXTERNAL
2023-03-08 21:00:00,95.900001,95.900001,95.900001,95.900001,320218.0,MS.NYSE-1-DAY-LAST-EXTERNAL
2023-03-09 21:00:00,92.199996,92.199996,92.199996,92.199996,759022.0,MS.NYSE-1-DAY-LAST-EXTERNAL
2023-03-10 21:00:00,90.050003,90.050003,90.050003,90.050003,1081196.0,MS.NYSE-1-DAY-LAST-EXTERNAL
2023-03-13 20:00:00,87.989997,87.989997,87.989997,87.989997,595549.0,MS.NYSE-1-DAY-LAST-EXTERNAL
2023-03-14 20:00:00,89.970001,89.970001,89.970001,89.970001,826985.0,MS.NYSE-1-DAY-LAST-EXTERNAL
2023-03-15 20:00:00,85.389999,85.389999,85.389999,85.389999,920105.0,MS.NYSE-1-DAY-LAST-EXTERNAL
2023-03-16 20:00:00,87.010002,87.010002,87.010002,87.010002,812270.0,MS.NYSE-1-DAY-LAST-EXTERNAL
2023-03-17 20:00:00,84.18,84.18,84.18,84.18,914740.0,MS.NYSE-1-DAY-LAST-EXTERNAL
2023-03-20 20:00:00,85.639999,85.639999,85.639999,85.639999,470911.0,MS.NYSE-1-DAY-LAST-EXTERNAL
2023-03-21 20:00:00,88.760002,88.760002,88.760002,88.760002,476194.0,MS.NYSE-1-DAY-LAST-EXTERNAL
2023-03-22 20:00:00,87.550003,87.550003,87.550003,87.550003,563520.0,MS.NYSE-1-DAY-LAST-EXTERNAL
2023-03-23 20:00:00,85.839996,85.839996,85.839996,85.839996,589172.0,MS.NYSE-1-DAY-LAST-EXTERNAL
2023-03-24 20:00:00,83.949996,83.949996,83.949996,83.949996,518645.0,MS.NYSE-1-DAY-LAST-EXTERNAL
2023-03-27 20:00:00,84.639999,84.639999,84.639999,84.639999,437427.0,MS.NYSE-1-DAY-LAST-EXTERNAL
2023-03-28 20:00:00,84.879997,84.879997,84.879997,84.879997,365351.0,MS.NYSE-1-DAY-LAST-EXTERNAL
2023-03-29 20:00:00,86.239997,86.239997,86.239997,86.239997,385356.0,MS.NYSE-1-DAY-LAST-EXTERNAL
2023-03-30 20:00:00,86.11,86.11,86.11,86.11,405043.0,MS.NYSE-1-DAY-LAST-EXTERNAL
2023-03-31 20:00:00,87.800003,87.800003,87.800003,87.800003,711494.0,MS.NYSE-1-DAY-LAST-EXTERNAL
2023-04-03 20:00:00,87.160003,87.160003,87.160003,87.160003,324372.0,MS.NYSE-1-DAY-LAST-EXTERNAL
2023-04-04 20:00:00,84.819999,84.819999,84.819999,84.819999,563501.0,MS.NYSE-1-DAY-LAST-EXTERNAL
2023-04-05 20:00:00,83.819999,83.819999,83.819999,83.819999,596266.0,MS.NYSE-1-DAY-LAST-EXTERNAL
2023-04-06 20:00:00,84.190002,84.190002,84.190002,84.190002,288327.0,MS.NYSE-1-DAY-LAST-EXTERNAL
2023-04-10 20:00:00,84.0,84.0,84.0,84.0,408584.0,MS.NYSE-1-DAY-LAST-EXTERNAL
2023-04-11 20:00:00,85.089996,85.089996,85.089996,85.089996,452507.0,MS.NYSE-1-DAY-LAST-EXTERNAL
2023-04-12 20:00:00,85.470001,85.470001,85.470001,85.470001,460179.0,MS.NYSE-1-DAY-LAST-EXTERNAL
2023-04-13 20:00:00,85.690002,85.690002,85.690002,85.690002,373360.0,MS.NYSE-1-DAY-LAST-EXTERNAL
2023-04-14 20:00:00,86.709999,86.709999,86.709999,86.709999,576717.0,MS.NYSE-1-DAY-LAST-EXTERNAL
2023-04-17 20:00:00,89.29,89.29,89.29,89.29,736895.0,MS.NYSE-1-DAY-LAST-EXTERNAL
2023-04-18 20:00:00,89.849998,89.849998,89.849998,89.849998,745180.0,MS.NYSE-1-DAY-LAST-EXTERNAL
2023-04-19 20:00:00,90.449996,90.449996,90.449996,90.449996,610711.0,MS.NYSE-1-DAY-LAST-EXTERNAL
2023-04-20 20:00:00,90.43,90.43,90.43,90.43,417942.0,MS.NYSE-1-DAY-LAST-EXTERNAL
2023-04-21 20:00:00,91.120002,91.120002,91.120002,91.120002,502399.0,MS.NYSE-1-DAY-LAST-EXTERNAL
2023-04-24 20:00:00,90.199996,90.199996,90.199996,90.199996,395886.0,MS.NYSE-1-DAY-LAST-EXTERNAL
2023-04-25 20:00:00,88.059997,88.059997,88.059997,88.059997,419938.0,MS.NYSE-1-DAY-LAST-EXTERNAL
2023-04-26 20:00:00,88.440002,88.440002,88.440002,88.440002,368230.0,MS.NYSE-1-DAY-LAST-EXTERNAL
