2022-01-03 15:55:00,92.36,92.379997,92.190002,92.264999,34605.0,NTAP.NYSE-5-MINUTE-LAST-EXTERNAL
2022-01-03 19:55:00,92.636199,92.668998,92.599998,92.61,9303.0,NTAP.NYSE-5-MINUTE-LAST-EXTERNAL
2022-01-03 21:00:00,92.389999,92.389999,92.389999,92.389999,61763.0,NTAP.NYSE-5-MINUTE-LAST-EXTERNAL
2022-01-04 15:55:00,94.319999,94.334999,94.0,94.050003,25005.0,NTAP.NYSE-5-MINUTE-LAST-EXTERNAL
2022-01-04 19:55:00,94.330902,94.370002,94.279998,94.279998,13883.0,NTAP.NYSE-5-MINUTE-LAST-EXTERNAL
2022-01-04 21:00:00,94.199996,94.199996,94.199996,94.199996,98972.0,NTAP.NYSE-5-MINUTE-LAST-EXTERNAL
2022-01-05 15:55:00,94.300003,94.300003,94.150001,94.279998,12136.0,NTAP.NYSE-5-MINUTE-LAST-EXTERNAL
2022-01-05 19:55:00,93.209999,93.230003,93.095001,93.150001,17304.0,NTAP.NYSE-5-MINUTE-LAST-EXTERNAL
2022-01-05 21:00:00,92.650001,92.650001,92.650001,92.650001,168122.0,NTAP.NYSE-5-MINUTE-LAST-EXTERNAL
2022-01-06 15:55:00,91.919998,92.099998,91.830001,91.830001,10303.0,NTAP.NYSE-5-MINUTE-LAST-EXTERNAL
2022-01-06 19:55:00,93.710998,93.760002,93.669998,93.690002,12797.0,NTAP.NYSE-5-MINUTE-LAST-EXTERNAL
2022-01-06 21:00:00,93.239997,93.239997,93.239997,93.239997,169780.0,NTAP.NYSE-5-MINUTE-LAST-EXTERNAL
2022-01-07 15:55:00,92.635002,92.910003,92.635002,92.830001,12536.0,NTAP.NYSE-5-MINUTE-LAST-EXTERNAL
2022-01-07 19:55:00,92.599998,92.620002,92.510002,92.514999,10870.0,NTAP.NYSE-5-MINUTE-LAST-EXTERNAL
2022-01-07 21:00:00,92.239997,92.239997,92.239997,92.239997,123164.0,NTAP.NYSE-5-MINUTE-LAST-EXTERNAL
2022-01-10 15:55:00,90.75,90.760002,90.550003,90.7014,10014.0,NTAP.NYSE-5-MINUTE-LAST-EXTERNAL
2022-01-10 19:55:00,92.519996,92.739997,92.489997,92.519996,25727.0,NTAP.NYSE-5-MINUTE-LAST-EXTERNAL
2022-01-10 21:00:00,93.199996,93.199996,93.199996,93.199996,129179.0,NTAP.NYSE-5-MINUTE-LAST-EXTERNAL
2022-01-11 15:55:00,93.302299,93.330001,93.190002,93.190002,9451.0,NTAP.NYSE-5-MINUTE-LAST-EXTERNAL
2022-01-11 19:55:00,94.6809,94.75,94.650001,94.730003,22358.0,NTAP.NYSE-5-MINUTE-LAST-EXTERNAL
2022-01-11 21:00:00,95.019996,95.019996,95.019996,95.019996,91785.0,NTAP.NYSE-5-MINUTE-LAST-EXTERNAL
2022-01-12 15:55:00,94.989997,95.069999,94.940002,95.04,14545.0,NTAP.NYSE-5-MINUTE-LAST-EXTERNAL
2022-01-12 19:55:00,94.830001,94.889999,94.830001,94.849998,9043.0,NTAP.NYSE-5-MINUTE-LAST-EXTERNAL
2022-01-12 21:00:00,94.699996,94.699996,94.699996,94.699996,148120.0,NTAP.NYSE-5-MINUTE-LAST-EXTERNAL
2022-01-13 15:55:00,95.184997,95.309997,95.120002,95.230003,10845.0,NTAP.NYSE-5-MINUTE-LAST-EXTERNAL
2022-01-13 19:55:00,95.915,96.025001,95.910003,95.959999,14111.0,NTAP.NYSE-5-MINUTE-LAST-EXTERNAL
2022-01-13 21:00:00,95.480003,95.480003,95.480003,95.480003,222865.0,NTAP.NYSE-5-MINUTE-LAST-EXTERNAL
2022-01-14 15:55:00,95.75,95.919998,95.580001,95.599998,15844.0,NTAP.NYSE-5-MINUTE-LAST-EXTERNAL
2022-01-14 19:55:00,94.849998,94.940002,94.769996,94.769996,11021.0,NTAP.NYSE-5-MINUTE-LAST-EXTERNAL
2022-01-14 21:00:00,95.410003,95.410003,95.410003,95.410003,114359.0,NTAP.NYSE-5-MINUTE-LAST-EXTERNAL
2022-01-18 15:55:00,94.970001,95.139999,94.910003,95.139999,14822.0,NTAP.NYSE-5-MINUTE-LAST-EXTERNAL
2022-01-18 19:55:00,94.11,94.129997,93.870002,93.879997,16677.0,NTAP.NYSE-5-MINUTE-LAST-EXTERNAL
2022-01-18 21:00:00,93.319999,93.319999,93.319999,93.319999,114211.0,NTAP.NYSE-5-MINUTE-LAST-EXTERNAL
2022-01-19 15:55:00,92.5,92.5,92.169998,92.339996,25007.0,NTAP.NYSE-5-MINUTE-LAST-EXTERNAL
2022-01-19 19:55:00,90.440002,90.620002,90.400001,90.510002,24348.0,NTAP.NYSE-5-MINUTE-LAST-EXTERNAL
2022-01-19 21:00:00,89.410003,89.410003,89.410003,89.410003,157570.0,NTAP.NYSE-5-MINUTE-LAST-EXTERNAL
2022-01-20 15:55:00,90.459999,90.559997,90.410003,90.455001,15029.0,NTAP.NYSE-5-MINUTE-LAST-EXTERNAL
2022-01-20 19:55:00,89.220001,89.25,89.080001,89.129997,11022.0,NTAP.NYSE-5-MINUTE-LAST-EXTERNAL
2022-01-20 21:00:00,87.800003,87.800003,87.800003,87.800003,130325.0,NTAP.NYSE-5-MINUTE-LAST-EXTERNAL
2022-01-21 15:55:00,87.779998,87.910003,87.550003,87.745002,14287.0,NTAP.NYSE-5-MINUTE-LAST-EXTERNAL
2022-01-21 19:55:00,84.879997,84.940002,84.709999,84.739997,22978.0,NTAP.NYSE-5-MINUTE-LAST-EXTERNAL
2022-01-21 21:00:00,84.279998,84.279998,84.279998,84.279998,256986.0,NTAP.NYSE-5-MINUTE-LAST-EXTERNAL
2022-01-24 15:55:00,84.635002,84.650001,84.199996,84.279998,33169.0,NTAP.NYSE-5-MINUTE-LAST-EXTERNAL
2022-01-24 19:55:00,83.690002,84.050003,83.639999,83.93,42442.0,NTAP.NYSE-5-MINUTE-LAST-EXTERNAL
2022-01-24 21:00:00,86.519996,86.519996,86.519996,86.519996,187601.0,NTAP.NYSE-5-MINUTE-LAST-EXTERNAL
2022-01-25 15:55:00,84.589996,84.589996,84.11,84.169998,9206.0,NTAP.NYSE-5-MINUTE-LAST-EXTERNAL
2022-01-25 19:55:00,86.989997,87.319999,86.959999,87.260002,16580.0,NTAP.NYSE-5-MINUTE-LAST-EXTERNAL
2022-01-25 21:00:00,85.720001,85.720001,85.720001,85.720001,164635.0,NTAP.NYSE-5-MINUTE-LAST-EXTERNAL
2022-01-26 15:55:00,86.349998,86.769996,86.315002,86.699996,23402.0,NTAP.NYSE-5-MINUTE-LAST-EXTERNAL
2022-01-26 19:55:00,85.389999,85.550003,85.25,85.54,26973.0,NTAP.NYSE-5-MINUTE-LAST-EXTERNAL
2022-01-26 21:00:00,84.639999,84.639999,84.639999,84.639999,202758.0,NTAP.NYSE-5-MINUTE-LAST-EXTERNAL
2022-01-27 15:55:00,85.699996,86.279998,85.699996,86.279998,22805.0,NTAP.NYSE-5-MINUTE-LAST-EXTERNAL
2022-01-27 19:55:00,83.779998,84.029998,83.709999,83.989997,18580.0,NTAP.NYSE-5-MINUTE-LAST-EXTERNAL
2022-01-27 21:00:00,83.830001,83.830001,83.830001,83.830001,165083.0,NTAP.NYSE-5-MINUTE-LAST-EXTERNAL
2022-01-28 15:55:00,84.5,84.669998,84.400001,84.652,12419.0,NTAP.NYSE-5-MINUTE-LAST-EXTERNAL
2022-01-28 19:55:00,84.629997,85.010002,84.629997,84.919998,58302.0,NTAP.NYSE-5-MINUTE-LAST-EXTERNAL
2022-01-28 21:00:00,86.370002,86.370002,86.370002,86.370002,76694.0,NTAP.NYSE-5-MINUTE-LAST-EXTERNAL
2022-01-31 15:55:00,86.074996,86.199996,86.0,86.0,28035.0,NTAP.NYSE-5-MINUTE-LAST-EXTERNAL
2022-01-31 19:55:00,86.690002,86.739997,86.669998,86.698699,11969.0,NTAP.NYSE-5-MINUTE-LAST-EXTERNAL
2022-01-31 21:00:00,86.510002,86.510002,86.510002,86.510002,474219.0,NTAP.NYSE-5-MINUTE-LAST-EXTERNAL
2022-02-01 15:55:00,86.059997,86.404998,86.050003,86.404998,20599.0,NTAP.NYSE-5-MINUTE-LAST-EXTERNAL
2022-02-01 19:55:00,86.459999,86.474998,86.400001,86.464996,13386.0,NTAP.NYSE-5-MINUTE-LAST-EXTERNAL
2022-02-01 21:00:00,87.010002,87.010002,87.010002,87.010002,195090.0,NTAP.NYSE-5-MINUTE-LAST-EXTERNAL
2022-02-02 15:55:00,87.169998,87.239997,87.099998,87.220001,43485.0,NTAP.NYSE-5-MINUTE-LAST-EXTERNAL
2022-02-02 19:55:00,88.260002,88.400001,88.160003,88.389999,27397.0,NTAP.NYSE-5-MINUTE-LAST-EXTERNAL
2022-02-02 21:00:00,88.660003,88.660003,88.660003,88.660003,72816.0,NTAP.NYSE-5-MINUTE-LAST-EXTERNAL
2022-02-03 15:55:00,89.269996,89.364997,89.230003,89.300003,14904.0,NTAP.NYSE-5-MINUTE-LAST-EXTERNAL
2022-02-03 19:55:00,88.559997,88.699996,88.555,88.665,10624.0,NTAP.NYSE-5-MINUTE-LAST-EXTERNAL
2022-02-03 21:00:00,87.959999,87.959999,87.959999,87.959999,72891.0,NTAP.NYSE-5-MINUTE-LAST-EXTERNAL
2022-02-04 15:55:00,86.720001,86.779998,86.510002,86.580001,13074.0,NTAP.NYSE-5-MINUTE-LAST-EXTERNAL
2022-02-04 19:55:00,87.985,88.044998,87.985,88.04,6013.0,NTAP.NYSE-5-MINUTE-LAST-EXTERNAL
2022-02-04 21:00:00,87.629997,87.629997,87.629997,87.629997,62573.0,NTAP.NYSE-5-MINUTE-LAST-EXTERNAL
2022-02-07 15:55:00,87.580001,87.650001,87.580001,87.629997,6687.0,NTAP.NYSE-5-MINUTE-LAST-EXTERNAL
2022-02-07 19:55:00,87.760002,87.940002,87.760002,87.86,8588.0,NTAP.NYSE-5-MINUTE-LAST-EXTERNAL
2022-02-07 21:00:00,87.330001,87.330001,87.330001,87.330001,89652.0,NTAP.NYSE-5-MINUTE-LAST-EXTERNAL
2022-02-08 15:55:00,88.069999,88.139999,88.050003,88.080001,9200.0,NTAP.NYSE-5-MINUTE-LAST-EXTERNAL
2022-02-08 19:55:00,88.809997,88.819999,88.650001,88.68,6558.0,NTAP.NYSE-5-MINUTE-LAST-EXTERNAL
2022-02-08 21:00:00,89.11,89.11,89.11,89.11,65344.0,NTAP.NYSE-5-MINUTE-LAST-EXTERNAL
2022-02-09 15:55:00,90.809997,90.93,90.79,90.93,33788.0,NTAP.NYSE-5-MINUTE-LAST-EXTERNAL
2022-02-09 19:55:00,91.75,91.830001,91.660003,91.739997,7559.0,NTAP.NYSE-5-MINUTE-LAST-EXTERNAL
2022-02-09 21:00:00,91.699996,91.699996,91.699996,91.699996,59664.0,NTAP.NYSE-5-MINUTE-LAST-EXTERNAL
2022-02-10 15:55:00,91.379997,91.519996,91.330001,91.489997,7521.0,NTAP.NYSE-5-MINUTE-LAST-EXTERNAL
2022-02-10 19:55:00,90.125,90.169998,89.900001,89.980003,22793.0,NTAP.NYSE-5-MINUTE-LAST-EXTERNAL
2022-02-10 21:00:00,90.050003,90.050003,90.050003,90.050003,63918.0,NTAP.NYSE-5-MINUTE-LAST-EXTERNAL
2022-02-11 15:55:00,90.510002,90.589996,90.470001,90.480003,6318.0,NTAP.NYSE-5-MINUTE-LAST-EXTERNAL
2022-02-11 19:55:00,88.730003,88.980003,88.730003,88.949996,25304.0,NTAP.NYSE-5-MINUTE-LAST-EXTERNAL
2022-02-11 21:00:00,89.080001,89.080001,89.080001,89.080001,66494.0,NTAP.NYSE-5-MINUTE-LAST-EXTERNAL
2022-02-14 15:55:00,88.29,88.349998,88.028999,88.04,8631.0,NTAP.NYSE-5-MINUTE-LAST-EXTERNAL
2022-02-14 19:55:00,87.470001,87.559997,87.400001,87.550003,15908.0,NTAP.NYSE-5-MINUTE-LAST-EXTERNAL
2022-02-14 21:00:00,87.79,87.79,87.79,87.79,93619.0,NTAP.NYSE-5-MINUTE-LAST-EXTERNAL
2022-02-15 15:55:00,90.114997,90.190002,89.989997,90.120002,13561.0,NTAP.NYSE-5-MINUTE-LAST-EXTERNAL
2022-02-15 19:55:00,90.169998,90.260002,90.160003,90.224998,9991.0,NTAP.NYSE-5-MINUTE-LAST-EXTERNAL
2022-02-15 21:00:00,90.470001,90.470001,90.470001,90.470001,93650.0,NTAP.NYSE-5-MINUTE-LAST-EXTERNAL
2022-02-16 15:55:00,90.319999,90.349998,90.209999,90.333801,7185.0,NTAP.NYSE-5-MINUTE-LAST-EXTERNAL
2022-02-16 19:55:00,91.220001,91.410003,91.211997,91.410003,12795.0,NTAP.NYSE-5-MINUTE-LAST-EXTERNAL
2022-02-16 21:00:00,91.550003,91.550003,91.550003,91.550003,140328.0,NTAP.NYSE-5-MINUTE-LAST-EXTERNAL
2022-02-17 15:55:00,90.760002,90.809997,90.559997,90.809997,22249.0,NTAP.NYSE-5-MINUTE-LAST-EXTERNAL
2022-02-17 19:55:00,91.010002,91.059997,90.949996,90.970001,13662.0,NTAP.NYSE-5-MINUTE-LAST-EXTERNAL
2022-02-17 21:00:00,91.069999,91.069999,91.069999,91.069999,184050.0,NTAP.NYSE-5-MINUTE-LAST-EXTERNAL
2022-02-18 15:55:00,91.61,91.690002,91.529998,91.580001,16391.0,NTAP.NYSE-5-MINUTE-LAST-EXTERNAL
2022-02-18 19:55:00,91.239997,91.339996,91.099998,91.339996,16933.0,NTAP.NYSE-5-MINUTE-LAST-EXTERNAL
2022-02-18 21:00:00,90.900001,90.900001,90.900001,90.900001,162486.0,NTAP.NYSE-5-MINUTE-LAST-EXTERNAL
2022-02-22 15:55:00,89.120002,89.169998,89.0,89.099998,16733.0,NTAP.NYSE-5-MINUTE-LAST-EXTERNAL
2022-02-22 19:55:00,86.620002,86.855003,86.589996,86.68,33254.0,NTAP.NYSE-5-MINUTE-LAST-EXTERNAL
2022-02-22 21:00:00,86.120002,86.120002,86.120002,86.120002,242984.0,NTAP.NYSE-5-MINUTE-LAST-EXTERNAL
2022-02-23 15:55:00,85.730003,85.730003,85.440002,85.559997,19380.0,NTAP.NYSE-5-MINUTE-LAST-EXTERNAL
2022-02-23 19:55:00,84.410003,84.529998,84.330001,84.345001,23242.0,NTAP.NYSE-5-MINUTE-LAST-EXTERNAL
2022-02-23 21:00:00,84.089996,84.089996,84.089996,84.089996,324885.0,NTAP.NYSE-5-MINUTE-LAST-EXTERNAL
2022-02-24 15:55:00,74.230003,74.819999,74.220298,74.385002,78887.0,NTAP.NYSE-5-MINUTE-LAST-EXTERNAL
2022-02-24 19:55:00,78.730003,78.730003,78.379997,78.449699,36407.0,NTAP.NYSE-5-MINUTE-LAST-EXTERNAL
2022-02-24 21:00:00,79.29,79.29,79.29,79.29,263251.0,NTAP.NYSE-5-MINUTE-LAST-EXTERNAL
2022-02-25 15:55:00,80.459999,81.080001,80.459999,80.734596,37134.0,NTAP.NYSE-5-MINUTE-LAST-EXTERNAL
2022-02-25 19:55:00,80.294998,80.36,80.199996,80.205001,29432.0,NTAP.NYSE-5-MINUTE-LAST-EXTERNAL
2022-02-25 21:00:00,80.139999,80.139999,80.139999,80.139999,143194.0,NTAP.NYSE-5-MINUTE-LAST-EXTERNAL
2022-02-28 15:55:00,77.769996,78.120002,77.769996,78.059997,43260.0,NTAP.NYSE-5-MINUTE-LAST-EXTERNAL
2022-02-28 19:55:00,77.449996,77.639999,77.43,77.519996,20063.0,NTAP.NYSE-5-MINUTE-LAST-EXTERNAL
2022-02-28 21:00:00,78.379997,78.379997,78.379997,78.379997,182984.0,NTAP.NYSE-5-MINUTE-LAST-EXTERNAL
2022-03-01 15:55:00,77.301002,77.309997,77.120002,77.29,13423.0,NTAP.NYSE-5-MINUTE-LAST-EXTERNAL
2022-03-01 19:55:00,77.059997,77.150001,76.970001,77.010002,15542.0,NTAP.NYSE-5-MINUTE-LAST-EXTERNAL
2022-03-01 21:00:00,77.330001,77.330001,77.330001,77.330001,139139.0,NTAP.NYSE-5-MINUTE-LAST-EXTERNAL
2022-03-02 15:55:00,79.300003,79.550003,79.280097,79.459999,17423.0,NTAP.NYSE-5-MINUTE-LAST-EXTERNAL
2022-03-02 19:55:00,81.400001,81.440002,81.129997,81.184997,13135.0,NTAP.NYSE-5-MINUTE-LAST-EXTERNAL
2022-03-02 21:00:00,81.099998,81.099998,81.099998,81.099998,106610.0,NTAP.NYSE-5-MINUTE-LAST-EXTERNAL
2022-03-03 15:55:00,80.93,80.955001,80.699996,80.730003,13780.0,NTAP.NYSE-5-MINUTE-LAST-EXTERNAL
2022-03-03 19:55:00,80.760002,80.779998,80.660003,80.75,14141.0,NTAP.NYSE-5-MINUTE-LAST-EXTERNAL
2022-03-03 21:00:00,80.760002,80.760002,80.760002,80.760002,125906.0,NTAP.NYSE-5-MINUTE-LAST-EXTERNAL
2022-03-04 15:55:00,79.519996,79.529998,79.324996,79.330001,7899.0,NTAP.NYSE-5-MINUTE-LAST-EXTERNAL
2022-03-04 19:55:00,79.764999,79.855003,79.629997,79.629997,9852.0,NTAP.NYSE-5-MINUTE-LAST-EXTERNAL
2022-03-04 21:00:00,80.349998,80.349998,80.349998,80.349998,79547.0,NTAP.NYSE-5-MINUTE-LAST-EXTERNAL
2022-03-07 15:55:00,79.230003,79.269996,79.089996,79.184997,12319.0,NTAP.NYSE-5-MINUTE-LAST-EXTERNAL
2022-03-07 19:55:00,78.370002,78.5,78.370002,78.410003,17179.0,NTAP.NYSE-5-MINUTE-LAST-EXTERNAL
2022-03-07 21:00:00,78.620002,78.620002,78.620002,78.620002,163297.0,NTAP.NYSE-5-MINUTE-LAST-EXTERNAL
2022-03-08 15:55:00,79.714996,79.8497,79.470001,79.779998,8954.0,NTAP.NYSE-5-MINUTE-LAST-EXTERNAL
2022-03-08 19:55:00,79.43,79.529998,79.309997,79.440002,11248.0,NTAP.NYSE-5-MINUTE-LAST-EXTERNAL
2022-03-08 21:00:00,78.919998,78.919998,78.919998,78.919998,196375.0,NTAP.NYSE-5-MINUTE-LAST-EXTERNAL
2022-03-09 15:55:00,80.910003,81.0,80.86,80.86,3043.0,NTAP.NYSE-5-MINUTE-LAST-EXTERNAL
2022-03-09 19:55:00,80.800003,80.879997,80.779998,80.815002,9134.0,NTAP.NYSE-5-MINUTE-LAST-EXTERNAL
2022-03-09 21:00:00,80.779998,80.779998,80.779998,80.779998,64503.0,NTAP.NYSE-5-MINUTE-LAST-EXTERNAL
2022-03-10 15:55:00,81.315002,81.379997,81.235,81.319999,27696.0,NTAP.NYSE-5-MINUTE-LAST-EXTERNAL
2022-03-10 19:55:00,81.93,82.095001,81.93,82.025001,29973.0,NTAP.NYSE-5-MINUTE-LAST-EXTERNAL
2022-03-10 21:00:00,82.620002,82.620002,82.620002,82.620002,169962.0,NTAP.NYSE-5-MINUTE-LAST-EXTERNAL
2022-03-11 15:55:00,83.550003,83.720001,83.550003,83.660003,14948.0,NTAP.NYSE-5-MINUTE-LAST-EXTERNAL
2022-03-11 19:55:00,84.18,84.294998,84.169998,84.220001,29507.0,NTAP.NYSE-5-MINUTE-LAST-EXTERNAL
2022-03-11 21:00:00,84.099998,84.099998,84.099998,84.099998,256487.0,NTAP.NYSE-5-MINUTE-LAST-EXTERNAL
2022-03-14 15:55:00,80.720001,80.800003,80.650001,80.775001,22356.0,NTAP.NYSE-5-MINUTE-LAST-EXTERNAL
2022-03-14 19:55:00,80.239997,80.54,80.230003,80.379997,158588.0,NTAP.NYSE-5-MINUTE-LAST-EXTERNAL
2022-03-15 15:55:00,81.919998,82.059997,81.739997,82.019996,12347.0,NTAP.NYSE-5-MINUTE-LAST-EXTERNAL
2022-03-15 19:55:00,82.0,82.150001,81.980003,82.099998,118261.0,NTAP.NYSE-5-MINUTE-LAST-EXTERNAL
2022-03-16 15:55:00,85.139999,85.29,85.120002,85.269996,11918.0,NTAP.NYSE-5-MINUTE-LAST-EXTERNAL
2022-03-16 19:55:00,84.529998,84.879997,84.5,84.870002,123990.0,NTAP.NYSE-5-MINUTE-LAST-EXTERNAL
2022-03-17 15:55:00,85.660003,85.699996,85.650001,85.68,4813.0,NTAP.NYSE-5-MINUTE-LAST-EXTERNAL
2022-03-17 19:55:00,86.160003,86.449996,86.120002,86.410003,127527.0,NTAP.NYSE-5-MINUTE-LAST-EXTERNAL
2022-03-18 15:55:00,87.029998,87.220001,87.029998,87.199996,6741.0,NTAP.NYSE-5-MINUTE-LAST-EXTERNAL
2022-03-18 19:55:00,89.459999,89.900001,89.459999,89.690002,218901.0,NTAP.NYSE-5-MINUTE-LAST-EXTERNAL
2022-03-21 15:55:00,88.220001,88.440002,88.220001,88.349998,7133.0,NTAP.NYSE-5-MINUTE-LAST-EXTERNAL
2022-03-21 19:55:00,88.449996,88.584999,88.385002,88.5,207343.0,NTAP.NYSE-5-MINUTE-LAST-EXTERNAL
2022-03-22 15:55:00,86.425003,86.800003,86.419998,86.504997,27580.0,NTAP.NYSE-5-MINUTE-LAST-EXTERNAL
2022-03-22 19:55:00,87.61,87.660003,87.43,87.61,143353.0,NTAP.NYSE-5-MINUTE-LAST-EXTERNAL
2022-03-23 15:55:00,88.75,88.779998,88.693603,88.779998,6753.0,NTAP.NYSE-5-MINUTE-LAST-EXTERNAL
2022-03-23 19:55:00,87.260002,87.379997,87.199996,87.220001,135769.0,NTAP.NYSE-5-MINUTE-LAST-EXTERNAL
2022-03-24 15:55:00,85.519996,85.709999,85.519996,85.650001,10367.0,NTAP.NYSE-5-MINUTE-LAST-EXTERNAL
2022-03-24 19:55:00,86.175003,86.400001,86.120796,86.309997,124360.0,NTAP.NYSE-5-MINUTE-LAST-EXTERNAL
2022-03-25 15:55:00,85.43,85.464996,85.370002,85.400001,7411.0,NTAP.NYSE-5-MINUTE-LAST-EXTERNAL
2022-03-25 19:55:00,85.643798,85.720001,85.559997,85.699996,140596.0,NTAP.NYSE-5-MINUTE-LAST-EXTERNAL
2022-03-28 15:55:00,85.019996,85.099998,84.980003,85.019996,7830.0,NTAP.NYSE-5-MINUTE-LAST-EXTERNAL
2022-03-28 19:55:00,86.160003,86.169998,86.059997,86.139999,78325.0,NTAP.NYSE-5-MINUTE-LAST-EXTERNAL
2022-03-29 15:55:00,87.639999,87.639999,87.54,87.559997,4507.0,NTAP.NYSE-5-MINUTE-LAST-EXTERNAL
2022-03-29 19:55:00,88.010002,88.139999,87.959999,88.139999,58796.0,NTAP.NYSE-5-MINUTE-LAST-EXTERNAL
2022-03-30 15:55:00,87.480003,87.629997,87.389999,87.416397,11065.0,NTAP.NYSE-5-MINUTE-LAST-EXTERNAL
2022-03-30 19:55:00,86.29,86.569999,86.275001,86.569999,63469.0,NTAP.NYSE-5-MINUTE-LAST-EXTERNAL
2022-03-31 15:55:00,85.199996,85.254997,85.139999,85.230003,11960.0,NTAP.NYSE-5-MINUTE-LAST-EXTERNAL
2022-03-31 19:55:00,83.095001,83.139999,82.93,82.980003,272287.0,NTAP.NYSE-5-MINUTE-LAST-EXTERNAL
2022-04-01 15:55:00,81.949996,81.949996,81.885002,81.93,8883.0,NTAP.NYSE-5-MINUTE-LAST-EXTERNAL
2022-04-01 19:55:00,82.11,82.300003,82.099998,82.190002,140730.0,NTAP.NYSE-5-MINUTE-LAST-EXTERNAL
2022-04-04 15:55:00,83.529998,83.574996,83.510002,83.519996,12666.0,NTAP.NYSE-5-MINUTE-LAST-EXTERNAL
2022-04-04 19:55:00,83.569999,83.669998,83.550003,83.650001,60366.0,NTAP.NYSE-5-MINUTE-LAST-EXTERNAL
2022-04-05 15:55:00,82.150001,82.160003,82.050003,82.050003,9465.0,NTAP.NYSE-5-MINUTE-LAST-EXTERNAL
2022-04-05 19:55:00,81.129997,81.18,81.069999,81.169998,123908.0,NTAP.NYSE-5-MINUTE-LAST-EXTERNAL
2022-04-06 15:55:00,80.309997,80.339996,80.25,80.339996,10010.0,NTAP.NYSE-5-MINUTE-LAST-EXTERNAL
2022-04-06 19:55:00,79.940002,80.010002,79.68,79.805,197879.0,NTAP.NYSE-5-MINUTE-LAST-EXTERNAL
2022-04-07 15:55:00,78.300003,78.5,78.29,78.480003,19305.0,NTAP.NYSE-5-MINUTE-LAST-EXTERNAL
2022-04-07 19:55:00,78.989997,78.989997,78.720001,78.779998,244472.0,NTAP.NYSE-5-MINUTE-LAST-EXTERNAL
2022-04-08 15:55:00,78.989997,79.069999,78.915,79.010002,22921.0,NTAP.NYSE-5-MINUTE-LAST-EXTERNAL
2022-04-08 19:55:00,78.18,78.260002,78.059997,78.095001,226040.0,NTAP.NYSE-5-MINUTE-LAST-EXTERNAL
2022-04-11 15:55:00,77.169998,77.209999,77.11,77.209999,11741.0,NTAP.NYSE-5-MINUTE-LAST-EXTERNAL
2022-04-11 19:55:00,77.080001,77.169998,77.0,77.129997,165287.0,NTAP.NYSE-5-MINUTE-LAST-EXTERNAL
2022-04-12 15:55:00,77.959999,78.0,77.855003,77.879997,9048.0,NTAP.NYSE-5-MINUTE-LAST-EXTERNAL
2022-04-12 19:55:00,76.419998,76.440002,76.339996,76.400001,112956.0,NTAP.NYSE-5-MINUTE-LAST-EXTERNAL
2022-04-13 15:55:00,77.099998,77.160003,77.089996,77.150001,3827.0,NTAP.NYSE-5-MINUTE-LAST-EXTERNAL
2022-04-13 19:55:00,77.293998,77.370002,77.139999,77.279998,136003.0,NTAP.NYSE-5-MINUTE-LAST-EXTERNAL
2022-04-14 15:55:00,76.769996,76.800003,76.739997,76.75,4646.0,NTAP.NYSE-5-MINUTE-LAST-EXTERNAL
2022-04-14 19:55:00,75.599998,75.639999,75.459999,75.493598,84989.0,NTAP.NYSE-5-MINUTE-LAST-EXTERNAL
2022-04-18 15:55:00,75.839996,75.839996,75.720001,75.800003,12849.0,NTAP.NYSE-5-MINUTE-LAST-EXTERNAL
2022-04-18 19:55:00,75.940002,76.169998,75.93,76.160003,63070.0,NTAP.NYSE-5-MINUTE-LAST-EXTERNAL
2022-04-19 15:55:00,77.019996,77.029998,76.900001,76.910003,11257.0,NTAP.NYSE-5-MINUTE-LAST-EXTERNAL
2022-04-19 19:55:00,77.339996,77.370002,77.099998,77.11,227936.0,NTAP.NYSE-5-MINUTE-LAST-EXTERNAL
2022-04-20 15:55:00,79.169998,79.230003,79.095001,79.11,7295.0,NTAP.NYSE-5-MINUTE-LAST-EXTERNAL
2022-04-20 19:55:00,78.720001,78.754997,78.650001,78.75,109303.0,NTAP.NYSE-5-MINUTE-LAST-EXTERNAL
2022-04-21 15:55:00,78.739997,78.769996,78.559997,78.599998,6877.0,NTAP.NYSE-5-MINUTE-LAST-EXTERNAL
2022-04-21 19:55:00,78.089996,78.099998,77.980003,78.0,57320.0,NTAP.NYSE-5-MINUTE-LAST-EXTERNAL
2022-04-22 15:55:00,76.455001,76.504997,76.400001,76.440002,5481.0,NTAP.NYSE-5-MINUTE-LAST-EXTERNAL
2022-04-22 19:55:00,76.139999,76.150001,75.93,76.010002,145412.0,NTAP.NYSE-5-MINUTE-LAST-EXTERNAL
2022-04-25 15:55:00,74.959999,75.11,74.934501,75.089996,7888.0,NTAP.NYSE-5-MINUTE-LAST-EXTERNAL
2022-04-25 19:55:00,77.334999,77.440002,77.269996,77.410003,113552.0,NTAP.NYSE-5-MINUTE-LAST-EXTERNAL
2022-04-26 15:55:00,75.79,75.800003,75.400001,75.400001,8362.0,NTAP.NYSE-5-MINUTE-LAST-EXTERNAL
2022-04-26 19:55:00,75.61,75.732002,75.5,75.5,75997.0,NTAP.NYSE-5-MINUTE-LAST-EXTERNAL
2022-04-27 15:55:00,73.760002,73.839996,73.730003,73.839996,16383.0,NTAP.NYSE-5-MINUTE-LAST-EXTERNAL
2022-04-27 19:55:00,74.559997,74.68,74.519996,74.529998,159444.0,NTAP.NYSE-5-MINUTE-LAST-EXTERNAL
2022-04-28 15:55:00,74.830001,74.910003,74.819999,74.889999,11774.0,NTAP.NYSE-5-MINUTE-LAST-EXTERNAL
2022-04-28 19:55:00,74.900001,75.010002,74.779998,75.0,368180.0,NTAP.NYSE-5-MINUTE-LAST-EXTERNAL
2022-04-29 15:55:00,74.949996,74.949996,74.760002,74.769996,15634.0,NTAP.NYSE-5-MINUTE-LAST-EXTERNAL
2022-04-29 19:55:00,73.319999,73.449996,73.199996,73.25,265115.0,NTAP.NYSE-5-MINUTE-LAST-EXTERNAL
2022-05-02 15:55:00,73.690002,73.79,73.620002,73.760002,26840.0,NTAP.NYSE-5-MINUTE-LAST-EXTERNAL
2022-05-02 19:55:00,73.980003,74.199996,73.900001,73.989997,322607.0,NTAP.NYSE-5-MINUTE-LAST-EXTERNAL
2022-05-03 15:55:00,74.0,74.150001,73.980003,74.150001,9229.0,NTAP.NYSE-5-MINUTE-LAST-EXTERNAL
2022-05-03 19:55:00,73.819999,74.139999,73.779998,74.069999,131160.0,NTAP.NYSE-5-MINUTE-LAST-EXTERNAL
2022-05-04 15:55:00,74.0,74.0,73.900001,73.919998,8034.0,NTAP.NYSE-5-MINUTE-LAST-EXTERNAL
2022-05-04 19:55:00,76.620002,76.709999,76.514999,76.699996,155992.0,NTAP.NYSE-5-MINUTE-LAST-EXTERNAL
2022-05-05 15:55:00,73.779998,73.889999,73.709999,73.830001,12530.0,NTAP.NYSE-5-MINUTE-LAST-EXTERNAL
2022-05-05 19:55:00,72.889999,73.139999,72.830001,73.139999,173384.0,NTAP.NYSE-5-MINUTE-LAST-EXTERNAL
2022-05-06 15:55:00,73.379997,73.559997,73.279998,73.389999,9508.0,NTAP.NYSE-5-MINUTE-LAST-EXTERNAL
2022-05-06 19:55:00,72.989997,73.04,72.819999,73.0,106463.0,NTAP.NYSE-5-MINUTE-LAST-EXTERNAL
2022-05-09 15:55:00,71.760002,71.839996,71.665,71.79,8319.0,NTAP.NYSE-5-MINUTE-LAST-EXTERNAL
2022-05-09 19:55:00,71.069999,71.389999,71.069999,71.309997,109931.0,NTAP.NYSE-5-MINUTE-LAST-EXTERNAL
2022-05-10 15:55:00,71.910003,72.0,71.75,71.875,20782.0,NTAP.NYSE-5-MINUTE-LAST-EXTERNAL
2022-05-10 19:55:00,73.019996,73.169998,72.970001,73.019996,183740.0,NTAP.NYSE-5-MINUTE-LAST-EXTERNAL
2022-05-11 15:55:00,72.54,72.565002,72.370002,72.5,21923.0,NTAP.NYSE-5-MINUTE-LAST-EXTERNAL
2022-05-11 19:55:00,69.86,69.919998,69.68,69.745002,158575.0,NTAP.NYSE-5-MINUTE-LAST-EXTERNAL
2022-05-12 15:55:00,69.735,69.735,69.5,69.510002,9893.0,NTAP.NYSE-5-MINUTE-LAST-EXTERNAL
2022-05-12 19:55:00,69.480003,69.75,69.419998,69.68,258921.0,NTAP.NYSE-5-MINUTE-LAST-EXTERNAL
2022-05-13 15:55:00,71.129997,71.269996,71.080001,71.269996,10998.0,NTAP.NYSE-5-MINUTE-LAST-EXTERNAL
2022-05-13 19:55:00,71.089996,71.260002,71.004997,71.209999,114095.0,NTAP.NYSE-5-MINUTE-LAST-EXTERNAL
2022-05-16 15:55:00,71.868598,71.868598,71.761299,71.800003,6973.0,NTAP.NYSE-5-MINUTE-LAST-EXTERNAL
2022-05-16 19:55:00,71.574996,71.599998,71.349998,71.5,96488.0,NTAP.NYSE-5-MINUTE-LAST-EXTERNAL
2022-05-17 15:55:00,73.86,73.959999,73.849998,73.889999,9377.0,NTAP.NYSE-5-MINUTE-LAST-EXTERNAL
2022-05-17 19:55:00,73.709999,73.900001,73.669998,73.900001,86548.0,NTAP.NYSE-5-MINUTE-LAST-EXTERNAL
2022-05-18 15:55:00,72.029998,72.089996,71.980003,72.029998,6348.0,NTAP.NYSE-5-MINUTE-LAST-EXTERNAL
2022-05-18 19:55:00,70.54,70.769996,70.519996,70.739997,132904.0,NTAP.NYSE-5-MINUTE-LAST-EXTERNAL
2022-05-19 15:55:00,67.910003,68.019996,67.730003,68.010002,31556.0,NTAP.NYSE-5-MINUTE-LAST-EXTERNAL
2022-05-19 19:55:00,68.294998,68.400001,68.209999,68.260002,235339.0,NTAP.NYSE-5-MINUTE-LAST-EXTERNAL
2022-05-20 15:55:00,66.120002,66.209999,66.050003,66.080001,30862.0,NTAP.NYSE-5-MINUTE-LAST-EXTERNAL
2022-05-20 19:55:00,66.330001,66.669998,66.330001,66.629997,189765.0,NTAP.NYSE-5-MINUTE-LAST-EXTERNAL
2022-05-23 15:55:00,68.949996,69.025001,68.93,68.93,16044.0,NTAP.NYSE-5-MINUTE-LAST-EXTERNAL
2022-05-23 19:55:00,68.25,68.550003,68.165,68.510002,171784.0,NTAP.NYSE-5-MINUTE-LAST-EXTERNAL
2022-05-24 15:55:00,66.940002,67.0,66.879997,66.879997,8194.0,NTAP.NYSE-5-MINUTE-LAST-EXTERNAL
2022-05-24 19:55:00,67.393997,67.470001,67.300003,67.400001,125712.0,NTAP.NYSE-5-MINUTE-LAST-EXTERNAL
2022-05-25 15:55:00,68.720001,68.79,68.720001,68.760002,3930.0,NTAP.NYSE-5-MINUTE-LAST-EXTERNAL
2022-05-25 19:55:00,69.379997,69.470001,69.330001,69.459999,160578.0,NTAP.NYSE-5-MINUTE-LAST-EXTERNAL
2022-05-26 15:55:00,70.014999,70.160003,70.014999,70.087501,9817.0,NTAP.NYSE-5-MINUTE-LAST-EXTERNAL
2022-05-26 19:55:00,70.410003,70.519996,70.410003,70.480003,154408.0,NTAP.NYSE-5-MINUTE-LAST-EXTERNAL
2022-05-27 15:55:00,72.760002,72.760002,72.599998,72.68,6699.0,NTAP.NYSE-5-MINUTE-LAST-EXTERNAL
2022-05-27 19:55:00,72.650001,73.059997,72.639999,73.050003,99851.0,NTAP.NYSE-5-MINUTE-LAST-EXTERNAL
2022-05-31 15:55:00,72.18,72.379997,72.18,72.345001,10473.0,NTAP.NYSE-5-MINUTE-LAST-EXTERNAL
2022-05-31 19:55:00,71.989997,72.199996,71.769996,71.940002,251318.0,NTAP.NYSE-5-MINUTE-LAST-EXTERNAL
2022-06-01 15:55:00,71.870002,71.910003,71.6483,71.720001,17094.0,NTAP.NYSE-5-MINUTE-LAST-EXTERNAL
2022-06-01 19:55:00,72.720001,72.730003,72.5,72.529998,221045.0,NTAP.NYSE-5-MINUTE-LAST-EXTERNAL
2022-06-02 15:55:00,73.480003,73.480003,73.319999,73.400001,32319.0,NTAP.NYSE-5-MINUTE-LAST-EXTERNAL
2022-06-02 19:55:00,72.620002,72.900001,72.620002,72.900001,274895.0,NTAP.NYSE-5-MINUTE-LAST-EXTERNAL
2022-06-03 15:55:00,71.510002,71.620002,71.470001,71.574996,13907.0,NTAP.NYSE-5-MINUTE-LAST-EXTERNAL
2022-06-03 19:55:00,71.089996,71.199996,71.04,71.114997,193833.0,NTAP.NYSE-5-MINUTE-LAST-EXTERNAL
2022-06-06 15:55:00,71.470001,71.550003,71.470001,71.529998,5161.0,NTAP.NYSE-5-MINUTE-LAST-EXTERNAL
2022-06-06 19:55:00,70.870002,70.93,70.839996,70.879997,113785.0,NTAP.NYSE-5-MINUTE-LAST-EXTERNAL
2022-06-07 15:55:00,70.379997,70.510002,70.339996,70.5,8552.0,NTAP.NYSE-5-MINUTE-LAST-EXTERNAL
2022-06-07 19:55:00,71.36,71.480003,71.269996,71.470001,122465.0,NTAP.NYSE-5-MINUTE-LAST-EXTERNAL
2022-06-08 15:55:00,70.809997,70.839996,70.75,70.79,5502.0,NTAP.NYSE-5-MINUTE-LAST-EXTERNAL
2022-06-08 19:55:00,70.099998,70.190002,70.029998,70.080001,136199.0,NTAP.NYSE-5-MINUTE-LAST-EXTERNAL
2022-06-09 15:55:00,69.25,69.440002,69.230003,69.410003,6592.0,NTAP.NYSE-5-MINUTE-LAST-EXTERNAL
2022-06-09 19:55:00,67.979896,68.029998,67.739997,67.769996,106214.0,NTAP.NYSE-5-MINUTE-LAST-EXTERNAL
2022-06-10 15:55:00,66.480003,66.730003,66.480003,66.709999,14450.0,NTAP.NYSE-5-MINUTE-LAST-EXTERNAL
2022-06-10 19:55:00,67.074996,67.099998,66.779998,66.809997,146468.0,NTAP.NYSE-5-MINUTE-LAST-EXTERNAL
2022-06-13 15:55:00,64.959999,65.010002,64.870002,64.93,10892.0,NTAP.NYSE-5-MINUTE-LAST-EXTERNAL
2022-06-13 19:55:00,64.519996,64.6436,64.370002,64.459999,131247.0,NTAP.NYSE-5-MINUTE-LAST-EXTERNAL
2022-06-14 15:55:00,64.569999,64.629997,64.529998,64.589996,6038.0,NTAP.NYSE-5-MINUTE-LAST-EXTERNAL
2022-06-14 19:55:00,64.260002,64.349998,64.220001,64.319999,116916.0,NTAP.NYSE-5-MINUTE-LAST-EXTERNAL
2022-06-15 15:55:00,64.959999,65.029998,64.955001,65.029998,5797.0,NTAP.NYSE-5-MINUTE-LAST-EXTERNAL
2022-06-15 19:55:00,65.269996,65.455001,65.25,65.440002,105167.0,NTAP.NYSE-5-MINUTE-LAST-EXTERNAL
2022-06-16 15:55:00,63.159999,63.25,63.115001,63.220001,13443.0,NTAP.NYSE-5-MINUTE-LAST-EXTERNAL
2022-06-16 19:55:00,63.159999,63.310001,63.119998,63.299999,165507.0,NTAP.NYSE-5-MINUTE-LAST-EXTERNAL
2022-06-17 15:55:00,63.45,63.549999,63.401199,63.5,15544.0,NTAP.NYSE-5-MINUTE-LAST-EXTERNAL
2022-06-17 19:55:00,63.779998,63.865001,63.689998,63.740001,207720.0,NTAP.NYSE-5-MINUTE-LAST-EXTERNAL
2022-06-21 15:55:00,65.279998,65.300003,65.120002,65.120002,16946.0,NTAP.NYSE-5-MINUTE-LAST-EXTERNAL
2022-06-21 19:55:00,64.660003,64.660003,64.489997,64.504997,167297.0,NTAP.NYSE-5-MINUTE-LAST-EXTERNAL
2022-06-22 15:55:00,64.519996,64.544998,64.419998,64.425003,17725.0,NTAP.NYSE-5-MINUTE-LAST-EXTERNAL
2022-06-22 19:55:00,64.879997,64.940002,64.690002,64.690002,140317.0,NTAP.NYSE-5-MINUTE-LAST-EXTERNAL
2022-06-23 15:55:00,64.889999,64.889999,64.730003,64.730003,9806.0,NTAP.NYSE-5-MINUTE-LAST-EXTERNAL
2022-06-23 19:55:00,64.720001,64.940002,64.720001,64.86,212473.0,NTAP.NYSE-5-MINUTE-LAST-EXTERNAL
2022-06-24 15:55:00,66.879997,66.910003,66.760002,66.819999,9081.0,NTAP.NYSE-5-MINUTE-LAST-EXTERNAL
2022-06-24 19:55:00,66.800003,66.864997,66.61,66.809997,439330.0,NTAP.NYSE-5-MINUTE-LAST-EXTERNAL
2022-06-27 15:55:00,67.809997,67.849998,67.739997,67.839996,9940.0,NTAP.NYSE-5-MINUTE-LAST-EXTERNAL
2022-06-27 19:55:00,67.095001,67.269996,67.095001,67.260002,97466.0,NTAP.NYSE-5-MINUTE-LAST-EXTERNAL
2022-06-28 15:55:00,66.519996,66.559997,66.489997,66.510002,6704.0,NTAP.NYSE-5-MINUTE-LAST-EXTERNAL
2022-06-28 19:55:00,65.639999,65.639999,65.54,65.639999,80477.0,NTAP.NYSE-5-MINUTE-LAST-EXTERNAL
2022-06-29 15:55:00,65.68,65.68,65.555,65.660003,9183.0,NTAP.NYSE-5-MINUTE-LAST-EXTERNAL
2022-06-29 19:55:00,65.300003,65.470001,65.29,65.36,66476.0,NTAP.NYSE-5-MINUTE-LAST-EXTERNAL
2022-06-30 15:55:00,65.230003,65.279998,65.199996,65.269996,5678.0,NTAP.NYSE-5-MINUTE-LAST-EXTERNAL
2022-06-30 19:55:00,65.010002,65.279998,64.959999,65.269996,134060.0,NTAP.NYSE-5-MINUTE-LAST-EXTERNAL
2022-07-01 15:55:00,61.979,62.09,61.979,62.029998,13473.0,NTAP.NYSE-5-MINUTE-LAST-EXTERNAL
2022-07-01 19:55:00,62.639999,62.799999,62.639999,62.779998,113135.0,NTAP.NYSE-5-MINUTE-LAST-EXTERNAL
2022-07-05 15:55:00,63.130001,63.154998,63.099998,63.099998,8504.0,NTAP.NYSE-5-MINUTE-LAST-EXTERNAL
2022-07-05 19:55:00,64.099998,64.25,64.070999,64.230003,133557.0,NTAP.NYSE-5-MINUTE-LAST-EXTERNAL
2022-07-06 15:55:00,63.04,63.159999,63.02,63.134998,9631.0,NTAP.NYSE-5-MINUTE-LAST-EXTERNAL
2022-07-06 19:55:00,63.319999,63.36,63.25,63.330001,127189.0,NTAP.NYSE-5-MINUTE-LAST-EXTERNAL
2022-07-07 15:55:00,64.660003,64.730003,64.650001,64.730003,4771.0,NTAP.NYSE-5-MINUTE-LAST-EXTERNAL
2022-07-07 19:55:00,64.735,64.86,64.730003,64.769996,128520.0,NTAP.NYSE-5-MINUTE-LAST-EXTERNAL
2022-07-08 15:55:00,64.830001,64.940002,64.820098,64.940002,4637.0,NTAP.NYSE-5-MINUTE-LAST-EXTERNAL
2022-07-08 19:55:00,65.050003,65.069999,64.974998,65.065002,152595.0,NTAP.NYSE-5-MINUTE-LAST-EXTERNAL
2022-07-11 15:55:00,64.440002,64.54,64.440002,64.510002,8038.0,NTAP.NYSE-5-MINUTE-LAST-EXTERNAL
2022-07-11 19:55:00,64.29,64.410003,64.269996,64.410003,64568.0,NTAP.NYSE-5-MINUTE-LAST-EXTERNAL
2022-07-12 15:55:00,64.959999,64.980003,64.839996,64.900001,14140.0,NTAP.NYSE-5-MINUTE-LAST-EXTERNAL
2022-07-12 19:55:00,64.319999,64.379997,64.300003,64.349998,66849.0,NTAP.NYSE-5-MINUTE-LAST-EXTERNAL
2022-07-13 15:55:00,63.979999,64.04,63.955001,64.029998,11626.0,NTAP.NYSE-5-MINUTE-LAST-EXTERNAL
2022-07-13 19:55:00,64.319999,64.400001,64.25,64.29,110736.0,NTAP.NYSE-5-MINUTE-LAST-EXTERNAL
2022-07-14 15:55:00,64.150001,64.18,64.11,64.18,7211.0,NTAP.NYSE-5-MINUTE-LAST-EXTERNAL
2022-07-14 19:55:00,65.089996,65.095001,64.959999,64.989997,74676.0,NTAP.NYSE-5-MINUTE-LAST-EXTERNAL
2022-07-15 15:55:00,65.849998,65.86,65.760002,65.79,8071.0,NTAP.NYSE-5-MINUTE-LAST-EXTERNAL
2022-07-15 19:55:00,65.93,66.004997,65.879997,65.949996,116835.0,NTAP.NYSE-5-MINUTE-LAST-EXTERNAL
2022-07-18 15:55:00,66.980003,66.980003,66.93,66.959999,5660.0,NTAP.NYSE-5-MINUTE-LAST-EXTERNAL
2022-07-18 19:55:00,65.449996,65.629997,65.449996,65.569999,116216.0,NTAP.NYSE-5-MINUTE-LAST-EXTERNAL
2022-07-19 15:55:00,67.639999,67.75,67.639999,67.730003,5777.0,NTAP.NYSE-5-MINUTE-LAST-EXTERNAL
2022-07-19 19:55:00,68.330001,68.440002,68.279998,68.300003,111548.0,NTAP.NYSE-5-MINUTE-LAST-EXTERNAL
2022-07-20 15:55:00,70.059997,70.069999,69.989997,70.059997,11082.0,NTAP.NYSE-5-MINUTE-LAST-EXTERNAL
2022-07-20 19:55:00,69.61,69.690002,69.555,69.589996,75295.0,NTAP.NYSE-5-MINUTE-LAST-EXTERNAL
2022-07-21 15:55:00,69.779998,69.870002,69.779998,69.819999,9575.0,NTAP.NYSE-5-MINUTE-LAST-EXTERNAL
2022-07-21 19:55:00,70.510002,70.580001,70.449996,70.519996,70148.0,NTAP.NYSE-5-MINUTE-LAST-EXTERNAL
2022-07-22 15:55:00,69.489997,69.559997,69.43,69.510002,7756.0,NTAP.NYSE-5-MINUTE-LAST-EXTERNAL
2022-07-22 19:55:00,69.129997,69.279998,69.125,69.269996,60484.0,NTAP.NYSE-5-MINUTE-LAST-EXTERNAL
2022-07-25 15:55:00,69.160003,69.239997,69.160003,69.239997,6221.0,NTAP.NYSE-5-MINUTE-LAST-EXTERNAL
2022-07-25 19:55:00,69.199996,69.300003,69.160003,69.160003,103583.0,NTAP.NYSE-5-MINUTE-LAST-EXTERNAL
2022-07-26 15:55:00,69.870002,69.949996,69.870002,69.910003,7325.0,NTAP.NYSE-5-MINUTE-LAST-EXTERNAL
2022-07-26 19:55:00,69.480003,69.519996,69.379997,69.419998,75836.0,NTAP.NYSE-5-MINUTE-LAST-EXTERNAL
2022-07-27 15:55:00,69.974998,70.035003,69.974998,70.010002,5073.0,NTAP.NYSE-5-MINUTE-LAST-EXTERNAL
2022-07-27 19:55:00,70.620002,70.735,70.529998,70.559997,88405.0,NTAP.NYSE-5-MINUTE-LAST-EXTERNAL
2022-07-28 15:55:00,71.699996,71.830001,71.68,71.709999,11628.0,NTAP.NYSE-5-MINUTE-LAST-EXTERNAL
2022-07-28 19:55:00,71.699996,71.760002,71.650001,71.709999,64418.0,NTAP.NYSE-5-MINUTE-LAST-EXTERNAL
2022-07-29 15:55:00,70.849998,70.849998,70.800003,70.809997,4583.0,NTAP.NYSE-5-MINUTE-LAST-EXTERNAL
2022-07-29 19:55:00,71.339996,71.36,71.279998,71.339996,96000.0,NTAP.NYSE-5-MINUTE-LAST-EXTERNAL
2022-08-01 15:55:00,71.785003,71.785003,71.690002,71.690002,5464.0,NTAP.NYSE-5-MINUTE-LAST-EXTERNAL
2022-08-01 19:55:00,71.870002,72.059997,71.870002,71.949996,102325.0,NTAP.NYSE-5-MINUTE-LAST-EXTERNAL
2022-08-02 15:55:00,71.5,71.54,71.459999,71.510002,4689.0,NTAP.NYSE-5-MINUTE-LAST-EXTERNAL
2022-08-02 19:55:00,71.440002,71.449996,71.370002,71.389999,46488.0,NTAP.NYSE-5-MINUTE-LAST-EXTERNAL
2022-08-03 15:55:00,72.169998,72.220001,72.150001,72.209999,8487.0,NTAP.NYSE-5-MINUTE-LAST-EXTERNAL
2022-08-03 19:55:00,72.54,72.620002,72.5,72.550003,78861.0,NTAP.NYSE-5-MINUTE-LAST-EXTERNAL
2022-08-04 15:55:00,71.989997,71.989997,71.889999,71.949996,4219.0,NTAP.NYSE-5-MINUTE-LAST-EXTERNAL
2022-08-04 19:55:00,72.139999,72.194999,72.089996,72.120002,79984.0,NTAP.NYSE-5-MINUTE-LAST-EXTERNAL
2022-08-05 15:55:00,72.101097,72.139999,72.089996,72.139999,2454.0,NTAP.NYSE-5-MINUTE-LAST-EXTERNAL
2022-08-05 19:55:00,72.349998,72.419998,72.294998,72.379997,80957.0,NTAP.NYSE-5-MINUTE-LAST-EXTERNAL
2022-08-08 15:55:00,72.309997,72.309997,72.220001,72.220001,4475.0,NTAP.NYSE-5-MINUTE-LAST-EXTERNAL
2022-08-08 19:55:00,72.589996,72.730003,72.580001,72.660003,51156.0,NTAP.NYSE-5-MINUTE-LAST-EXTERNAL
2022-08-09 15:55:00,70.699996,70.699996,70.569999,70.669998,11866.0,NTAP.NYSE-5-MINUTE-LAST-EXTERNAL
2022-08-09 19:55:00,71.089996,71.120002,70.980003,71.069999,83252.0,NTAP.NYSE-5-MINUTE-LAST-EXTERNAL
2022-08-10 15:55:00,73.629997,73.629997,73.529998,73.550003,2536.0,NTAP.NYSE-5-MINUTE-LAST-EXTERNAL
2022-08-10 19:55:00,73.349998,73.389999,73.269996,73.279998,67732.0,NTAP.NYSE-5-MINUTE-LAST-EXTERNAL
2022-08-11 15:55:00,74.169998,74.18,74.120002,74.120002,4015.0,NTAP.NYSE-5-MINUTE-LAST-EXTERNAL
2022-08-11 19:55:00,73.79,73.830001,73.639999,73.690002,58435.0,NTAP.NYSE-5-MINUTE-LAST-EXTERNAL
2022-08-12 15:55:00,74.639999,74.650001,74.569999,74.599998,4162.0,NTAP.NYSE-5-MINUTE-LAST-EXTERNAL
2022-08-12 19:55:00,74.900001,74.940002,74.86,74.93,48904.0,NTAP.NYSE-5-MINUTE-LAST-EXTERNAL
2022-08-15 15:55:00,74.535003,74.599998,74.480003,74.480003,8571.0,NTAP.NYSE-5-MINUTE-LAST-EXTERNAL
2022-08-15 19:55:00,74.629997,74.660003,74.589996,74.629997,74131.0,NTAP.NYSE-5-MINUTE-LAST-EXTERNAL
2022-08-16 15:55:00,75.18,75.239997,75.139999,75.139999,3020.0,NTAP.NYSE-5-MINUTE-LAST-EXTERNAL
2022-08-16 19:55:00,74.86,74.879997,74.720001,74.769996,53127.0,NTAP.NYSE-5-MINUTE-LAST-EXTERNAL
2022-08-17 15:55:00,72.730003,72.86,72.730003,72.855003,16638.0,NTAP.NYSE-5-MINUTE-LAST-EXTERNAL
2022-08-17 19:55:00,73.400001,73.449996,73.300003,73.36,154680.0,NTAP.NYSE-5-MINUTE-LAST-EXTERNAL
2022-08-18 15:55:00,75.199996,75.199996,75.139999,75.169998,8243.0,NTAP.NYSE-5-MINUTE-LAST-EXTERNAL
2022-08-18 19:55:00,75.459999,75.519996,75.349998,75.489997,64322.0,NTAP.NYSE-5-MINUTE-LAST-EXTERNAL
2022-08-19 15:55:00,73.800003,73.800003,73.739997,73.739997,4000.0,NTAP.NYSE-5-MINUTE-LAST-EXTERNAL
2022-08-19 19:55:00,74.279998,74.29,74.150001,74.29,106093.0,NTAP.NYSE-5-MINUTE-LAST-EXTERNAL
2022-08-22 15:55:00,73.379997,73.437896,73.349998,73.379997,8119.0,NTAP.NYSE-5-MINUTE-LAST-EXTERNAL
2022-08-22 19:55:00,72.93,73.069999,72.879997,73.04,96035.0,NTAP.NYSE-5-MINUTE-LAST-EXTERNAL
2022-08-23 15:55:00,73.964996,73.964996,73.809997,73.830001,12087.0,NTAP.NYSE-5-MINUTE-LAST-EXTERNAL
2022-08-23 19:55:00,73.209999,73.29,73.18,73.29,104226.0,NTAP.NYSE-5-MINUTE-LAST-EXTERNAL
2022-08-24 15:55:00,73.910003,73.910003,73.800003,73.849998,6187.0,NTAP.NYSE-5-MINUTE-LAST-EXTERNAL
2022-08-24 19:55:00,72.949996,72.985,72.629997,72.900001,243441.0,NTAP.NYSE-5-MINUTE-LAST-EXTERNAL
2022-08-25 15:55:00,77.800003,77.970001,77.785003,77.970001,41248.0,NTAP.NYSE-5-MINUTE-LAST-EXTERNAL
2022-08-25 19:55:00,78.434997,78.739997,78.370002,78.61,241643.0,NTAP.NYSE-5-MINUTE-LAST-EXTERNAL
2022-08-26 15:55:00,75.464996,75.464996,75.239997,75.269996,12409.0,NTAP.NYSE-5-MINUTE-LAST-EXTERNAL
2022-08-26 19:55:00,75.029998,75.189002,74.959999,74.959999,182446.0,NTAP.NYSE-5-MINUTE-LAST-EXTERNAL
2022-08-29 15:55:00,73.54,73.660003,73.54,73.660003,6538.0,NTAP.NYSE-5-MINUTE-LAST-EXTERNAL
2022-08-29 19:55:00,73.529998,73.529998,73.349998,73.449996,130956.0,NTAP.NYSE-5-MINUTE-LAST-EXTERNAL
2022-08-30 15:55:00,72.910003,72.949996,72.849998,72.870002,5292.0,NTAP.NYSE-5-MINUTE-LAST-EXTERNAL
2022-08-30 19:55:00,72.11,72.349998,72.089996,72.29,87977.0,NTAP.NYSE-5-MINUTE-LAST-EXTERNAL
2022-08-31 15:55:00,72.629997,72.699996,72.599998,72.690002,11017.0,NTAP.NYSE-5-MINUTE-LAST-EXTERNAL
2022-08-31 19:55:00,72.36,72.36,72.129997,72.129997,76251.0,NTAP.NYSE-5-MINUTE-LAST-EXTERNAL
2022-09-01 15:55:00,71.389999,71.389999,71.269996,71.279998,6712.0,NTAP.NYSE-5-MINUTE-LAST-EXTERNAL
2022-09-01 19:55:00,71.919998,72.230003,71.919998,72.169998,86378.0,NTAP.NYSE-5-MINUTE-LAST-EXTERNAL
2022-09-02 15:55:00,73.010002,73.019996,72.959999,72.980003,4378.0,NTAP.NYSE-5-MINUTE-LAST-EXTERNAL
2022-09-02 19:55:00,71.279998,71.370002,71.144996,71.279998,76040.0,NTAP.NYSE-5-MINUTE-LAST-EXTERNAL
2022-09-06 15:55:00,71.449996,71.489997,71.419998,71.459999,5694.0,NTAP.NYSE-5-MINUTE-LAST-EXTERNAL
2022-09-06 19:55:00,70.699996,70.75,70.599998,70.699996,129333.0,NTAP.NYSE-5-MINUTE-LAST-EXTERNAL
2022-09-07 15:55:00,70.550003,70.559997,70.419998,70.459999,7852.0,NTAP.NYSE-5-MINUTE-LAST-EXTERNAL
2022-09-07 19:55:00,70.735,70.760002,70.639999,70.690002,120649.0,NTAP.NYSE-5-MINUTE-LAST-EXTERNAL
2022-09-08 15:55:00,71.169998,71.230003,71.129997,71.230003,17883.0,NTAP.NYSE-5-MINUTE-LAST-EXTERNAL
2022-09-08 19:55:00,71.330001,71.419998,71.319999,71.400001,77331.0,NTAP.NYSE-5-MINUTE-LAST-EXTERNAL
2022-09-09 15:55:00,72.050003,72.230003,72.010002,72.230003,10892.0,NTAP.NYSE-5-MINUTE-LAST-EXTERNAL
2022-09-09 19:55:00,72.580001,72.589996,72.419998,72.449996,111852.0,NTAP.NYSE-5-MINUTE-LAST-EXTERNAL
2022-09-12 15:55:00,73.239997,73.239997,73.019996,73.050003,8669.0,NTAP.NYSE-5-MINUTE-LAST-EXTERNAL
2022-09-12 19:55:00,73.440002,73.519996,73.379997,73.400001,155430.0,NTAP.NYSE-5-MINUTE-LAST-EXTERNAL
2022-09-13 15:55:00,71.889999,71.910003,71.849998,71.870002,6332.0,NTAP.NYSE-5-MINUTE-LAST-EXTERNAL
2022-09-13 19:55:00,71.059997,71.220001,71.019996,71.059997,141507.0,NTAP.NYSE-5-MINUTE-LAST-EXTERNAL
2022-09-14 15:55:00,70.720001,70.724998,70.61,70.61,7358.0,NTAP.NYSE-5-MINUTE-LAST-EXTERNAL
2022-09-14 19:55:00,70.139999,70.29,70.099998,70.264999,109260.0,NTAP.NYSE-5-MINUTE-LAST-EXTERNAL
2022-09-15 15:55:00,69.269996,69.269996,69.114997,69.199996,9356.0,NTAP.NYSE-5-MINUTE-LAST-EXTERNAL
2022-09-15 19:55:00,69.069999,69.165,69.050003,69.089996,96142.0,NTAP.NYSE-5-MINUTE-LAST-EXTERNAL
2022-09-16 15:55:00,68.269996,68.339996,68.239997,68.339996,8259.0,NTAP.NYSE-5-MINUTE-LAST-EXTERNAL
2022-09-16 19:55:00,68.559997,68.79,68.529998,68.669998,151547.0,NTAP.NYSE-5-MINUTE-LAST-EXTERNAL
2022-09-19 15:55:00,67.175003,67.175003,66.93,66.980003,8115.0,NTAP.NYSE-5-MINUTE-LAST-EXTERNAL
2022-09-19 19:55:00,67.569999,67.616996,67.480003,67.61,131748.0,NTAP.NYSE-5-MINUTE-LAST-EXTERNAL
2022-09-20 15:55:00,66.550003,66.583801,66.519996,66.519996,3853.0,NTAP.NYSE-5-MINUTE-LAST-EXTERNAL
2022-09-20 19:55:00,66.389999,66.400001,66.25,66.300003,129843.0,NTAP.NYSE-5-MINUTE-LAST-EXTERNAL
2022-09-21 15:55:00,66.449996,66.5,66.43,66.489997,7464.0,NTAP.NYSE-5-MINUTE-LAST-EXTERNAL
2022-09-21 19:55:00,65.620002,65.620002,65.300003,65.349998,92159.0,NTAP.NYSE-5-MINUTE-LAST-EXTERNAL
2022-09-22 15:55:00,64.470001,64.510002,64.339996,64.379997,8094.0,NTAP.NYSE-5-MINUTE-LAST-EXTERNAL
2022-09-22 19:55:00,64.470001,64.470001,64.220001,64.230003,78511.0,NTAP.NYSE-5-MINUTE-LAST-EXTERNAL
2022-09-23 15:55:00,62.625,62.720001,62.625,62.709999,4448.0,NTAP.NYSE-5-MINUTE-LAST-EXTERNAL
2022-09-23 19:55:00,63.409999,63.490001,63.311,63.439998,130446.0,NTAP.NYSE-5-MINUTE-LAST-EXTERNAL
2022-09-26 15:55:00,63.189998,63.279998,63.18,63.220001,6763.0,NTAP.NYSE-5-MINUTE-LAST-EXTERNAL
2022-09-26 19:55:00,62.95,62.95,62.54,62.61,111951.0,NTAP.NYSE-5-MINUTE-LAST-EXTERNAL
2022-09-27 15:55:00,62.599998,62.715,62.59,62.650001,8379.0,NTAP.NYSE-5-MINUTE-LAST-EXTERNAL
2022-09-27 19:55:00,62.439998,62.560001,62.439998,62.54,136592.0,NTAP.NYSE-5-MINUTE-LAST-EXTERNAL
2022-09-28 15:55:00,63.349998,63.439998,63.349998,63.43,13267.0,NTAP.NYSE-5-MINUTE-LAST-EXTERNAL
2022-09-28 19:55:00,63.75,63.814998,63.650001,63.7,145062.0,NTAP.NYSE-5-MINUTE-LAST-EXTERNAL
2022-09-29 15:55:00,62.759998,62.819999,62.689998,62.689998,9986.0,NTAP.NYSE-5-MINUTE-LAST-EXTERNAL
2022-09-29 19:55:00,62.909999,63.0,62.84,62.939998,116703.0,NTAP.NYSE-5-MINUTE-LAST-EXTERNAL
2022-09-30 15:55:00,62.909999,63.009998,62.904998,62.990001,3461.0,NTAP.NYSE-5-MINUTE-LAST-EXTERNAL
2022-09-30 19:55:00,61.93,61.95,61.75,61.84,164055.0,NTAP.NYSE-5-MINUTE-LAST-EXTERNAL
2022-10-03 15:55:00,63.7,63.779998,63.619998,63.694999,9327.0,NTAP.NYSE-5-MINUTE-LAST-EXTERNAL
2022-10-03 19:55:00,63.959999,64.150001,63.959999,64.139999,213635.0,NTAP.NYSE-5-MINUTE-LAST-EXTERNAL
2022-10-04 15:55:00,66.199996,66.29,66.18,66.29,5867.0,NTAP.NYSE-5-MINUTE-LAST-EXTERNAL
2022-10-04 19:55:00,66.470001,66.650001,66.464996,66.550003,147395.0,NTAP.NYSE-5-MINUTE-LAST-EXTERNAL
2022-10-05 15:55:00,66.739997,66.785003,66.699996,66.700202,8616.0,NTAP.NYSE-5-MINUTE-LAST-EXTERNAL
2022-10-05 19:55:00,67.169998,67.199996,67.059997,67.199996,111821.0,NTAP.NYSE-5-MINUTE-LAST-EXTERNAL
2022-10-06 15:55:00,66.565002,66.580001,66.25,66.25,14761.0,NTAP.NYSE-5-MINUTE-LAST-EXTERNAL
2022-10-06 19:55:00,66.989997,67.139999,66.959999,67.0,246078.0,NTAP.NYSE-5-MINUTE-LAST-EXTERNAL
2022-10-07 15:55:00,65.900001,66.025001,65.889999,65.980003,16124.0,NTAP.NYSE-5-MINUTE-LAST-EXTERNAL
2022-10-07 19:55:00,66.080001,66.160003,66.0,66.089996,107483.0,NTAP.NYSE-5-MINUTE-LAST-EXTERNAL
2022-10-10 15:55:00,64.675003,64.839996,64.675003,64.690002,9831.0,NTAP.NYSE-5-MINUTE-LAST-EXTERNAL
2022-10-10 19:55:00,64.459999,64.459999,63.990001,64.04,280524.0,NTAP.NYSE-5-MINUTE-LAST-EXTERNAL
2022-10-11 15:55:00,63.52,63.619998,63.52,63.584999,8771.0,NTAP.NYSE-5-MINUTE-LAST-EXTERNAL
2022-10-11 19:55:00,62.119998,62.139999,62.02,62.069999,189069.0,NTAP.NYSE-5-MINUTE-LAST-EXTERNAL
2022-10-12 15:55:00,63.060001,63.084999,62.972198,63.029998,9081.0,NTAP.NYSE-5-MINUTE-LAST-EXTERNAL
2022-10-12 19:55:00,62.54,62.54,62.299999,62.334999,113081.0,NTAP.NYSE-5-MINUTE-LAST-EXTERNAL
2022-10-13 15:55:00,63.619998,63.630001,63.459999,63.52,9195.0,NTAP.NYSE-5-MINUTE-LAST-EXTERNAL
2022-10-13 19:55:00,64.199996,64.199996,64.059997,64.120002,167075.0,NTAP.NYSE-5-MINUTE-LAST-EXTERNAL
2022-10-14 15:55:00,63.194999,63.389999,63.174999,63.27,14401.0,NTAP.NYSE-5-MINUTE-LAST-EXTERNAL
2022-10-14 19:55:00,62.547,62.548999,62.279998,62.439998,218491.0,NTAP.NYSE-5-MINUTE-LAST-EXTERNAL
2022-10-17 15:55:00,63.380001,63.380001,63.299999,63.305,10111.0,NTAP.NYSE-5-MINUTE-LAST-EXTERNAL
2022-10-17 19:55:00,63.310001,63.310001,63.060001,63.159999,196419.0,NTAP.NYSE-5-MINUTE-LAST-EXTERNAL
2022-10-18 15:55:00,62.659999,62.77,62.630001,62.75,7643.0,NTAP.NYSE-5-MINUTE-LAST-EXTERNAL
2022-10-18 19:55:00,62.61,62.779998,62.54,62.75,144259.0,NTAP.NYSE-5-MINUTE-LAST-EXTERNAL
2022-10-19 15:55:00,63.159999,63.185001,63.080001,63.09,5817.0,NTAP.NYSE-5-MINUTE-LAST-EXTERNAL
2022-10-19 19:55:00,62.229999,62.349998,62.119998,62.299999,157940.0,NTAP.NYSE-5-MINUTE-LAST-EXTERNAL
2022-10-20 15:55:00,63.27,63.27,63.119998,63.150001,4977.0,NTAP.NYSE-5-MINUTE-LAST-EXTERNAL
2022-10-20 19:55:00,62.759998,62.759998,62.419998,62.470001,106769.0,NTAP.NYSE-5-MINUTE-LAST-EXTERNAL
2022-10-21 15:55:00,64.919998,65.010002,64.910003,64.989997,15680.0,NTAP.NYSE-5-MINUTE-LAST-EXTERNAL
2022-10-21 19:55:00,65.760002,65.819999,65.449996,65.61,202733.0,NTAP.NYSE-5-MINUTE-LAST-EXTERNAL
2022-10-24 15:55:00,66.400001,66.440002,66.379997,66.389999,8179.0,NTAP.NYSE-5-MINUTE-LAST-EXTERNAL
2022-10-24 19:55:00,66.339996,66.379997,66.300003,66.349998,102974.0,NTAP.NYSE-5-MINUTE-LAST-EXTERNAL
2022-10-25 15:55:00,67.269996,67.419998,67.269996,67.394996,11909.0,NTAP.NYSE-5-MINUTE-LAST-EXTERNAL
2022-10-25 19:55:00,67.785003,67.889999,67.779998,67.839996,93209.0,NTAP.NYSE-5-MINUTE-LAST-EXTERNAL
2022-10-26 15:55:00,68.459999,68.489997,68.415,68.489997,5203.0,NTAP.NYSE-5-MINUTE-LAST-EXTERNAL
2022-10-26 19:55:00,67.650001,67.709999,67.43,67.449996,143411.0,NTAP.NYSE-5-MINUTE-LAST-EXTERNAL
2022-10-27 15:55:00,67.75,67.777999,67.510002,67.510002,28191.0,NTAP.NYSE-5-MINUTE-LAST-EXTERNAL
2022-10-27 19:55:00,67.440002,67.480003,67.375,67.480003,124049.0,NTAP.NYSE-5-MINUTE-LAST-EXTERNAL
2022-10-28 15:55:00,68.68,68.68,68.410003,68.440002,19192.0,NTAP.NYSE-5-MINUTE-LAST-EXTERNAL
2022-10-28 19:55:00,69.379997,69.440002,69.355003,69.389999,124388.0,NTAP.NYSE-5-MINUTE-LAST-EXTERNAL
2022-10-31 15:55:00,69.470001,69.480003,69.150001,69.260002,17707.0,NTAP.NYSE-5-MINUTE-LAST-EXTERNAL
2022-10-31 19:55:00,69.25,69.330001,69.239997,69.279998,130823.0,NTAP.NYSE-5-MINUTE-LAST-EXTERNAL
2022-11-01 15:55:00,69.889999,69.959999,69.864997,69.93,6297.0,NTAP.NYSE-5-MINUTE-LAST-EXTERNAL
2022-11-01 19:55:00,71.18,71.199996,71.019996,71.019996,125177.0,NTAP.NYSE-5-MINUTE-LAST-EXTERNAL
2022-11-02 15:55:00,70.410003,70.440002,70.279998,70.300003,4989.0,NTAP.NYSE-5-MINUTE-LAST-EXTERNAL
2022-11-02 19:55:00,68.809997,69.0,68.800003,68.86,148522.0,NTAP.NYSE-5-MINUTE-LAST-EXTERNAL
2022-11-03 15:55:00,67.639999,67.769996,67.629997,67.720001,5771.0,NTAP.NYSE-5-MINUTE-LAST-EXTERNAL
2022-11-03 19:55:00,67.650001,67.698097,67.61,67.629997,80791.0,NTAP.NYSE-5-MINUTE-LAST-EXTERNAL
2022-11-04 15:55:00,68.300003,68.300003,68.129997,68.129997,5293.0,NTAP.NYSE-5-MINUTE-LAST-EXTERNAL
2022-11-04 19:55:00,68.650001,68.819999,68.644996,68.819999,121119.0,NTAP.NYSE-5-MINUTE-LAST-EXTERNAL
2022-11-07 15:55:00,68.474998,68.495002,68.410003,68.495002,5941.0,NTAP.NYSE-5-MINUTE-LAST-EXTERNAL
2022-11-07 19:55:00,69.599998,69.599998,69.459999,69.459999,12074.0,NTAP.NYSE-5-MINUTE-LAST-EXTERNAL
2022-11-07 21:00:00,69.389999,69.389999,69.389999,69.389999,95290.0,NTAP.NYSE-5-MINUTE-LAST-EXTERNAL
2022-11-08 15:55:00,69.875,69.889999,69.849998,69.889999,4713.0,NTAP.NYSE-5-MINUTE-LAST-EXTERNAL
2022-11-08 19:55:00,69.449996,69.489997,69.410003,69.419998,6173.0,NTAP.NYSE-5-MINUTE-LAST-EXTERNAL
2022-11-08 21:00:00,69.440002,69.440002,69.440002,69.440002,76378.0,NTAP.NYSE-5-MINUTE-LAST-EXTERNAL
2022-11-09 15:55:00,68.330001,68.459999,68.254997,68.425003,10885.0,NTAP.NYSE-5-MINUTE-LAST-EXTERNAL
2022-11-09 19:55:00,68.339996,68.349998,68.309997,68.339996,7865.0,NTAP.NYSE-5-MINUTE-LAST-EXTERNAL
2022-11-09 21:00:00,68.010002,68.010002,68.010002,68.010002,226337.0,NTAP.NYSE-5-MINUTE-LAST-EXTERNAL
2022-11-10 15:55:00,71.230003,71.459999,71.230003,71.449996,6807.0,NTAP.NYSE-5-MINUTE-LAST-EXTERNAL
2022-11-10 19:55:00,71.669998,71.709999,71.665,71.699996,11761.0,NTAP.NYSE-5-MINUTE-LAST-EXTERNAL
2022-11-10 21:00:00,71.910003,71.910003,71.910003,71.910003,182279.0,NTAP.NYSE-5-MINUTE-LAST-EXTERNAL
2022-11-11 15:55:00,73.410003,73.43,73.330001,73.400001,15696.0,NTAP.NYSE-5-MINUTE-LAST-EXTERNAL
2022-11-11 19:55:00,73.93,73.940002,73.846099,73.879997,11648.0,NTAP.NYSE-5-MINUTE-LAST-EXTERNAL
2022-11-11 21:00:00,73.5,73.5,73.5,73.5,116262.0,NTAP.NYSE-5-MINUTE-LAST-EXTERNAL
2022-11-14 15:55:00,73.559997,73.580001,73.529998,73.54,6282.0,NTAP.NYSE-5-MINUTE-LAST-EXTERNAL
2022-11-14 19:55:00,73.639999,73.669998,73.620002,73.625,7885.0,NTAP.NYSE-5-MINUTE-LAST-EXTERNAL
2022-11-14 21:00:00,73.18,73.18,73.18,73.18,106156.0,NTAP.NYSE-5-MINUTE-LAST-EXTERNAL
2022-11-15 15:55:00,74.660003,74.690002,74.559997,74.559997,6283.0,NTAP.NYSE-5-MINUTE-LAST-EXTERNAL
2022-11-15 19:55:00,73.970001,74.230003,73.970001,74.199996,8710.0,NTAP.NYSE-5-MINUTE-LAST-EXTERNAL
2022-11-15 21:00:00,73.959999,73.959999,73.959999,73.959999,57115.0,NTAP.NYSE-5-MINUTE-LAST-EXTERNAL
2022-11-16 15:55:00,72.775001,72.779998,72.669998,72.669998,5867.0,NTAP.NYSE-5-MINUTE-LAST-EXTERNAL
2022-11-16 19:55:00,72.68,72.709999,72.669998,72.699996,6538.0,NTAP.NYSE-5-MINUTE-LAST-EXTERNAL
2022-11-16 21:00:00,72.330001,72.330001,72.330001,72.330001,68663.0,NTAP.NYSE-5-MINUTE-LAST-EXTERNAL
2022-11-17 15:55:00,71.489997,71.510002,71.400001,71.434997,10212.0,NTAP.NYSE-5-MINUTE-LAST-EXTERNAL
2022-11-17 19:55:00,72.910003,72.919998,72.839996,72.900001,10410.0,NTAP.NYSE-5-MINUTE-LAST-EXTERNAL
2022-11-17 21:00:00,72.86,72.86,72.86,72.86,92045.0,NTAP.NYSE-5-MINUTE-LAST-EXTERNAL
2022-11-18 15:55:00,73.389999,73.389999,73.230003,73.319999,22232.0,NTAP.NYSE-5-MINUTE-LAST-EXTERNAL
2022-11-18 19:55:00,73.569999,73.669998,73.569999,73.669998,13973.0,NTAP.NYSE-5-MINUTE-LAST-EXTERNAL
2022-11-18 21:00:00,73.720001,73.720001,73.720001,73.720001,92032.0,NTAP.NYSE-5-MINUTE-LAST-EXTERNAL
2022-11-21 15:55:00,72.684997,72.864997,72.61,72.61,14465.0,NTAP.NYSE-5-MINUTE-LAST-EXTERNAL
2022-11-21 19:55:00,72.819999,72.849998,72.739997,72.769996,16181.0,NTAP.NYSE-5-MINUTE-LAST-EXTERNAL
2022-11-21 21:00:00,72.519996,72.519996,72.519996,72.519996,71388.0,NTAP.NYSE-5-MINUTE-LAST-EXTERNAL
2022-11-22 15:55:00,73.870002,73.940002,73.752998,73.752998,11246.0,NTAP.NYSE-5-MINUTE-LAST-EXTERNAL
2022-11-22 19:55:00,73.620002,73.68,73.569999,73.664596,13525.0,NTAP.NYSE-5-MINUTE-LAST-EXTERNAL
2022-11-22 21:00:00,73.879997,73.879997,73.879997,73.879997,83583.0,NTAP.NYSE-5-MINUTE-LAST-EXTERNAL
2022-11-23 15:55:00,74.480003,74.550003,74.470001,74.544998,5029.0,NTAP.NYSE-5-MINUTE-LAST-EXTERNAL
2022-11-23 19:55:00,74.845001,74.879997,74.809997,74.86,5864.0,NTAP.NYSE-5-MINUTE-LAST-EXTERNAL
2022-11-23 21:00:00,74.660003,74.660003,74.660003,74.660003,77664.0,NTAP.NYSE-5-MINUTE-LAST-EXTERNAL
2022-11-25 15:55:00,74.989997,75.150001,74.989997,75.04,9447.0,NTAP.NYSE-5-MINUTE-LAST-EXTERNAL
2022-11-25 18:00:00,74.660003,74.660003,74.660003,74.660003,1293.0,NTAP.NYSE-5-MINUTE-LAST-EXTERNAL
2022-11-28 15:55:00,73.599998,73.739997,73.529998,73.580001,12677.0,NTAP.NYSE-5-MINUTE-LAST-EXTERNAL
2022-11-28 19:55:00,72.54,72.54,72.449996,72.480003,8616.0,NTAP.NYSE-5-MINUTE-LAST-EXTERNAL
2022-11-28 21:00:00,72.569999,72.569999,72.569999,72.569999,141253.0,NTAP.NYSE-5-MINUTE-LAST-EXTERNAL
2022-11-29 15:55:00,72.959999,73.065002,72.919998,72.964996,14829.0,NTAP.NYSE-5-MINUTE-LAST-EXTERNAL
2022-11-29 19:55:00,72.069999,72.084999,72.0,72.035003,9490.0,NTAP.NYSE-5-MINUTE-LAST-EXTERNAL
2022-11-29 21:00:00,71.79,71.79,71.79,71.79,266775.0,NTAP.NYSE-5-MINUTE-LAST-EXTERNAL
2022-11-30 15:55:00,65.769996,65.910003,65.660003,65.839996,29842.0,NTAP.NYSE-5-MINUTE-LAST-EXTERNAL
2022-11-30 19:55:00,66.970001,67.18,66.894996,67.11,73307.0,NTAP.NYSE-5-MINUTE-LAST-EXTERNAL
2022-11-30 21:00:00,67.61,67.61,67.61,67.61,366154.0,NTAP.NYSE-5-MINUTE-LAST-EXTERNAL
2022-12-01 15:55:00,66.690002,66.732299,66.480003,66.730003,28872.0,NTAP.NYSE-5-MINUTE-LAST-EXTERNAL
2022-12-01 19:55:00,68.059997,68.100196,68.010002,68.100196,20649.0,NTAP.NYSE-5-MINUTE-LAST-EXTERNAL
2022-12-01 21:00:00,68.069999,68.069999,68.069999,68.069999,161576.0,NTAP.NYSE-5-MINUTE-LAST-EXTERNAL
2022-12-02 15:55:00,66.410003,66.459999,66.319999,66.410003,10230.0,NTAP.NYSE-5-MINUTE-LAST-EXTERNAL
2022-12-02 19:55:00,66.470001,66.529998,66.459999,66.489997,10130.0,NTAP.NYSE-5-MINUTE-LAST-EXTERNAL
2022-12-02 21:00:00,66.43,66.43,66.43,66.43,180952.0,NTAP.NYSE-5-MINUTE-LAST-EXTERNAL
2022-12-05 15:55:00,65.489997,65.529998,65.389099,65.415,12281.0,NTAP.NYSE-5-MINUTE-LAST-EXTERNAL
2022-12-05 19:55:00,64.330001,64.370002,64.279998,64.36,10845.0,NTAP.NYSE-5-MINUTE-LAST-EXTERNAL
2022-12-05 21:00:00,64.660003,64.660003,64.660003,64.660003,183259.0,NTAP.NYSE-5-MINUTE-LAST-EXTERNAL
2022-12-06 15:55:00,63.009998,63.009998,62.93,62.970001,11193.0,NTAP.NYSE-5-MINUTE-LAST-EXTERNAL
2022-12-06 19:55:00,63.11,63.125,63.064998,63.064998,13634.0,NTAP.NYSE-5-MINUTE-LAST-EXTERNAL
2022-12-06 21:00:00,63.080001,63.080001,63.080001,63.080001,225208.0,NTAP.NYSE-5-MINUTE-LAST-EXTERNAL
2022-12-07 15:55:00,63.125198,63.18,63.099998,63.119998,7856.0,NTAP.NYSE-5-MINUTE-LAST-EXTERNAL
2022-12-07 19:55:00,62.61,62.61,62.5,62.549999,14231.0,NTAP.NYSE-5-MINUTE-LAST-EXTERNAL
2022-12-07 21:00:00,62.979999,62.979999,62.979999,62.979999,209440.0,NTAP.NYSE-5-MINUTE-LAST-EXTERNAL
2022-12-08 15:55:00,63.77,63.830001,63.715,63.720001,8345.0,NTAP.NYSE-5-MINUTE-LAST-EXTERNAL
2022-12-08 19:55:00,63.639999,63.659999,63.560001,63.580001,13297.0,NTAP.NYSE-5-MINUTE-LAST-EXTERNAL
2022-12-08 21:00:00,63.919998,63.919998,63.919998,63.919998,173735.0,NTAP.NYSE-5-MINUTE-LAST-EXTERNAL
2022-12-09 15:55:00,65.125,65.525001,65.125,65.525001,19868.0,NTAP.NYSE-5-MINUTE-LAST-EXTERNAL
2022-12-09 19:55:00,64.889999,64.985,64.86,64.940002,18143.0,NTAP.NYSE-5-MINUTE-LAST-EXTERNAL
2022-12-09 21:00:00,64.29,64.29,64.29,64.29,197187.0,NTAP.NYSE-5-MINUTE-LAST-EXTERNAL
2022-12-12 15:55:00,64.625,64.739997,64.625,64.730003,9622.0,NTAP.NYSE-5-MINUTE-LAST-EXTERNAL
2022-12-12 19:55:00,64.690002,64.769996,64.669998,64.764999,18946.0,NTAP.NYSE-5-MINUTE-LAST-EXTERNAL
2022-12-12 21:00:00,65.29,65.29,65.29,65.29,163266.0,NTAP.NYSE-5-MINUTE-LAST-EXTERNAL
2022-12-13 15:55:00,65.404998,65.61,65.324996,65.550003,18734.0,NTAP.NYSE-5-MINUTE-LAST-EXTERNAL
2022-12-13 19:55:00,64.739997,64.75,64.639999,64.690002,15964.0,NTAP.NYSE-5-MINUTE-LAST-EXTERNAL
2022-12-13 21:00:00,64.910003,64.910003,64.910003,64.910003,141041.0,NTAP.NYSE-5-MINUTE-LAST-EXTERNAL
2022-12-14 15:55:00,64.910003,64.949996,64.834999,64.949996,10909.0,NTAP.NYSE-5-MINUTE-LAST-EXTERNAL
2022-12-14 19:55:00,64.220001,64.275001,64.099998,64.224998,8719.0,NTAP.NYSE-5-MINUTE-LAST-EXTERNAL
2022-12-14 21:00:00,64.389999,64.389999,64.389999,64.389999,89380.0,NTAP.NYSE-5-MINUTE-LAST-EXTERNAL
2022-12-15 15:55:00,62.569999,62.61,62.479999,62.61,32411.0,NTAP.NYSE-5-MINUTE-LAST-EXTERNAL
2022-12-15 19:55:00,61.349998,61.459999,61.330001,61.455001,30238.0,NTAP.NYSE-5-MINUTE-LAST-EXTERNAL
2022-12-15 21:00:00,61.380001,61.380001,61.380001,61.380001,279842.0,NTAP.NYSE-5-MINUTE-LAST-EXTERNAL
2022-12-16 15:55:00,60.209999,60.45,60.2,60.45,15257.0,NTAP.NYSE-5-MINUTE-LAST-EXTERNAL
2022-12-16 19:55:00,59.979999,60.049999,59.93,60.02,18655.0,NTAP.NYSE-5-MINUTE-LAST-EXTERNAL
2022-12-16 21:00:00,60.319999,60.319999,60.319999,60.319999,131081.0,NTAP.NYSE-5-MINUTE-LAST-EXTERNAL
2022-12-19 15:55:00,59.75,59.819999,59.729999,59.744998,11935.0,NTAP.NYSE-5-MINUTE-LAST-EXTERNAL
2022-12-19 19:55:00,58.779998,58.889999,58.779998,58.884998,9659.0,NTAP.NYSE-5-MINUTE-LAST-EXTERNAL
2022-12-19 21:00:00,59.189998,59.189998,59.189998,59.189998,129176.0,NTAP.NYSE-5-MINUTE-LAST-EXTERNAL
2022-12-20 15:55:00,59.659999,59.685001,59.54,59.5512,12563.0,NTAP.NYSE-5-MINUTE-LAST-EXTERNAL
2022-12-20 19:55:00,59.289299,59.310001,59.229999,59.279998,14079.0,NTAP.NYSE-5-MINUTE-LAST-EXTERNAL
2022-12-20 21:00:00,59.470001,59.470001,59.470001,59.470001,93390.0,NTAP.NYSE-5-MINUTE-LAST-EXTERNAL
2022-12-21 15:55:00,60.150001,60.369998,60.150001,60.369998,14524.0,NTAP.NYSE-5-MINUTE-LAST-EXTERNAL
2022-12-21 19:55:00,60.119998,60.139999,60.069999,60.139999,12207.0,NTAP.NYSE-5-MINUTE-LAST-EXTERNAL
2022-12-21 21:00:00,60.049999,60.049999,60.049999,60.049999,115641.0,NTAP.NYSE-5-MINUTE-LAST-EXTERNAL
2022-12-22 15:55:00,59.005001,59.005001,58.869998,58.900001,2838.0,NTAP.NYSE-5-MINUTE-LAST-EXTERNAL
2022-12-22 19:55:00,58.630001,58.715,58.604999,58.694999,26186.0,NTAP.NYSE-5-MINUTE-LAST-EXTERNAL
2022-12-22 21:00:00,58.970001,58.970001,58.970001,58.970001,217157.0,NTAP.NYSE-5-MINUTE-LAST-EXTERNAL
2022-12-23 15:55:00,58.59,58.630001,58.549999,58.580001,6753.0,NTAP.NYSE-5-MINUTE-LAST-EXTERNAL
2022-12-23 19:55:00,59.005001,59.02,58.970001,58.994998,15990.0,NTAP.NYSE-5-MINUTE-LAST-EXTERNAL
2022-12-23 21:00:00,59.04,59.04,59.04,59.04,71161.0,NTAP.NYSE-5-MINUTE-LAST-EXTERNAL
2022-12-27 15:55:00,59.169998,59.169998,59.04,59.080001,4812.0,NTAP.NYSE-5-MINUTE-LAST-EXTERNAL
2022-12-27 19:55:00,58.95,58.965,58.900001,58.965,9440.0,NTAP.NYSE-5-MINUTE-LAST-EXTERNAL
2022-12-27 21:00:00,59.049999,59.049999,59.049999,59.049999,57175.0,NTAP.NYSE-5-MINUTE-LAST-EXTERNAL
2022-12-28 15:55:00,58.611801,58.639701,58.509998,58.509998,4241.0,NTAP.NYSE-5-MINUTE-LAST-EXTERNAL
2022-12-28 19:55:00,58.470001,58.470001,58.381801,58.381801,8136.0,NTAP.NYSE-5-MINUTE-LAST-EXTERNAL
2022-12-28 21:00:00,58.18,58.18,58.18,58.18,91983.0,NTAP.NYSE-5-MINUTE-LAST-EXTERNAL
2022-12-29 15:55:00,59.525001,59.639999,59.525001,59.61,5035.0,NTAP.NYSE-5-MINUTE-LAST-EXTERNAL
2022-12-29 19:55:00,59.979999,59.990001,59.95,59.990001,7626.0,NTAP.NYSE-5-MINUTE-LAST-EXTERNAL
2022-12-29 21:00:00,60.09,60.09,60.09,60.09,94907.0,NTAP.NYSE-5-MINUTE-LAST-EXTERNAL
2022-12-30 15:55:00,59.889999,59.909999,59.830101,59.880001,7492.0,NTAP.NYSE-5-MINUTE-LAST-EXTERNAL
2022-12-30 19:55:00,59.270099,59.310001,59.235,59.274101,12588.0,NTAP.NYSE-5-MINUTE-LAST-EXTERNAL
2022-12-30 21:00:00,60.060001,60.060001,60.060001,60.060001,139242.0,NTAP.NYSE-5-MINUTE-LAST-EXTERNAL
2023-01-03 15:55:00,60.299999,60.529998,60.299999,60.529998,6656.0,NTAP.NYSE-5-MINUTE-LAST-EXTERNAL
2023-01-03 19:55:00,60.569999,60.619998,60.479999,60.5,11717.0,NTAP.NYSE-5-MINUTE-LAST-EXTERNAL
2023-01-03 21:00:00,60.79,60.79,60.79,60.79,93353.0,NTAP.NYSE-5-MINUTE-LAST-EXTERNAL
2023-01-04 15:55:00,62.139999,62.299999,62.080001,62.299999,16953.0,NTAP.NYSE-5-MINUTE-LAST-EXTERNAL
2023-01-04 19:55:00,61.904998,62.119998,61.904998,62.1096,12427.0,NTAP.NYSE-5-MINUTE-LAST-EXTERNAL
2023-01-04 21:00:00,61.93,61.93,61.93,61.93,132111.0,NTAP.NYSE-5-MINUTE-LAST-EXTERNAL
2023-01-05 15:55:00,61.229999,61.240001,61.130001,61.240001,16318.0,NTAP.NYSE-5-MINUTE-LAST-EXTERNAL
2023-01-05 19:55:00,61.639999,61.639999,61.470001,61.474998,13263.0,NTAP.NYSE-5-MINUTE-LAST-EXTERNAL
2023-01-05 21:00:00,61.330001,61.330001,61.330001,61.330001,93291.0,NTAP.NYSE-5-MINUTE-LAST-EXTERNAL
2023-01-06 15:55:00,62.529998,62.580001,62.439998,62.549999,20846.0,NTAP.NYSE-5-MINUTE-LAST-EXTERNAL
2023-01-06 19:55:00,63.739898,63.740001,63.720001,63.729999,9040.0,NTAP.NYSE-5-MINUTE-LAST-EXTERNAL
2023-01-06 21:00:00,63.650001,63.650001,63.650001,63.650001,106733.0,NTAP.NYSE-5-MINUTE-LAST-EXTERNAL
2023-01-09 15:55:00,64.629997,64.629997,64.489997,64.489997,6582.0,NTAP.NYSE-5-MINUTE-LAST-EXTERNAL
2023-01-09 19:55:00,64.239997,64.239997,64.089996,64.089996,9233.0,NTAP.NYSE-5-MINUTE-LAST-EXTERNAL
2023-01-09 21:00:00,63.799999,63.799999,63.799999,63.799999,231707.0,NTAP.NYSE-5-MINUTE-LAST-EXTERNAL
2023-01-10 15:55:00,63.505001,63.709999,63.479999,63.659999,15823.0,NTAP.NYSE-5-MINUTE-LAST-EXTERNAL
2023-01-10 19:55:00,64.120002,64.139999,64.080001,64.139999,18997.0,NTAP.NYSE-5-MINUTE-LAST-EXTERNAL
2023-01-10 21:00:00,64.209999,64.209999,64.209999,64.209999,137401.0,NTAP.NYSE-5-MINUTE-LAST-EXTERNAL
2023-01-11 15:55:00,63.759998,63.759998,63.694999,63.7,6979.0,NTAP.NYSE-5-MINUTE-LAST-EXTERNAL
2023-01-11 19:55:00,64.239997,64.239997,64.190002,64.239997,10801.0,NTAP.NYSE-5-MINUTE-LAST-EXTERNAL
2023-01-11 21:00:00,64.449996,64.449996,64.449996,64.449996,91599.0,NTAP.NYSE-5-MINUTE-LAST-EXTERNAL
2023-01-12 15:55:00,64.139999,64.169998,64.069999,64.099998,12237.0,NTAP.NYSE-5-MINUTE-LAST-EXTERNAL
2023-01-12 19:55:00,64.029998,64.059997,63.970001,64.044998,87568.0,NTAP.NYSE-5-MINUTE-LAST-EXTERNAL
2023-01-12 21:00:00,64.050003,64.050003,64.050003,64.050003,185587.0,NTAP.NYSE-5-MINUTE-LAST-EXTERNAL
2023-01-13 15:55:00,64.389999,64.434997,64.18,64.199996,26745.0,NTAP.NYSE-5-MINUTE-LAST-EXTERNAL
2023-01-13 19:55:00,64.760002,64.815002,64.760002,64.809997,10325.0,NTAP.NYSE-5-MINUTE-LAST-EXTERNAL
2023-01-13 21:00:00,64.660003,64.660003,64.660003,64.660003,127969.0,NTAP.NYSE-5-MINUTE-LAST-EXTERNAL
2023-01-17 15:55:00,64.830001,64.879997,64.690002,64.879997,17711.0,NTAP.NYSE-5-MINUTE-LAST-EXTERNAL
2023-01-17 19:55:00,64.970001,64.970001,64.915,64.940002,11676.0,NTAP.NYSE-5-MINUTE-LAST-EXTERNAL
2023-01-17 21:00:00,64.769996,64.769996,64.769996,64.769996,161942.0,NTAP.NYSE-5-MINUTE-LAST-EXTERNAL
2023-01-18 15:55:00,65.440002,65.559997,65.330001,65.550003,13399.0,NTAP.NYSE-5-MINUTE-LAST-EXTERNAL
2023-01-18 19:55:00,65.150001,65.160003,65.11,65.139999,12534.0,NTAP.NYSE-5-MINUTE-LAST-EXTERNAL
2023-01-18 21:00:00,64.959999,64.959999,64.959999,64.959999,117097.0,NTAP.NYSE-5-MINUTE-LAST-EXTERNAL
2023-01-19 15:55:00,63.880001,63.880001,63.79,63.86,9184.0,NTAP.NYSE-5-MINUTE-LAST-EXTERNAL
2023-01-19 19:55:00,64.580001,64.654998,64.529998,64.529998,18020.0,NTAP.NYSE-5-MINUTE-LAST-EXTERNAL
2023-01-19 21:00:00,64.510002,64.510002,64.510002,64.510002,78616.0,NTAP.NYSE-5-MINUTE-LAST-EXTERNAL
2023-01-20 15:55:00,64.580001,64.68,64.559997,64.629997,9278.0,NTAP.NYSE-5-MINUTE-LAST-EXTERNAL
2023-01-20 19:55:00,65.235,65.330001,65.2192,65.330001,12498.0,NTAP.NYSE-5-MINUTE-LAST-EXTERNAL
2023-01-20 21:00:00,65.470001,65.470001,65.470001,65.470001,77053.0,NTAP.NYSE-5-MINUTE-LAST-EXTERNAL
2023-01-23 15:55:00,66.919998,66.970001,66.910003,66.940002,10817.0,NTAP.NYSE-5-MINUTE-LAST-EXTERNAL
2023-01-23 19:55:00,66.54,66.625,66.528297,66.620002,32362.0,NTAP.NYSE-5-MINUTE-LAST-EXTERNAL
2023-01-23 21:00:00,67.010002,67.010002,67.010002,67.010002,114276.0,NTAP.NYSE-5-MINUTE-LAST-EXTERNAL
2023-01-24 15:55:00,67.345001,67.36,67.279998,67.279998,12252.0,NTAP.NYSE-5-MINUTE-LAST-EXTERNAL
2023-01-24 19:55:00,67.004997,67.050003,66.893699,66.893699,11649.0,NTAP.NYSE-5-MINUTE-LAST-EXTERNAL
2023-01-24 21:00:00,66.86,66.86,66.86,66.86,64690.0,NTAP.NYSE-5-MINUTE-LAST-EXTERNAL
2023-01-25 15:55:00,65.739997,65.940002,65.709999,65.940002,28459.0,NTAP.NYSE-5-MINUTE-LAST-EXTERNAL
2023-01-25 19:55:00,66.449996,66.510002,66.449996,66.495002,9078.0,NTAP.NYSE-5-MINUTE-LAST-EXTERNAL
2023-01-25 21:00:00,66.370002,66.370002,66.370002,66.370002,98148.0,NTAP.NYSE-5-MINUTE-LAST-EXTERNAL
2023-01-26 15:55:00,66.04,66.069999,65.970001,65.970001,66913.0,NTAP.NYSE-5-MINUTE-LAST-EXTERNAL
2023-01-26 19:55:00,65.849998,65.909797,65.839996,65.889999,12416.0,NTAP.NYSE-5-MINUTE-LAST-EXTERNAL
2023-01-26 21:00:00,65.79,65.79,65.79,65.79,287624.0,NTAP.NYSE-5-MINUTE-LAST-EXTERNAL
2023-01-27 15:55:00,66.019996,66.139999,66.0,66.050003,12686.0,NTAP.NYSE-5-MINUTE-LAST-EXTERNAL
2023-01-27 19:55:00,66.190002,66.209999,66.129997,66.129997,13257.0,NTAP.NYSE-5-MINUTE-LAST-EXTERNAL
2023-01-27 21:00:00,65.54,65.54,65.54,65.54,279013.0,NTAP.NYSE-5-MINUTE-LAST-EXTERNAL
2023-01-30 15:55:00,65.379997,65.470001,65.370002,65.449996,9690.0,NTAP.NYSE-5-MINUTE-LAST-EXTERNAL
2023-01-30 19:55:00,65.824996,65.834999,65.779998,65.809997,9702.0,NTAP.NYSE-5-MINUTE-LAST-EXTERNAL
2023-01-30 21:00:00,65.510002,65.510002,65.510002,65.510002,181049.0,NTAP.NYSE-5-MINUTE-LAST-EXTERNAL
2023-01-31 15:55:00,65.080001,65.139999,65.069999,65.129997,19112.0,NTAP.NYSE-5-MINUTE-LAST-EXTERNAL
2023-01-31 19:55:00,65.650001,65.650001,65.580001,65.580001,18238.0,NTAP.NYSE-5-MINUTE-LAST-EXTERNAL
2023-01-31 21:00:00,66.230003,66.230003,66.230003,66.230003,241732.0,NTAP.NYSE-5-MINUTE-LAST-EXTERNAL
2023-02-01 15:55:00,66.330001,66.330001,66.120002,66.139999,18160.0,NTAP.NYSE-5-MINUTE-LAST-EXTERNAL
2023-02-01 19:55:00,66.604797,66.669998,66.495002,66.620002,19847.0,NTAP.NYSE-5-MINUTE-LAST-EXTERNAL
2023-02-01 21:00:00,67.11,67.11,67.11,67.11,142263.0,NTAP.NYSE-5-MINUTE-LAST-EXTERNAL
2023-02-02 15:55:00,68.93,69.050003,68.915,69.04,46550.0,NTAP.NYSE-5-MINUTE-LAST-EXTERNAL
2023-02-02 19:55:00,69.129997,69.129997,68.959999,69.04,18686.0,NTAP.NYSE-5-MINUTE-LAST-EXTERNAL
2023-02-02 21:00:00,69.050003,69.050003,69.050003,69.050003,223599.0,NTAP.NYSE-5-MINUTE-LAST-EXTERNAL
2023-02-03 15:55:00,68.440002,68.489997,68.324996,68.480003,17907.0,NTAP.NYSE-5-MINUTE-LAST-EXTERNAL
2023-02-03 19:55:00,67.489997,67.544998,67.379997,67.43,24454.0,NTAP.NYSE-5-MINUTE-LAST-EXTERNAL
2023-02-03 21:00:00,67.620002,67.620002,67.620002,67.620002,198805.0,NTAP.NYSE-5-MINUTE-LAST-EXTERNAL
2023-02-06 15:55:00,66.5,66.599998,66.480003,66.599998,5748.0,NTAP.NYSE-5-MINUTE-LAST-EXTERNAL
2023-02-06 19:55:00,66.379997,66.379997,66.315002,66.339996,9783.0,NTAP.NYSE-5-MINUTE-LAST-EXTERNAL
2023-02-06 21:00:00,66.080001,66.080001,66.080001,66.080001,179792.0,NTAP.NYSE-5-MINUTE-LAST-EXTERNAL
2023-02-07 15:55:00,66.739997,66.739997,66.629997,66.68,9719.0,NTAP.NYSE-5-MINUTE-LAST-EXTERNAL
2023-02-07 19:55:00,66.970001,67.014999,66.959999,67.010002,6807.0,NTAP.NYSE-5-MINUTE-LAST-EXTERNAL
2023-02-07 21:00:00,67.419998,67.419998,67.419998,67.419998,154873.0,NTAP.NYSE-5-MINUTE-LAST-EXTERNAL
2023-02-08 15:55:00,66.514999,66.589996,66.5,66.510002,5145.0,NTAP.NYSE-5-MINUTE-LAST-EXTERNAL
2023-02-08 19:55:00,66.779998,66.900001,66.769996,66.900001,7833.0,NTAP.NYSE-5-MINUTE-LAST-EXTERNAL
2023-02-08 21:00:00,66.410003,66.410003,66.410003,66.410003,190210.0,NTAP.NYSE-5-MINUTE-LAST-EXTERNAL
2023-02-09 15:55:00,66.517097,66.739997,66.489997,66.739997,12957.0,NTAP.NYSE-5-MINUTE-LAST-EXTERNAL
2023-02-09 19:55:00,66.169998,66.169998,66.120002,66.120002,9509.0,NTAP.NYSE-5-MINUTE-LAST-EXTERNAL
2023-02-09 21:00:00,65.989997,65.989997,65.989997,65.989997,171854.0,NTAP.NYSE-5-MINUTE-LAST-EXTERNAL
2023-02-10 15:55:00,66.379997,66.400001,66.29,66.36,17289.0,NTAP.NYSE-5-MINUTE-LAST-EXTERNAL
2023-02-10 19:55:00,66.300003,66.330001,66.25,66.269996,11782.0,NTAP.NYSE-5-MINUTE-LAST-EXTERNAL
2023-02-10 21:00:00,66.339996,66.339996,66.339996,66.339996,107142.0,NTAP.NYSE-5-MINUTE-LAST-EXTERNAL
2023-02-13 15:55:00,66.885002,66.919998,66.86,66.894996,7885.0,NTAP.NYSE-5-MINUTE-LAST-EXTERNAL
2023-02-13 19:55:00,67.425003,67.510002,67.389999,67.510002,15167.0,NTAP.NYSE-5-MINUTE-LAST-EXTERNAL
2023-02-13 21:00:00,67.720001,67.720001,67.720001,67.720001,138134.0,NTAP.NYSE-5-MINUTE-LAST-EXTERNAL
2023-02-14 15:55:00,67.365097,67.529998,67.339996,67.510002,6762.0,NTAP.NYSE-5-MINUTE-LAST-EXTERNAL
2023-02-14 19:55:00,67.785003,67.819999,67.735,67.754997,11753.0,NTAP.NYSE-5-MINUTE-LAST-EXTERNAL
2023-02-14 21:00:00,67.720001,67.720001,67.720001,67.720001,110092.0,NTAP.NYSE-5-MINUTE-LAST-EXTERNAL
2023-02-15 15:55:00,67.694999,67.760002,67.675003,67.720001,7203.0,NTAP.NYSE-5-MINUTE-LAST-EXTERNAL
2023-02-15 19:55:00,68.169998,68.169998,68.089996,68.089996,9416.0,NTAP.NYSE-5-MINUTE-LAST-EXTERNAL
2023-02-15 21:00:00,68.709999,68.709999,68.709999,68.709999,128248.0,NTAP.NYSE-5-MINUTE-LAST-EXTERNAL
2023-02-16 15:55:00,68.010002,68.04,67.940002,68.04,8179.0,NTAP.NYSE-5-MINUTE-LAST-EXTERNAL
2023-02-16 19:55:00,68.599998,68.639999,68.584999,68.584999,11076.0,NTAP.NYSE-5-MINUTE-LAST-EXTERNAL
2023-02-16 21:00:00,67.949996,67.949996,67.949996,67.949996,109150.0,NTAP.NYSE-5-MINUTE-LAST-EXTERNAL
2023-02-17 15:55:00,67.010002,67.04,66.944999,66.944999,6533.0,NTAP.NYSE-5-MINUTE-LAST-EXTERNAL
2023-02-17 19:55:00,67.599998,67.690002,67.580001,67.589996,19380.0,NTAP.NYSE-5-MINUTE-LAST-EXTERNAL
2023-02-17 21:00:00,67.410003,67.410003,67.410003,67.410003,132880.0,NTAP.NYSE-5-MINUTE-LAST-EXTERNAL
2023-02-21 15:55:00,65.889999,66.0,65.879997,65.949996,29216.0,NTAP.NYSE-5-MINUTE-LAST-EXTERNAL
2023-02-21 19:55:00,66.050003,66.074996,65.989997,66.059997,13611.0,NTAP.NYSE-5-MINUTE-LAST-EXTERNAL
2023-02-21 21:00:00,65.949996,65.949996,65.949996,65.949996,216900.0,NTAP.NYSE-5-MINUTE-LAST-EXTERNAL
2023-02-22 15:55:00,65.550003,65.650001,65.54,65.589996,13619.0,NTAP.NYSE-5-MINUTE-LAST-EXTERNAL
2023-02-22 19:55:00,65.68,65.709999,65.589996,65.589996,18171.0,NTAP.NYSE-5-MINUTE-LAST-EXTERNAL
2023-02-22 21:00:00,65.830001,65.830001,65.830001,65.830001,190790.0,NTAP.NYSE-5-MINUTE-LAST-EXTERNAL
2023-02-23 15:55:00,63.709999,63.79,63.490001,63.599998,33454.0,NTAP.NYSE-5-MINUTE-LAST-EXTERNAL
2023-02-23 19:55:00,65.385002,65.410003,65.29,65.410003,22877.0,NTAP.NYSE-5-MINUTE-LAST-EXTERNAL
2023-02-23 21:00:00,66.220001,66.220001,66.220001,66.220001,297333.0,NTAP.NYSE-5-MINUTE-LAST-EXTERNAL
2023-02-24 15:55:00,65.535003,65.660003,65.519996,65.584999,22541.0,NTAP.NYSE-5-MINUTE-LAST-EXTERNAL
2023-02-24 19:55:00,65.489997,65.660003,65.480003,65.61,15996.0,NTAP.NYSE-5-MINUTE-LAST-EXTERNAL
2023-02-24 21:00:00,65.379997,65.379997,65.379997,65.379997,167864.0,NTAP.NYSE-5-MINUTE-LAST-EXTERNAL
2023-02-27 15:55:00,65.385002,65.459999,65.264999,65.410003,15311.0,NTAP.NYSE-5-MINUTE-LAST-EXTERNAL
2023-02-27 19:55:00,65.089996,65.184997,65.089996,65.11,19778.0,NTAP.NYSE-5-MINUTE-LAST-EXTERNAL
2023-02-27 21:00:00,64.769996,64.769996,64.769996,64.769996,207862.0,NTAP.NYSE-5-MINUTE-LAST-EXTERNAL
2023-02-28 15:55:00,64.589996,64.709999,64.550003,64.690002,17613.0,NTAP.NYSE-5-MINUTE-LAST-EXTERNAL
2023-02-28 19:55:00,65.199996,65.209999,65.120002,65.120002,12443.0,NTAP.NYSE-5-MINUTE-LAST-EXTERNAL
2023-02-28 21:00:00,64.550003,64.550003,64.550003,64.550003,194309.0,NTAP.NYSE-5-MINUTE-LAST-EXTERNAL
2023-03-01 15:55:00,64.800003,64.940002,64.79,64.830001,26879.0,NTAP.NYSE-5-MINUTE-LAST-EXTERNAL
2023-03-01 19:55:00,64.419998,64.5,64.400001,64.470001,9045.0,NTAP.NYSE-5-MINUTE-LAST-EXTERNAL
2023-03-01 21:00:00,64.599998,64.599998,64.599998,64.599998,108711.0,NTAP.NYSE-5-MINUTE-LAST-EXTERNAL
2023-03-02 15:55:00,63.944999,63.95,63.86,63.86,10445.0,NTAP.NYSE-5-MINUTE-LAST-EXTERNAL
2023-03-02 19:55:00,64.900001,64.970001,64.885002,64.944999,9764.0,NTAP.NYSE-5-MINUTE-LAST-EXTERNAL
2023-03-02 21:00:00,65.139999,65.139999,65.139999,65.139999,82475.0,NTAP.NYSE-5-MINUTE-LAST-EXTERNAL
2023-03-03 15:55:00,65.629997,65.660003,65.569999,65.599998,7410.0,NTAP.NYSE-5-MINUTE-LAST-EXTERNAL
2023-03-03 19:55:00,65.938796,65.970001,65.919998,65.959999,13666.0,NTAP.NYSE-5-MINUTE-LAST-EXTERNAL
2023-03-03 21:00:00,65.779998,65.779998,65.779998,65.779998,101227.0,NTAP.NYSE-5-MINUTE-LAST-EXTERNAL
2023-03-06 15:55:00,66.160003,66.18,66.0,66.0,8344.0,NTAP.NYSE-5-MINUTE-LAST-EXTERNAL
2023-03-06 19:55:00,65.669998,65.680999,65.599998,65.620002,12632.0,NTAP.NYSE-5-MINUTE-LAST-EXTERNAL
2023-03-06 21:00:00,65.36,65.36,65.36,65.36,121819.0,NTAP.NYSE-5-MINUTE-LAST-EXTERNAL
2023-03-07 15:55:00,64.510002,64.574996,64.389999,64.389999,8059.0,NTAP.NYSE-5-MINUTE-LAST-EXTERNAL
2023-03-07 19:55:00,63.86,63.979999,63.834999,63.970001,15659.0,NTAP.NYSE-5-MINUTE-LAST-EXTERNAL
2023-03-07 21:00:00,63.919998,63.919998,63.919998,63.919998,143979.0,NTAP.NYSE-5-MINUTE-LAST-EXTERNAL
2023-03-08 15:55:00,64.269996,64.339996,64.269996,64.294998,9303.0,NTAP.NYSE-5-MINUTE-LAST-EXTERNAL
2023-03-08 19:55:00,64.855003,64.86,64.739997,64.739997,7410.0,NTAP.NYSE-5-MINUTE-LAST-EXTERNAL
2023-03-08 21:00:00,64.86,64.86,64.86,64.86,119934.0,NTAP.NYSE-5-MINUTE-LAST-EXTERNAL
2023-03-09 15:55:00,64.989997,64.989997,64.747703,64.747703,12933.0,NTAP.NYSE-5-MINUTE-LAST-EXTERNAL
2023-03-09 19:55:00,64.0,64.019996,63.959999,63.970001,7028.0,NTAP.NYSE-5-MINUTE-LAST-EXTERNAL
2023-03-09 21:00:00,63.400001,63.400001,63.400001,63.400001,201722.0,NTAP.NYSE-5-MINUTE-LAST-EXTERNAL
2023-03-10 15:55:00,62.549999,62.889999,62.549999,62.84,5834.0,NTAP.NYSE-5-MINUTE-LAST-EXTERNAL
2023-03-10 19:55:00,62.599998,62.709999,62.470001,62.544998,14555.0,NTAP.NYSE-5-MINUTE-LAST-EXTERNAL
2023-03-10 21:00:00,62.220001,62.220001,62.220001,62.220001,147697.0,NTAP.NYSE-5-MINUTE-LAST-EXTERNAL
2023-03-13 15:55:00,61.970001,62.169998,61.944999,62.139999,23876.0,NTAP.NYSE-5-MINUTE-LAST-EXTERNAL
2023-03-13 19:55:00,61.479999,61.54,61.325,61.34,139169.0,NTAP.NYSE-5-MINUTE-LAST-EXTERNAL
2023-03-14 15:55:00,62.029998,62.049999,61.979999,61.994998,10654.0,NTAP.NYSE-5-MINUTE-LAST-EXTERNAL
2023-03-14 19:55:00,61.11,61.154998,60.979999,61.119998,449754.0,NTAP.NYSE-5-MINUTE-LAST-EXTERNAL
2023-03-15 15:55:00,60.409999,60.465,60.36,60.389999,23268.0,NTAP.NYSE-5-MINUTE-LAST-EXTERNAL
2023-03-15 19:55:00,60.810001,61.080001,60.799999,61.080001,192326.0,NTAP.NYSE-5-MINUTE-LAST-EXTERNAL
2023-03-16 15:55:00,61.400001,61.54,61.400001,61.43,29456.0,NTAP.NYSE-5-MINUTE-LAST-EXTERNAL
2023-03-16 19:55:00,61.95,62.02,61.880001,61.979999,173118.0,NTAP.NYSE-5-MINUTE-LAST-EXTERNAL
2023-03-17 15:55:00,61.740001,61.84,61.740001,61.819999,19007.0,NTAP.NYSE-5-MINUTE-LAST-EXTERNAL
2023-03-17 19:55:00,61.639999,61.689998,61.409999,61.459999,216910.0,NTAP.NYSE-5-MINUTE-LAST-EXTERNAL
2023-03-20 15:55:00,62.729999,62.77,62.650001,62.650001,19096.0,NTAP.NYSE-5-MINUTE-LAST-EXTERNAL
2023-03-20 19:55:00,63.02,63.02,62.875,62.990001,154968.0,NTAP.NYSE-5-MINUTE-LAST-EXTERNAL
2023-03-21 15:55:00,63.794998,63.819999,63.685001,63.685001,13824.0,NTAP.NYSE-5-MINUTE-LAST-EXTERNAL
2023-03-21 19:55:00,64.089996,64.199996,64.069999,64.190002,151241.0,NTAP.NYSE-5-MINUTE-LAST-EXTERNAL
2023-03-22 15:55:00,63.61,63.630001,63.595001,63.626998,4647.0,NTAP.NYSE-5-MINUTE-LAST-EXTERNAL
2023-03-22 19:55:00,61.740001,61.77,61.529998,61.529998,232798.0,NTAP.NYSE-5-MINUTE-LAST-EXTERNAL
2023-03-23 15:55:00,62.650001,62.7,62.544998,62.549999,12644.0,NTAP.NYSE-5-MINUTE-LAST-EXTERNAL
2023-03-23 19:55:00,61.479999,61.599998,61.479999,61.509998,235414.0,NTAP.NYSE-5-MINUTE-LAST-EXTERNAL
2023-03-24 15:55:00,60.1525,60.330001,60.1525,60.220001,18796.0,NTAP.NYSE-5-MINUTE-LAST-EXTERNAL
2023-03-24 19:55:00,60.900001,61.069999,60.849998,61.060001,184537.0,NTAP.NYSE-5-MINUTE-LAST-EXTERNAL
2023-03-27 15:55:00,61.68,61.709999,61.61,61.709999,9296.0,NTAP.NYSE-5-MINUTE-LAST-EXTERNAL
2023-03-27 19:55:00,61.759998,61.759998,61.584999,61.665,90769.0,NTAP.NYSE-5-MINUTE-LAST-EXTERNAL
2023-03-28 15:55:00,60.799999,60.799999,60.75,60.79,11166.0,NTAP.NYSE-5-MINUTE-LAST-EXTERNAL
2023-03-28 19:55:00,60.784999,60.799999,60.720001,60.799999,105807.0,NTAP.NYSE-5-MINUTE-LAST-EXTERNAL
2023-03-29 15:55:00,62.009998,62.080001,62.0,62.080001,8715.0,NTAP.NYSE-5-MINUTE-LAST-EXTERNAL
2023-03-29 19:55:00,62.049999,62.069999,61.985,62.04,110442.0,NTAP.NYSE-5-MINUTE-LAST-EXTERNAL
2023-03-30 15:55:00,62.25,62.264999,62.18,62.18,11663.0,NTAP.NYSE-5-MINUTE-LAST-EXTERNAL
2023-03-30 19:55:00,62.569999,62.59,62.505001,62.580001,100826.0,NTAP.NYSE-5-MINUTE-LAST-EXTERNAL
2023-03-31 15:55:00,63.439998,63.439998,63.395,63.409999,12015.0,NTAP.NYSE-5-MINUTE-LAST-EXTERNAL
2023-03-31 19:55:00,63.740001,63.909999,63.740001,63.830001,118143.0,NTAP.NYSE-5-MINUTE-LAST-EXTERNAL
2023-04-03 15:55:00,63.549999,63.639999,63.549999,63.634998,123733.0,NTAP.NYSE-5-MINUTE-LAST-EXTERNAL
2023-04-03 19:55:00,64.169998,64.25,64.160003,64.18,126813.0,NTAP.NYSE-5-MINUTE-LAST-EXTERNAL
2023-04-04 15:55:00,63.310001,63.319999,63.229999,63.229999,10858.0,NTAP.NYSE-5-MINUTE-LAST-EXTERNAL
2023-04-04 19:55:00,63.159999,63.209999,63.049999,63.2,101871.0,NTAP.NYSE-5-MINUTE-LAST-EXTERNAL
2023-04-05 15:55:00,62.369998,62.404998,62.310001,62.310001,14692.0,NTAP.NYSE-5-MINUTE-LAST-EXTERNAL
2023-04-05 19:55:00,62.810001,62.869998,62.799999,62.810001,76269.0,NTAP.NYSE-5-MINUTE-LAST-EXTERNAL
2023-04-06 15:55:00,62.889999,63.029998,62.889999,63.02,23002.0,NTAP.NYSE-5-MINUTE-LAST-EXTERNAL
2023-04-06 19:55:00,62.939998,63.029998,62.909999,63.02,148141.0,NTAP.NYSE-5-MINUTE-LAST-EXTERNAL
2023-04-10 15:55:00,64.989997,65.0,64.910003,64.944999,27617.0,NTAP.NYSE-5-MINUTE-LAST-EXTERNAL
2023-04-10 19:55:00,65.004997,65.080001,65.0,65.069999,150412.0,NTAP.NYSE-5-MINUTE-LAST-EXTERNAL
2023-04-11 15:55:00,65.809997,65.849998,65.79,65.849998,9048.0,NTAP.NYSE-5-MINUTE-LAST-EXTERNAL
2023-04-11 19:55:00,66.639999,66.650001,66.574996,66.629997,207095.0,NTAP.NYSE-5-MINUTE-LAST-EXTERNAL
2023-04-12 15:55:00,66.735,66.735,66.629997,66.639999,10948.0,NTAP.NYSE-5-MINUTE-LAST-EXTERNAL
2023-04-12 19:55:00,66.370002,66.440002,66.345001,66.419998,152432.0,NTAP.NYSE-5-MINUTE-LAST-EXTERNAL
2023-04-13 15:55:00,66.169998,66.29,66.139999,66.29,6165.0,NTAP.NYSE-5-MINUTE-LAST-EXTERNAL
2023-04-13 19:55:00,66.79,66.839996,66.79,66.800003,125202.0,NTAP.NYSE-5-MINUTE-LAST-EXTERNAL
2023-04-14 15:55:00,66.309997,66.370002,66.2472,66.355003,8643.0,NTAP.NYSE-5-MINUTE-LAST-EXTERNAL
2023-04-14 19:55:00,66.230003,66.410003,66.230003,66.349998,94294.0,NTAP.NYSE-5-MINUTE-LAST-EXTERNAL
2023-04-17 15:55:00,67.269996,67.269996,67.18,67.245002,12891.0,NTAP.NYSE-5-MINUTE-LAST-EXTERNAL
2023-04-17 19:55:00,67.665,67.730003,67.660003,67.699996,162562.0,NTAP.NYSE-5-MINUTE-LAST-EXTERNAL
2023-04-18 15:55:00,67.529998,67.529998,67.470001,67.519996,13679.0,NTAP.NYSE-5-MINUTE-LAST-EXTERNAL
2023-04-18 19:55:00,67.980003,68.050003,67.949996,67.959999,141556.0,NTAP.NYSE-5-MINUTE-LAST-EXTERNAL
2023-04-19 15:55:00,66.089996,66.190002,66.050003,66.144996,66383.0,NTAP.NYSE-5-MINUTE-LAST-EXTERNAL
2023-04-19 19:55:00,66.150001,66.190002,66.120002,66.18,156386.0,NTAP.NYSE-5-MINUTE-LAST-EXTERNAL
2023-04-20 15:55:00,63.639999,63.738601,63.599998,63.669998,47659.0,NTAP.NYSE-5-MINUTE-LAST-EXTERNAL
2023-04-20 19:55:00,63.345001,63.549999,63.310001,63.369998,320423.0,NTAP.NYSE-5-MINUTE-LAST-EXTERNAL
2023-04-21 15:55:00,63.134998,63.25,63.134998,63.189998,16951.0,NTAP.NYSE-5-MINUTE-LAST-EXTERNAL
2023-04-21 19:55:00,63.060001,63.400001,63.0,63.209999,1644823.0,NTAP.NYSE-5-MINUTE-LAST-EXTERNAL
2023-04-24 15:55:00,63.04,63.049999,62.990001,62.990001,7924.0,NTAP.NYSE-5-MINUTE-LAST-EXTERNAL
2023-04-24 19:55:00,63.27,63.325,63.25,63.310001,140112.0,NTAP.NYSE-5-MINUTE-LAST-EXTERNAL
2023-04-25 15:55:00,62.009998,62.029998,61.959999,61.970001,11755.0,NTAP.NYSE-5-MINUTE-LAST-EXTERNAL
2023-04-25 19:55:00,61.5,61.514999,61.400001,61.45,128176.0,NTAP.NYSE-5-MINUTE-LAST-EXTERNAL
2023-04-26 15:55:00,62.189998,62.2597,62.174999,62.240001,10711.0,NTAP.NYSE-5-MINUTE-LAST-EXTERNAL
2023-04-26 19:55:00,62.349998,62.465,62.330001,62.380001,140118.0,NTAP.NYSE-5-MINUTE-LAST-EXTERNAL
