2022-01-03 20:55:00,48.669998,48.68,48.59,48.61,82452.0,NUGT.NYSE-1-DAY-LAST-EXTERNAL
2022-01-04 20:55:00,49.029998,49.080001,48.990001,49.080001,43098.0,NUGT.NYSE-1-DAY-LAST-EXTERNAL
2022-01-05 20:55:00,47.54,47.560001,47.25,47.36,65342.0,NUGT.NYSE-1-DAY-LAST-EXTERNAL
2022-01-06 20:55:00,44.119998,44.119998,44.0,44.029998,70356.0,NUGT.NYSE-1-DAY-LAST-EXTERNAL
2022-01-07 20:55:00,44.759998,44.819999,44.709999,44.759998,196221.0,NUGT.NYSE-1-DAY-LAST-EXTERNAL
2022-01-10 20:55:00,46.238998,46.299999,46.2,46.259998,34254.0,NUGT.NYSE-1-DAY-LAST-EXTERNAL
2022-01-11 20:55:00,48.039001,48.220001,48.039001,48.2,93664.0,NUGT.NYSE-1-DAY-LAST-EXTERNAL
2022-01-12 20:55:00,49.919998,49.93,49.869998,49.93,48373.0,NUGT.NYSE-1-DAY-LAST-EXTERNAL
2022-01-13 20:55:00,48.45,48.534999,48.415,48.479999,73268.0,NUGT.NYSE-1-DAY-LAST-EXTERNAL
2022-01-14 20:55:00,47.580001,47.669998,47.529998,47.560001,53866.0,NUGT.NYSE-1-DAY-LAST-EXTERNAL
2022-01-18 20:55:00,46.349998,46.479999,46.349998,46.45,48953.0,NUGT.NYSE-1-DAY-LAST-EXTERNAL
2022-01-19 20:55:00,53.229999,53.239601,52.919998,53.169998,125706.0,NUGT.NYSE-1-DAY-LAST-EXTERNAL
2022-01-20 20:55:00,51.669998,51.729999,51.599998,51.630001,75914.0,NUGT.NYSE-1-DAY-LAST-EXTERNAL
2022-01-21 20:55:00,49.400001,49.650001,49.389999,49.470001,123353.0,NUGT.NYSE-1-DAY-LAST-EXTERNAL
2022-01-24 20:55:00,48.735,48.79,48.619998,48.79,55872.0,NUGT.NYSE-1-DAY-LAST-EXTERNAL
2022-01-25 20:55:00,49.389999,49.549999,49.329898,49.409999,53139.0,NUGT.NYSE-1-DAY-LAST-EXTERNAL
2022-01-26 20:55:00,46.299999,46.490001,46.169998,46.299999,113344.0,NUGT.NYSE-1-DAY-LAST-EXTERNAL
2022-01-27 20:55:00,43.470001,43.549999,43.349998,43.349998,52850.0,NUGT.NYSE-1-DAY-LAST-EXTERNAL
2022-01-28 20:55:00,42.159999,42.330001,42.119998,42.279998,52884.0,NUGT.NYSE-1-DAY-LAST-EXTERNAL
2022-01-31 20:55:00,44.830001,44.93,44.775001,44.909999,73974.0,NUGT.NYSE-1-DAY-LAST-EXTERNAL
2022-02-01 20:55:00,45.59,45.7,45.575,45.7,57676.0,NUGT.NYSE-1-DAY-LAST-EXTERNAL
2022-02-02 20:55:00,46.169898,46.189998,46.099998,46.119998,46805.0,NUGT.NYSE-1-DAY-LAST-EXTERNAL
2022-02-03 20:55:00,44.939998,45.095001,44.900001,44.900001,61170.0,NUGT.NYSE-1-DAY-LAST-EXTERNAL
2022-02-04 20:55:00,45.34,45.375701,45.279998,45.36,34871.0,NUGT.NYSE-1-DAY-LAST-EXTERNAL
2022-02-07 20:55:00,48.029998,48.09,47.979999,48.060001,87163.0,NUGT.NYSE-1-DAY-LAST-EXTERNAL
2022-02-08 20:55:00,49.104999,49.130001,49.02,49.119998,141592.0,NUGT.NYSE-1-DAY-LAST-EXTERNAL
2022-02-09 20:55:00,48.939998,49.02,48.889999,49.009998,47093.0,NUGT.NYSE-1-DAY-LAST-EXTERNAL
2022-02-10 21:00:00,46.189998,46.189998,46.189998,46.189998,69339.0,NUGT.NYSE-1-DAY-LAST-EXTERNAL
2022-02-11 20:55:00,51.59,51.669998,51.319999,51.330001,102878.0,NUGT.NYSE-1-DAY-LAST-EXTERNAL
2022-02-14 21:00:00,53.459999,53.459999,53.459999,53.459999,90496.0,NUGT.NYSE-1-DAY-LAST-EXTERNAL
2022-02-15 21:00:00,51.569999,51.569999,51.569999,51.569999,69432.0,NUGT.NYSE-1-DAY-LAST-EXTERNAL
2022-02-16 21:00:00,54.970001,54.970001,54.970001,54.970001,103921.0,NUGT.NYSE-1-DAY-LAST-EXTERNAL
2022-02-17 21:00:00,59.04,59.04,59.04,59.04,77816.0,NUGT.NYSE-1-DAY-LAST-EXTERNAL
2022-02-18 21:00:00,57.939998,57.939998,57.939998,57.939998,103225.0,NUGT.NYSE-1-DAY-LAST-EXTERNAL
2022-02-22 21:00:00,56.810001,56.810001,56.810001,56.810001,52858.0,NUGT.NYSE-1-DAY-LAST-EXTERNAL
2022-02-23 21:00:00,58.729999,58.729999,58.729999,58.729999,41799.0,NUGT.NYSE-1-DAY-LAST-EXTERNAL
2022-02-24 21:00:00,56.509998,56.509998,56.509998,56.509998,95794.0,NUGT.NYSE-1-DAY-LAST-EXTERNAL
2022-02-25 21:00:00,57.490001,57.490001,57.490001,57.490001,75887.0,NUGT.NYSE-1-DAY-LAST-EXTERNAL
2022-02-28 21:00:00,57.479999,57.479999,57.479999,57.479999,47444.0,NUGT.NYSE-1-DAY-LAST-EXTERNAL
2022-03-01 21:00:00,62.299999,62.299999,62.299999,62.299999,122375.0,NUGT.NYSE-1-DAY-LAST-EXTERNAL
2022-03-02 21:00:00,61.919998,61.919998,61.919998,61.919998,51214.0,NUGT.NYSE-1-DAY-LAST-EXTERNAL
2022-03-03 21:00:00,62.810001,62.810001,62.810001,62.810001,67475.0,NUGT.NYSE-1-DAY-LAST-EXTERNAL
2022-03-04 21:00:00,67.769996,67.769996,67.769996,67.769996,69361.0,NUGT.NYSE-1-DAY-LAST-EXTERNAL
2022-03-07 21:00:00,71.400001,71.400001,71.400001,71.400001,50728.0,NUGT.NYSE-1-DAY-LAST-EXTERNAL
2022-03-08 21:00:00,72.230003,72.230003,72.230003,72.230003,70118.0,NUGT.NYSE-1-DAY-LAST-EXTERNAL
2022-03-09 21:00:00,70.510002,70.510002,70.510002,70.510002,46188.0,NUGT.NYSE-1-DAY-LAST-EXTERNAL
2022-03-10 21:00:00,73.36,73.36,73.36,73.36,53221.0,NUGT.NYSE-1-DAY-LAST-EXTERNAL
2022-03-11 21:00:00,71.010002,71.010002,71.010002,71.010002,42925.0,NUGT.NYSE-1-DAY-LAST-EXTERNAL
2022-03-14 20:00:00,65.150001,65.150001,65.150001,65.150001,73987.0,NUGT.NYSE-1-DAY-LAST-EXTERNAL
2022-03-15 20:00:00,65.690002,65.690002,65.690002,65.690002,51284.0,NUGT.NYSE-1-DAY-LAST-EXTERNAL
2022-03-16 20:00:00,65.940002,65.940002,65.940002,65.940002,63372.0,NUGT.NYSE-1-DAY-LAST-EXTERNAL
2022-03-17 20:00:00,68.589996,68.589996,68.589996,68.589996,35368.0,NUGT.NYSE-1-DAY-LAST-EXTERNAL
2022-03-18 20:00:00,67.04,67.04,67.04,67.04,51845.0,NUGT.NYSE-1-DAY-LAST-EXTERNAL
2022-03-21 20:00:00,70.29,70.29,70.29,70.29,43238.0,NUGT.NYSE-1-DAY-LAST-EXTERNAL
2022-03-22 20:00:00,68.559997,68.559997,68.559997,68.559997,26310.0,NUGT.NYSE-1-DAY-LAST-EXTERNAL
2022-03-23 20:00:00,72.199996,72.199996,72.199996,72.199996,92426.0,NUGT.NYSE-1-DAY-LAST-EXTERNAL
2022-03-24 20:00:00,71.79,71.79,71.79,71.79,31567.0,NUGT.NYSE-1-DAY-LAST-EXTERNAL
2022-03-25 20:00:00,72.150001,72.150001,72.150001,72.150001,31731.0,NUGT.NYSE-1-DAY-LAST-EXTERNAL
2022-03-28 20:00:00,68.300003,68.300003,68.300003,68.300003,62671.0,NUGT.NYSE-1-DAY-LAST-EXTERNAL
2022-03-29 20:00:00,70.230003,70.230003,70.230003,70.230003,54904.0,NUGT.NYSE-1-DAY-LAST-EXTERNAL
2022-03-30 20:00:00,71.959999,71.959999,71.959999,71.959999,31713.0,NUGT.NYSE-1-DAY-LAST-EXTERNAL
2022-03-31 20:00:00,70.809997,70.809997,70.809997,70.809997,37662.0,NUGT.NYSE-1-DAY-LAST-EXTERNAL
2022-04-01 20:00:00,74.959999,74.959999,74.959999,74.959999,97841.0,NUGT.NYSE-1-DAY-LAST-EXTERNAL
2022-04-04 20:00:00,73.599998,73.599998,73.599998,73.599998,36120.0,NUGT.NYSE-1-DAY-LAST-EXTERNAL
2022-04-05 20:00:00,70.309997,70.309997,70.309997,70.309997,55584.0,NUGT.NYSE-1-DAY-LAST-EXTERNAL
2022-04-06 20:00:00,69.839996,69.839996,69.839996,69.839996,27970.0,NUGT.NYSE-1-DAY-LAST-EXTERNAL
2022-04-07 20:00:00,71.800003,71.800003,71.800003,71.800003,59281.0,NUGT.NYSE-1-DAY-LAST-EXTERNAL
2022-04-08 20:00:00,75.330001,75.330001,75.330001,75.330001,79512.0,NUGT.NYSE-1-DAY-LAST-EXTERNAL
2022-04-11 20:00:00,74.739997,74.739997,74.739997,74.739997,42440.0,NUGT.NYSE-1-DAY-LAST-EXTERNAL
2022-04-12 20:00:00,75.919998,75.919998,75.919998,75.919998,34823.0,NUGT.NYSE-1-DAY-LAST-EXTERNAL
2022-04-13 20:00:00,79.339996,79.339996,79.339996,79.339996,37834.0,NUGT.NYSE-1-DAY-LAST-EXTERNAL
2022-04-14 20:00:00,79.809997,79.809997,79.809997,79.809997,57535.0,NUGT.NYSE-1-DAY-LAST-EXTERNAL
2022-04-18 20:00:00,79.949996,79.949996,79.949996,79.949996,205761.0,NUGT.NYSE-1-DAY-LAST-EXTERNAL
2022-04-19 20:00:00,75.349998,75.349998,75.349998,75.349998,81842.0,NUGT.NYSE-1-DAY-LAST-EXTERNAL
2022-04-20 20:00:00,76.980003,76.980003,76.980003,76.980003,61065.0,NUGT.NYSE-1-DAY-LAST-EXTERNAL
2022-04-21 20:00:00,69.410003,69.410003,69.410003,69.410003,56324.0,NUGT.NYSE-1-DAY-LAST-EXTERNAL
2022-04-22 20:00:00,64.910003,64.910003,64.910003,64.910003,102368.0,NUGT.NYSE-1-DAY-LAST-EXTERNAL
2022-04-25 20:00:00,60.529998,60.529998,60.529998,60.529998,39440.0,NUGT.NYSE-1-DAY-LAST-EXTERNAL
2022-04-26 20:00:00,57.909999,57.909999,57.909999,57.909999,49947.0,NUGT.NYSE-1-DAY-LAST-EXTERNAL
2022-04-27 20:00:00,57.29,57.29,57.29,57.29,47387.0,NUGT.NYSE-1-DAY-LAST-EXTERNAL
2022-04-28 20:00:00,59.470001,59.470001,59.470001,59.470001,61971.0,NUGT.NYSE-1-DAY-LAST-EXTERNAL
2022-04-29 20:00:00,58.279998,58.279998,58.279998,58.279998,85398.0,NUGT.NYSE-1-DAY-LAST-EXTERNAL
2022-05-02 20:00:00,56.740001,56.740001,56.740001,56.740001,170525.0,NUGT.NYSE-1-DAY-LAST-EXTERNAL
2022-05-03 20:00:00,58.52,58.52,58.52,58.52,53639.0,NUGT.NYSE-1-DAY-LAST-EXTERNAL
2022-05-04 20:00:00,60.729999,60.729999,60.729999,60.729999,111328.0,NUGT.NYSE-1-DAY-LAST-EXTERNAL
2022-05-05 20:00:00,56.779998,56.779998,56.779998,56.779998,136424.0,NUGT.NYSE-1-DAY-LAST-EXTERNAL
2022-05-06 20:00:00,55.720001,55.720001,55.720001,55.720001,60762.0,NUGT.NYSE-1-DAY-LAST-EXTERNAL
2022-05-09 20:00:00,49.029998,49.029998,49.029998,49.029998,52778.0,NUGT.NYSE-1-DAY-LAST-EXTERNAL
2022-05-10 20:00:00,47.389999,47.389999,47.389999,47.389999,46999.0,NUGT.NYSE-1-DAY-LAST-EXTERNAL
2022-05-11 20:00:00,47.189998,47.189998,47.189998,47.189998,53084.0,NUGT.NYSE-1-DAY-LAST-EXTERNAL
2022-05-12 20:00:00,42.889999,42.889999,42.889999,42.889999,55721.0,NUGT.NYSE-1-DAY-LAST-EXTERNAL
2022-05-13 20:00:00,44.599998,44.599998,44.599998,44.599998,36865.0,NUGT.NYSE-1-DAY-LAST-EXTERNAL
2022-05-16 20:00:00,45.659999,45.659999,45.659999,45.659999,68839.0,NUGT.NYSE-1-DAY-LAST-EXTERNAL
2022-05-17 20:00:00,45.810001,45.810001,45.810001,45.810001,36140.0,NUGT.NYSE-1-DAY-LAST-EXTERNAL
2022-05-18 20:00:00,43.61,43.61,43.61,43.61,56512.0,NUGT.NYSE-1-DAY-LAST-EXTERNAL
2022-05-19 20:00:00,48.349998,48.349998,48.349998,48.349998,56855.0,NUGT.NYSE-1-DAY-LAST-EXTERNAL
2022-05-20 20:00:00,48.080001,48.080001,48.080001,48.080001,38220.0,NUGT.NYSE-1-DAY-LAST-EXTERNAL
2022-05-23 20:00:00,48.61,48.61,48.61,48.61,29757.0,NUGT.NYSE-1-DAY-LAST-EXTERNAL
2022-05-24 20:00:00,50.159999,50.159999,50.159999,50.159999,66748.0,NUGT.NYSE-1-DAY-LAST-EXTERNAL
2022-05-25 20:00:00,49.639999,49.639999,49.639999,49.639999,88840.0,NUGT.NYSE-1-DAY-LAST-EXTERNAL
2022-05-26 20:00:00,49.080001,49.080001,49.080001,49.080001,40024.0,NUGT.NYSE-1-DAY-LAST-EXTERNAL
2022-05-27 20:00:00,49.409999,49.409999,49.409999,49.409999,53201.0,NUGT.NYSE-1-DAY-LAST-EXTERNAL
2022-05-31 20:00:00,47.09,47.09,47.09,47.09,57302.0,NUGT.NYSE-1-DAY-LAST-EXTERNAL
2022-06-01 20:00:00,47.779998,47.779998,47.779998,47.779998,68261.0,NUGT.NYSE-1-DAY-LAST-EXTERNAL
2022-06-02 20:00:00,51.95,51.95,51.95,51.95,48753.0,NUGT.NYSE-1-DAY-LAST-EXTERNAL
2022-06-03 20:00:00,49.45,49.45,49.45,49.45,41456.0,NUGT.NYSE-1-DAY-LAST-EXTERNAL
2022-06-06 20:00:00,48.45,48.45,48.45,48.45,42266.0,NUGT.NYSE-1-DAY-LAST-EXTERNAL
2022-06-07 20:00:00,49.29,49.29,49.29,49.29,50604.0,NUGT.NYSE-1-DAY-LAST-EXTERNAL
2022-06-08 20:00:00,48.689998,48.689998,48.689998,48.689998,29907.0,NUGT.NYSE-1-DAY-LAST-EXTERNAL
2022-06-09 20:00:00,45.02,45.02,45.02,45.02,66527.0,NUGT.NYSE-1-DAY-LAST-EXTERNAL
2022-06-10 20:00:00,49.18,49.18,49.18,49.18,110584.0,NUGT.NYSE-1-DAY-LAST-EXTERNAL
2022-06-13 20:00:00,43.0,43.0,43.0,43.0,92802.0,NUGT.NYSE-1-DAY-LAST-EXTERNAL
2022-06-14 20:00:00,40.68,40.68,40.68,40.68,58117.0,NUGT.NYSE-1-DAY-LAST-EXTERNAL
2022-06-15 20:00:00,41.86,41.86,41.86,41.86,95121.0,NUGT.NYSE-1-DAY-LAST-EXTERNAL
2022-06-16 20:00:00,43.580001,43.580001,43.580001,43.580001,62290.0,NUGT.NYSE-1-DAY-LAST-EXTERNAL
2022-06-17 20:00:00,42.509998,42.509998,42.509998,42.509998,52872.0,NUGT.NYSE-1-DAY-LAST-EXTERNAL
2022-06-21 20:00:00,42.889999,42.889999,42.889999,42.889999,33940.0,NUGT.NYSE-1-DAY-LAST-EXTERNAL
2022-06-22 20:00:00,41.740001,41.740001,41.740001,41.740001,33602.0,NUGT.NYSE-1-DAY-LAST-EXTERNAL
2022-06-23 20:00:00,38.43,38.43,38.43,38.43,68980.0,NUGT.NYSE-1-DAY-LAST-EXTERNAL
2022-06-24 20:00:00,40.439998,40.439998,40.439998,40.439998,89049.0,NUGT.NYSE-1-DAY-LAST-EXTERNAL
2022-06-27 20:00:00,40.080001,40.080001,40.080001,40.080001,38624.0,NUGT.NYSE-1-DAY-LAST-EXTERNAL
2022-06-28 20:00:00,38.259998,38.259998,38.259998,38.259998,56730.0,NUGT.NYSE-1-DAY-LAST-EXTERNAL
2022-06-29 20:00:00,37.080001,37.080001,37.080001,37.080001,44342.0,NUGT.NYSE-1-DAY-LAST-EXTERNAL
2022-06-30 20:00:00,34.349998,34.349998,34.349998,34.349998,77535.0,NUGT.NYSE-1-DAY-LAST-EXTERNAL
2022-07-01 20:00:00,36.25,36.25,36.25,36.25,69033.0,NUGT.NYSE-1-DAY-LAST-EXTERNAL
2022-07-05 20:00:00,33.25,33.25,33.25,33.25,144719.0,NUGT.NYSE-1-DAY-LAST-EXTERNAL
2022-07-06 20:00:00,32.7,32.7,32.7,32.7,50362.0,NUGT.NYSE-1-DAY-LAST-EXTERNAL
2022-07-07 20:00:00,33.689998,33.689998,33.689998,33.689998,58175.0,NUGT.NYSE-1-DAY-LAST-EXTERNAL
2022-07-08 20:00:00,33.389999,33.389999,33.389999,33.389999,134784.0,NUGT.NYSE-1-DAY-LAST-EXTERNAL
2022-07-11 20:00:00,32.470001,32.470001,32.470001,32.470001,128535.0,NUGT.NYSE-1-DAY-LAST-EXTERNAL
2022-07-12 20:00:00,31.42,31.42,31.42,31.42,57186.0,NUGT.NYSE-1-DAY-LAST-EXTERNAL
2022-07-13 20:00:00,32.810001,32.810001,32.810001,32.810001,70724.0,NUGT.NYSE-1-DAY-LAST-EXTERNAL
2022-07-14 20:00:00,29.93,29.93,29.93,29.93,108142.0,NUGT.NYSE-1-DAY-LAST-EXTERNAL
2022-07-15 20:00:00,29.7,29.7,29.7,29.7,55527.0,NUGT.NYSE-1-DAY-LAST-EXTERNAL
2022-07-18 20:00:00,30.049999,30.049999,30.049999,30.049999,85704.0,NUGT.NYSE-1-DAY-LAST-EXTERNAL
2022-07-19 20:00:00,30.7,30.7,30.7,30.7,75644.0,NUGT.NYSE-1-DAY-LAST-EXTERNAL
2022-07-20 20:00:00,28.909999,28.909999,28.909999,28.909999,116666.0,NUGT.NYSE-1-DAY-LAST-EXTERNAL
2022-07-21 20:00:00,30.049999,30.049999,30.049999,30.049999,88821.0,NUGT.NYSE-1-DAY-LAST-EXTERNAL
2022-07-22 20:00:00,29.319999,29.319999,29.319999,29.319999,97488.0,NUGT.NYSE-1-DAY-LAST-EXTERNAL
2022-07-25 20:00:00,27.36,27.36,27.36,27.36,159052.0,NUGT.NYSE-1-DAY-LAST-EXTERNAL
2022-07-26 20:00:00,28.489999,28.489999,28.489999,28.489999,79377.0,NUGT.NYSE-1-DAY-LAST-EXTERNAL
2022-07-27 20:00:00,29.42,29.42,29.42,29.42,107114.0,NUGT.NYSE-1-DAY-LAST-EXTERNAL
2022-07-28 20:00:00,30.53,30.53,30.53,30.53,107567.0,NUGT.NYSE-1-DAY-LAST-EXTERNAL
2022-07-29 20:00:00,31.129999,31.129999,31.129999,31.129999,93111.0,NUGT.NYSE-1-DAY-LAST-EXTERNAL
2022-08-01 20:00:00,31.11,31.11,31.11,31.11,72937.0,NUGT.NYSE-1-DAY-LAST-EXTERNAL
2022-08-02 20:00:00,30.26,30.26,30.26,30.26,118415.0,NUGT.NYSE-1-DAY-LAST-EXTERNAL
2022-08-03 20:00:00,29.35,29.35,29.35,29.35,88675.0,NUGT.NYSE-1-DAY-LAST-EXTERNAL
2022-08-04 20:00:00,31.489999,31.489999,31.489999,31.489999,97580.0,NUGT.NYSE-1-DAY-LAST-EXTERNAL
2022-08-05 20:00:00,31.1,31.1,31.1,31.1,150824.0,NUGT.NYSE-1-DAY-LAST-EXTERNAL
2022-08-08 20:00:00,32.810001,32.810001,32.810001,32.810001,59172.0,NUGT.NYSE-1-DAY-LAST-EXTERNAL
2022-08-09 20:00:00,32.729999,32.729999,32.729999,32.729999,79684.0,NUGT.NYSE-1-DAY-LAST-EXTERNAL
2022-08-10 20:00:00,33.169998,33.169998,33.169998,33.169998,83876.0,NUGT.NYSE-1-DAY-LAST-EXTERNAL
2022-08-11 20:00:00,31.909999,31.909999,31.909999,31.909999,90062.0,NUGT.NYSE-1-DAY-LAST-EXTERNAL
2022-08-12 20:00:00,33.220001,33.220001,33.220001,33.220001,74157.0,NUGT.NYSE-1-DAY-LAST-EXTERNAL
2022-08-15 20:00:00,31.93,31.93,31.93,31.93,75454.0,NUGT.NYSE-1-DAY-LAST-EXTERNAL
2022-08-16 20:00:00,32.060001,32.060001,32.060001,32.060001,53281.0,NUGT.NYSE-1-DAY-LAST-EXTERNAL
2022-08-17 20:00:00,29.819999,29.819999,29.819999,29.819999,139262.0,NUGT.NYSE-1-DAY-LAST-EXTERNAL
2022-08-18 20:00:00,29.94,29.94,29.94,29.94,59496.0,NUGT.NYSE-1-DAY-LAST-EXTERNAL
2022-08-19 20:00:00,28.62,28.62,28.62,28.62,114527.0,NUGT.NYSE-1-DAY-LAST-EXTERNAL
2022-08-22 20:00:00,28.659999,28.659999,28.659999,28.659999,87092.0,NUGT.NYSE-1-DAY-LAST-EXTERNAL
2022-08-23 20:00:00,29.559999,29.559999,29.559999,29.559999,135303.0,NUGT.NYSE-1-DAY-LAST-EXTERNAL
2022-08-24 20:00:00,30.139999,30.139999,30.139999,30.139999,74048.0,NUGT.NYSE-1-DAY-LAST-EXTERNAL
2022-08-25 20:00:00,30.559999,30.559999,30.559999,30.559999,112961.0,NUGT.NYSE-1-DAY-LAST-EXTERNAL
2022-08-26 20:00:00,27.68,27.68,27.68,27.68,119031.0,NUGT.NYSE-1-DAY-LAST-EXTERNAL
2022-08-29 20:00:00,27.03,27.03,27.03,27.03,41356.0,NUGT.NYSE-1-DAY-LAST-EXTERNAL
2022-08-30 20:00:00,25.879999,25.879999,25.879999,25.879999,57901.0,NUGT.NYSE-1-DAY-LAST-EXTERNAL
2022-08-31 20:00:00,25.27,25.27,25.27,25.27,150914.0,NUGT.NYSE-1-DAY-LAST-EXTERNAL
2022-09-01 20:00:00,23.709999,23.709999,23.709999,23.709999,241378.0,NUGT.NYSE-1-DAY-LAST-EXTERNAL
2022-09-02 20:00:00,25.19,25.19,25.19,25.19,160383.0,NUGT.NYSE-1-DAY-LAST-EXTERNAL
2022-09-06 20:00:00,24.5,24.5,24.5,24.5,169871.0,NUGT.NYSE-1-DAY-LAST-EXTERNAL
2022-09-07 20:00:00,26.229999,26.229999,26.229999,26.229999,126107.0,NUGT.NYSE-1-DAY-LAST-EXTERNAL
2022-09-08 20:00:00,26.379999,26.379999,26.379999,26.379999,74258.0,NUGT.NYSE-1-DAY-LAST-EXTERNAL
2022-09-09 20:00:00,27.899999,27.899999,27.899999,27.899999,86079.0,NUGT.NYSE-1-DAY-LAST-EXTERNAL
2022-09-12 20:00:00,28.69,28.69,28.69,28.69,61678.0,NUGT.NYSE-1-DAY-LAST-EXTERNAL
2022-09-13 20:00:00,26.399999,26.399999,26.399999,26.399999,110351.0,NUGT.NYSE-1-DAY-LAST-EXTERNAL
2022-09-14 20:00:00,26.5,26.5,26.5,26.5,129128.0,NUGT.NYSE-1-DAY-LAST-EXTERNAL
2022-09-15 20:00:00,24.92,24.92,24.92,24.92,135112.0,NUGT.NYSE-1-DAY-LAST-EXTERNAL
2022-09-16 20:00:00,25.37,25.37,25.37,25.37,109026.0,NUGT.NYSE-1-DAY-LAST-EXTERNAL
2022-09-19 20:00:00,26.309999,26.309999,26.309999,26.309999,62920.0,NUGT.NYSE-1-DAY-LAST-EXTERNAL
2022-09-20 20:00:00,24.889999,24.889999,24.889999,24.889999,59744.0,NUGT.NYSE-1-DAY-LAST-EXTERNAL
2022-09-21 20:00:00,25.01,25.01,25.01,25.01,73155.0,NUGT.NYSE-1-DAY-LAST-EXTERNAL
2022-09-22 20:00:00,24.799999,24.799999,24.799999,24.799999,103442.0,NUGT.NYSE-1-DAY-LAST-EXTERNAL
2022-09-23 20:00:00,22.159999,22.159999,22.159999,22.159999,83002.0,NUGT.NYSE-1-DAY-LAST-EXTERNAL
2022-09-26 20:00:00,21.01,21.01,21.01,21.01,63578.0,NUGT.NYSE-1-DAY-LAST-EXTERNAL
2022-09-27 20:00:00,21.2,21.2,21.2,21.2,67439.0,NUGT.NYSE-1-DAY-LAST-EXTERNAL
2022-09-28 20:00:00,24.25,24.25,24.25,24.25,135651.0,NUGT.NYSE-1-DAY-LAST-EXTERNAL
2022-09-29 20:00:00,24.45,24.45,24.45,24.45,73902.0,NUGT.NYSE-1-DAY-LAST-EXTERNAL
2022-09-30 20:00:00,25.319999,25.319999,25.319999,25.319999,137232.0,NUGT.NYSE-1-DAY-LAST-EXTERNAL
2022-10-03 20:00:00,27.27,27.27,27.27,27.27,67887.0,NUGT.NYSE-1-DAY-LAST-EXTERNAL
2022-10-04 20:00:00,28.79,28.79,28.79,28.79,84323.0,NUGT.NYSE-1-DAY-LAST-EXTERNAL
2022-10-05 20:00:00,28.02,28.02,28.02,28.02,69234.0,NUGT.NYSE-1-DAY-LAST-EXTERNAL
2022-10-06 20:00:00,28.59,28.59,28.59,28.59,114742.0,NUGT.NYSE-1-DAY-LAST-EXTERNAL
2022-10-07 20:00:00,25.799999,25.799999,25.799999,25.799999,192106.0,NUGT.NYSE-1-DAY-LAST-EXTERNAL
2022-10-10 20:00:00,24.989999,24.989999,24.989999,24.989999,97149.0,NUGT.NYSE-1-DAY-LAST-EXTERNAL
2022-10-11 20:00:00,24.569999,24.569999,24.569999,24.569999,87473.0,NUGT.NYSE-1-DAY-LAST-EXTERNAL
2022-10-12 20:00:00,24.899999,24.899999,24.899999,24.899999,86635.0,NUGT.NYSE-1-DAY-LAST-EXTERNAL
2022-10-13 20:00:00,24.459999,24.459999,24.459999,24.459999,41195.0,NUGT.NYSE-1-DAY-LAST-EXTERNAL
2022-10-14 20:00:00,22.389999,22.389999,22.389999,22.389999,97580.0,NUGT.NYSE-1-DAY-LAST-EXTERNAL
2022-10-17 20:00:00,23.69,23.69,23.69,23.69,31744.0,NUGT.NYSE-1-DAY-LAST-EXTERNAL
2022-10-18 20:00:00,24.0,24.0,24.0,24.0,36755.0,NUGT.NYSE-1-DAY-LAST-EXTERNAL
2022-10-19 20:00:00,22.629999,22.629999,22.629999,22.629999,101584.0,NUGT.NYSE-1-DAY-LAST-EXTERNAL
2022-10-20 20:00:00,23.17,23.17,23.17,23.17,54536.0,NUGT.NYSE-1-DAY-LAST-EXTERNAL
2022-10-21 20:00:00,25.409999,25.409999,25.409999,25.409999,107559.0,NUGT.NYSE-1-DAY-LAST-EXTERNAL
2022-10-24 20:00:00,24.61,24.61,24.61,24.61,53426.0,NUGT.NYSE-1-DAY-LAST-EXTERNAL
2022-10-25 20:00:00,25.569999,25.569999,25.569999,25.569999,88520.0,NUGT.NYSE-1-DAY-LAST-EXTERNAL
2022-10-26 20:00:00,27.03,27.03,27.03,27.03,82262.0,NUGT.NYSE-1-DAY-LAST-EXTERNAL
2022-10-27 20:00:00,26.459999,26.459999,26.459999,26.459999,99700.0,NUGT.NYSE-1-DAY-LAST-EXTERNAL
2022-10-28 20:00:00,26.139999,26.139999,26.139999,26.139999,114639.0,NUGT.NYSE-1-DAY-LAST-EXTERNAL
2022-10-31 20:00:00,25.0,25.0,25.0,25.0,87739.0,NUGT.NYSE-1-DAY-LAST-EXTERNAL
2022-11-01 20:00:00,26.02,26.02,26.02,26.02,48651.0,NUGT.NYSE-1-DAY-LAST-EXTERNAL
2022-11-02 20:00:00,23.09,23.09,23.09,23.09,171606.0,NUGT.NYSE-1-DAY-LAST-EXTERNAL
2022-11-03 20:00:00,21.959999,21.959999,21.959999,21.959999,122249.0,NUGT.NYSE-1-DAY-LAST-EXTERNAL
2022-11-04 20:00:00,26.29,26.29,26.29,26.29,146504.0,NUGT.NYSE-1-DAY-LAST-EXTERNAL
2022-11-07 21:00:00,26.639999,26.639999,26.639999,26.639999,40926.0,NUGT.NYSE-1-DAY-LAST-EXTERNAL
2022-11-08 21:00:00,29.739999,29.739999,29.739999,29.739999,121483.0,NUGT.NYSE-1-DAY-LAST-EXTERNAL
2022-11-09 21:00:00,29.01,29.01,29.01,29.01,122801.0,NUGT.NYSE-1-DAY-LAST-EXTERNAL
2022-11-10 21:00:00,33.29,33.29,33.29,33.29,140078.0,NUGT.NYSE-1-DAY-LAST-EXTERNAL
2022-11-11 21:00:00,33.490001,33.490001,33.490001,33.490001,65711.0,NUGT.NYSE-1-DAY-LAST-EXTERNAL
2022-11-14 21:00:00,33.099998,33.099998,33.099998,33.099998,71585.0,NUGT.NYSE-1-DAY-LAST-EXTERNAL
2022-11-15 21:00:00,32.409999,32.409999,32.409999,32.409999,51210.0,NUGT.NYSE-1-DAY-LAST-EXTERNAL
2022-11-16 21:00:00,31.709999,31.709999,31.709999,31.709999,54765.0,NUGT.NYSE-1-DAY-LAST-EXTERNAL
2022-11-17 21:00:00,30.68,30.68,30.68,30.68,52430.0,NUGT.NYSE-1-DAY-LAST-EXTERNAL
2022-11-18 21:00:00,31.2,31.2,31.2,31.2,117554.0,NUGT.NYSE-1-DAY-LAST-EXTERNAL
2022-11-21 21:00:00,30.829999,30.829999,30.829999,30.829999,41197.0,NUGT.NYSE-1-DAY-LAST-EXTERNAL
2022-11-22 21:00:00,33.159999,33.159999,33.159999,33.159999,107738.0,NUGT.NYSE-1-DAY-LAST-EXTERNAL
2022-11-23 21:00:00,34.27,34.27,34.27,34.27,79612.0,NUGT.NYSE-1-DAY-LAST-EXTERNAL
2022-11-25 18:00:00,33.77,33.84,33.77,33.84,2233.0,NUGT.NYSE-1-DAY-LAST-EXTERNAL
2022-11-28 21:00:00,30.93,30.93,30.93,30.93,187902.0,NUGT.NYSE-1-DAY-LAST-EXTERNAL
2022-11-29 21:00:00,32.810001,32.810001,32.810001,32.810001,50721.0,NUGT.NYSE-1-DAY-LAST-EXTERNAL
2022-11-30 21:00:00,35.02,35.02,35.02,35.02,103035.0,NUGT.NYSE-1-DAY-LAST-EXTERNAL
2022-12-01 21:00:00,37.319999,37.319999,37.319999,37.319999,89564.0,NUGT.NYSE-1-DAY-LAST-EXTERNAL
2022-12-02 21:00:00,36.900001,36.900001,36.900001,36.900001,33580.0,NUGT.NYSE-1-DAY-LAST-EXTERNAL
2022-12-05 21:00:00,34.470001,34.470001,34.470001,34.470001,111418.0,NUGT.NYSE-1-DAY-LAST-EXTERNAL
2022-12-06 21:00:00,34.349998,34.349998,34.349998,34.349998,35410.0,NUGT.NYSE-1-DAY-LAST-EXTERNAL
2022-12-07 21:00:00,35.599998,35.599998,35.599998,35.599998,81766.0,NUGT.NYSE-1-DAY-LAST-EXTERNAL
2022-12-08 21:00:00,35.720001,35.720001,35.720001,35.720001,127232.0,NUGT.NYSE-1-DAY-LAST-EXTERNAL
2022-12-09 21:00:00,34.900001,34.900001,34.900001,34.900001,78639.0,NUGT.NYSE-1-DAY-LAST-EXTERNAL
2022-12-12 21:00:00,34.599998,34.599998,34.599998,34.599998,46162.0,NUGT.NYSE-1-DAY-LAST-EXTERNAL
2022-12-13 21:00:00,36.54,36.54,36.54,36.54,64571.0,NUGT.NYSE-1-DAY-LAST-EXTERNAL
2022-12-14 21:00:00,36.279998,36.279998,36.279998,36.279998,44356.0,NUGT.NYSE-1-DAY-LAST-EXTERNAL
2022-12-15 21:00:00,33.069999,33.069999,33.069999,33.069999,81615.0,NUGT.NYSE-1-DAY-LAST-EXTERNAL
2022-12-16 21:00:00,33.490001,33.490001,33.490001,33.490001,99824.0,NUGT.NYSE-1-DAY-LAST-EXTERNAL
2022-12-19 21:00:00,32.509998,32.509998,32.509998,32.509998,48960.0,NUGT.NYSE-1-DAY-LAST-EXTERNAL
2022-12-20 21:00:00,34.759998,34.759998,34.759998,34.759998,69003.0,NUGT.NYSE-1-DAY-LAST-EXTERNAL
2022-12-21 21:00:00,35.549999,35.549999,35.549999,35.549999,80265.0,NUGT.NYSE-1-DAY-LAST-EXTERNAL
2022-12-22 21:00:00,34.779998,34.779998,34.779998,34.779998,47309.0,NUGT.NYSE-1-DAY-LAST-EXTERNAL
2022-12-23 21:00:00,35.159999,35.159999,35.159999,35.159999,53953.0,NUGT.NYSE-1-DAY-LAST-EXTERNAL
2022-12-27 21:00:00,36.849998,36.849998,36.849998,36.849998,61486.0,NUGT.NYSE-1-DAY-LAST-EXTERNAL
2022-12-28 21:00:00,34.61,34.61,34.61,34.61,115934.0,NUGT.NYSE-1-DAY-LAST-EXTERNAL
2022-12-29 21:00:00,34.900001,34.900001,34.900001,34.900001,239033.0,NUGT.NYSE-1-DAY-LAST-EXTERNAL
2022-12-30 21:00:00,34.470001,34.470001,34.470001,34.470001,95245.0,NUGT.NYSE-1-DAY-LAST-EXTERNAL
2023-01-03 21:00:00,36.740001,36.740001,36.740001,36.740001,119788.0,NUGT.NYSE-1-DAY-LAST-EXTERNAL
2023-01-04 21:00:00,39.889999,39.889999,39.889999,39.889999,86214.0,NUGT.NYSE-1-DAY-LAST-EXTERNAL
2023-01-05 21:00:00,39.400001,39.400001,39.400001,39.400001,56113.0,NUGT.NYSE-1-DAY-LAST-EXTERNAL
2023-01-06 21:00:00,41.369998,41.369998,41.369998,41.369998,121668.0,NUGT.NYSE-1-DAY-LAST-EXTERNAL
2023-01-09 21:00:00,40.86,40.86,40.86,40.86,64559.0,NUGT.NYSE-1-DAY-LAST-EXTERNAL
2023-01-10 21:00:00,42.25,42.25,42.25,42.25,53499.0,NUGT.NYSE-1-DAY-LAST-EXTERNAL
2023-01-11 21:00:00,41.580001,41.580001,41.580001,41.580001,41359.0,NUGT.NYSE-1-DAY-LAST-EXTERNAL
2023-01-12 21:00:00,43.099998,43.099998,43.099998,43.099998,76792.0,NUGT.NYSE-1-DAY-LAST-EXTERNAL
2023-01-13 21:00:00,44.330001,44.330001,44.330001,44.330001,54920.0,NUGT.NYSE-1-DAY-LAST-EXTERNAL
2023-01-17 21:00:00,41.34,41.34,41.34,41.34,50662.0,NUGT.NYSE-1-DAY-LAST-EXTERNAL
2023-01-18 21:00:00,40.54,40.54,40.54,40.54,68680.0,NUGT.NYSE-1-DAY-LAST-EXTERNAL
2023-01-19 21:00:00,42.490001,42.490001,42.490001,42.490001,73508.0,NUGT.NYSE-1-DAY-LAST-EXTERNAL
2023-01-20 21:00:00,43.490001,43.490001,43.490001,43.490001,51459.0,NUGT.NYSE-1-DAY-LAST-EXTERNAL
2023-01-23 21:00:00,43.569999,43.569999,43.569999,43.569999,64589.0,NUGT.NYSE-1-DAY-LAST-EXTERNAL
2023-01-24 21:00:00,44.380001,44.380001,44.380001,44.380001,71686.0,NUGT.NYSE-1-DAY-LAST-EXTERNAL
2023-01-25 21:00:00,45.79,45.79,45.79,45.79,58331.0,NUGT.NYSE-1-DAY-LAST-EXTERNAL
2023-01-26 21:00:00,44.490001,44.490001,44.490001,44.490001,41478.0,NUGT.NYSE-1-DAY-LAST-EXTERNAL
2023-01-27 21:00:00,43.279998,43.279998,43.279998,43.279998,55962.0,NUGT.NYSE-1-DAY-LAST-EXTERNAL
2023-01-30 21:00:00,41.919998,41.919998,41.919998,41.919998,49515.0,NUGT.NYSE-1-DAY-LAST-EXTERNAL
2023-01-31 21:00:00,42.380001,42.380001,42.380001,42.380001,52183.0,NUGT.NYSE-1-DAY-LAST-EXTERNAL
2023-02-01 21:00:00,44.419998,44.419998,44.419998,44.419998,91603.0,NUGT.NYSE-1-DAY-LAST-EXTERNAL
2023-02-02 21:00:00,41.509998,41.509998,41.509998,41.509998,82394.0,NUGT.NYSE-1-DAY-LAST-EXTERNAL
2023-02-03 21:00:00,37.95,37.95,37.95,37.95,118730.0,NUGT.NYSE-1-DAY-LAST-EXTERNAL
2023-02-06 21:00:00,37.580001,37.580001,37.580001,37.580001,37520.0,NUGT.NYSE-1-DAY-LAST-EXTERNAL
2023-02-07 21:00:00,38.549999,38.549999,38.549999,38.549999,42439.0,NUGT.NYSE-1-DAY-LAST-EXTERNAL
2023-02-08 21:00:00,38.029998,38.029998,38.029998,38.029998,41540.0,NUGT.NYSE-1-DAY-LAST-EXTERNAL
2023-02-09 21:00:00,36.439998,36.439998,36.439998,36.439998,86239.0,NUGT.NYSE-1-DAY-LAST-EXTERNAL
2023-02-10 21:00:00,36.060001,36.060001,36.060001,36.060001,39983.0,NUGT.NYSE-1-DAY-LAST-EXTERNAL
2023-02-13 21:00:00,36.069999,36.069999,36.069999,36.069999,44488.0,NUGT.NYSE-1-DAY-LAST-EXTERNAL
2023-02-14 21:00:00,36.0,36.0,36.0,36.0,33580.0,NUGT.NYSE-1-DAY-LAST-EXTERNAL
2023-02-15 21:00:00,34.029998,34.029998,34.029998,34.029998,87124.0,NUGT.NYSE-1-DAY-LAST-EXTERNAL
2023-02-16 21:00:00,33.779998,33.779998,33.779998,33.779998,40618.0,NUGT.NYSE-1-DAY-LAST-EXTERNAL
2023-02-17 21:00:00,33.04,33.04,33.04,33.04,90533.0,NUGT.NYSE-1-DAY-LAST-EXTERNAL
2023-02-21 21:00:00,32.380001,32.380001,32.380001,32.380001,38425.0,NUGT.NYSE-1-DAY-LAST-EXTERNAL
2023-02-22 21:00:00,30.85,30.85,30.85,30.85,78805.0,NUGT.NYSE-1-DAY-LAST-EXTERNAL
2023-02-23 21:00:00,30.51,30.51,30.51,30.51,56359.0,NUGT.NYSE-1-DAY-LAST-EXTERNAL
2023-02-24 21:00:00,29.75,29.75,29.75,29.75,83417.0,NUGT.NYSE-1-DAY-LAST-EXTERNAL
2023-02-27 21:00:00,30.2,30.2,30.2,30.2,110763.0,NUGT.NYSE-1-DAY-LAST-EXTERNAL
2023-02-28 21:00:00,30.78,30.78,30.78,30.78,62898.0,NUGT.NYSE-1-DAY-LAST-EXTERNAL
2023-03-01 21:00:00,32.409999,32.409999,32.409999,32.409999,84101.0,NUGT.NYSE-1-DAY-LAST-EXTERNAL
2023-03-02 21:00:00,32.439998,32.439998,32.439998,32.439998,73059.0,NUGT.NYSE-1-DAY-LAST-EXTERNAL
2023-03-03 21:00:00,33.319999,33.319999,33.319999,33.319999,80851.0,NUGT.NYSE-1-DAY-LAST-EXTERNAL
2023-03-06 21:00:00,32.150001,32.150001,32.150001,32.150001,89787.0,NUGT.NYSE-1-DAY-LAST-EXTERNAL
2023-03-07 21:00:00,29.409999,29.409999,29.409999,29.409999,73244.0,NUGT.NYSE-1-DAY-LAST-EXTERNAL
2023-03-08 21:00:00,29.309999,29.309999,29.309999,29.309999,55799.0,NUGT.NYSE-1-DAY-LAST-EXTERNAL
2023-03-09 21:00:00,28.94,28.94,28.94,28.94,61823.0,NUGT.NYSE-1-DAY-LAST-EXTERNAL
2023-03-10 21:00:00,30.09,30.09,30.09,30.09,198041.0,NUGT.NYSE-1-DAY-LAST-EXTERNAL
2023-03-13 20:00:00,34.220001,34.220001,34.220001,34.220001,102352.0,NUGT.NYSE-1-DAY-LAST-EXTERNAL
2023-03-14 20:00:00,34.75,34.75,34.75,34.75,55360.0,NUGT.NYSE-1-DAY-LAST-EXTERNAL
2023-03-15 20:00:00,34.880001,34.880001,34.880001,34.880001,53955.0,NUGT.NYSE-1-DAY-LAST-EXTERNAL
2023-03-16 20:00:00,34.400001,34.400001,34.400001,34.400001,80453.0,NUGT.NYSE-1-DAY-LAST-EXTERNAL
2023-03-17 20:00:00,37.630001,37.630001,37.630001,37.630001,164789.0,NUGT.NYSE-1-DAY-LAST-EXTERNAL
2023-03-20 20:00:00,38.95,38.95,38.95,38.95,123937.0,NUGT.NYSE-1-DAY-LAST-EXTERNAL
2023-03-21 20:00:00,36.2,36.2,36.2,36.2,97300.0,NUGT.NYSE-1-DAY-LAST-EXTERNAL
2023-03-22 20:00:00,37.439998,37.439998,37.439998,37.439998,81726.0,NUGT.NYSE-1-DAY-LAST-EXTERNAL
2023-03-23 20:00:00,39.310001,39.310001,39.310001,39.310001,80947.0,NUGT.NYSE-1-DAY-LAST-EXTERNAL
2023-03-24 20:00:00,39.900001,39.900001,39.900001,39.900001,38234.0,NUGT.NYSE-1-DAY-LAST-EXTERNAL
2023-03-27 20:00:00,39.880001,39.880001,39.880001,39.880001,56544.0,NUGT.NYSE-1-DAY-LAST-EXTERNAL
2023-03-28 20:00:00,41.659999,41.659999,41.659999,41.659999,69943.0,NUGT.NYSE-1-DAY-LAST-EXTERNAL
2023-03-29 20:00:00,41.189998,41.189998,41.189998,41.189998,38225.0,NUGT.NYSE-1-DAY-LAST-EXTERNAL
2023-03-30 20:00:00,42.220001,42.220001,42.220001,42.220001,48025.0,NUGT.NYSE-1-DAY-LAST-EXTERNAL
2023-03-31 20:00:00,41.93,41.93,41.93,41.93,47857.0,NUGT.NYSE-1-DAY-LAST-EXTERNAL
2023-04-03 20:00:00,43.61,43.61,43.61,43.61,99175.0,NUGT.NYSE-1-DAY-LAST-EXTERNAL
2023-04-04 20:00:00,46.459999,46.459999,46.459999,46.459999,70738.0,NUGT.NYSE-1-DAY-LAST-EXTERNAL
2023-04-05 20:00:00,47.04,47.04,47.04,47.04,77472.0,NUGT.NYSE-1-DAY-LAST-EXTERNAL
2023-04-06 20:00:00,47.319999,47.319999,47.319999,47.319999,64119.0,NUGT.NYSE-1-DAY-LAST-EXTERNAL
2023-04-10 20:00:00,46.150001,46.150001,46.150001,46.150001,60350.0,NUGT.NYSE-1-DAY-LAST-EXTERNAL
2023-04-11 20:00:00,47.68,47.68,47.68,47.68,55376.0,NUGT.NYSE-1-DAY-LAST-EXTERNAL
2023-04-12 20:00:00,48.599998,48.599998,48.599998,48.599998,48377.0,NUGT.NYSE-1-DAY-LAST-EXTERNAL
2023-04-13 20:00:00,51.229999,51.229999,51.229999,51.229999,49360.0,NUGT.NYSE-1-DAY-LAST-EXTERNAL
2023-04-14 20:00:00,48.979999,48.979999,48.979999,48.979999,49431.0,NUGT.NYSE-1-DAY-LAST-EXTERNAL
2023-04-17 20:00:00,46.869998,46.869998,46.869998,46.869998,81691.0,NUGT.NYSE-1-DAY-LAST-EXTERNAL
2023-04-18 20:00:00,47.389999,47.389999,47.389999,47.389999,48290.0,NUGT.NYSE-1-DAY-LAST-EXTERNAL
2023-04-19 20:00:00,46.02,46.02,46.02,46.02,44978.0,NUGT.NYSE-1-DAY-LAST-EXTERNAL
2023-04-20 20:00:00,46.11,46.11,46.11,46.11,38724.0,NUGT.NYSE-1-DAY-LAST-EXTERNAL
2023-04-21 20:00:00,44.900001,44.900001,44.900001,44.900001,75814.0,NUGT.NYSE-1-DAY-LAST-EXTERNAL
2023-04-24 20:00:00,45.11,45.11,45.11,45.11,56693.0,NUGT.NYSE-1-DAY-LAST-EXTERNAL
2023-04-25 20:00:00,45.169998,45.169998,45.169998,45.169998,59594.0,NUGT.NYSE-1-DAY-LAST-EXTERNAL
2023-04-26 20:00:00,44.099998,44.099998,44.099998,44.099998,58417.0,NUGT.NYSE-1-DAY-LAST-EXTERNAL
