2022-01-03 15:55:00,57.064998,57.178501,57.060001,57.104999,471625.0,PFE.NYSE-5-MINUTE-LAST-EXTERNAL
2022-01-03 19:55:00,56.884998,56.900001,56.819999,56.830001,323918.0,PFE.NYSE-5-MINUTE-LAST-EXTERNAL
2022-01-03 21:00:00,56.650001,56.650001,56.650001,56.650001,4542119.0,PFE.NYSE-5-MINUTE-LAST-EXTERNAL
2022-01-04 15:55:00,54.409999,54.564998,54.349998,54.5331,768658.0,PFE.NYSE-5-MINUTE-LAST-EXTERNAL
2022-01-04 19:55:00,55.099998,55.099998,55.0,55.044998,266560.0,PFE.NYSE-5-MINUTE-LAST-EXTERNAL
2022-01-04 21:00:00,54.529998,54.529998,54.529998,54.529998,2514004.0,PFE.NYSE-5-MINUTE-LAST-EXTERNAL
2022-01-05 15:55:00,56.019901,56.150001,55.919998,55.937099,499951.0,PFE.NYSE-5-MINUTE-LAST-EXTERNAL
2022-01-05 19:55:00,55.955001,55.974998,55.84,55.895,382489.0,PFE.NYSE-5-MINUTE-LAST-EXTERNAL
2022-01-05 21:00:00,55.630001,55.630001,55.630001,55.630001,2111202.0,PFE.NYSE-5-MINUTE-LAST-EXTERNAL
2022-01-06 15:55:00,55.169998,55.255001,55.150001,55.255001,424435.0,PFE.NYSE-5-MINUTE-LAST-EXTERNAL
2022-01-06 19:55:00,55.241001,55.319999,55.220001,55.29,201097.0,PFE.NYSE-5-MINUTE-LAST-EXTERNAL
2022-01-06 21:00:00,54.84,54.84,54.84,54.84,2388651.0,PFE.NYSE-5-MINUTE-LAST-EXTERNAL
2022-01-07 15:55:00,55.459999,55.470001,55.380001,55.409999,221987.0,PFE.NYSE-5-MINUTE-LAST-EXTERNAL
2022-01-07 19:55:00,55.709999,55.715999,55.669998,55.689998,131675.0,PFE.NYSE-5-MINUTE-LAST-EXTERNAL
2022-01-07 21:00:00,55.720001,55.720001,55.720001,55.720001,1957802.0,PFE.NYSE-5-MINUTE-LAST-EXTERNAL
2022-01-10 15:55:00,55.384998,55.5,55.369998,55.45,217011.0,PFE.NYSE-5-MINUTE-LAST-EXTERNAL
2022-01-10 19:55:00,56.005001,56.049999,56.0,56.034999,178012.0,PFE.NYSE-5-MINUTE-LAST-EXTERNAL
2022-01-10 21:00:00,56.240001,56.240001,56.240001,56.240001,1579977.0,PFE.NYSE-5-MINUTE-LAST-EXTERNAL
2022-01-11 15:55:00,56.305,56.439998,56.27,56.400001,279497.0,PFE.NYSE-5-MINUTE-LAST-EXTERNAL
2022-01-11 19:55:00,56.514999,56.555,56.470001,56.529998,181881.0,PFE.NYSE-5-MINUTE-LAST-EXTERNAL
2022-01-11 21:00:00,56.689998,56.689998,56.689998,56.689998,1945593.0,PFE.NYSE-5-MINUTE-LAST-EXTERNAL
2022-01-12 15:55:00,56.735,56.758201,56.544998,56.630001,391263.0,PFE.NYSE-5-MINUTE-LAST-EXTERNAL
2022-01-12 19:55:00,56.569999,56.589599,56.509998,56.519599,125540.0,PFE.NYSE-5-MINUTE-LAST-EXTERNAL
2022-01-12 21:00:00,56.650001,56.650001,56.650001,56.650001,1302962.0,PFE.NYSE-5-MINUTE-LAST-EXTERNAL
2022-01-13 15:55:00,55.830001,55.834999,55.709999,55.724998,216140.0,PFE.NYSE-5-MINUTE-LAST-EXTERNAL
2022-01-13 19:55:00,55.615001,55.647201,55.59,55.599998,213883.0,PFE.NYSE-5-MINUTE-LAST-EXTERNAL
2022-01-13 21:00:00,55.54,55.54,55.54,55.54,1612917.0,PFE.NYSE-5-MINUTE-LAST-EXTERNAL
2022-01-14 15:55:00,54.724998,54.75,54.665,54.744998,243518.0,PFE.NYSE-5-MINUTE-LAST-EXTERNAL
2022-01-14 19:55:00,54.944999,54.944999,54.880001,54.883899,161627.0,PFE.NYSE-5-MINUTE-LAST-EXTERNAL
2022-01-14 21:00:00,54.95,54.95,54.95,54.95,1069410.0,PFE.NYSE-5-MINUTE-LAST-EXTERNAL
2022-01-18 15:55:00,53.865001,53.919998,53.84,53.919998,393640.0,PFE.NYSE-5-MINUTE-LAST-EXTERNAL
2022-01-18 19:55:00,54.169998,54.2,54.134998,54.189998,154275.0,PFE.NYSE-5-MINUTE-LAST-EXTERNAL
2022-01-18 21:00:00,54.11,54.11,54.11,54.11,1535064.0,PFE.NYSE-5-MINUTE-LAST-EXTERNAL
2022-01-19 15:55:00,54.069999,54.150001,53.990001,54.04,262699.0,PFE.NYSE-5-MINUTE-LAST-EXTERNAL
2022-01-19 19:55:00,53.794998,53.904998,53.779998,53.895,230855.0,PFE.NYSE-5-MINUTE-LAST-EXTERNAL
2022-01-19 21:00:00,53.54,53.54,53.54,53.54,1302599.0,PFE.NYSE-5-MINUTE-LAST-EXTERNAL
2022-01-20 15:55:00,53.479999,53.59,53.45,53.455001,260021.0,PFE.NYSE-5-MINUTE-LAST-EXTERNAL
2022-01-20 19:55:00,54.215,54.400001,54.209999,54.380001,333686.0,PFE.NYSE-5-MINUTE-LAST-EXTERNAL
2022-01-20 20:55:00,53.990001,54.11,53.944999,54.049999,1969252.0,PFE.NYSE-5-MINUTE-LAST-EXTERNAL
2022-01-21 15:55:00,53.490001,53.5,53.319999,53.389999,417268.0,PFE.NYSE-5-MINUTE-LAST-EXTERNAL
2022-01-21 19:55:00,52.814998,52.814998,52.720001,52.75,263700.0,PFE.NYSE-5-MINUTE-LAST-EXTERNAL
2022-01-21 21:00:00,52.79,52.79,52.79,52.79,1799768.0,PFE.NYSE-5-MINUTE-LAST-EXTERNAL
2022-01-24 15:55:00,51.049999,51.119998,50.909999,50.974998,667685.0,PFE.NYSE-5-MINUTE-LAST-EXTERNAL
2022-01-24 19:55:00,49.944999,50.189998,49.924999,50.169998,546852.0,PFE.NYSE-5-MINUTE-LAST-EXTERNAL
2022-01-24 21:00:00,51.54,51.54,51.54,51.54,1952646.0,PFE.NYSE-5-MINUTE-LAST-EXTERNAL
2022-01-25 15:55:00,51.59,51.665,51.549999,51.61,274333.0,PFE.NYSE-5-MINUTE-LAST-EXTERNAL
2022-01-25 19:55:00,52.7,52.759998,52.632701,52.740001,376691.0,PFE.NYSE-5-MINUTE-LAST-EXTERNAL
2022-01-25 21:00:00,52.54,52.54,52.54,52.54,1736098.0,PFE.NYSE-5-MINUTE-LAST-EXTERNAL
2022-01-26 15:55:00,52.814998,52.889999,52.7415,52.880001,229688.0,PFE.NYSE-5-MINUTE-LAST-EXTERNAL
2022-01-26 19:55:00,52.854999,53.0,52.779998,53.0,615435.0,PFE.NYSE-5-MINUTE-LAST-EXTERNAL
2022-01-26 20:55:00,52.919998,53.189998,52.869998,53.0,2645841.0,PFE.NYSE-5-MINUTE-LAST-EXTERNAL
2022-01-27 15:55:00,54.055,54.255001,54.055,54.220001,488565.0,PFE.NYSE-5-MINUTE-LAST-EXTERNAL
2022-01-27 19:55:00,53.485,53.584999,53.45,53.54,239011.0,PFE.NYSE-5-MINUTE-LAST-EXTERNAL
2022-01-27 21:00:00,53.369998,53.369998,53.369998,53.369998,2212780.0,PFE.NYSE-5-MINUTE-LAST-EXTERNAL
2022-01-28 15:55:00,54.02,54.02,53.849998,53.924999,207488.0,PFE.NYSE-5-MINUTE-LAST-EXTERNAL
2022-01-28 19:55:00,53.849998,53.919998,53.834999,53.895,263799.0,PFE.NYSE-5-MINUTE-LAST-EXTERNAL
2022-01-28 21:00:00,54.330001,54.330001,54.330001,54.330001,1178183.0,PFE.NYSE-5-MINUTE-LAST-EXTERNAL
2022-01-31 15:55:00,52.569999,52.569999,52.384998,52.424999,500278.0,PFE.NYSE-5-MINUTE-LAST-EXTERNAL
2022-01-31 19:55:00,52.744998,52.779998,52.7,52.767501,218318.0,PFE.NYSE-5-MINUTE-LAST-EXTERNAL
2022-01-31 21:00:00,52.689998,52.689998,52.689998,52.689998,2310249.0,PFE.NYSE-5-MINUTE-LAST-EXTERNAL
2022-02-01 15:55:00,52.674999,52.799999,52.669998,52.735,276978.0,PFE.NYSE-5-MINUTE-LAST-EXTERNAL
2022-02-01 19:55:00,52.665,52.720001,52.654998,52.7149,113673.0,PFE.NYSE-5-MINUTE-LAST-EXTERNAL
2022-02-01 21:00:00,53.069999,53.069999,53.069999,53.069999,1666542.0,PFE.NYSE-5-MINUTE-LAST-EXTERNAL
2022-02-02 15:55:00,53.005001,53.09,52.993499,53.080001,282722.0,PFE.NYSE-5-MINUTE-LAST-EXTERNAL
2022-02-02 19:55:00,53.759998,53.830001,53.740001,53.805,294165.0,PFE.NYSE-5-MINUTE-LAST-EXTERNAL
2022-02-02 21:00:00,53.86,53.86,53.86,53.86,1776240.0,PFE.NYSE-5-MINUTE-LAST-EXTERNAL
2022-02-03 15:55:00,53.529998,53.580001,53.43,53.465,165056.0,PFE.NYSE-5-MINUTE-LAST-EXTERNAL
2022-02-03 19:55:00,53.36,53.36,53.244998,53.25,312244.0,PFE.NYSE-5-MINUTE-LAST-EXTERNAL
2022-02-03 21:00:00,53.380001,53.380001,53.380001,53.380001,1693888.0,PFE.NYSE-5-MINUTE-LAST-EXTERNAL
2022-02-04 15:55:00,52.813999,52.825,52.740001,52.77,201506.0,PFE.NYSE-5-MINUTE-LAST-EXTERNAL
2022-02-04 19:55:00,53.255401,53.279998,53.234199,53.259998,224577.0,PFE.NYSE-5-MINUTE-LAST-EXTERNAL
2022-02-04 21:00:00,53.0,53.0,53.0,53.0,2120579.0,PFE.NYSE-5-MINUTE-LAST-EXTERNAL
2022-02-07 15:55:00,53.11,53.209999,53.099998,53.2,210415.0,PFE.NYSE-5-MINUTE-LAST-EXTERNAL
2022-02-07 19:55:00,53.36,53.459999,53.330001,53.393798,243707.0,PFE.NYSE-5-MINUTE-LAST-EXTERNAL
2022-02-07 21:00:00,53.209999,53.209999,53.209999,53.209999,1644896.0,PFE.NYSE-5-MINUTE-LAST-EXTERNAL
2022-02-08 15:55:00,50.064998,50.25,50.060001,50.18,740087.0,PFE.NYSE-5-MINUTE-LAST-EXTERNAL
2022-02-08 19:55:00,51.284999,51.36,51.275001,51.36,331775.0,PFE.NYSE-5-MINUTE-LAST-EXTERNAL
2022-02-08 21:00:00,51.7,51.7,51.7,51.7,3403294.0,PFE.NYSE-5-MINUTE-LAST-EXTERNAL
2022-02-09 15:55:00,51.650001,51.715,51.619998,51.680999,367722.0,PFE.NYSE-5-MINUTE-LAST-EXTERNAL
2022-02-09 19:55:00,51.52,51.560001,51.490001,51.509998,212127.0,PFE.NYSE-5-MINUTE-LAST-EXTERNAL
2022-02-09 21:00:00,51.470001,51.470001,51.470001,51.470001,1580872.0,PFE.NYSE-5-MINUTE-LAST-EXTERNAL
2022-02-10 15:55:00,51.02,51.02,50.909999,50.955001,427196.0,PFE.NYSE-5-MINUTE-LAST-EXTERNAL
2022-02-10 19:55:00,50.825,50.830001,50.659999,50.7462,427687.0,PFE.NYSE-5-MINUTE-LAST-EXTERNAL
2022-02-10 21:00:00,50.599998,50.599998,50.599998,50.599998,1683397.0,PFE.NYSE-5-MINUTE-LAST-EXTERNAL
2022-02-11 15:55:00,50.674999,50.740001,50.619998,50.650001,339507.0,PFE.NYSE-5-MINUTE-LAST-EXTERNAL
2022-02-11 19:55:00,50.220001,50.36,50.220001,50.325,287487.0,PFE.NYSE-5-MINUTE-LAST-EXTERNAL
2022-02-11 21:00:00,50.779998,50.779998,50.779998,50.779998,2516460.0,PFE.NYSE-5-MINUTE-LAST-EXTERNAL
2022-02-14 15:55:00,48.729999,48.93,48.724998,48.86,913265.0,PFE.NYSE-5-MINUTE-LAST-EXTERNAL
2022-02-14 19:55:00,49.395,49.439998,49.36,49.415,186518.0,PFE.NYSE-5-MINUTE-LAST-EXTERNAL
2022-02-14 21:00:00,49.799999,49.799999,49.799999,49.799999,1678870.0,PFE.NYSE-5-MINUTE-LAST-EXTERNAL
2022-02-15 15:55:00,49.474998,49.525001,49.43,49.525001,395424.0,PFE.NYSE-5-MINUTE-LAST-EXTERNAL
2022-02-15 19:55:00,49.615001,49.694999,49.61,49.674999,131140.0,PFE.NYSE-5-MINUTE-LAST-EXTERNAL
2022-02-15 21:00:00,49.79,49.79,49.79,49.79,1316404.0,PFE.NYSE-5-MINUTE-LAST-EXTERNAL
2022-02-16 15:55:00,50.59,50.599998,50.459999,50.575,395988.0,PFE.NYSE-5-MINUTE-LAST-EXTERNAL
2022-02-16 19:55:00,49.93,49.970001,49.909999,49.935001,130742.0,PFE.NYSE-5-MINUTE-LAST-EXTERNAL
2022-02-16 21:00:00,49.68,49.68,49.68,49.68,1399022.0,PFE.NYSE-5-MINUTE-LAST-EXTERNAL
2022-02-17 15:55:00,49.145,49.171298,49.119998,49.145,189239.0,PFE.NYSE-5-MINUTE-LAST-EXTERNAL
2022-02-17 19:55:00,49.055,49.099998,49.025001,49.069999,237783.0,PFE.NYSE-5-MINUTE-LAST-EXTERNAL
2022-02-17 21:00:00,48.900001,48.900001,48.900001,48.900001,1421691.0,PFE.NYSE-5-MINUTE-LAST-EXTERNAL
2022-02-18 15:55:00,49.099998,49.18,49.084999,49.125,282925.0,PFE.NYSE-5-MINUTE-LAST-EXTERNAL
2022-02-18 19:55:00,48.744499,48.796699,48.709999,48.77,184492.0,PFE.NYSE-5-MINUTE-LAST-EXTERNAL
2022-02-18 21:00:00,48.529998,48.529998,48.529998,48.529998,1456315.0,PFE.NYSE-5-MINUTE-LAST-EXTERNAL
2022-02-22 15:55:00,47.880001,47.939998,47.819999,47.939998,216813.0,PFE.NYSE-5-MINUTE-LAST-EXTERNAL
2022-02-22 19:55:00,47.654998,47.740001,47.639999,47.650001,238698.0,PFE.NYSE-5-MINUTE-LAST-EXTERNAL
2022-02-22 21:00:00,47.529998,47.529998,47.529998,47.529998,1972266.0,PFE.NYSE-5-MINUTE-LAST-EXTERNAL
2022-02-23 15:55:00,47.435001,47.45,47.34,47.34,272265.0,PFE.NYSE-5-MINUTE-LAST-EXTERNAL
2022-02-23 19:55:00,46.865001,46.880001,46.819999,46.84,402186.0,PFE.NYSE-5-MINUTE-LAST-EXTERNAL
2022-02-23 21:00:00,46.869998,46.869998,46.869998,46.869998,1479711.0,PFE.NYSE-5-MINUTE-LAST-EXTERNAL
2022-02-24 15:55:00,46.119998,46.130001,45.865001,45.9701,375567.0,PFE.NYSE-5-MINUTE-LAST-EXTERNAL
2022-02-24 19:55:00,45.709999,45.814998,45.689998,45.8096,325870.0,PFE.NYSE-5-MINUTE-LAST-EXTERNAL
2022-02-24 21:00:00,45.959999,45.959999,45.959999,45.959999,2129809.0,PFE.NYSE-5-MINUTE-LAST-EXTERNAL
2022-02-25 15:55:00,47.29,47.345001,47.240001,47.310001,451740.0,PFE.NYSE-5-MINUTE-LAST-EXTERNAL
2022-02-25 19:55:00,47.685001,47.779998,47.68,47.744998,259926.0,PFE.NYSE-5-MINUTE-LAST-EXTERNAL
2022-02-25 21:00:00,47.720001,47.720001,47.720001,47.720001,1822056.0,PFE.NYSE-5-MINUTE-LAST-EXTERNAL
2022-02-28 15:55:00,46.5,46.534999,46.43,46.505001,287940.0,PFE.NYSE-5-MINUTE-LAST-EXTERNAL
2022-02-28 19:55:00,46.715,46.740001,46.705001,46.725799,249841.0,PFE.NYSE-5-MINUTE-LAST-EXTERNAL
2022-02-28 21:00:00,46.939998,46.939998,46.939998,46.939998,3029674.0,PFE.NYSE-5-MINUTE-LAST-EXTERNAL
2022-03-01 15:55:00,46.25,46.279998,46.165,46.27,283921.0,PFE.NYSE-5-MINUTE-LAST-EXTERNAL
2022-03-01 19:55:00,45.720001,45.729999,45.669998,45.705001,218241.0,PFE.NYSE-5-MINUTE-LAST-EXTERNAL
2022-03-01 21:00:00,45.75,45.75,45.75,45.75,1699413.0,PFE.NYSE-5-MINUTE-LAST-EXTERNAL
2022-03-02 15:55:00,46.994998,47.2,46.994998,47.199901,268476.0,PFE.NYSE-5-MINUTE-LAST-EXTERNAL
2022-03-02 19:55:00,47.665,47.7,47.61,47.645,371962.0,PFE.NYSE-5-MINUTE-LAST-EXTERNAL
2022-03-02 21:00:00,47.7,47.7,47.7,47.7,2133395.0,PFE.NYSE-5-MINUTE-LAST-EXTERNAL
2022-03-03 15:55:00,48.134998,48.150001,47.963901,47.965,399996.0,PFE.NYSE-5-MINUTE-LAST-EXTERNAL
2022-03-03 19:55:00,47.810001,47.939998,47.779998,47.939201,166990.0,PFE.NYSE-5-MINUTE-LAST-EXTERNAL
2022-03-03 21:00:00,47.830001,47.830001,47.830001,47.830001,1540308.0,PFE.NYSE-5-MINUTE-LAST-EXTERNAL
2022-03-04 15:55:00,48.310001,48.310001,48.25,48.270999,413045.0,PFE.NYSE-5-MINUTE-LAST-EXTERNAL
2022-03-04 19:55:00,48.520099,48.569999,48.5,48.52,297341.0,PFE.NYSE-5-MINUTE-LAST-EXTERNAL
2022-03-04 21:00:00,48.650001,48.650001,48.650001,48.650001,1792977.0,PFE.NYSE-5-MINUTE-LAST-EXTERNAL
2022-03-07 15:55:00,48.415,48.474998,48.354999,48.400001,216204.0,PFE.NYSE-5-MINUTE-LAST-EXTERNAL
2022-03-07 19:55:00,47.955001,48.104999,47.955001,48.069999,235398.0,PFE.NYSE-5-MINUTE-LAST-EXTERNAL
2022-03-07 21:00:00,47.979999,47.979999,47.979999,47.979999,1541956.0,PFE.NYSE-5-MINUTE-LAST-EXTERNAL
2022-03-08 15:55:00,47.04,47.459999,47.029998,47.29,471040.0,PFE.NYSE-5-MINUTE-LAST-EXTERNAL
2022-03-08 19:55:00,47.95,48.0195,47.880001,47.93,271716.0,PFE.NYSE-5-MINUTE-LAST-EXTERNAL
2022-03-08 21:00:00,47.439998,47.439998,47.439998,47.439998,1042185.0,PFE.NYSE-5-MINUTE-LAST-EXTERNAL
2022-03-09 15:55:00,48.189998,48.305,48.189998,48.279998,128463.0,PFE.NYSE-5-MINUTE-LAST-EXTERNAL
2022-03-09 19:55:00,49.019901,49.04,48.994998,49.014999,146254.0,PFE.NYSE-5-MINUTE-LAST-EXTERNAL
2022-03-09 21:00:00,48.75,48.75,48.75,48.75,1559520.0,PFE.NYSE-5-MINUTE-LAST-EXTERNAL
2022-03-10 15:55:00,48.412498,48.444999,48.349998,48.439998,186404.0,PFE.NYSE-5-MINUTE-LAST-EXTERNAL
2022-03-10 19:55:00,49.205001,49.240001,49.185001,49.229999,198499.0,PFE.NYSE-5-MINUTE-LAST-EXTERNAL
2022-03-10 21:00:00,49.2,49.2,49.2,49.2,1221661.0,PFE.NYSE-5-MINUTE-LAST-EXTERNAL
2022-03-11 15:55:00,50.235,50.349998,50.171001,50.219001,514853.0,PFE.NYSE-5-MINUTE-LAST-EXTERNAL
2022-03-11 19:55:00,50.485,50.505001,50.389999,50.395,370461.0,PFE.NYSE-5-MINUTE-LAST-EXTERNAL
2022-03-11 21:00:00,50.27,50.27,50.27,50.27,1607517.0,PFE.NYSE-5-MINUTE-LAST-EXTERNAL
2022-03-14 15:55:00,52.444999,52.45,52.294998,52.34,324575.0,PFE.NYSE-5-MINUTE-LAST-EXTERNAL
2022-03-14 19:55:00,52.139999,52.29,52.134998,52.25,1690982.0,PFE.NYSE-5-MINUTE-LAST-EXTERNAL
2022-03-15 15:55:00,52.09,52.099998,51.959999,52.014999,514367.0,PFE.NYSE-5-MINUTE-LAST-EXTERNAL
2022-03-15 19:55:00,52.220001,52.25,52.11,52.25,1216631.0,PFE.NYSE-5-MINUTE-LAST-EXTERNAL
2022-03-16 15:55:00,52.7,52.720001,52.630001,52.689998,173232.0,PFE.NYSE-5-MINUTE-LAST-EXTERNAL
2022-03-16 19:55:00,52.830001,52.93,52.779998,52.93,1143472.0,PFE.NYSE-5-MINUTE-LAST-EXTERNAL
2022-03-17 15:55:00,54.000301,54.080001,53.965,53.9706,260983.0,PFE.NYSE-5-MINUTE-LAST-EXTERNAL
2022-03-17 19:55:00,54.159999,54.25,54.125,54.240001,2460511.0,PFE.NYSE-5-MINUTE-LAST-EXTERNAL
2022-03-18 15:55:00,53.810001,53.919998,53.799999,53.889999,178018.0,PFE.NYSE-5-MINUTE-LAST-EXTERNAL
2022-03-18 19:55:00,54.259998,55.0,54.259998,54.5,3882272.0,PFE.NYSE-5-MINUTE-LAST-EXTERNAL
2022-03-21 15:55:00,54.159999,54.269901,54.119998,54.194999,247894.0,PFE.NYSE-5-MINUTE-LAST-EXTERNAL
2022-03-21 19:55:00,54.240001,54.27,54.145,54.189998,2099595.0,PFE.NYSE-5-MINUTE-LAST-EXTERNAL
2022-03-22 15:55:00,52.740001,52.810001,52.724998,52.79,277428.0,PFE.NYSE-5-MINUTE-LAST-EXTERNAL
2022-03-22 19:55:00,53.055,53.099998,53.02,53.09,1434814.0,PFE.NYSE-5-MINUTE-LAST-EXTERNAL
2022-03-23 15:55:00,52.715,52.720001,52.630001,52.674999,179806.0,PFE.NYSE-5-MINUTE-LAST-EXTERNAL
2022-03-23 19:55:00,52.185001,52.289901,52.154998,52.189998,1725949.0,PFE.NYSE-5-MINUTE-LAST-EXTERNAL
2022-03-24 15:55:00,52.685001,52.7,52.630001,52.645,128466.0,PFE.NYSE-5-MINUTE-LAST-EXTERNAL
2022-03-24 19:55:00,52.595001,52.599998,52.549999,52.599998,1022908.0,PFE.NYSE-5-MINUTE-LAST-EXTERNAL
2022-03-25 15:55:00,52.805,52.810001,52.665,52.68,181878.0,PFE.NYSE-5-MINUTE-LAST-EXTERNAL
2022-03-25 19:55:00,52.7,52.799999,52.599998,52.77,1363135.0,PFE.NYSE-5-MINUTE-LAST-EXTERNAL
2022-03-28 15:55:00,53.154998,53.18,53.058799,53.11,266988.0,PFE.NYSE-5-MINUTE-LAST-EXTERNAL
2022-03-28 19:55:00,53.189998,53.284999,53.159999,53.27,1276010.0,PFE.NYSE-5-MINUTE-LAST-EXTERNAL
2022-03-29 15:55:00,53.154998,53.18,53.060001,53.150001,317600.0,PFE.NYSE-5-MINUTE-LAST-EXTERNAL
2022-03-29 19:55:00,52.810001,52.880001,52.619998,52.75,3501779.0,PFE.NYSE-5-MINUTE-LAST-EXTERNAL
2022-03-30 15:55:00,52.735,52.759998,52.669998,52.715,163469.0,PFE.NYSE-5-MINUTE-LAST-EXTERNAL
2022-03-30 19:55:00,52.255001,52.459999,52.255001,52.439998,2162098.0,PFE.NYSE-5-MINUTE-LAST-EXTERNAL
2022-03-31 15:55:00,52.319999,52.389999,52.305,52.36,117530.0,PFE.NYSE-5-MINUTE-LAST-EXTERNAL
2022-03-31 19:55:00,52.069999,52.069999,51.740001,51.77,2759683.0,PFE.NYSE-5-MINUTE-LAST-EXTERNAL
2022-04-01 15:55:00,51.365001,51.365001,51.259998,51.284999,134639.0,PFE.NYSE-5-MINUTE-LAST-EXTERNAL
2022-04-01 19:55:00,51.534999,51.595001,51.514999,51.560001,1156669.0,PFE.NYSE-5-MINUTE-LAST-EXTERNAL
2022-04-04 15:55:00,51.009998,51.075,50.979999,51.069999,97229.0,PFE.NYSE-5-MINUTE-LAST-EXTERNAL
2022-04-04 19:55:00,50.924999,50.959999,50.86,50.939998,918728.0,PFE.NYSE-5-MINUTE-LAST-EXTERNAL
2022-04-05 15:55:00,51.625,51.629901,51.5,51.529998,128107.0,PFE.NYSE-5-MINUTE-LAST-EXTERNAL
2022-04-05 19:55:00,51.2,51.299999,51.150001,51.279998,1305720.0,PFE.NYSE-5-MINUTE-LAST-EXTERNAL
2022-04-06 15:55:00,52.36,52.376499,52.29,52.376499,108393.0,PFE.NYSE-5-MINUTE-LAST-EXTERNAL
2022-04-06 19:55:00,52.95,53.04,52.84,52.880001,1664014.0,PFE.NYSE-5-MINUTE-LAST-EXTERNAL
2022-04-07 15:55:00,54.275001,54.439998,54.240001,54.43,568708.0,PFE.NYSE-5-MINUTE-LAST-EXTERNAL
2022-04-07 19:55:00,55.220001,55.224998,55.119998,55.169998,1864217.0,PFE.NYSE-5-MINUTE-LAST-EXTERNAL
2022-04-08 15:55:00,55.049999,55.209999,55.04,55.145,322147.0,PFE.NYSE-5-MINUTE-LAST-EXTERNAL
2022-04-08 19:55:00,55.189998,55.25,55.099998,55.229999,977321.0,PFE.NYSE-5-MINUTE-LAST-EXTERNAL
2022-04-11 15:55:00,54.27,54.29,54.235,54.2401,107754.0,PFE.NYSE-5-MINUTE-LAST-EXTERNAL
2022-04-11 19:55:00,53.810001,53.979999,53.775001,53.959999,1292299.0,PFE.NYSE-5-MINUTE-LAST-EXTERNAL
2022-04-12 15:55:00,53.365001,53.409999,53.349998,53.384998,80936.0,PFE.NYSE-5-MINUTE-LAST-EXTERNAL
2022-04-12 19:55:00,53.064998,53.189998,53.064998,53.11,908625.0,PFE.NYSE-5-MINUTE-LAST-EXTERNAL
2022-04-13 15:55:00,52.935001,52.970001,52.889999,52.955001,104956.0,PFE.NYSE-5-MINUTE-LAST-EXTERNAL
2022-04-13 19:55:00,53.080001,53.139999,53.049999,53.11,1298900.0,PFE.NYSE-5-MINUTE-LAST-EXTERNAL
2022-04-14 15:55:00,53.36,53.389999,53.345001,53.36,124025.0,PFE.NYSE-5-MINUTE-LAST-EXTERNAL
2022-04-14 19:55:00,53.159999,53.189998,53.069999,53.134998,894281.0,PFE.NYSE-5-MINUTE-LAST-EXTERNAL
2022-04-18 15:55:00,51.783401,51.847198,51.779998,51.844501,74192.0,PFE.NYSE-5-MINUTE-LAST-EXTERNAL
2022-04-18 19:55:00,51.77,51.86,51.75,51.86,1081012.0,PFE.NYSE-5-MINUTE-LAST-EXTERNAL
2022-04-19 15:55:00,50.789199,50.86,50.75,50.859901,247622.0,PFE.NYSE-5-MINUTE-LAST-EXTERNAL
2022-04-19 19:55:00,50.220001,50.224998,50.119998,50.18,1303475.0,PFE.NYSE-5-MINUTE-LAST-EXTERNAL
2022-04-20 15:55:00,49.669998,49.709999,49.663101,49.689998,236517.0,PFE.NYSE-5-MINUTE-LAST-EXTERNAL
2022-04-20 19:55:00,49.729999,49.779998,49.68,49.740001,1400195.0,PFE.NYSE-5-MINUTE-LAST-EXTERNAL
2022-04-21 15:55:00,49.525001,49.869998,49.444999,49.490001,191859.0,PFE.NYSE-5-MINUTE-LAST-EXTERNAL
2022-04-21 19:55:00,49.075,49.125,49.049999,49.115001,1098966.0,PFE.NYSE-5-MINUTE-LAST-EXTERNAL
2022-04-22 15:55:00,48.134998,48.139999,48.095001,48.11,125115.0,PFE.NYSE-5-MINUTE-LAST-EXTERNAL
2022-04-22 19:55:00,48.080001,48.220001,48.080001,48.139999,1729746.0,PFE.NYSE-5-MINUTE-LAST-EXTERNAL
2022-04-25 15:55:00,47.330001,47.439998,47.324501,47.43,149768.0,PFE.NYSE-5-MINUTE-LAST-EXTERNAL
2022-04-25 19:55:00,49.115001,49.119998,48.880001,48.95,2163420.0,PFE.NYSE-5-MINUTE-LAST-EXTERNAL
2022-04-26 15:55:00,49.36,49.36,49.229999,49.255001,200591.0,PFE.NYSE-5-MINUTE-LAST-EXTERNAL
2022-04-26 19:55:00,49.194999,49.224998,49.029998,49.029998,1184300.0,PFE.NYSE-5-MINUTE-LAST-EXTERNAL
2022-04-27 15:55:00,49.060001,49.134998,49.04,49.125,116326.0,PFE.NYSE-5-MINUTE-LAST-EXTERNAL
2022-04-27 19:55:00,49.674999,49.900001,49.580001,49.740001,3835453.0,PFE.NYSE-5-MINUTE-LAST-EXTERNAL
2022-04-28 15:55:00,49.645,49.79,49.630001,49.79,195055.0,PFE.NYSE-5-MINUTE-LAST-EXTERNAL
2022-04-28 19:55:00,50.5,50.569999,50.439998,50.560001,2159497.0,PFE.NYSE-5-MINUTE-LAST-EXTERNAL
2022-04-29 15:55:00,49.5069,49.544998,49.409999,49.419998,190200.0,PFE.NYSE-5-MINUTE-LAST-EXTERNAL
2022-04-29 19:55:00,49.099998,49.170501,49.0,49.080001,1656234.0,PFE.NYSE-5-MINUTE-LAST-EXTERNAL
2022-05-02 15:55:00,48.389999,48.447101,48.36,48.4164,209780.0,PFE.NYSE-5-MINUTE-LAST-EXTERNAL
2022-05-02 19:55:00,48.349998,48.459999,48.34,48.459999,2189236.0,PFE.NYSE-5-MINUTE-LAST-EXTERNAL
2022-05-03 15:55:00,49.52,49.52,49.389999,49.415,223246.0,PFE.NYSE-5-MINUTE-LAST-EXTERNAL
2022-05-03 19:55:00,49.400001,49.419998,49.27,49.29,1393718.0,PFE.NYSE-5-MINUTE-LAST-EXTERNAL
2022-05-04 15:55:00,49.009998,49.04,48.95,48.968101,114083.0,PFE.NYSE-5-MINUTE-LAST-EXTERNAL
2022-05-04 19:55:00,49.689998,49.720001,49.599998,49.7,1254929.0,PFE.NYSE-5-MINUTE-LAST-EXTERNAL
2022-05-05 15:55:00,47.665,47.779998,47.639999,47.640098,431286.0,PFE.NYSE-5-MINUTE-LAST-EXTERNAL
2022-05-05 19:55:00,48.45,48.61,48.403999,48.560001,1714593.0,PFE.NYSE-5-MINUTE-LAST-EXTERNAL
2022-05-06 15:55:00,48.639999,48.7,48.569999,48.619998,141383.0,PFE.NYSE-5-MINUTE-LAST-EXTERNAL
2022-05-06 19:55:00,49.0,49.069999,48.955001,49.069999,978393.0,PFE.NYSE-5-MINUTE-LAST-EXTERNAL
2022-05-09 15:55:00,48.490001,48.509998,48.400001,48.435001,106740.0,PFE.NYSE-5-MINUTE-LAST-EXTERNAL
2022-05-09 19:55:00,48.569999,48.735,48.569999,48.68,1522554.0,PFE.NYSE-5-MINUTE-LAST-EXTERNAL
2022-05-10 15:55:00,49.049999,49.080001,48.955001,49.034999,187643.0,PFE.NYSE-5-MINUTE-LAST-EXTERNAL
2022-05-10 19:55:00,49.485,49.549999,49.415,49.479999,1529167.0,PFE.NYSE-5-MINUTE-LAST-EXTERNAL
2022-05-11 15:55:00,50.224998,50.229999,50.09,50.174999,325727.0,PFE.NYSE-5-MINUTE-LAST-EXTERNAL
2022-05-11 19:55:00,49.389999,49.459999,49.25,49.45,2455514.0,PFE.NYSE-5-MINUTE-LAST-EXTERNAL
2022-05-12 15:55:00,49.5,49.575,49.470001,49.52,258046.0,PFE.NYSE-5-MINUTE-LAST-EXTERNAL
2022-05-12 19:55:00,50.09,50.43,50.084999,50.43,2250638.0,PFE.NYSE-5-MINUTE-LAST-EXTERNAL
2022-05-13 15:55:00,49.875,49.909999,49.849998,49.86,120166.0,PFE.NYSE-5-MINUTE-LAST-EXTERNAL
2022-05-13 19:55:00,49.834999,49.939998,49.794998,49.909999,1347221.0,PFE.NYSE-5-MINUTE-LAST-EXTERNAL
2022-05-16 15:55:00,50.7579,50.779998,50.709999,50.779998,176637.0,PFE.NYSE-5-MINUTE-LAST-EXTERNAL
2022-05-16 19:55:00,50.694999,50.724998,50.569999,50.689998,1755290.0,PFE.NYSE-5-MINUTE-LAST-EXTERNAL
2022-05-17 15:55:00,51.275001,51.330001,51.264999,51.294998,135556.0,PFE.NYSE-5-MINUTE-LAST-EXTERNAL
2022-05-17 19:55:00,51.345001,51.409999,51.310001,51.36,1227980.0,PFE.NYSE-5-MINUTE-LAST-EXTERNAL
2022-05-18 15:55:00,50.509998,50.52,50.325,50.404998,465010.0,PFE.NYSE-5-MINUTE-LAST-EXTERNAL
2022-05-18 19:55:00,50.314998,50.45,50.310001,50.419998,1330089.0,PFE.NYSE-5-MINUTE-LAST-EXTERNAL
2022-05-19 15:55:00,50.215,50.220001,50.130001,50.209999,162220.0,PFE.NYSE-5-MINUTE-LAST-EXTERNAL
2022-05-19 19:55:00,50.689998,50.764999,50.650001,50.650001,1795444.0,PFE.NYSE-5-MINUTE-LAST-EXTERNAL
2022-05-20 15:55:00,51.974998,52.005001,51.849998,51.884998,271099.0,PFE.NYSE-5-MINUTE-LAST-EXTERNAL
2022-05-20 19:55:00,52.444999,52.5,52.380001,52.470001,1896753.0,PFE.NYSE-5-MINUTE-LAST-EXTERNAL
2022-05-23 15:55:00,53.229999,53.27,53.209999,53.209999,117101.0,PFE.NYSE-5-MINUTE-LAST-EXTERNAL
2022-05-23 19:55:00,52.75,52.900001,52.709999,52.86,1143759.0,PFE.NYSE-5-MINUTE-LAST-EXTERNAL
2022-05-24 15:55:00,52.95,53.095001,52.942001,53.049999,175782.0,PFE.NYSE-5-MINUTE-LAST-EXTERNAL
2022-05-24 19:55:00,53.330001,53.459999,53.284999,53.459999,1276267.0,PFE.NYSE-5-MINUTE-LAST-EXTERNAL
2022-05-25 15:55:00,53.514999,53.52,53.459999,53.481498,118682.0,PFE.NYSE-5-MINUTE-LAST-EXTERNAL
2022-05-25 19:55:00,53.729999,53.805,53.7,53.75,943497.0,PFE.NYSE-5-MINUTE-LAST-EXTERNAL
2022-05-26 15:55:00,54.119998,54.189998,54.080001,54.09,136019.0,PFE.NYSE-5-MINUTE-LAST-EXTERNAL
2022-05-26 19:55:00,54.025001,54.060001,53.924999,54.009998,1270525.0,PFE.NYSE-5-MINUTE-LAST-EXTERNAL
2022-05-27 15:55:00,53.779998,53.79,53.7,53.709899,128486.0,PFE.NYSE-5-MINUTE-LAST-EXTERNAL
2022-05-27 19:55:00,53.805,53.924999,53.794998,53.915,1323256.0,PFE.NYSE-5-MINUTE-LAST-EXTERNAL
2022-05-31 15:55:00,52.645,52.740001,52.639999,52.715,149425.0,PFE.NYSE-5-MINUTE-LAST-EXTERNAL
2022-05-31 19:55:00,53.369998,53.444999,52.990001,53.119998,3877696.0,PFE.NYSE-5-MINUTE-LAST-EXTERNAL
2022-06-01 15:55:00,51.95,52.02,51.9347,51.990001,94502.0,PFE.NYSE-5-MINUTE-LAST-EXTERNAL
2022-06-01 19:55:00,52.485,52.485,52.36,52.36,774370.0,PFE.NYSE-5-MINUTE-LAST-EXTERNAL
2022-06-02 15:55:00,51.869998,51.869998,51.794998,51.825,85032.0,PFE.NYSE-5-MINUTE-LAST-EXTERNAL
2022-06-02 19:55:00,52.54,52.740001,52.54,52.7,1749406.0,PFE.NYSE-5-MINUTE-LAST-EXTERNAL
2022-06-03 15:55:00,53.11,53.2,53.099998,53.159999,126227.0,PFE.NYSE-5-MINUTE-LAST-EXTERNAL
2022-06-03 19:55:00,53.244998,53.255001,53.159999,53.209999,904999.0,PFE.NYSE-5-MINUTE-LAST-EXTERNAL
2022-06-06 15:55:00,53.444999,53.470001,53.419998,53.439998,82311.0,PFE.NYSE-5-MINUTE-LAST-EXTERNAL
2022-06-06 19:55:00,53.305,53.330001,53.220001,53.229999,836674.0,PFE.NYSE-5-MINUTE-LAST-EXTERNAL
2022-06-07 15:55:00,53.400001,53.459999,53.369998,53.455001,71436.0,PFE.NYSE-5-MINUTE-LAST-EXTERNAL
2022-06-07 19:55:00,53.93,53.970001,53.919998,53.95,1034552.0,PFE.NYSE-5-MINUTE-LAST-EXTERNAL
2022-06-08 15:55:00,53.990001,53.995201,53.933601,53.985,45027.0,PFE.NYSE-5-MINUTE-LAST-EXTERNAL
2022-06-08 19:55:00,53.465,53.490001,53.409999,53.470001,801690.0,PFE.NYSE-5-MINUTE-LAST-EXTERNAL
2022-06-09 15:55:00,52.61,52.61,52.544998,52.560001,181201.0,PFE.NYSE-5-MINUTE-LAST-EXTERNAL
2022-06-09 19:55:00,51.935001,51.95,51.7,51.77,1641474.0,PFE.NYSE-5-MINUTE-LAST-EXTERNAL
2022-06-10 15:55:00,50.345001,50.426799,50.314998,50.419998,113094.0,PFE.NYSE-5-MINUTE-LAST-EXTERNAL
2022-06-10 19:55:00,50.18,50.215,49.95,49.990001,1686361.0,PFE.NYSE-5-MINUTE-LAST-EXTERNAL
2022-06-13 15:55:00,48.505001,48.609901,48.5,48.584999,109113.0,PFE.NYSE-5-MINUTE-LAST-EXTERNAL
2022-06-13 19:55:00,47.814998,47.970001,47.810001,47.919998,1602353.0,PFE.NYSE-5-MINUTE-LAST-EXTERNAL
2022-06-14 15:55:00,47.909999,47.93,47.869998,47.880001,145505.0,PFE.NYSE-5-MINUTE-LAST-EXTERNAL
2022-06-14 19:55:00,47.979999,48.060001,47.909999,47.970001,1619373.0,PFE.NYSE-5-MINUTE-LAST-EXTERNAL
2022-06-15 15:55:00,48.043899,48.119998,48.034999,48.115001,147368.0,PFE.NYSE-5-MINUTE-LAST-EXTERNAL
2022-06-15 19:55:00,48.514999,48.61,48.470001,48.5,1020420.0,PFE.NYSE-5-MINUTE-LAST-EXTERNAL
2022-06-16 15:55:00,47.54,47.669998,47.533401,47.669998,88138.0,PFE.NYSE-5-MINUTE-LAST-EXTERNAL
2022-06-16 19:55:00,47.419998,47.529998,47.375,47.52,1504795.0,PFE.NYSE-5-MINUTE-LAST-EXTERNAL
2022-06-17 15:55:00,46.440101,46.5,46.3903,46.419998,222080.0,PFE.NYSE-5-MINUTE-LAST-EXTERNAL
2022-06-17 19:55:00,46.580001,46.630001,46.5,46.5,2026607.0,PFE.NYSE-5-MINUTE-LAST-EXTERNAL
2022-06-21 15:55:00,47.729999,47.77,47.68,47.7,140131.0,PFE.NYSE-5-MINUTE-LAST-EXTERNAL
2022-06-21 19:55:00,48.185001,48.185001,48.055,48.115001,769049.0,PFE.NYSE-5-MINUTE-LAST-EXTERNAL
2022-06-22 15:55:00,48.786201,48.825,48.755001,48.79,171246.0,PFE.NYSE-5-MINUTE-LAST-EXTERNAL
2022-06-22 19:55:00,49.255001,49.27,49.049999,49.049999,1243756.0,PFE.NYSE-5-MINUTE-LAST-EXTERNAL
2022-06-23 15:55:00,49.415,49.485,49.384998,49.4701,136040.0,PFE.NYSE-5-MINUTE-LAST-EXTERNAL
2022-06-23 19:55:00,50.099998,50.159999,50.060001,50.080001,1092383.0,PFE.NYSE-5-MINUTE-LAST-EXTERNAL
2022-06-24 15:55:00,50.880001,50.909999,50.850498,50.9029,102200.0,PFE.NYSE-5-MINUTE-LAST-EXTERNAL
2022-06-24 19:55:00,51.61,51.639999,51.529998,51.599998,1553062.0,PFE.NYSE-5-MINUTE-LAST-EXTERNAL
2022-06-27 15:55:00,52.04,52.080001,51.944999,51.970001,132115.0,PFE.NYSE-5-MINUTE-LAST-EXTERNAL
2022-06-27 19:55:00,51.794998,51.889999,51.779998,51.889999,696317.0,PFE.NYSE-5-MINUTE-LAST-EXTERNAL
2022-06-28 15:55:00,50.86,50.86,50.75,50.779998,111192.0,PFE.NYSE-5-MINUTE-LAST-EXTERNAL
2022-06-28 19:55:00,50.744998,50.75,50.630001,50.665,798481.0,PFE.NYSE-5-MINUTE-LAST-EXTERNAL
2022-06-29 15:55:00,51.153499,51.169998,51.044998,51.069999,93600.0,PFE.NYSE-5-MINUTE-LAST-EXTERNAL
2022-06-29 19:55:00,50.895,51.0,50.875,50.939998,1180442.0,PFE.NYSE-5-MINUTE-LAST-EXTERNAL
2022-06-30 15:55:00,51.849998,51.955001,51.810001,51.939998,201055.0,PFE.NYSE-5-MINUTE-LAST-EXTERNAL
2022-06-30 19:55:00,52.27,52.52,52.2,52.5,1702409.0,PFE.NYSE-5-MINUTE-LAST-EXTERNAL
2022-07-01 15:55:00,51.534999,51.619998,51.515998,51.544998,74714.0,PFE.NYSE-5-MINUTE-LAST-EXTERNAL
2022-07-01 19:55:00,52.259998,52.365001,52.25,52.310001,1026856.0,PFE.NYSE-5-MINUTE-LAST-EXTERNAL
2022-07-05 15:55:00,50.549999,50.580001,50.400001,50.429401,220014.0,PFE.NYSE-5-MINUTE-LAST-EXTERNAL
2022-07-05 19:55:00,51.584999,51.669998,51.509998,51.669998,986935.0,PFE.NYSE-5-MINUTE-LAST-EXTERNAL
2022-07-06 15:55:00,51.86,51.970001,51.831001,51.959999,95813.0,PFE.NYSE-5-MINUTE-LAST-EXTERNAL
2022-07-06 19:55:00,52.79,52.799999,52.685001,52.759998,969533.0,PFE.NYSE-5-MINUTE-LAST-EXTERNAL
2022-07-07 15:55:00,53.005001,53.049999,52.970001,53.04,115529.0,PFE.NYSE-5-MINUTE-LAST-EXTERNAL
2022-07-07 19:55:00,53.435001,53.470001,53.380001,53.400001,1049317.0,PFE.NYSE-5-MINUTE-LAST-EXTERNAL
2022-07-08 15:55:00,53.380001,53.439998,53.36,53.384998,70869.0,PFE.NYSE-5-MINUTE-LAST-EXTERNAL
2022-07-08 19:55:00,53.25,53.279998,53.11,53.171001,646788.0,PFE.NYSE-5-MINUTE-LAST-EXTERNAL
2022-07-11 15:55:00,53.214599,53.279998,53.2,53.240001,68241.0,PFE.NYSE-5-MINUTE-LAST-EXTERNAL
2022-07-11 19:55:00,52.810001,52.889999,52.775001,52.889999,766400.0,PFE.NYSE-5-MINUTE-LAST-EXTERNAL
2022-07-12 15:55:00,52.09,52.2,52.09,52.192501,94445.0,PFE.NYSE-5-MINUTE-LAST-EXTERNAL
2022-07-12 19:55:00,52.034999,52.069999,51.979999,52.060001,803458.0,PFE.NYSE-5-MINUTE-LAST-EXTERNAL
2022-07-13 15:55:00,51.84,51.849098,51.805,51.825,40690.0,PFE.NYSE-5-MINUTE-LAST-EXTERNAL
2022-07-13 19:55:00,51.895,51.979999,51.79,51.79,815758.0,PFE.NYSE-5-MINUTE-LAST-EXTERNAL
2022-07-14 15:55:00,51.27,51.349998,51.25,51.319999,75275.0,PFE.NYSE-5-MINUTE-LAST-EXTERNAL
2022-07-14 19:55:00,51.534999,51.5484,51.34,51.400001,1180098.0,PFE.NYSE-5-MINUTE-LAST-EXTERNAL
2022-07-15 15:55:00,51.77,51.77,51.68,51.715,121071.0,PFE.NYSE-5-MINUTE-LAST-EXTERNAL
2022-07-15 19:55:00,51.61,51.77,51.61,51.740001,1130444.0,PFE.NYSE-5-MINUTE-LAST-EXTERNAL
2022-07-18 15:55:00,51.389999,51.415,51.330001,51.334999,113669.0,PFE.NYSE-5-MINUTE-LAST-EXTERNAL
2022-07-18 19:55:00,50.75,50.810001,50.689998,50.740001,761599.0,PFE.NYSE-5-MINUTE-LAST-EXTERNAL
2022-07-19 15:55:00,51.314998,51.384998,51.310001,51.375,62580.0,PFE.NYSE-5-MINUTE-LAST-EXTERNAL
2022-07-19 19:55:00,51.363899,51.409999,51.310001,51.330001,1204586.0,PFE.NYSE-5-MINUTE-LAST-EXTERNAL
2022-07-20 15:55:00,50.93,50.935001,50.893199,50.904998,70496.0,PFE.NYSE-5-MINUTE-LAST-EXTERNAL
2022-07-20 19:55:00,50.84,50.869998,50.799999,50.810001,584659.0,PFE.NYSE-5-MINUTE-LAST-EXTERNAL
2022-07-21 15:55:00,50.849998,50.86,50.779998,50.854999,76544.0,PFE.NYSE-5-MINUTE-LAST-EXTERNAL
2022-07-21 19:55:00,51.034999,51.139999,51.009998,51.139999,638403.0,PFE.NYSE-5-MINUTE-LAST-EXTERNAL
2022-07-22 15:55:00,51.479999,51.479999,51.415,51.45,46658.0,PFE.NYSE-5-MINUTE-LAST-EXTERNAL
2022-07-22 19:55:00,51.139999,51.29,51.127601,51.259998,605054.0,PFE.NYSE-5-MINUTE-LAST-EXTERNAL
2022-07-25 15:55:00,51.6501,51.6501,51.624,51.639999,40171.0,PFE.NYSE-5-MINUTE-LAST-EXTERNAL
2022-07-25 19:55:00,51.68,51.84,51.669998,51.764999,938594.0,PFE.NYSE-5-MINUTE-LAST-EXTERNAL
2022-07-26 15:55:00,52.279998,52.36,52.27,52.305,109818.0,PFE.NYSE-5-MINUTE-LAST-EXTERNAL
2022-07-26 19:55:00,52.439998,52.439998,52.27,52.299999,1059813.0,PFE.NYSE-5-MINUTE-LAST-EXTERNAL
2022-07-27 15:55:00,51.79,51.819999,51.77,51.779998,77716.0,PFE.NYSE-5-MINUTE-LAST-EXTERNAL
2022-07-27 19:55:00,52.134998,52.149501,51.900001,51.909999,1119397.0,PFE.NYSE-5-MINUTE-LAST-EXTERNAL
2022-07-28 15:55:00,51.369998,51.5,51.36,51.479999,331055.0,PFE.NYSE-5-MINUTE-LAST-EXTERNAL
2022-07-28 19:55:00,50.849998,50.849998,50.61,50.650001,2821333.0,PFE.NYSE-5-MINUTE-LAST-EXTERNAL
2022-07-29 15:55:00,50.255001,50.347301,50.229999,50.326801,105598.0,PFE.NYSE-5-MINUTE-LAST-EXTERNAL
2022-07-29 19:55:00,50.619998,50.630001,50.455001,50.529998,2280628.0,PFE.NYSE-5-MINUTE-LAST-EXTERNAL
2022-08-01 15:55:00,50.68,50.7,50.630001,50.630001,124847.0,PFE.NYSE-5-MINUTE-LAST-EXTERNAL
2022-08-01 19:55:00,50.595001,50.659999,50.529998,50.61,606045.0,PFE.NYSE-5-MINUTE-LAST-EXTERNAL
2022-08-02 15:55:00,50.729999,50.75,50.7,50.735,95961.0,PFE.NYSE-5-MINUTE-LAST-EXTERNAL
2022-08-02 19:55:00,49.724998,49.735,49.650001,49.7,920480.0,PFE.NYSE-5-MINUTE-LAST-EXTERNAL
2022-08-03 15:55:00,49.75,49.869998,49.744998,49.86,147027.0,PFE.NYSE-5-MINUTE-LAST-EXTERNAL
2022-08-03 19:55:00,49.959999,49.965,49.84,49.869998,680907.0,PFE.NYSE-5-MINUTE-LAST-EXTERNAL
2022-08-04 15:55:00,49.669998,49.740001,49.669998,49.729999,77216.0,PFE.NYSE-5-MINUTE-LAST-EXTERNAL
2022-08-04 19:55:00,49.84,49.880001,49.779998,49.869998,790180.0,PFE.NYSE-5-MINUTE-LAST-EXTERNAL
2022-08-05 15:55:00,49.595001,49.619998,49.544998,49.59,119044.0,PFE.NYSE-5-MINUTE-LAST-EXTERNAL
2022-08-05 19:55:00,49.229999,49.299999,49.185001,49.240001,769944.0,PFE.NYSE-5-MINUTE-LAST-EXTERNAL
2022-08-08 15:55:00,49.650001,49.650001,49.52,49.529998,102533.0,PFE.NYSE-5-MINUTE-LAST-EXTERNAL
2022-08-08 19:55:00,49.595001,49.619998,49.509998,49.54,965300.0,PFE.NYSE-5-MINUTE-LAST-EXTERNAL
2022-08-09 15:55:00,49.875,49.880001,49.819999,49.875,71073.0,PFE.NYSE-5-MINUTE-LAST-EXTERNAL
2022-08-09 19:55:00,49.75,49.79,49.665,49.79,500200.0,PFE.NYSE-5-MINUTE-LAST-EXTERNAL
2022-08-10 15:55:00,49.505001,49.584999,49.505001,49.564998,189533.0,PFE.NYSE-5-MINUTE-LAST-EXTERNAL
2022-08-10 19:55:00,49.895,49.979999,49.86,49.939998,1009005.0,PFE.NYSE-5-MINUTE-LAST-EXTERNAL
2022-08-11 15:55:00,48.549999,48.59,48.388801,48.400001,592370.0,PFE.NYSE-5-MINUTE-LAST-EXTERNAL
2022-08-11 19:55:00,48.284999,48.330001,48.259998,48.299999,1971845.0,PFE.NYSE-5-MINUTE-LAST-EXTERNAL
2022-08-12 15:55:00,49.794998,49.834999,49.744998,49.775001,112619.0,PFE.NYSE-5-MINUTE-LAST-EXTERNAL
2022-08-12 19:55:00,50.04,50.119998,50.02,50.099998,1259879.0,PFE.NYSE-5-MINUTE-LAST-EXTERNAL
2022-08-15 15:55:00,49.630001,49.634998,49.59,49.630001,114239.0,PFE.NYSE-5-MINUTE-LAST-EXTERNAL
2022-08-15 19:55:00,49.740001,49.759998,49.7,49.759998,752565.0,PFE.NYSE-5-MINUTE-LAST-EXTERNAL
2022-08-16 15:55:00,49.68,49.720001,49.654998,49.68,104211.0,PFE.NYSE-5-MINUTE-LAST-EXTERNAL
2022-08-16 19:55:00,49.919998,49.919998,49.834999,49.869998,544559.0,PFE.NYSE-5-MINUTE-LAST-EXTERNAL
2022-08-17 15:55:00,49.395,49.424999,49.380001,49.404998,64693.0,PFE.NYSE-5-MINUTE-LAST-EXTERNAL
2022-08-17 19:55:00,49.325,49.34,49.25,49.279998,681579.0,PFE.NYSE-5-MINUTE-LAST-EXTERNAL
2022-08-18 15:55:00,49.127498,49.134998,49.070598,49.073898,69761.0,PFE.NYSE-5-MINUTE-LAST-EXTERNAL
2022-08-18 19:55:00,48.569999,48.61,48.5,48.599998,1179987.0,PFE.NYSE-5-MINUTE-LAST-EXTERNAL
2022-08-19 15:55:00,49.075,49.099998,49.04,49.069999,74524.0,PFE.NYSE-5-MINUTE-LAST-EXTERNAL
2022-08-19 19:55:00,49.134998,49.189998,49.095001,49.159999,627628.0,PFE.NYSE-5-MINUTE-LAST-EXTERNAL
2022-08-22 15:55:00,49.001598,49.060001,48.990001,49.055,969752.0,PFE.NYSE-5-MINUTE-LAST-EXTERNAL
2022-08-22 19:55:00,48.924999,48.959999,48.819999,48.900001,964100.0,PFE.NYSE-5-MINUTE-LAST-EXTERNAL
2022-08-23 15:55:00,48.11,48.130001,48.069999,48.09,89391.0,PFE.NYSE-5-MINUTE-LAST-EXTERNAL
2022-08-23 19:55:00,48.115001,48.119998,48.005001,48.02,786756.0,PFE.NYSE-5-MINUTE-LAST-EXTERNAL
2022-08-24 15:55:00,47.974998,48.009998,47.93,47.955001,119463.0,PFE.NYSE-5-MINUTE-LAST-EXTERNAL
2022-08-24 19:55:00,47.45,47.479999,47.380001,47.470001,1150941.0,PFE.NYSE-5-MINUTE-LAST-EXTERNAL
2022-08-25 15:55:00,47.4999,47.52,47.459999,47.514999,59271.0,PFE.NYSE-5-MINUTE-LAST-EXTERNAL
2022-08-25 19:55:00,47.830001,47.95,47.8134,47.939998,751941.0,PFE.NYSE-5-MINUTE-LAST-EXTERNAL
2022-08-26 15:55:00,47.345001,47.354999,47.279998,47.29,221184.0,PFE.NYSE-5-MINUTE-LAST-EXTERNAL
2022-08-26 19:55:00,46.810001,46.970001,46.779998,46.840099,1219310.0,PFE.NYSE-5-MINUTE-LAST-EXTERNAL
2022-08-29 15:55:00,46.509998,46.529998,46.490001,46.509998,79026.0,PFE.NYSE-5-MINUTE-LAST-EXTERNAL
2022-08-29 19:55:00,46.284999,46.330001,46.229999,46.255001,598974.0,PFE.NYSE-5-MINUTE-LAST-EXTERNAL
2022-08-30 15:55:00,46.076599,46.080001,45.970001,45.9817,320847.0,PFE.NYSE-5-MINUTE-LAST-EXTERNAL
2022-08-30 19:55:00,45.880001,45.93,45.794998,45.84,1063924.0,PFE.NYSE-5-MINUTE-LAST-EXTERNAL
2022-08-31 15:55:00,45.706298,45.724998,45.68,45.689998,126787.0,PFE.NYSE-5-MINUTE-LAST-EXTERNAL
2022-08-31 19:55:00,45.299999,45.36,45.169998,45.209999,1607599.0,PFE.NYSE-5-MINUTE-LAST-EXTERNAL
2022-09-01 15:55:00,46.080001,46.145,46.060001,46.139999,127488.0,PFE.NYSE-5-MINUTE-LAST-EXTERNAL
2022-09-01 19:55:00,46.569999,46.650001,46.560001,46.630001,885251.0,PFE.NYSE-5-MINUTE-LAST-EXTERNAL
2022-09-02 15:55:00,46.582401,46.659999,46.580001,46.659999,66917.0,PFE.NYSE-5-MINUTE-LAST-EXTERNAL
2022-09-02 19:55:00,45.68,45.720001,45.59,45.709999,920781.0,PFE.NYSE-5-MINUTE-LAST-EXTERNAL
2022-09-06 15:55:00,46.127101,46.127101,46.064601,46.064998,119625.0,PFE.NYSE-5-MINUTE-LAST-EXTERNAL
2022-09-06 19:55:00,45.727401,45.819999,45.634998,45.799999,1108732.0,PFE.NYSE-5-MINUTE-LAST-EXTERNAL
2022-09-07 15:55:00,45.779998,45.799999,45.720001,45.720001,90366.0,PFE.NYSE-5-MINUTE-LAST-EXTERNAL
2022-09-07 19:55:00,46.162498,46.165,46.060001,46.150001,940363.0,PFE.NYSE-5-MINUTE-LAST-EXTERNAL
2022-09-08 15:55:00,46.794998,46.93,46.794998,46.84,297641.0,PFE.NYSE-5-MINUTE-LAST-EXTERNAL
2022-09-08 19:55:00,47.060001,47.119998,47.029998,47.080001,767377.0,PFE.NYSE-5-MINUTE-LAST-EXTERNAL
2022-09-09 15:55:00,47.77,47.845001,47.769901,47.8343,82750.0,PFE.NYSE-5-MINUTE-LAST-EXTERNAL
2022-09-09 19:55:00,47.93,47.939998,47.84,47.849998,974167.0,PFE.NYSE-5-MINUTE-LAST-EXTERNAL
2022-09-12 15:55:00,48.119998,48.165,48.04,48.143299,116871.0,PFE.NYSE-5-MINUTE-LAST-EXTERNAL
2022-09-12 19:55:00,47.755001,47.810001,47.689998,47.794998,1195627.0,PFE.NYSE-5-MINUTE-LAST-EXTERNAL
2022-09-13 15:55:00,46.719898,46.720001,46.59,46.619998,306134.0,PFE.NYSE-5-MINUTE-LAST-EXTERNAL
2022-09-13 19:55:00,46.224998,46.275001,46.131401,46.18,1064235.0,PFE.NYSE-5-MINUTE-LAST-EXTERNAL
2022-09-14 15:55:00,46.0,46.029998,45.974998,46.0,119388.0,PFE.NYSE-5-MINUTE-LAST-EXTERNAL
2022-09-14 19:55:00,46.220001,46.224998,46.09,46.165,972382.0,PFE.NYSE-5-MINUTE-LAST-EXTERNAL
2022-09-15 15:55:00,45.869998,45.900001,45.849998,45.889999,116216.0,PFE.NYSE-5-MINUTE-LAST-EXTERNAL
2022-09-15 19:55:00,45.939998,46.0,45.919998,45.939998,790380.0,PFE.NYSE-5-MINUTE-LAST-EXTERNAL
2022-09-16 15:55:00,45.799999,45.819999,45.759998,45.7984,87414.0,PFE.NYSE-5-MINUTE-LAST-EXTERNAL
2022-09-16 19:55:00,46.049999,46.134998,46.029998,46.029998,1563989.0,PFE.NYSE-5-MINUTE-LAST-EXTERNAL
2022-09-19 15:55:00,45.169998,45.189899,45.1319,45.165,83093.0,PFE.NYSE-5-MINUTE-LAST-EXTERNAL
2022-09-19 19:55:00,45.435001,45.459999,45.36,45.459999,636606.0,PFE.NYSE-5-MINUTE-LAST-EXTERNAL
2022-09-20 15:55:00,44.932399,44.955001,44.919998,44.939998,83958.0,PFE.NYSE-5-MINUTE-LAST-EXTERNAL
2022-09-20 19:55:00,44.805,44.805,44.709999,44.79,694574.0,PFE.NYSE-5-MINUTE-LAST-EXTERNAL
2022-09-21 15:55:00,44.7,44.7,44.6524,44.667301,36573.0,PFE.NYSE-5-MINUTE-LAST-EXTERNAL
2022-09-21 19:55:00,44.064998,44.064998,43.900001,43.900001,947253.0,PFE.NYSE-5-MINUTE-LAST-EXTERNAL
2022-09-22 15:55:00,44.755001,44.799999,44.709999,44.75,142814.0,PFE.NYSE-5-MINUTE-LAST-EXTERNAL
2022-09-22 19:55:00,44.7,44.709999,44.560001,44.569999,1024716.0,PFE.NYSE-5-MINUTE-LAST-EXTERNAL
2022-09-23 15:55:00,43.825,43.884998,43.814998,43.86,142761.0,PFE.NYSE-5-MINUTE-LAST-EXTERNAL
2022-09-23 19:55:00,44.055,44.130001,43.959999,44.099998,1141874.0,PFE.NYSE-5-MINUTE-LAST-EXTERNAL
2022-09-26 15:55:00,44.080001,44.130001,44.060001,44.115001,130387.0,PFE.NYSE-5-MINUTE-LAST-EXTERNAL
2022-09-26 19:55:00,44.09,44.097499,43.810001,43.86,1527459.0,PFE.NYSE-5-MINUTE-LAST-EXTERNAL
2022-09-27 15:55:00,43.994998,44.014999,43.95,43.955001,109637.0,PFE.NYSE-5-MINUTE-LAST-EXTERNAL
2022-09-27 19:55:00,44.159999,44.2,44.009998,44.150001,1520423.0,PFE.NYSE-5-MINUTE-LAST-EXTERNAL
2022-09-28 15:55:00,44.54,44.580001,44.485,44.5,235332.0,PFE.NYSE-5-MINUTE-LAST-EXTERNAL
2022-09-28 19:55:00,44.514999,44.54,44.389999,44.389999,811758.0,PFE.NYSE-5-MINUTE-LAST-EXTERNAL
2022-09-29 15:55:00,44.220001,44.240001,44.169998,44.169998,107916.0,PFE.NYSE-5-MINUTE-LAST-EXTERNAL
2022-09-29 19:55:00,44.169998,44.220001,44.130001,44.189998,773513.0,PFE.NYSE-5-MINUTE-LAST-EXTERNAL
2022-09-30 15:55:00,44.310001,44.362499,44.310001,44.349998,117058.0,PFE.NYSE-5-MINUTE-LAST-EXTERNAL
2022-09-30 19:55:00,43.965,43.974998,43.729999,43.849998,2623126.0,PFE.NYSE-5-MINUTE-LAST-EXTERNAL
2022-10-03 15:55:00,43.965,43.979999,43.900001,43.904998,180549.0,PFE.NYSE-5-MINUTE-LAST-EXTERNAL
2022-10-03 19:55:00,44.220001,44.220001,44.11,44.130001,1093867.0,PFE.NYSE-5-MINUTE-LAST-EXTERNAL
2022-10-04 15:55:00,44.36,44.369998,44.29,44.329898,256973.0,PFE.NYSE-5-MINUTE-LAST-EXTERNAL
2022-10-04 19:55:00,44.424999,44.470001,44.380001,44.470001,975093.0,PFE.NYSE-5-MINUTE-LAST-EXTERNAL
2022-10-05 15:55:00,43.755001,43.79,43.709999,43.735,81993.0,PFE.NYSE-5-MINUTE-LAST-EXTERNAL
2022-10-05 19:55:00,44.025001,44.125,44.02,44.119998,1208035.0,PFE.NYSE-5-MINUTE-LAST-EXTERNAL
2022-10-06 15:55:00,43.459999,43.505001,43.325,43.365001,195334.0,PFE.NYSE-5-MINUTE-LAST-EXTERNAL
2022-10-06 19:55:00,43.18,43.220001,43.060001,43.09,1290074.0,PFE.NYSE-5-MINUTE-LAST-EXTERNAL
2022-10-07 15:55:00,42.448001,42.494998,42.389999,42.439998,168852.0,PFE.NYSE-5-MINUTE-LAST-EXTERNAL
2022-10-07 19:55:00,42.240001,42.380001,42.209999,42.354999,2033754.0,PFE.NYSE-5-MINUTE-LAST-EXTERNAL
2022-10-10 15:55:00,42.069999,42.119998,42.009998,42.02,142144.0,PFE.NYSE-5-MINUTE-LAST-EXTERNAL
2022-10-10 19:55:00,41.86,41.86,41.759998,41.77,1011464.0,PFE.NYSE-5-MINUTE-LAST-EXTERNAL
2022-10-11 15:55:00,42.104999,42.2,42.099998,42.169998,211427.0,PFE.NYSE-5-MINUTE-LAST-EXTERNAL
2022-10-11 19:55:00,41.955001,41.979999,41.869998,41.915,915681.0,PFE.NYSE-5-MINUTE-LAST-EXTERNAL
2022-10-12 15:55:00,42.439998,42.474998,42.422,42.439998,115201.0,PFE.NYSE-5-MINUTE-LAST-EXTERNAL
2022-10-12 19:55:00,42.126998,42.130001,42.02,42.029998,921024.0,PFE.NYSE-5-MINUTE-LAST-EXTERNAL
2022-10-13 15:55:00,42.889999,42.970001,42.849998,42.965,142768.0,PFE.NYSE-5-MINUTE-LAST-EXTERNAL
2022-10-13 19:55:00,43.02,43.02,42.93,42.959999,1069331.0,PFE.NYSE-5-MINUTE-LAST-EXTERNAL
2022-10-14 15:55:00,42.424999,42.479999,42.409999,42.439998,75828.0,PFE.NYSE-5-MINUTE-LAST-EXTERNAL
2022-10-14 19:55:00,42.919998,42.939998,42.830001,42.924999,1201016.0,PFE.NYSE-5-MINUTE-LAST-EXTERNAL
2022-10-17 15:55:00,43.689998,43.7,43.659999,43.665,95504.0,PFE.NYSE-5-MINUTE-LAST-EXTERNAL
2022-10-17 19:55:00,43.694999,43.7,43.61,43.659999,813515.0,PFE.NYSE-5-MINUTE-LAST-EXTERNAL
2022-10-18 15:55:00,43.75,43.759998,43.7131,43.757598,97944.0,PFE.NYSE-5-MINUTE-LAST-EXTERNAL
2022-10-18 19:55:00,44.056999,44.11,44.009998,44.11,914546.0,PFE.NYSE-5-MINUTE-LAST-EXTERNAL
2022-10-19 15:55:00,43.165,43.18,43.095001,43.104999,205638.0,PFE.NYSE-5-MINUTE-LAST-EXTERNAL
2022-10-19 19:55:00,43.104999,43.145,43.080001,43.119998,1359161.0,PFE.NYSE-5-MINUTE-LAST-EXTERNAL
2022-10-20 15:55:00,43.36,43.36,43.27,43.27,110715.0,PFE.NYSE-5-MINUTE-LAST-EXTERNAL
2022-10-20 19:55:00,42.939998,42.959999,42.869998,42.889999,701993.0,PFE.NYSE-5-MINUTE-LAST-EXTERNAL
2022-10-21 15:55:00,44.705001,44.845001,44.7,44.84,322770.0,PFE.NYSE-5-MINUTE-LAST-EXTERNAL
2022-10-21 19:55:00,44.955001,44.990001,44.900001,44.979999,1386034.0,PFE.NYSE-5-MINUTE-LAST-EXTERNAL
2022-10-24 15:55:00,45.849998,45.869998,45.784999,45.834999,135149.0,PFE.NYSE-5-MINUTE-LAST-EXTERNAL
2022-10-24 19:55:00,45.494998,45.580001,45.459999,45.54,1281598.0,PFE.NYSE-5-MINUTE-LAST-EXTERNAL
2022-10-25 15:55:00,45.470001,45.485,45.400001,45.416,112503.0,PFE.NYSE-5-MINUTE-LAST-EXTERNAL
2022-10-25 19:55:00,45.549999,45.639999,45.5,45.619998,1598493.0,PFE.NYSE-5-MINUTE-LAST-EXTERNAL
2022-10-26 15:55:00,46.505001,46.569999,46.5,46.564998,138114.0,PFE.NYSE-5-MINUTE-LAST-EXTERNAL
2022-10-26 19:55:00,46.165,46.169998,46.029998,46.060001,935874.0,PFE.NYSE-5-MINUTE-LAST-EXTERNAL
2022-10-27 15:55:00,45.909999,45.915,45.84,45.889999,63286.0,PFE.NYSE-5-MINUTE-LAST-EXTERNAL
2022-10-27 19:55:00,45.825,45.84,45.689998,45.77,2566514.0,PFE.NYSE-5-MINUTE-LAST-EXTERNAL
2022-10-28 15:55:00,47.299999,47.349998,47.275001,47.284999,253549.0,PFE.NYSE-5-MINUTE-LAST-EXTERNAL
2022-10-28 19:55:00,47.479999,47.509998,47.419998,47.478401,1172222.0,PFE.NYSE-5-MINUTE-LAST-EXTERNAL
2022-10-31 15:55:00,47.169998,47.220001,47.034999,47.099998,187606.0,PFE.NYSE-5-MINUTE-LAST-EXTERNAL
2022-10-31 19:55:00,46.564998,46.650001,46.549999,46.59,1834366.0,PFE.NYSE-5-MINUTE-LAST-EXTERNAL
2022-11-01 15:55:00,47.77,47.79,47.639999,47.645,312539.0,PFE.NYSE-5-MINUTE-LAST-EXTERNAL
2022-11-01 19:55:00,48.069999,48.080001,48.0,48.0,1283008.0,PFE.NYSE-5-MINUTE-LAST-EXTERNAL
2022-11-02 15:55:00,47.34,47.345001,47.25,47.256999,127059.0,PFE.NYSE-5-MINUTE-LAST-EXTERNAL
2022-11-02 19:55:00,47.0,47.099998,46.970001,47.060001,1642433.0,PFE.NYSE-5-MINUTE-LAST-EXTERNAL
2022-11-03 15:55:00,46.365001,46.409999,46.345001,46.404998,152356.0,PFE.NYSE-5-MINUTE-LAST-EXTERNAL
2022-11-03 19:55:00,46.549999,46.639999,46.544998,46.549999,1220814.0,PFE.NYSE-5-MINUTE-LAST-EXTERNAL
2022-11-04 15:55:00,46.84,46.880001,46.799999,46.830001,160248.0,PFE.NYSE-5-MINUTE-LAST-EXTERNAL
2022-11-04 19:55:00,47.119998,47.29,47.119998,47.25,896157.0,PFE.NYSE-5-MINUTE-LAST-EXTERNAL
2022-11-07 15:55:00,47.29,47.3399,47.279998,47.305,116211.0,PFE.NYSE-5-MINUTE-LAST-EXTERNAL
2022-11-07 19:55:00,47.125,47.165,47.099998,47.115001,111368.0,PFE.NYSE-5-MINUTE-LAST-EXTERNAL
2022-11-07 21:00:00,47.09,47.09,47.09,47.09,1503849.0,PFE.NYSE-5-MINUTE-LAST-EXTERNAL
2022-11-08 15:55:00,47.279998,47.380001,47.276298,47.369998,76207.0,PFE.NYSE-5-MINUTE-LAST-EXTERNAL
2022-11-08 19:55:00,47.369998,47.415,47.343601,47.369998,181465.0,PFE.NYSE-5-MINUTE-LAST-EXTERNAL
2022-11-08 21:00:00,47.349998,47.349998,47.349998,47.349998,869014.0,PFE.NYSE-5-MINUTE-LAST-EXTERNAL
2022-11-09 15:55:00,47.279998,47.29,47.215,47.25,117237.0,PFE.NYSE-5-MINUTE-LAST-EXTERNAL
2022-11-09 19:55:00,46.971298,46.974998,46.924999,46.965,138615.0,PFE.NYSE-5-MINUTE-LAST-EXTERNAL
2022-11-09 21:00:00,46.720001,46.720001,46.720001,46.720001,916456.0,PFE.NYSE-5-MINUTE-LAST-EXTERNAL
2022-11-10 15:55:00,47.1898,47.241901,47.080001,47.241901,254200.0,PFE.NYSE-5-MINUTE-LAST-EXTERNAL
2022-11-10 19:55:00,47.345001,47.404998,47.334999,47.371799,144602.0,PFE.NYSE-5-MINUTE-LAST-EXTERNAL
2022-11-10 21:00:00,47.380001,47.380001,47.380001,47.380001,1037123.0,PFE.NYSE-5-MINUTE-LAST-EXTERNAL
2022-11-11 15:55:00,46.459999,46.465,46.310001,46.425399,282430.0,PFE.NYSE-5-MINUTE-LAST-EXTERNAL
2022-11-11 19:55:00,47.5,47.529998,47.479999,47.505001,124633.0,PFE.NYSE-5-MINUTE-LAST-EXTERNAL
2022-11-11 21:00:00,47.599998,47.599998,47.599998,47.599998,1004334.0,PFE.NYSE-5-MINUTE-LAST-EXTERNAL
2022-11-14 15:55:00,49.159,49.25,49.130001,49.18,193442.0,PFE.NYSE-5-MINUTE-LAST-EXTERNAL
2022-11-14 19:55:00,49.77,49.779998,49.7,49.709999,233867.0,PFE.NYSE-5-MINUTE-LAST-EXTERNAL
2022-11-14 21:00:00,49.240001,49.240001,49.240001,49.240001,2028915.0,PFE.NYSE-5-MINUTE-LAST-EXTERNAL
2022-11-15 15:55:00,49.380001,49.43,49.25,49.27,215742.0,PFE.NYSE-5-MINUTE-LAST-EXTERNAL
2022-11-15 19:55:00,48.424999,48.61,48.409999,48.509998,499399.0,PFE.NYSE-5-MINUTE-LAST-EXTERNAL
2022-11-15 21:00:00,48.569999,48.569999,48.569999,48.569999,1164265.0,PFE.NYSE-5-MINUTE-LAST-EXTERNAL
2022-11-16 15:55:00,48.744998,48.75,48.700099,48.724998,93548.0,PFE.NYSE-5-MINUTE-LAST-EXTERNAL
2022-11-16 19:55:00,48.244998,48.259998,48.189998,48.235,133794.0,PFE.NYSE-5-MINUTE-LAST-EXTERNAL
2022-11-16 21:00:00,48.049999,48.049999,48.049999,48.049999,1465668.0,PFE.NYSE-5-MINUTE-LAST-EXTERNAL
2022-11-17 15:55:00,47.764999,47.810001,47.744998,47.79,116409.0,PFE.NYSE-5-MINUTE-LAST-EXTERNAL
2022-11-17 19:55:00,48.439998,48.444999,48.404998,48.415,71296.0,PFE.NYSE-5-MINUTE-LAST-EXTERNAL
2022-11-17 21:00:00,48.330001,48.330001,48.330001,48.330001,1484684.0,PFE.NYSE-5-MINUTE-LAST-EXTERNAL
2022-11-18 15:55:00,48.314998,48.319999,48.229999,48.240001,93341.0,PFE.NYSE-5-MINUTE-LAST-EXTERNAL
2022-11-18 19:55:00,47.985,48.0,47.965,47.990001,135649.0,PFE.NYSE-5-MINUTE-LAST-EXTERNAL
2022-11-18 21:00:00,48.229999,48.229999,48.229999,48.229999,1456331.0,PFE.NYSE-5-MINUTE-LAST-EXTERNAL
2022-11-21 15:55:00,48.0,48.029998,47.985,48.009998,101475.0,PFE.NYSE-5-MINUTE-LAST-EXTERNAL
2022-11-21 19:55:00,48.099998,48.119998,48.080001,48.11,71713.0,PFE.NYSE-5-MINUTE-LAST-EXTERNAL
2022-11-21 21:00:00,48.18,48.18,48.18,48.18,796424.0,PFE.NYSE-5-MINUTE-LAST-EXTERNAL
2022-11-22 15:55:00,49.131,49.159999,49.070701,49.148399,189286.0,PFE.NYSE-5-MINUTE-LAST-EXTERNAL
2022-11-22 19:55:00,49.005001,49.02,48.979999,48.985,101838.0,PFE.NYSE-5-MINUTE-LAST-EXTERNAL
2022-11-22 21:00:00,49.080001,49.080001,49.080001,49.080001,1249973.0,PFE.NYSE-5-MINUTE-LAST-EXTERNAL
2022-11-23 15:55:00,48.735,48.77,48.729999,48.764999,75876.0,PFE.NYSE-5-MINUTE-LAST-EXTERNAL
2022-11-23 19:55:00,48.814998,48.86,48.810001,48.849998,49658.0,PFE.NYSE-5-MINUTE-LAST-EXTERNAL
2022-11-23 21:00:00,48.849998,48.849998,48.849998,48.849998,520415.0,PFE.NYSE-5-MINUTE-LAST-EXTERNAL
2022-11-25 15:55:00,48.910999,48.910999,48.851398,48.854999,64832.0,PFE.NYSE-5-MINUTE-LAST-EXTERNAL
2022-11-25 18:00:00,49.229999,49.229999,49.209999,49.209999,38515.0,PFE.NYSE-5-MINUTE-LAST-EXTERNAL
2022-11-28 15:55:00,49.264999,49.27,49.150001,49.1566,145613.0,PFE.NYSE-5-MINUTE-LAST-EXTERNAL
2022-11-28 19:55:00,49.354801,49.380001,49.34,49.354999,127460.0,PFE.NYSE-5-MINUTE-LAST-EXTERNAL
2022-11-28 21:00:00,49.569999,49.569999,49.569999,49.569999,1304447.0,PFE.NYSE-5-MINUTE-LAST-EXTERNAL
2022-11-29 15:55:00,49.400001,49.419998,49.36,49.380001,84275.0,PFE.NYSE-5-MINUTE-LAST-EXTERNAL
2022-11-29 19:55:00,49.404998,49.439998,49.395,49.4304,75604.0,PFE.NYSE-5-MINUTE-LAST-EXTERNAL
2022-11-29 21:00:00,49.490001,49.490001,49.490001,49.490001,1387065.0,PFE.NYSE-5-MINUTE-LAST-EXTERNAL
2022-11-30 15:55:00,49.284999,49.3483,49.279998,49.299999,86256.0,PFE.NYSE-5-MINUTE-LAST-EXTERNAL
2022-11-30 19:55:00,49.61,49.639999,49.560001,49.61,151741.0,PFE.NYSE-5-MINUTE-LAST-EXTERNAL
2022-11-30 21:00:00,50.130001,50.130001,50.130001,50.130001,2451697.0,PFE.NYSE-5-MINUTE-LAST-EXTERNAL
2022-12-01 15:55:00,50.724998,50.799999,50.689998,50.77,160002.0,PFE.NYSE-5-MINUTE-LAST-EXTERNAL
2022-12-01 19:55:00,51.02,51.029899,50.95,50.965,122512.0,PFE.NYSE-5-MINUTE-LAST-EXTERNAL
2022-12-01 21:00:00,51.080001,51.080001,51.080001,51.080001,1935821.0,PFE.NYSE-5-MINUTE-LAST-EXTERNAL
2022-12-02 15:55:00,51.255001,51.27,51.189998,51.2,186491.0,PFE.NYSE-5-MINUTE-LAST-EXTERNAL
2022-12-02 19:55:00,50.84,50.909999,50.834999,50.900001,301722.0,PFE.NYSE-5-MINUTE-LAST-EXTERNAL
2022-12-02 21:00:00,50.909999,50.909999,50.909999,50.909999,1156549.0,PFE.NYSE-5-MINUTE-LAST-EXTERNAL
2022-12-05 15:55:00,50.669998,50.705001,50.653499,50.6781,79973.0,PFE.NYSE-5-MINUTE-LAST-EXTERNAL
2022-12-05 19:55:00,50.678001,50.775001,50.665,50.75,149041.0,PFE.NYSE-5-MINUTE-LAST-EXTERNAL
2022-12-05 21:00:00,50.729999,50.729999,50.729999,50.729999,907624.0,PFE.NYSE-5-MINUTE-LAST-EXTERNAL
2022-12-06 15:55:00,50.11,50.115001,50.069999,50.09,133054.0,PFE.NYSE-5-MINUTE-LAST-EXTERNAL
2022-12-06 19:55:00,49.639999,49.674999,49.595001,49.639999,136535.0,PFE.NYSE-5-MINUTE-LAST-EXTERNAL
2022-12-06 21:00:00,49.709999,49.709999,49.709999,49.709999,1517002.0,PFE.NYSE-5-MINUTE-LAST-EXTERNAL
2022-12-07 15:55:00,50.580001,50.650001,50.534999,50.548099,95898.0,PFE.NYSE-5-MINUTE-LAST-EXTERNAL
2022-12-07 19:55:00,50.369998,50.369998,50.330001,50.3693,97175.0,PFE.NYSE-5-MINUTE-LAST-EXTERNAL
2022-12-07 21:00:00,50.240001,50.240001,50.240001,50.240001,1002382.0,PFE.NYSE-5-MINUTE-LAST-EXTERNAL
2022-12-08 15:55:00,50.79,50.845001,50.775001,50.775001,118392.0,PFE.NYSE-5-MINUTE-LAST-EXTERNAL
2022-12-08 19:55:00,51.59,51.61,51.52,51.54,109778.0,PFE.NYSE-5-MINUTE-LAST-EXTERNAL
2022-12-08 21:00:00,51.779998,51.779998,51.779998,51.779998,1593428.0,PFE.NYSE-5-MINUTE-LAST-EXTERNAL
2022-12-09 15:55:00,51.830001,51.900001,51.810001,51.884998,118265.0,PFE.NYSE-5-MINUTE-LAST-EXTERNAL
2022-12-09 19:55:00,51.965,51.979999,51.939998,51.965,167379.0,PFE.NYSE-5-MINUTE-LAST-EXTERNAL
2022-12-09 21:00:00,51.720001,51.720001,51.720001,51.720001,1367457.0,PFE.NYSE-5-MINUTE-LAST-EXTERNAL
2022-12-12 15:55:00,52.125,52.2,52.115001,52.185001,127292.0,PFE.NYSE-5-MINUTE-LAST-EXTERNAL
2022-12-12 19:55:00,52.259601,52.299999,52.229999,52.229999,142529.0,PFE.NYSE-5-MINUTE-LAST-EXTERNAL
2022-12-12 21:00:00,52.159999,52.159999,52.159999,52.159999,1355146.0,PFE.NYSE-5-MINUTE-LAST-EXTERNAL
2022-12-13 15:55:00,53.490001,53.505001,53.380001,53.4342,264059.0,PFE.NYSE-5-MINUTE-LAST-EXTERNAL
2022-12-13 19:55:00,53.409999,53.45,53.365001,53.365001,228627.0,PFE.NYSE-5-MINUTE-LAST-EXTERNAL
2022-12-13 21:00:00,53.069999,53.069999,53.069999,53.069999,1610705.0,PFE.NYSE-5-MINUTE-LAST-EXTERNAL
2022-12-14 15:55:00,54.36,54.43,54.303199,54.418701,286916.0,PFE.NYSE-5-MINUTE-LAST-EXTERNAL
2022-12-14 19:55:00,54.220001,54.380001,54.18,54.369998,218896.0,PFE.NYSE-5-MINUTE-LAST-EXTERNAL
2022-12-14 21:00:00,54.479999,54.479999,54.479999,54.479999,1419154.0,PFE.NYSE-5-MINUTE-LAST-EXTERNAL
2022-12-15 15:55:00,53.531101,53.544998,53.400001,53.479999,193537.0,PFE.NYSE-5-MINUTE-LAST-EXTERNAL
2022-12-15 19:55:00,53.845001,53.924999,53.830001,53.915,134510.0,PFE.NYSE-5-MINUTE-LAST-EXTERNAL
2022-12-15 21:00:00,53.61,53.61,53.61,53.61,1422042.0,PFE.NYSE-5-MINUTE-LAST-EXTERNAL
2022-12-16 15:55:00,51.959999,52.029998,51.95,51.979999,406912.0,PFE.NYSE-5-MINUTE-LAST-EXTERNAL
2022-12-16 19:55:00,51.900001,52.009998,51.900001,51.904998,288881.0,PFE.NYSE-5-MINUTE-LAST-EXTERNAL
2022-12-16 21:00:00,51.400001,51.400001,51.400001,51.400001,2451073.0,PFE.NYSE-5-MINUTE-LAST-EXTERNAL
2022-12-19 15:55:00,51.139999,51.25,51.119998,51.235,185381.0,PFE.NYSE-5-MINUTE-LAST-EXTERNAL
2022-12-19 19:55:00,50.869998,50.959999,50.869998,50.955001,73238.0,PFE.NYSE-5-MINUTE-LAST-EXTERNAL
2022-12-19 21:00:00,51.36,51.36,51.36,51.36,898839.0,PFE.NYSE-5-MINUTE-LAST-EXTERNAL
2022-12-20 15:55:00,51.25,51.319999,51.235,51.259998,100477.0,PFE.NYSE-5-MINUTE-LAST-EXTERNAL
2022-12-20 19:55:00,51.36,51.389999,51.349998,51.349998,107003.0,PFE.NYSE-5-MINUTE-LAST-EXTERNAL
2022-12-20 21:00:00,51.319999,51.319999,51.319999,51.319999,642247.0,PFE.NYSE-5-MINUTE-LAST-EXTERNAL
2022-12-21 15:55:00,51.935001,51.994998,51.93,51.994998,106605.0,PFE.NYSE-5-MINUTE-LAST-EXTERNAL
2022-12-21 19:55:00,51.575901,51.615001,51.564998,51.595001,80555.0,PFE.NYSE-5-MINUTE-LAST-EXTERNAL
2022-12-21 21:00:00,51.659999,51.659999,51.659999,51.659999,833749.0,PFE.NYSE-5-MINUTE-LAST-EXTERNAL
2022-12-22 15:55:00,51.209999,51.229999,51.170101,51.229999,94128.0,PFE.NYSE-5-MINUTE-LAST-EXTERNAL
2022-12-22 19:55:00,51.168098,51.235,51.165,51.229999,175367.0,PFE.NYSE-5-MINUTE-LAST-EXTERNAL
2022-12-22 21:00:00,51.639999,51.639999,51.639999,51.639999,1059800.0,PFE.NYSE-5-MINUTE-LAST-EXTERNAL
2022-12-23 15:55:00,51.720001,51.744998,51.659999,51.669998,69738.0,PFE.NYSE-5-MINUTE-LAST-EXTERNAL
2022-12-23 19:55:00,51.689998,51.715,51.68,51.709999,50950.0,PFE.NYSE-5-MINUTE-LAST-EXTERNAL
2022-12-23 21:00:00,51.830001,51.830001,51.830001,51.830001,452421.0,PFE.NYSE-5-MINUTE-LAST-EXTERNAL
2022-12-27 15:55:00,51.385898,51.415,51.369998,51.375,82217.0,PFE.NYSE-5-MINUTE-LAST-EXTERNAL
2022-12-27 19:55:00,51.134998,51.165,51.11,51.150001,131155.0,PFE.NYSE-5-MINUTE-LAST-EXTERNAL
2022-12-27 21:00:00,51.130001,51.130001,51.130001,51.130001,678739.0,PFE.NYSE-5-MINUTE-LAST-EXTERNAL
2022-12-28 15:55:00,51.099998,51.119998,51.0,51.029998,93628.0,PFE.NYSE-5-MINUTE-LAST-EXTERNAL
2022-12-28 19:55:00,51.009998,51.02,50.990001,51.0,48741.0,PFE.NYSE-5-MINUTE-LAST-EXTERNAL
2022-12-28 21:00:00,50.799999,50.799999,50.799999,50.799999,760982.0,PFE.NYSE-5-MINUTE-LAST-EXTERNAL
2022-12-29 15:55:00,51.43,51.529998,51.424999,51.529998,121758.0,PFE.NYSE-5-MINUTE-LAST-EXTERNAL
2022-12-29 19:55:00,51.474998,51.479999,51.45,51.478,49969.0,PFE.NYSE-5-MINUTE-LAST-EXTERNAL
2022-12-29 21:00:00,51.330001,51.330001,51.330001,51.330001,554733.0,PFE.NYSE-5-MINUTE-LAST-EXTERNAL
2022-12-30 15:55:00,50.884998,50.895,50.810001,50.84,80584.0,PFE.NYSE-5-MINUTE-LAST-EXTERNAL
2022-12-30 19:55:00,50.819999,50.84,50.79,50.84,54781.0,PFE.NYSE-5-MINUTE-LAST-EXTERNAL
2022-12-30 21:00:00,51.240001,51.240001,51.240001,51.240001,1011022.0,PFE.NYSE-5-MINUTE-LAST-EXTERNAL
2023-01-03 15:55:00,51.0186,51.133499,51.009998,51.09,160900.0,PFE.NYSE-5-MINUTE-LAST-EXTERNAL
2023-01-03 19:55:00,51.165,51.209999,51.119998,51.159999,99704.0,PFE.NYSE-5-MINUTE-LAST-EXTERNAL
2023-01-03 21:00:00,51.259998,51.259998,51.259998,51.259998,816222.0,PFE.NYSE-5-MINUTE-LAST-EXTERNAL
2023-01-04 15:55:00,50.139999,50.235,50.119998,50.222301,147407.0,PFE.NYSE-5-MINUTE-LAST-EXTERNAL
2023-01-04 19:55:00,49.935001,50.029998,49.93,50.014999,209846.0,PFE.NYSE-5-MINUTE-LAST-EXTERNAL
2023-01-04 21:00:00,50.130001,50.130001,50.130001,50.130001,1051502.0,PFE.NYSE-5-MINUTE-LAST-EXTERNAL
2023-01-05 15:55:00,49.275001,49.34,49.159999,49.18,171146.0,PFE.NYSE-5-MINUTE-LAST-EXTERNAL
2023-01-05 19:55:00,49.916301,49.93,49.834999,49.8484,95903.0,PFE.NYSE-5-MINUTE-LAST-EXTERNAL
2023-01-05 21:00:00,49.659999,49.659999,49.659999,49.659999,1012835.0,PFE.NYSE-5-MINUTE-LAST-EXTERNAL
2023-01-06 15:55:00,49.810001,49.854999,49.764999,49.805,136840.0,PFE.NYSE-5-MINUTE-LAST-EXTERNAL
2023-01-06 19:55:00,50.93,50.959999,50.919998,50.924999,113834.0,PFE.NYSE-5-MINUTE-LAST-EXTERNAL
2023-01-06 21:00:00,50.919998,50.919998,50.919998,50.919998,1456022.0,PFE.NYSE-5-MINUTE-LAST-EXTERNAL
2023-01-09 15:55:00,49.61,49.639999,49.509998,49.527301,282828.0,PFE.NYSE-5-MINUTE-LAST-EXTERNAL
2023-01-09 19:55:00,48.599998,48.599998,48.509998,48.528301,262503.0,PFE.NYSE-5-MINUTE-LAST-EXTERNAL
2023-01-09 21:00:00,48.389999,48.389999,48.389999,48.389999,1475278.0,PFE.NYSE-5-MINUTE-LAST-EXTERNAL
2023-01-10 15:55:00,48.060001,48.139999,48.025001,48.080101,180601.0,PFE.NYSE-5-MINUTE-LAST-EXTERNAL
2023-01-10 19:55:00,47.505001,47.509998,47.444999,47.459999,230988.0,PFE.NYSE-5-MINUTE-LAST-EXTERNAL
2023-01-10 21:00:00,47.619998,47.619998,47.619998,47.619998,1607109.0,PFE.NYSE-5-MINUTE-LAST-EXTERNAL
2023-01-11 15:55:00,47.139999,47.150001,47.080001,47.1133,149963.0,PFE.NYSE-5-MINUTE-LAST-EXTERNAL
2023-01-11 19:55:00,47.284999,47.29,47.27,47.2751,159242.0,PFE.NYSE-5-MINUTE-LAST-EXTERNAL
2023-01-11 21:00:00,47.45,47.45,47.45,47.45,2227240.0,PFE.NYSE-5-MINUTE-LAST-EXTERNAL
2023-01-12 15:55:00,46.959999,47.060001,46.958698,46.970001,493688.0,PFE.NYSE-5-MINUTE-LAST-EXTERNAL
2023-01-12 19:55:00,47.475799,47.490001,47.419998,47.485599,113473.0,PFE.NYSE-5-MINUTE-LAST-EXTERNAL
2023-01-12 21:00:00,47.709999,47.709999,47.709999,47.709999,1519023.0,PFE.NYSE-5-MINUTE-LAST-EXTERNAL
2023-01-13 15:55:00,47.889999,47.93,47.884998,47.93,132278.0,PFE.NYSE-5-MINUTE-LAST-EXTERNAL
2023-01-13 19:55:00,47.976501,47.979999,47.932201,47.959899,94191.0,PFE.NYSE-5-MINUTE-LAST-EXTERNAL
2023-01-13 21:00:00,47.849998,47.849998,47.849998,47.849998,866111.0,PFE.NYSE-5-MINUTE-LAST-EXTERNAL
2023-01-17 15:55:00,46.3768,46.389999,46.305,46.305,204344.0,PFE.NYSE-5-MINUTE-LAST-EXTERNAL
2023-01-17 19:55:00,46.255001,46.259998,46.215,46.224998,121990.0,PFE.NYSE-5-MINUTE-LAST-EXTERNAL
2023-01-17 21:00:00,46.080001,46.080001,46.080001,46.080001,1790649.0,PFE.NYSE-5-MINUTE-LAST-EXTERNAL
2023-01-18 15:55:00,45.2,45.240001,45.159999,45.235,456981.0,PFE.NYSE-5-MINUTE-LAST-EXTERNAL
2023-01-18 19:55:00,45.025001,45.029998,45.009998,45.014999,236288.0,PFE.NYSE-5-MINUTE-LAST-EXTERNAL
2023-01-18 21:00:00,45.0,45.0,45.0,45.0,2269211.0,PFE.NYSE-5-MINUTE-LAST-EXTERNAL
2023-01-19 15:55:00,44.959999,45.0,44.95,44.958801,141442.0,PFE.NYSE-5-MINUTE-LAST-EXTERNAL
2023-01-19 19:55:00,45.145,45.194999,45.139999,45.174999,187557.0,PFE.NYSE-5-MINUTE-LAST-EXTERNAL
2023-01-19 21:00:00,44.959999,44.959999,44.959999,44.959999,1522850.0,PFE.NYSE-5-MINUTE-LAST-EXTERNAL
2023-01-20 15:55:00,44.909999,44.959999,44.889999,44.913299,172583.0,PFE.NYSE-5-MINUTE-LAST-EXTERNAL
2023-01-20 19:55:00,45.069999,45.099998,45.0629,45.099998,126821.0,PFE.NYSE-5-MINUTE-LAST-EXTERNAL
2023-01-20 21:00:00,45.11,45.11,45.11,45.11,1749610.0,PFE.NYSE-5-MINUTE-LAST-EXTERNAL
2023-01-23 15:55:00,45.198101,45.209999,45.150001,45.154998,153039.0,PFE.NYSE-5-MINUTE-LAST-EXTERNAL
2023-01-23 19:55:00,44.900001,44.919998,44.880001,44.904998,200478.0,PFE.NYSE-5-MINUTE-LAST-EXTERNAL
2023-01-23 21:00:00,44.979999,44.979999,44.979999,44.979999,1123217.0,PFE.NYSE-5-MINUTE-LAST-EXTERNAL
2023-01-24 15:55:00,44.4827,44.549999,44.470001,44.549999,204932.0,PFE.NYSE-5-MINUTE-LAST-EXTERNAL
2023-01-24 19:55:00,44.735,44.75,44.709999,44.710098,134530.0,PFE.NYSE-5-MINUTE-LAST-EXTERNAL
2023-01-24 21:00:00,44.709999,44.709999,44.709999,44.709999,1063190.0,PFE.NYSE-5-MINUTE-LAST-EXTERNAL
2023-01-25 15:55:00,44.639999,44.729999,44.630001,44.705299,229211.0,PFE.NYSE-5-MINUTE-LAST-EXTERNAL
2023-01-25 19:55:00,45.034999,45.049999,45.02,45.034999,138514.0,PFE.NYSE-5-MINUTE-LAST-EXTERNAL
2023-01-25 21:00:00,45.069999,45.069999,45.069999,45.069999,1603947.0,PFE.NYSE-5-MINUTE-LAST-EXTERNAL
2023-01-26 15:55:00,43.685001,43.709999,43.650001,43.7,1138297.0,PFE.NYSE-5-MINUTE-LAST-EXTERNAL
2023-01-26 19:55:00,43.990001,44.017898,43.982498,44.0,261925.0,PFE.NYSE-5-MINUTE-LAST-EXTERNAL
2023-01-26 21:00:00,44.25,44.25,44.25,44.25,3161534.0,PFE.NYSE-5-MINUTE-LAST-EXTERNAL
2023-01-27 15:55:00,44.119998,44.150001,44.069999,44.095001,376688.0,PFE.NYSE-5-MINUTE-LAST-EXTERNAL
2023-01-27 19:55:00,44.18,44.205001,44.139999,44.145,156719.0,PFE.NYSE-5-MINUTE-LAST-EXTERNAL
2023-01-27 21:00:00,43.79,43.79,43.79,43.79,2030892.0,PFE.NYSE-5-MINUTE-LAST-EXTERNAL
2023-01-30 15:55:00,43.990001,44.029998,43.944999,43.994998,181419.0,PFE.NYSE-5-MINUTE-LAST-EXTERNAL
2023-01-30 19:55:00,43.43,43.479999,43.409999,43.470001,226505.0,PFE.NYSE-5-MINUTE-LAST-EXTERNAL
2023-01-30 21:00:00,43.549999,43.549999,43.549999,43.549999,1372286.0,PFE.NYSE-5-MINUTE-LAST-EXTERNAL
2023-01-31 15:55:00,43.460201,43.650001,43.400001,43.459999,397643.0,PFE.NYSE-5-MINUTE-LAST-EXTERNAL
2023-01-31 19:55:00,43.735,43.740001,43.7,43.724998,195733.0,PFE.NYSE-5-MINUTE-LAST-EXTERNAL
2023-01-31 21:00:00,44.159999,44.159999,44.159999,44.159999,4415209.0,PFE.NYSE-5-MINUTE-LAST-EXTERNAL
2023-02-01 15:55:00,43.474998,43.5,43.435001,43.444999,199506.0,PFE.NYSE-5-MINUTE-LAST-EXTERNAL
2023-02-01 19:55:00,43.970001,43.977199,43.86,43.909999,249789.0,PFE.NYSE-5-MINUTE-LAST-EXTERNAL
2023-02-01 21:00:00,43.970001,43.970001,43.970001,43.970001,1273423.0,PFE.NYSE-5-MINUTE-LAST-EXTERNAL
2023-02-02 15:55:00,43.819999,43.889999,43.810001,43.830001,271586.0,PFE.NYSE-5-MINUTE-LAST-EXTERNAL
2023-02-02 19:55:00,44.293498,44.319999,44.25,44.25,244783.0,PFE.NYSE-5-MINUTE-LAST-EXTERNAL
2023-02-02 21:00:00,44.34,44.34,44.34,44.34,1984964.0,PFE.NYSE-5-MINUTE-LAST-EXTERNAL
2023-02-03 15:55:00,44.060001,44.240001,44.04,44.202701,323658.0,PFE.NYSE-5-MINUTE-LAST-EXTERNAL
2023-02-03 19:55:00,44.095001,44.099998,44.02,44.034999,178412.0,PFE.NYSE-5-MINUTE-LAST-EXTERNAL
2023-02-03 21:00:00,44.060001,44.060001,44.060001,44.060001,1116727.0,PFE.NYSE-5-MINUTE-LAST-EXTERNAL
2023-02-06 15:55:00,43.875,43.959999,43.869998,43.93,144979.0,PFE.NYSE-5-MINUTE-LAST-EXTERNAL
2023-02-06 19:55:00,43.909999,43.970001,43.9024,43.965999,95134.0,PFE.NYSE-5-MINUTE-LAST-EXTERNAL
2023-02-06 21:00:00,43.759998,43.759998,43.759998,43.759998,872518.0,PFE.NYSE-5-MINUTE-LAST-EXTERNAL
2023-02-07 15:55:00,43.61,43.615501,43.52,43.52,262695.0,PFE.NYSE-5-MINUTE-LAST-EXTERNAL
2023-02-07 19:55:00,43.474998,43.490001,43.470001,43.479999,116547.0,PFE.NYSE-5-MINUTE-LAST-EXTERNAL
2023-02-07 21:00:00,43.59,43.59,43.59,43.59,1316318.0,PFE.NYSE-5-MINUTE-LAST-EXTERNAL
2023-02-08 15:55:00,43.779998,43.830001,43.759998,43.819999,160729.0,PFE.NYSE-5-MINUTE-LAST-EXTERNAL
2023-02-08 19:55:00,44.014999,44.080001,44.009998,44.075,150191.0,PFE.NYSE-5-MINUTE-LAST-EXTERNAL
2023-02-08 21:00:00,43.979999,43.979999,43.979999,43.979999,1448687.0,PFE.NYSE-5-MINUTE-LAST-EXTERNAL
2023-02-09 15:55:00,43.970001,44.009998,43.939998,43.955001,176218.0,PFE.NYSE-5-MINUTE-LAST-EXTERNAL
2023-02-09 19:55:00,43.485,43.5,43.472099,43.493,103305.0,PFE.NYSE-5-MINUTE-LAST-EXTERNAL
2023-02-09 21:00:00,43.34,43.34,43.34,43.34,1332828.0,PFE.NYSE-5-MINUTE-LAST-EXTERNAL
2023-02-10 15:55:00,43.708999,43.720001,43.61,43.68,193821.0,PFE.NYSE-5-MINUTE-LAST-EXTERNAL
2023-02-10 19:55:00,43.919998,43.955001,43.909999,43.9137,138443.0,PFE.NYSE-5-MINUTE-LAST-EXTERNAL
2023-02-10 21:00:00,43.880001,43.880001,43.880001,43.880001,860100.0,PFE.NYSE-5-MINUTE-LAST-EXTERNAL
2023-02-13 15:55:00,43.685001,43.720001,43.685001,43.720001,113927.0,PFE.NYSE-5-MINUTE-LAST-EXTERNAL
2023-02-13 19:55:00,43.650299,43.659999,43.630001,43.654998,149169.0,PFE.NYSE-5-MINUTE-LAST-EXTERNAL
2023-02-13 21:00:00,43.990001,43.990001,43.990001,43.990001,1314246.0,PFE.NYSE-5-MINUTE-LAST-EXTERNAL
2023-02-14 15:55:00,43.709999,43.729999,43.659999,43.702098,216103.0,PFE.NYSE-5-MINUTE-LAST-EXTERNAL
2023-02-14 19:55:00,44.165,44.2,44.11,44.115001,389893.0,PFE.NYSE-5-MINUTE-LAST-EXTERNAL
2023-02-14 21:00:00,43.720001,43.720001,43.720001,43.720001,1546898.0,PFE.NYSE-5-MINUTE-LAST-EXTERNAL
2023-02-15 15:55:00,43.455001,43.479999,43.45,43.474998,133760.0,PFE.NYSE-5-MINUTE-LAST-EXTERNAL
2023-02-15 19:55:00,43.253601,43.259998,43.169998,43.18,342839.0,PFE.NYSE-5-MINUTE-LAST-EXTERNAL
2023-02-15 21:00:00,43.319999,43.319999,43.319999,43.319999,1218993.0,PFE.NYSE-5-MINUTE-LAST-EXTERNAL
2023-02-16 15:55:00,42.847198,42.895,42.819999,42.895,138729.0,PFE.NYSE-5-MINUTE-LAST-EXTERNAL
2023-02-16 19:55:00,43.115001,43.130001,43.111598,43.115001,74415.0,PFE.NYSE-5-MINUTE-LAST-EXTERNAL
2023-02-16 21:00:00,42.95,42.95,42.95,42.95,1517091.0,PFE.NYSE-5-MINUTE-LAST-EXTERNAL
2023-02-17 15:55:00,42.884998,42.900001,42.864898,42.900001,95422.0,PFE.NYSE-5-MINUTE-LAST-EXTERNAL
2023-02-17 19:55:00,43.334999,43.345001,43.314998,43.325,109223.0,PFE.NYSE-5-MINUTE-LAST-EXTERNAL
2023-02-17 21:00:00,43.209999,43.209999,43.209999,43.209999,983320.0,PFE.NYSE-5-MINUTE-LAST-EXTERNAL
2023-02-21 15:55:00,42.75,42.787998,42.735,42.778701,124985.0,PFE.NYSE-5-MINUTE-LAST-EXTERNAL
2023-02-21 19:55:00,42.764999,42.77,42.729999,42.740001,138304.0,PFE.NYSE-5-MINUTE-LAST-EXTERNAL
2023-02-21 21:00:00,42.7,42.7,42.7,42.7,1172955.0,PFE.NYSE-5-MINUTE-LAST-EXTERNAL
2023-02-22 15:55:00,42.799999,42.84,42.779998,42.784999,109006.0,PFE.NYSE-5-MINUTE-LAST-EXTERNAL
2023-02-22 19:55:00,42.52,42.525001,42.465,42.472,281748.0,PFE.NYSE-5-MINUTE-LAST-EXTERNAL
2023-02-22 21:00:00,42.380001,42.380001,42.380001,42.380001,1557762.0,PFE.NYSE-5-MINUTE-LAST-EXTERNAL
2023-02-23 15:55:00,42.525001,42.560001,42.490001,42.549999,178769.0,PFE.NYSE-5-MINUTE-LAST-EXTERNAL
2023-02-23 19:55:00,42.4052,42.409999,42.319999,42.337501,276347.0,PFE.NYSE-5-MINUTE-LAST-EXTERNAL
2023-02-23 21:00:00,42.299999,42.299999,42.299999,42.299999,1408101.0,PFE.NYSE-5-MINUTE-LAST-EXTERNAL
2023-02-24 15:55:00,41.54,41.580001,41.509998,41.564998,132835.0,PFE.NYSE-5-MINUTE-LAST-EXTERNAL
2023-02-24 19:55:00,41.799999,41.834999,41.79,41.799999,105303.0,PFE.NYSE-5-MINUTE-LAST-EXTERNAL
2023-02-24 21:00:00,41.75,41.75,41.75,41.75,1144747.0,PFE.NYSE-5-MINUTE-LAST-EXTERNAL
2023-02-27 15:55:00,41.253799,41.330001,41.229999,41.304,271909.0,PFE.NYSE-5-MINUTE-LAST-EXTERNAL
2023-02-27 19:55:00,40.978099,40.979999,40.924999,40.935001,378974.0,PFE.NYSE-5-MINUTE-LAST-EXTERNAL
2023-02-27 21:00:00,40.779998,40.779998,40.779998,40.779998,1916948.0,PFE.NYSE-5-MINUTE-LAST-EXTERNAL
2023-02-28 15:55:00,40.294998,40.380001,40.2821,40.354999,380483.0,PFE.NYSE-5-MINUTE-LAST-EXTERNAL
2023-02-28 19:55:00,40.5,40.505001,40.419998,40.439998,385267.0,PFE.NYSE-5-MINUTE-LAST-EXTERNAL
2023-02-28 21:00:00,40.569999,40.569999,40.569999,40.569999,1927716.0,PFE.NYSE-5-MINUTE-LAST-EXTERNAL
2023-03-01 15:55:00,40.599998,40.599998,40.549999,40.575199,160182.0,PFE.NYSE-5-MINUTE-LAST-EXTERNAL
2023-03-01 19:55:00,40.2178,40.235,40.189998,40.215,204571.0,PFE.NYSE-5-MINUTE-LAST-EXTERNAL
2023-03-01 21:00:00,40.18,40.18,40.18,40.18,1833197.0,PFE.NYSE-5-MINUTE-LAST-EXTERNAL
2023-03-02 15:55:00,40.275001,40.310001,40.255001,40.294998,192491.0,PFE.NYSE-5-MINUTE-LAST-EXTERNAL
2023-03-02 19:55:00,40.521701,40.560001,40.510101,40.549999,129492.0,PFE.NYSE-5-MINUTE-LAST-EXTERNAL
2023-03-02 21:00:00,40.619998,40.619998,40.619998,40.619998,1199510.0,PFE.NYSE-5-MINUTE-LAST-EXTERNAL
2023-03-03 15:55:00,40.919998,40.959999,40.909999,40.915,128657.0,PFE.NYSE-5-MINUTE-LAST-EXTERNAL
2023-03-03 19:55:00,41.064998,41.11,41.060001,41.104999,189238.0,PFE.NYSE-5-MINUTE-LAST-EXTERNAL
2023-03-03 21:00:00,41.150001,41.150001,41.150001,41.150001,846780.0,PFE.NYSE-5-MINUTE-LAST-EXTERNAL
2023-03-06 15:55:00,41.04,41.095001,41.029998,41.072498,259044.0,PFE.NYSE-5-MINUTE-LAST-EXTERNAL
2023-03-06 19:55:00,41.064998,41.09,41.043701,41.055999,135904.0,PFE.NYSE-5-MINUTE-LAST-EXTERNAL
2023-03-06 21:00:00,41.11,41.11,41.11,41.11,942746.0,PFE.NYSE-5-MINUTE-LAST-EXTERNAL
2023-03-07 15:55:00,40.275001,40.29,40.2,40.235,1479686.0,PFE.NYSE-5-MINUTE-LAST-EXTERNAL
2023-03-07 19:55:00,40.279998,40.308498,40.27,40.27,120771.0,PFE.NYSE-5-MINUTE-LAST-EXTERNAL
2023-03-07 21:00:00,40.34,40.34,40.34,40.34,1278219.0,PFE.NYSE-5-MINUTE-LAST-EXTERNAL
2023-03-08 15:55:00,40.134998,40.134998,40.073699,40.077701,179308.0,PFE.NYSE-5-MINUTE-LAST-EXTERNAL
2023-03-08 19:55:00,39.9799,39.985198,39.959999,39.9827,105413.0,PFE.NYSE-5-MINUTE-LAST-EXTERNAL
2023-03-08 21:00:00,40.119998,40.119998,40.119998,40.119998,951263.0,PFE.NYSE-5-MINUTE-LAST-EXTERNAL
2023-03-09 15:55:00,40.04,40.069999,40.025001,40.051898,110474.0,PFE.NYSE-5-MINUTE-LAST-EXTERNAL
2023-03-09 19:55:00,39.534999,39.54,39.459999,39.465,280525.0,PFE.NYSE-5-MINUTE-LAST-EXTERNAL
2023-03-09 21:00:00,39.459999,39.459999,39.459999,39.459999,916150.0,PFE.NYSE-5-MINUTE-LAST-EXTERNAL
2023-03-10 15:55:00,39.799999,39.895,39.794998,39.869998,173927.0,PFE.NYSE-5-MINUTE-LAST-EXTERNAL
2023-03-10 19:55:00,39.52,39.564998,39.459999,39.490001,194452.0,PFE.NYSE-5-MINUTE-LAST-EXTERNAL
2023-03-10 21:00:00,39.389999,39.389999,39.389999,39.389999,1353385.0,PFE.NYSE-5-MINUTE-LAST-EXTERNAL
2023-03-13 15:55:00,40.27,40.395,40.259998,40.380001,289076.0,PFE.NYSE-5-MINUTE-LAST-EXTERNAL
2023-03-13 19:55:00,39.889999,39.909999,39.819999,39.849998,1582161.0,PFE.NYSE-5-MINUTE-LAST-EXTERNAL
2023-03-14 15:55:00,39.849998,39.900001,39.849998,39.880001,268211.0,PFE.NYSE-5-MINUTE-LAST-EXTERNAL
2023-03-14 19:55:00,39.799999,39.935001,39.79,39.8829,1424797.0,PFE.NYSE-5-MINUTE-LAST-EXTERNAL
2023-03-15 15:55:00,40.095001,40.130001,40.069999,40.09,293710.0,PFE.NYSE-5-MINUTE-LAST-EXTERNAL
2023-03-15 19:55:00,40.104999,40.299999,40.099998,40.299999,1230006.0,PFE.NYSE-5-MINUTE-LAST-EXTERNAL
2023-03-16 15:55:00,40.259998,40.27,40.2,40.205001,585397.0,PFE.NYSE-5-MINUTE-LAST-EXTERNAL
2023-03-16 19:55:00,40.357398,40.400001,40.319999,40.380001,1062250.0,PFE.NYSE-5-MINUTE-LAST-EXTERNAL
2023-03-17 15:55:00,40.349998,40.36,40.25,40.297298,463053.0,PFE.NYSE-5-MINUTE-LAST-EXTERNAL
2023-03-17 19:55:00,40.159999,40.185001,40.080001,40.119998,1323621.0,PFE.NYSE-5-MINUTE-LAST-EXTERNAL
2023-03-20 15:55:00,40.439998,40.45,40.389999,40.389999,161633.0,PFE.NYSE-5-MINUTE-LAST-EXTERNAL
2023-03-20 19:55:00,40.849998,40.86,40.79,40.819999,1158808.0,PFE.NYSE-5-MINUTE-LAST-EXTERNAL
2023-03-21 15:55:00,40.584999,40.619998,40.569999,40.569999,119078.0,PFE.NYSE-5-MINUTE-LAST-EXTERNAL
2023-03-21 19:55:00,40.665,40.68,40.599998,40.68,1300780.0,PFE.NYSE-5-MINUTE-LAST-EXTERNAL
2023-03-22 15:55:00,40.404998,40.409999,40.389999,40.395,78863.0,PFE.NYSE-5-MINUTE-LAST-EXTERNAL
2023-03-22 19:55:00,40.159999,40.165,39.990001,39.990001,1197315.0,PFE.NYSE-5-MINUTE-LAST-EXTERNAL
2023-03-23 15:55:00,40.375,40.3866,40.345001,40.375,132759.0,PFE.NYSE-5-MINUTE-LAST-EXTERNAL
2023-03-23 19:55:00,40.259998,40.279998,40.159999,40.159999,1082813.0,PFE.NYSE-5-MINUTE-LAST-EXTERNAL
2023-03-24 15:55:00,40.169998,40.2462,40.154998,40.209999,163501.0,PFE.NYSE-5-MINUTE-LAST-EXTERNAL
2023-03-24 19:55:00,40.279998,40.400001,40.27,40.400001,813842.0,PFE.NYSE-5-MINUTE-LAST-EXTERNAL
2023-03-27 15:55:00,40.310298,40.330001,40.259998,40.305,132062.0,PFE.NYSE-5-MINUTE-LAST-EXTERNAL
2023-03-27 19:55:00,40.194999,40.240001,40.174999,40.240001,1289548.0,PFE.NYSE-5-MINUTE-LAST-EXTERNAL
2023-03-28 15:55:00,40.127101,40.130001,40.11,40.129901,48175.0,PFE.NYSE-5-MINUTE-LAST-EXTERNAL
2023-03-28 19:55:00,40.009998,40.047798,39.979999,39.979999,675926.0,PFE.NYSE-5-MINUTE-LAST-EXTERNAL
2023-03-29 15:55:00,40.165,40.2,40.160099,40.173801,170452.0,PFE.NYSE-5-MINUTE-LAST-EXTERNAL
2023-03-29 19:55:00,40.220001,40.259998,40.209999,40.259998,752077.0,PFE.NYSE-5-MINUTE-LAST-EXTERNAL
2023-03-30 15:55:00,40.314998,40.330001,40.310001,40.314998,66653.0,PFE.NYSE-5-MINUTE-LAST-EXTERNAL
2023-03-30 19:55:00,40.330001,40.380001,40.319999,40.369998,653234.0,PFE.NYSE-5-MINUTE-LAST-EXTERNAL
2023-03-31 15:55:00,40.345001,40.36,40.330001,40.34,129077.0,PFE.NYSE-5-MINUTE-LAST-EXTERNAL
2023-03-31 19:55:00,40.654998,40.830001,40.654998,40.79,3342417.0,PFE.NYSE-5-MINUTE-LAST-EXTERNAL
2023-04-03 15:55:00,41.325,41.369998,41.299999,41.3624,188302.0,PFE.NYSE-5-MINUTE-LAST-EXTERNAL
2023-04-03 19:55:00,41.334999,41.380001,41.325,41.34,1287279.0,PFE.NYSE-5-MINUTE-LAST-EXTERNAL
2023-04-04 15:55:00,40.875,40.880001,40.810001,40.821201,231761.0,PFE.NYSE-5-MINUTE-LAST-EXTERNAL
2023-04-04 19:55:00,40.884998,40.919998,40.849998,40.909999,1012984.0,PFE.NYSE-5-MINUTE-LAST-EXTERNAL
2023-04-05 15:55:00,42.044998,42.09,42.029998,42.074401,199875.0,PFE.NYSE-5-MINUTE-LAST-EXTERNAL
2023-04-05 19:55:00,41.645,41.650001,41.54,41.54,2054179.0,PFE.NYSE-5-MINUTE-LAST-EXTERNAL
2023-04-06 15:55:00,41.470001,41.525001,41.459999,41.494998,252589.0,PFE.NYSE-5-MINUTE-LAST-EXTERNAL
2023-04-06 19:55:00,41.384998,41.52,41.380001,41.5,1289333.0,PFE.NYSE-5-MINUTE-LAST-EXTERNAL
2023-04-10 15:55:00,41.36,41.369998,41.330001,41.36,82701.0,PFE.NYSE-5-MINUTE-LAST-EXTERNAL
2023-04-10 19:55:00,41.68,41.740001,41.68,41.740001,1072984.0,PFE.NYSE-5-MINUTE-LAST-EXTERNAL
2023-04-11 15:55:00,41.884998,41.939998,41.880001,41.915,81348.0,PFE.NYSE-5-MINUTE-LAST-EXTERNAL
2023-04-11 19:55:00,41.845001,41.86,41.759998,41.79,1041766.0,PFE.NYSE-5-MINUTE-LAST-EXTERNAL
2023-04-12 15:55:00,41.569999,41.59,41.569999,41.580001,83335.0,PFE.NYSE-5-MINUTE-LAST-EXTERNAL
2023-04-12 19:55:00,41.294998,41.389999,41.279998,41.389999,1048745.0,PFE.NYSE-5-MINUTE-LAST-EXTERNAL
2023-04-13 15:55:00,41.5,41.5261,41.479999,41.52,191588.0,PFE.NYSE-5-MINUTE-LAST-EXTERNAL
2023-04-13 19:55:00,41.505001,41.509998,41.409999,41.470001,2343056.0,PFE.NYSE-5-MINUTE-LAST-EXTERNAL
2023-04-14 15:55:00,41.125,41.174999,41.11,41.174999,163805.0,PFE.NYSE-5-MINUTE-LAST-EXTERNAL
2023-04-14 19:55:00,41.174999,41.220001,41.150001,41.189998,1282931.0,PFE.NYSE-5-MINUTE-LAST-EXTERNAL
2023-04-17 15:55:00,41.025001,41.049999,41.025001,41.029998,144619.0,PFE.NYSE-5-MINUTE-LAST-EXTERNAL
2023-04-17 19:55:00,41.209999,41.220001,41.159999,41.18,903476.0,PFE.NYSE-5-MINUTE-LAST-EXTERNAL
2023-04-18 15:55:00,40.634998,40.650001,40.6301,40.639999,65855.0,PFE.NYSE-5-MINUTE-LAST-EXTERNAL
2023-04-18 19:55:00,40.569999,40.599998,40.529998,40.549999,1170853.0,PFE.NYSE-5-MINUTE-LAST-EXTERNAL
2023-04-19 15:55:00,40.512401,40.549999,40.505001,40.544998,124346.0,PFE.NYSE-5-MINUTE-LAST-EXTERNAL
2023-04-19 19:55:00,40.209999,40.25,40.2,40.244998,1179542.0,PFE.NYSE-5-MINUTE-LAST-EXTERNAL
2023-04-20 15:55:00,40.099998,40.104999,40.080001,40.081001,111169.0,PFE.NYSE-5-MINUTE-LAST-EXTERNAL
2023-04-20 19:55:00,39.86,39.900001,39.799999,39.889999,1939275.0,PFE.NYSE-5-MINUTE-LAST-EXTERNAL
2023-04-21 15:55:00,40.067501,40.139999,40.049999,40.134998,200809.0,PFE.NYSE-5-MINUTE-LAST-EXTERNAL
2023-04-21 19:55:00,40.169998,40.240001,40.165,40.209999,1092660.0,PFE.NYSE-5-MINUTE-LAST-EXTERNAL
2023-04-24 15:55:00,39.860801,39.879901,39.84,39.84,111527.0,PFE.NYSE-5-MINUTE-LAST-EXTERNAL
2023-04-24 19:55:00,39.845001,39.909999,39.84,39.909999,908903.0,PFE.NYSE-5-MINUTE-LAST-EXTERNAL
2023-04-25 15:55:00,39.59,39.68,39.584999,39.674999,345433.0,PFE.NYSE-5-MINUTE-LAST-EXTERNAL
2023-04-25 19:55:00,39.34,39.349998,39.284999,39.330001,2075476.0,PFE.NYSE-5-MINUTE-LAST-EXTERNAL
2023-04-26 15:55:00,38.740001,38.759998,38.689998,38.694999,133330.0,PFE.NYSE-5-MINUTE-LAST-EXTERNAL
2023-04-26 19:55:00,38.580001,38.659999,38.569999,38.630001,1407841.0,PFE.NYSE-5-MINUTE-LAST-EXTERNAL
