2022-01-03 15:55:00,29.01,29.049999,28.899999,28.92,171778.0,PLUG.NYSE-4-HOUR-LAST-EXTERNAL
2022-01-03 19:55:00,28.786899,28.829999,28.739999,28.8201,59911.0,PLUG.NYSE-4-HOUR-LAST-EXTERNAL
2022-01-03 21:00:00,28.79,28.79,28.79,28.79,355283.0,PLUG.NYSE-4-HOUR-LAST-EXTERNAL
2022-01-04 15:55:00,27.54,27.558,27.400699,27.429899,483656.0,PLUG.NYSE-4-HOUR-LAST-EXTERNAL
2022-01-04 19:55:00,27.6,27.69,27.59,27.684999,81175.0,PLUG.NYSE-4-HOUR-LAST-EXTERNAL
2022-01-04 21:00:00,28.149999,28.149999,28.149999,28.149999,424134.0,PLUG.NYSE-4-HOUR-LAST-EXTERNAL
2022-01-05 15:55:00,27.486499,27.579999,27.469999,27.489999,194088.0,PLUG.NYSE-4-HOUR-LAST-EXTERNAL
2022-01-05 19:55:00,26.719999,26.735,26.559999,26.565,239741.0,PLUG.NYSE-4-HOUR-LAST-EXTERNAL
2022-01-05 21:00:00,26.27,26.27,26.27,26.27,874841.0,PLUG.NYSE-4-HOUR-LAST-EXTERNAL
2022-01-06 15:55:00,25.629999,25.909999,25.629999,25.8467,293134.0,PLUG.NYSE-4-HOUR-LAST-EXTERNAL
2022-01-06 19:55:00,25.569999,25.61,25.5,25.519899,111550.0,PLUG.NYSE-4-HOUR-LAST-EXTERNAL
2022-01-06 21:00:00,25.219999,25.219999,25.219999,25.219999,643483.0,PLUG.NYSE-4-HOUR-LAST-EXTERNAL
2022-01-07 15:55:00,24.829999,25.050199,24.819999,25.0,205151.0,PLUG.NYSE-4-HOUR-LAST-EXTERNAL
2022-01-07 19:55:00,25.209999,25.2252,25.1401,25.1508,108985.0,PLUG.NYSE-4-HOUR-LAST-EXTERNAL
2022-01-07 21:00:00,24.959999,24.959999,24.959999,24.959999,391289.0,PLUG.NYSE-4-HOUR-LAST-EXTERNAL
2022-01-10 15:55:00,23.69,23.889999,23.610099,23.781099,675571.0,PLUG.NYSE-4-HOUR-LAST-EXTERNAL
2022-01-10 19:55:00,24.209999,24.279199,24.174999,24.26,141237.0,PLUG.NYSE-4-HOUR-LAST-EXTERNAL
2022-01-10 21:00:00,24.75,24.75,24.75,24.75,711408.0,PLUG.NYSE-4-HOUR-LAST-EXTERNAL
2022-01-11 15:55:00,24.709999,24.77,24.584999,24.719999,238034.0,PLUG.NYSE-4-HOUR-LAST-EXTERNAL
2022-01-11 19:55:00,25.229999,25.299999,25.114999,25.12,107906.0,PLUG.NYSE-4-HOUR-LAST-EXTERNAL
2022-01-11 21:00:00,25.1,25.1,25.1,25.1,639996.0,PLUG.NYSE-4-HOUR-LAST-EXTERNAL
2022-01-12 15:55:00,24.85,24.85,24.704999,24.719999,440350.0,PLUG.NYSE-4-HOUR-LAST-EXTERNAL
2022-01-12 19:55:00,24.748899,24.76,24.719999,24.735,83518.0,PLUG.NYSE-4-HOUR-LAST-EXTERNAL
2022-01-12 21:00:00,24.649999,24.649999,24.649999,24.649999,492591.0,PLUG.NYSE-4-HOUR-LAST-EXTERNAL
2022-01-13 15:55:00,24.475,24.569999,24.454999,24.52,185716.0,PLUG.NYSE-4-HOUR-LAST-EXTERNAL
2022-01-13 19:55:00,24.219999,24.319999,24.219999,24.315,86847.0,PLUG.NYSE-4-HOUR-LAST-EXTERNAL
2022-01-13 21:00:00,23.909999,23.909999,23.909999,23.909999,799270.0,PLUG.NYSE-4-HOUR-LAST-EXTERNAL
2022-01-14 15:55:00,22.8689,22.9095,22.764999,22.864999,389155.0,PLUG.NYSE-4-HOUR-LAST-EXTERNAL
2022-01-14 19:55:00,23.135,23.17,23.065,23.079999,158193.0,PLUG.NYSE-4-HOUR-LAST-EXTERNAL
2022-01-14 21:00:00,23.44,23.44,23.44,23.44,559709.0,PLUG.NYSE-4-HOUR-LAST-EXTERNAL
2022-01-18 15:55:00,23.149999,23.229999,23.09,23.12,200616.0,PLUG.NYSE-4-HOUR-LAST-EXTERNAL
2022-01-18 19:55:00,23.129999,23.155,23.04,23.04,111081.0,PLUG.NYSE-4-HOUR-LAST-EXTERNAL
2022-01-18 21:00:00,22.829999,22.829999,22.829999,22.829999,1006932.0,PLUG.NYSE-4-HOUR-LAST-EXTERNAL
2022-01-19 15:55:00,21.663799,21.909999,21.649999,21.8588,730800.0,PLUG.NYSE-4-HOUR-LAST-EXTERNAL
2022-01-19 19:55:00,21.659999,21.75,21.62,21.638,146311.0,PLUG.NYSE-4-HOUR-LAST-EXTERNAL
2022-01-19 21:00:00,20.989999,20.989999,20.989999,20.989999,1472732.0,PLUG.NYSE-4-HOUR-LAST-EXTERNAL
2022-01-20 15:55:00,23.155,23.26,23.11,23.2292,454001.0,PLUG.NYSE-4-HOUR-LAST-EXTERNAL
2022-01-20 19:55:00,22.209999,22.267999,22.165,22.209999,146237.0,PLUG.NYSE-4-HOUR-LAST-EXTERNAL
2022-01-20 21:00:00,21.6,21.6,21.6,21.6,1061127.0,PLUG.NYSE-4-HOUR-LAST-EXTERNAL
2022-01-21 15:55:00,22.1,22.42,22.079999,22.139999,1000002.0,PLUG.NYSE-4-HOUR-LAST-EXTERNAL
2022-01-21 19:55:00,21.3222,21.34,21.18,21.2,213961.0,PLUG.NYSE-4-HOUR-LAST-EXTERNAL
2022-01-21 21:00:00,21.059999,21.059999,21.059999,21.059999,1278900.0,PLUG.NYSE-4-HOUR-LAST-EXTERNAL
2022-01-24 15:55:00,19.139999,19.18,18.9601,19.01,299727.0,PLUG.NYSE-4-HOUR-LAST-EXTERNAL
2022-01-24 19:55:00,19.875,19.94,19.6422,19.899999,248756.0,PLUG.NYSE-4-HOUR-LAST-EXTERNAL
2022-01-24 21:00:00,20.7,20.7,20.7,20.7,643645.0,PLUG.NYSE-4-HOUR-LAST-EXTERNAL
2022-01-25 15:55:00,19.405,19.42,19.2101,19.239999,359208.0,PLUG.NYSE-4-HOUR-LAST-EXTERNAL
2022-01-25 19:55:00,20.219999,20.325,20.200099,20.26,210336.0,PLUG.NYSE-4-HOUR-LAST-EXTERNAL
2022-01-25 21:00:00,19.729999,19.729999,19.729999,19.729999,516554.0,PLUG.NYSE-4-HOUR-LAST-EXTERNAL
2022-01-26 15:55:00,20.075,20.36,20.049999,20.269899,569887.0,PLUG.NYSE-4-HOUR-LAST-EXTERNAL
2022-01-26 19:55:00,20.129999,20.159999,19.92,19.95,682659.0,PLUG.NYSE-4-HOUR-LAST-EXTERNAL
2022-01-26 21:00:00,19.469999,19.469999,19.469999,19.469999,926015.0,PLUG.NYSE-4-HOUR-LAST-EXTERNAL
2022-01-27 15:55:00,18.7901,18.979999,18.79,18.95,353911.0,PLUG.NYSE-4-HOUR-LAST-EXTERNAL
2022-01-27 19:55:00,18.315,18.459999,18.2893,18.415,247984.0,PLUG.NYSE-4-HOUR-LAST-EXTERNAL
2022-01-27 21:00:00,18.26,18.26,18.26,18.26,704454.0,PLUG.NYSE-4-HOUR-LAST-EXTERNAL
2022-01-28 15:55:00,18.2101,18.44,18.2,18.44,524334.0,PLUG.NYSE-4-HOUR-LAST-EXTERNAL
2022-01-28 19:55:00,18.184999,18.354999,18.170099,18.339799,202719.0,PLUG.NYSE-4-HOUR-LAST-EXTERNAL
2022-01-28 21:00:00,18.76,18.76,18.76,18.76,897515.0,PLUG.NYSE-4-HOUR-LAST-EXTERNAL
2022-01-31 15:55:00,21.01,21.129999,20.989999,21.110099,438467.0,PLUG.NYSE-4-HOUR-LAST-EXTERNAL
2022-01-31 19:55:00,21.42,21.5401,21.399999,21.4801,281841.0,PLUG.NYSE-4-HOUR-LAST-EXTERNAL
2022-01-31 21:00:00,21.87,21.87,21.87,21.87,1409492.0,PLUG.NYSE-4-HOUR-LAST-EXTERNAL
2022-02-01 15:55:00,22.225,22.5536,22.221,22.489999,795586.0,PLUG.NYSE-4-HOUR-LAST-EXTERNAL
2022-02-01 19:55:00,22.579999,22.639999,22.54,22.579999,88428.0,PLUG.NYSE-4-HOUR-LAST-EXTERNAL
2022-02-01 21:00:00,22.899999,22.899999,22.899999,22.899999,849461.0,PLUG.NYSE-4-HOUR-LAST-EXTERNAL
2022-02-02 15:55:00,22.18,22.254999,22.1193,22.245,167961.0,PLUG.NYSE-4-HOUR-LAST-EXTERNAL
2022-02-02 19:55:00,21.87,21.879999,21.819999,21.8469,100484.0,PLUG.NYSE-4-HOUR-LAST-EXTERNAL
2022-02-02 21:00:00,21.84,21.84,21.84,21.84,505542.0,PLUG.NYSE-4-HOUR-LAST-EXTERNAL
2022-02-03 15:55:00,21.329999,21.389999,21.290599,21.319999,168975.0,PLUG.NYSE-4-HOUR-LAST-EXTERNAL
2022-02-03 19:55:00,20.86,20.93,20.86,20.92,144464.0,PLUG.NYSE-4-HOUR-LAST-EXTERNAL
2022-02-03 21:00:00,20.92,20.92,20.92,20.92,858250.0,PLUG.NYSE-4-HOUR-LAST-EXTERNAL
2022-02-04 15:55:00,21.6,21.61,21.469999,21.53,115697.0,PLUG.NYSE-4-HOUR-LAST-EXTERNAL
2022-02-04 19:55:00,21.645,21.68,21.62,21.645,65135.0,PLUG.NYSE-4-HOUR-LAST-EXTERNAL
2022-02-04 21:00:00,21.43,21.43,21.43,21.43,527903.0,PLUG.NYSE-4-HOUR-LAST-EXTERNAL
2022-02-07 15:55:00,22.19,22.25,22.125,22.239999,160512.0,PLUG.NYSE-4-HOUR-LAST-EXTERNAL
2022-02-07 19:55:00,21.69,21.719999,21.659999,21.68,64302.0,PLUG.NYSE-4-HOUR-LAST-EXTERNAL
2022-02-07 21:00:00,21.459999,21.459999,21.459999,21.459999,504438.0,PLUG.NYSE-4-HOUR-LAST-EXTERNAL
2022-02-08 15:55:00,21.555,21.584999,21.5,21.565,192086.0,PLUG.NYSE-4-HOUR-LAST-EXTERNAL
2022-02-08 19:55:00,21.889999,21.889999,21.799999,21.799999,62473.0,PLUG.NYSE-4-HOUR-LAST-EXTERNAL
2022-02-08 21:00:00,21.959999,21.959999,21.959999,21.959999,510561.0,PLUG.NYSE-4-HOUR-LAST-EXTERNAL
2022-02-09 15:55:00,22.329999,22.5193,22.329999,22.51,150660.0,PLUG.NYSE-4-HOUR-LAST-EXTERNAL
2022-02-09 19:55:00,22.729999,22.729999,22.649999,22.655,78560.0,PLUG.NYSE-4-HOUR-LAST-EXTERNAL
2022-02-09 21:00:00,23.0,23.0,23.0,23.0,811874.0,PLUG.NYSE-4-HOUR-LAST-EXTERNAL
2022-02-10 15:55:00,23.2,23.35,23.149999,23.329999,222055.0,PLUG.NYSE-4-HOUR-LAST-EXTERNAL
2022-02-10 19:55:00,22.469999,22.495,22.35,22.42,137598.0,PLUG.NYSE-4-HOUR-LAST-EXTERNAL
2022-02-10 21:00:00,22.27,22.27,22.27,22.27,590569.0,PLUG.NYSE-4-HOUR-LAST-EXTERNAL
2022-02-11 15:55:00,22.534999,22.594999,22.5,22.54,237483.0,PLUG.NYSE-4-HOUR-LAST-EXTERNAL
2022-02-11 19:55:00,20.971099,21.11,20.971099,21.1,158483.0,PLUG.NYSE-4-HOUR-LAST-EXTERNAL
2022-02-11 21:00:00,21.29,21.29,21.29,21.29,720751.0,PLUG.NYSE-4-HOUR-LAST-EXTERNAL
2022-02-14 15:55:00,21.86,21.889999,21.76,21.78,190613.0,PLUG.NYSE-4-HOUR-LAST-EXTERNAL
2022-02-14 19:55:00,21.629999,21.709999,21.629999,21.684999,145815.0,PLUG.NYSE-4-HOUR-LAST-EXTERNAL
2022-02-14 21:00:00,21.469999,21.469999,21.469999,21.469999,1006501.0,PLUG.NYSE-4-HOUR-LAST-EXTERNAL
2022-02-15 15:55:00,23.1,23.189899,23.0,23.01,305716.0,PLUG.NYSE-4-HOUR-LAST-EXTERNAL
2022-02-15 19:55:00,23.68,23.77,23.68,23.764999,162985.0,PLUG.NYSE-4-HOUR-LAST-EXTERNAL
2022-02-15 21:00:00,23.77,23.77,23.77,23.77,724499.0,PLUG.NYSE-4-HOUR-LAST-EXTERNAL
2022-02-16 15:55:00,23.649999,23.709999,23.461299,23.489999,213100.0,PLUG.NYSE-4-HOUR-LAST-EXTERNAL
2022-02-16 19:55:00,23.809999,23.94,23.809999,23.881,207196.0,PLUG.NYSE-4-HOUR-LAST-EXTERNAL
2022-02-16 21:00:00,23.899999,23.899999,23.899999,23.899999,554968.0,PLUG.NYSE-4-HOUR-LAST-EXTERNAL
2022-02-17 15:55:00,23.37,23.54,23.36,23.53,179414.0,PLUG.NYSE-4-HOUR-LAST-EXTERNAL
2022-02-17 19:55:00,23.2889,23.319999,23.225,23.27,95921.0,PLUG.NYSE-4-HOUR-LAST-EXTERNAL
2022-02-17 21:00:00,23.149999,23.149999,23.149999,23.149999,642844.0,PLUG.NYSE-4-HOUR-LAST-EXTERNAL
2022-02-18 15:55:00,22.12,22.155,22.03,22.1,267576.0,PLUG.NYSE-4-HOUR-LAST-EXTERNAL
2022-02-18 19:55:00,22.145,22.209999,22.09,22.19,156247.0,PLUG.NYSE-4-HOUR-LAST-EXTERNAL
2022-02-18 21:00:00,22.069999,22.069999,22.069999,22.069999,451979.0,PLUG.NYSE-4-HOUR-LAST-EXTERNAL
2022-02-22 15:55:00,21.27,21.309999,21.2,21.274999,144342.0,PLUG.NYSE-4-HOUR-LAST-EXTERNAL
2022-02-22 19:55:00,21.01,21.1301,21.01,21.02,214513.0,PLUG.NYSE-4-HOUR-LAST-EXTERNAL
2022-02-22 21:00:00,20.739999,20.739999,20.739999,20.739999,604853.0,PLUG.NYSE-4-HOUR-LAST-EXTERNAL
2022-02-23 15:55:00,20.389999,20.565,20.36,20.495,167670.0,PLUG.NYSE-4-HOUR-LAST-EXTERNAL
2022-02-23 19:55:00,19.954999,19.985,19.9101,19.9398,74503.0,PLUG.NYSE-4-HOUR-LAST-EXTERNAL
2022-02-23 21:00:00,19.809999,19.809999,19.809999,19.809999,589834.0,PLUG.NYSE-4-HOUR-LAST-EXTERNAL
2022-02-24 15:55:00,20.229999,20.385,20.2,20.26,274631.0,PLUG.NYSE-4-HOUR-LAST-EXTERNAL
2022-02-24 19:55:00,21.545,21.545,21.44,21.534999,150977.0,PLUG.NYSE-4-HOUR-LAST-EXTERNAL
2022-02-24 21:00:00,21.87,21.87,21.87,21.87,720877.0,PLUG.NYSE-4-HOUR-LAST-EXTERNAL
2022-02-25 15:55:00,21.94,22.0344,21.825,21.899999,163898.0,PLUG.NYSE-4-HOUR-LAST-EXTERNAL
2022-02-25 19:55:00,22.149999,22.29,22.139999,22.29,115021.0,PLUG.NYSE-4-HOUR-LAST-EXTERNAL
2022-02-25 21:00:00,22.59,22.59,22.59,22.59,847196.0,PLUG.NYSE-4-HOUR-LAST-EXTERNAL
2022-02-28 15:55:00,25.329999,25.409999,25.19,25.239999,432280.0,PLUG.NYSE-4-HOUR-LAST-EXTERNAL
2022-02-28 19:55:00,24.85,25.065,24.85,25.055,339553.0,PLUG.NYSE-4-HOUR-LAST-EXTERNAL
2022-02-28 21:00:00,25.29,25.29,25.29,25.29,884231.0,PLUG.NYSE-4-HOUR-LAST-EXTERNAL
2022-03-01 15:55:00,25.059999,25.0981,24.889999,24.9575,255463.0,PLUG.NYSE-4-HOUR-LAST-EXTERNAL
2022-03-01 19:55:00,25.239999,25.27,25.2,25.2299,180028.0,PLUG.NYSE-4-HOUR-LAST-EXTERNAL
2022-03-01 21:00:00,24.85,24.85,24.85,24.85,1497243.0,PLUG.NYSE-4-HOUR-LAST-EXTERNAL
2022-03-02 15:55:00,24.969999,25.1,24.94,25.020599,312494.0,PLUG.NYSE-4-HOUR-LAST-EXTERNAL
2022-03-02 19:55:00,25.27,25.319999,25.219999,25.280099,125471.0,PLUG.NYSE-4-HOUR-LAST-EXTERNAL
2022-03-02 21:00:00,25.27,25.27,25.27,25.27,799188.0,PLUG.NYSE-4-HOUR-LAST-EXTERNAL
2022-03-03 15:55:00,23.829999,23.879299,23.709999,23.825,283595.0,PLUG.NYSE-4-HOUR-LAST-EXTERNAL
2022-03-03 19:55:00,23.79,23.85,23.739999,23.829999,143623.0,PLUG.NYSE-4-HOUR-LAST-EXTERNAL
2022-03-03 21:00:00,23.719999,23.719999,23.719999,23.719999,673484.0,PLUG.NYSE-4-HOUR-LAST-EXTERNAL
2022-03-04 15:55:00,23.200099,23.204999,22.969999,23.0,283736.0,PLUG.NYSE-4-HOUR-LAST-EXTERNAL
2022-03-04 19:55:00,22.995,23.01,22.84,22.85,184724.0,PLUG.NYSE-4-HOUR-LAST-EXTERNAL
2022-03-04 21:00:00,23.069999,23.069999,23.069999,23.069999,693860.0,PLUG.NYSE-4-HOUR-LAST-EXTERNAL
2022-03-07 15:55:00,23.86,23.959999,23.819999,23.86,398024.0,PLUG.NYSE-4-HOUR-LAST-EXTERNAL
2022-03-07 19:55:00,23.565,23.61,23.519199,23.579999,195331.0,PLUG.NYSE-4-HOUR-LAST-EXTERNAL
2022-03-07 21:00:00,23.239999,23.239999,23.239999,23.239999,872284.0,PLUG.NYSE-4-HOUR-LAST-EXTERNAL
2022-03-08 15:55:00,24.04,24.6,24.027999,24.25,1023003.0,PLUG.NYSE-4-HOUR-LAST-EXTERNAL
2022-03-08 19:55:00,25.6,25.684999,25.54,25.629999,198777.0,PLUG.NYSE-4-HOUR-LAST-EXTERNAL
2022-03-08 21:00:00,25.579999,25.579999,25.579999,25.579999,970059.0,PLUG.NYSE-4-HOUR-LAST-EXTERNAL
2022-03-09 15:55:00,25.86,26.04,25.86,25.979999,250993.0,PLUG.NYSE-4-HOUR-LAST-EXTERNAL
2022-03-09 19:55:00,25.889999,25.979999,25.847499,25.86,161194.0,PLUG.NYSE-4-HOUR-LAST-EXTERNAL
2022-03-09 21:00:00,26.19,26.19,26.19,26.19,787852.0,PLUG.NYSE-4-HOUR-LAST-EXTERNAL
2022-03-10 15:55:00,24.93,24.989999,24.889999,24.95,257806.0,PLUG.NYSE-4-HOUR-LAST-EXTERNAL
2022-03-10 19:55:00,25.659999,25.76,25.649999,25.7,94928.0,PLUG.NYSE-4-HOUR-LAST-EXTERNAL
2022-03-10 21:00:00,25.889999,25.889999,25.889999,25.889999,394019.0,PLUG.NYSE-4-HOUR-LAST-EXTERNAL
2022-03-11 15:55:00,25.034999,25.0981,24.924999,24.975,210302.0,PLUG.NYSE-4-HOUR-LAST-EXTERNAL
2022-03-11 19:55:00,24.51,24.5496,24.469999,24.485,173750.0,PLUG.NYSE-4-HOUR-LAST-EXTERNAL
2022-03-11 21:00:00,24.44,24.44,24.44,24.44,743565.0,PLUG.NYSE-4-HOUR-LAST-EXTERNAL
2022-03-14 15:55:00,22.92,22.92,22.815,22.86,139174.0,PLUG.NYSE-4-HOUR-LAST-EXTERNAL
2022-03-14 19:55:00,22.399999,22.5,22.399999,22.485,688820.0,PLUG.NYSE-4-HOUR-LAST-EXTERNAL
2022-03-15 15:55:00,21.87,22.0,21.795,21.995,278807.0,PLUG.NYSE-4-HOUR-LAST-EXTERNAL
2022-03-15 19:55:00,23.059999,23.135599,23.02,23.1,511492.0,PLUG.NYSE-4-HOUR-LAST-EXTERNAL
2022-03-16 15:55:00,23.995,24.010099,23.934999,23.979999,106439.0,PLUG.NYSE-4-HOUR-LAST-EXTERNAL
2022-03-16 19:55:00,24.149999,24.155,23.985,24.0,2006609.0,PLUG.NYSE-4-HOUR-LAST-EXTERNAL
2022-03-17 15:55:00,24.76,24.809999,24.68,24.77,131088.0,PLUG.NYSE-4-HOUR-LAST-EXTERNAL
2022-03-17 19:55:00,25.62,25.659999,25.59,25.659999,836568.0,PLUG.NYSE-4-HOUR-LAST-EXTERNAL
2022-03-18 15:55:00,25.67,25.815,25.67,25.79,193635.0,PLUG.NYSE-4-HOUR-LAST-EXTERNAL
2022-03-18 19:55:00,26.084999,26.2,26.040899,26.149999,1189071.0,PLUG.NYSE-4-HOUR-LAST-EXTERNAL
2022-03-21 15:55:00,25.93,26.018899,25.9241,26.01,124875.0,PLUG.NYSE-4-HOUR-LAST-EXTERNAL
2022-03-21 19:55:00,25.78,25.84,25.78,25.799999,349151.0,PLUG.NYSE-4-HOUR-LAST-EXTERNAL
2022-03-22 15:55:00,27.329999,27.329999,27.17,27.194999,180767.0,PLUG.NYSE-4-HOUR-LAST-EXTERNAL
2022-03-22 19:55:00,27.209999,27.264999,27.184999,27.26,503881.0,PLUG.NYSE-4-HOUR-LAST-EXTERNAL
2022-03-23 15:55:00,28.555,28.924999,28.555,28.915,639632.0,PLUG.NYSE-4-HOUR-LAST-EXTERNAL
2022-03-23 19:55:00,27.68,27.739999,27.629999,27.629999,358824.0,PLUG.NYSE-4-HOUR-LAST-EXTERNAL
2022-03-24 15:55:00,27.6,27.649999,27.52,27.62,165737.0,PLUG.NYSE-4-HOUR-LAST-EXTERNAL
2022-03-24 19:55:00,28.332099,28.459999,28.332099,28.459999,546439.0,PLUG.NYSE-4-HOUR-LAST-EXTERNAL
2022-03-25 15:55:00,27.389999,27.459999,27.379999,27.389999,170029.0,PLUG.NYSE-4-HOUR-LAST-EXTERNAL
2022-03-25 19:55:00,27.94,27.959999,27.92,27.94,537694.0,PLUG.NYSE-4-HOUR-LAST-EXTERNAL
2022-03-28 15:55:00,27.61,27.62,27.52,27.529199,111708.0,PLUG.NYSE-4-HOUR-LAST-EXTERNAL
2022-03-28 19:55:00,28.0,28.096399,27.979999,28.079999,466283.0,PLUG.NYSE-4-HOUR-LAST-EXTERNAL
2022-03-29 15:55:00,29.259899,29.264999,29.084999,29.165,200409.0,PLUG.NYSE-4-HOUR-LAST-EXTERNAL
2022-03-29 19:55:00,29.54,29.659999,29.54,29.659999,561467.0,PLUG.NYSE-4-HOUR-LAST-EXTERNAL
2022-03-30 15:55:00,29.11,29.219999,29.1,29.139999,237653.0,PLUG.NYSE-4-HOUR-LAST-EXTERNAL
2022-03-30 19:55:00,28.409999,28.465,28.319999,28.389999,841265.0,PLUG.NYSE-4-HOUR-LAST-EXTERNAL
2022-03-31 15:55:00,29.239099,29.319999,29.18,29.315,163656.0,PLUG.NYSE-4-HOUR-LAST-EXTERNAL
2022-03-31 19:55:00,28.754999,28.76,28.6,28.61,622224.0,PLUG.NYSE-4-HOUR-LAST-EXTERNAL
2022-04-01 15:55:00,28.29,28.29,28.12,28.1497,122100.0,PLUG.NYSE-4-HOUR-LAST-EXTERNAL
2022-04-01 19:55:00,28.329999,28.379999,28.305,28.34,392682.0,PLUG.NYSE-4-HOUR-LAST-EXTERNAL
2022-04-04 15:55:00,31.759899,31.759899,31.579999,31.594999,389405.0,PLUG.NYSE-4-HOUR-LAST-EXTERNAL
2022-04-04 19:55:00,31.629999,31.77,31.59,31.75,851592.0,PLUG.NYSE-4-HOUR-LAST-EXTERNAL
2022-04-05 15:55:00,30.84,30.889999,30.805,30.86,119373.0,PLUG.NYSE-4-HOUR-LAST-EXTERNAL
2022-04-05 19:55:00,30.5,30.575,30.395,30.45,690863.0,PLUG.NYSE-4-HOUR-LAST-EXTERNAL
2022-04-06 15:55:00,28.209999,28.219999,28.075,28.17,179534.0,PLUG.NYSE-4-HOUR-LAST-EXTERNAL
2022-04-06 19:55:00,28.329999,28.34,28.25,28.29,473940.0,PLUG.NYSE-4-HOUR-LAST-EXTERNAL
2022-04-07 15:55:00,26.93,27.0,26.909999,26.989099,199634.0,PLUG.NYSE-4-HOUR-LAST-EXTERNAL
2022-04-07 19:55:00,27.34,27.3488,27.28,27.319999,392648.0,PLUG.NYSE-4-HOUR-LAST-EXTERNAL
2022-04-08 15:55:00,26.459999,26.555,26.424999,26.545,100253.0,PLUG.NYSE-4-HOUR-LAST-EXTERNAL
2022-04-08 19:55:00,26.065,26.075,25.975,26.02,622288.0,PLUG.NYSE-4-HOUR-LAST-EXTERNAL
2022-04-11 15:55:00,25.879999,26.01,25.84,25.969999,167073.0,PLUG.NYSE-4-HOUR-LAST-EXTERNAL
2022-04-11 19:55:00,26.159999,26.239999,26.155,26.219999,471672.0,PLUG.NYSE-4-HOUR-LAST-EXTERNAL
2022-04-12 15:55:00,26.645,26.645,26.434999,26.454999,94151.0,PLUG.NYSE-4-HOUR-LAST-EXTERNAL
2022-04-12 19:55:00,25.93,25.94,25.889999,25.92,300955.0,PLUG.NYSE-4-HOUR-LAST-EXTERNAL
2022-04-13 15:55:00,26.788499,26.879999,26.78,26.87,100094.0,PLUG.NYSE-4-HOUR-LAST-EXTERNAL
2022-04-13 19:55:00,26.739999,26.767499,26.725,26.75,332202.0,PLUG.NYSE-4-HOUR-LAST-EXTERNAL
2022-04-14 15:55:00,25.954999,25.969999,25.895,25.92,86741.0,PLUG.NYSE-4-HOUR-LAST-EXTERNAL
2022-04-14 19:55:00,25.84,25.879999,25.76,25.77,503908.0,PLUG.NYSE-4-HOUR-LAST-EXTERNAL
2022-04-18 15:55:00,25.209999,25.35,25.18,25.329999,83993.0,PLUG.NYSE-4-HOUR-LAST-EXTERNAL
2022-04-18 19:55:00,25.465,25.584999,25.459999,25.549999,519710.0,PLUG.NYSE-4-HOUR-LAST-EXTERNAL
2022-04-19 15:55:00,27.909999,27.92,27.864999,27.895,509693.0,PLUG.NYSE-4-HOUR-LAST-EXTERNAL
2022-04-19 19:55:00,28.045,28.094999,28.034999,28.049999,881056.0,PLUG.NYSE-4-HOUR-LAST-EXTERNAL
2022-04-20 15:55:00,27.149999,27.25,27.149999,27.25,148265.0,PLUG.NYSE-4-HOUR-LAST-EXTERNAL
2022-04-20 19:55:00,26.715,26.715,26.611,26.629999,694829.0,PLUG.NYSE-4-HOUR-LAST-EXTERNAL
2022-04-21 15:55:00,24.069,24.069,23.899999,23.901899,342190.0,PLUG.NYSE-4-HOUR-LAST-EXTERNAL
2022-04-21 19:55:00,22.985,22.985,22.86,22.864999,691660.0,PLUG.NYSE-4-HOUR-LAST-EXTERNAL
2022-04-22 15:55:00,22.36,22.3698,22.25,22.251499,183112.0,PLUG.NYSE-4-HOUR-LAST-EXTERNAL
2022-04-22 19:55:00,22.049999,22.049999,22.0,22.014999,818690.0,PLUG.NYSE-4-HOUR-LAST-EXTERNAL
2022-04-25 15:55:00,22.02,22.045,21.94,21.95,147984.0,PLUG.NYSE-4-HOUR-LAST-EXTERNAL
2022-04-25 19:55:00,22.79,22.79,22.715,22.75,764399.0,PLUG.NYSE-4-HOUR-LAST-EXTERNAL
2022-04-26 15:55:00,22.1501,22.1599,22.049999,22.059999,126213.0,PLUG.NYSE-4-HOUR-LAST-EXTERNAL
2022-04-26 19:55:00,22.35,22.44,22.309999,22.315,621984.0,PLUG.NYSE-4-HOUR-LAST-EXTERNAL
2022-04-27 15:55:00,22.0,22.1,21.959999,22.0953,175943.0,PLUG.NYSE-4-HOUR-LAST-EXTERNAL
2022-04-27 19:55:00,22.159999,22.194999,22.114999,22.129999,493288.0,PLUG.NYSE-4-HOUR-LAST-EXTERNAL
2022-04-28 15:55:00,20.17,20.19,20.079999,20.149999,259428.0,PLUG.NYSE-4-HOUR-LAST-EXTERNAL
2022-04-28 19:55:00,21.69,21.774999,21.649999,21.75,1293985.0,PLUG.NYSE-4-HOUR-LAST-EXTERNAL
2022-04-29 15:55:00,22.354999,22.354999,22.209999,22.215,72308.0,PLUG.NYSE-4-HOUR-LAST-EXTERNAL
2022-04-29 19:55:00,21.004999,21.055,20.975,21.0,847398.0,PLUG.NYSE-4-HOUR-LAST-EXTERNAL
2022-05-02 15:55:00,21.069999,21.209999,21.049999,21.2,94099.0,PLUG.NYSE-4-HOUR-LAST-EXTERNAL
2022-05-02 19:55:00,21.7,21.75,21.674999,21.709999,414360.0,PLUG.NYSE-4-HOUR-LAST-EXTERNAL
2022-05-03 15:55:00,21.86,21.95,21.844999,21.93,92512.0,PLUG.NYSE-4-HOUR-LAST-EXTERNAL
2022-05-03 19:55:00,21.545,21.569999,21.52,21.53,365091.0,PLUG.NYSE-4-HOUR-LAST-EXTERNAL
2022-05-04 15:55:00,21.87,21.879999,21.75,21.78,246046.0,PLUG.NYSE-4-HOUR-LAST-EXTERNAL
2022-05-04 19:55:00,23.385,23.43,23.35,23.399999,817845.0,PLUG.NYSE-4-HOUR-LAST-EXTERNAL
2022-05-05 15:55:00,21.11,21.17,21.1,21.165,224556.0,PLUG.NYSE-4-HOUR-LAST-EXTERNAL
2022-05-05 19:55:00,21.184999,21.26,21.135,21.239999,1223567.0,PLUG.NYSE-4-HOUR-LAST-EXTERNAL
2022-05-06 15:55:00,19.86,19.899999,19.719999,19.735,121727.0,PLUG.NYSE-4-HOUR-LAST-EXTERNAL
2022-05-06 19:55:00,19.399999,19.465,19.37,19.398799,1082830.0,PLUG.NYSE-4-HOUR-LAST-EXTERNAL
2022-05-09 15:55:00,17.17,17.329999,17.140399,17.27,323735.0,PLUG.NYSE-4-HOUR-LAST-EXTERNAL
2022-05-09 19:55:00,16.6,16.719999,16.59,16.639999,1065809.0,PLUG.NYSE-4-HOUR-LAST-EXTERNAL
2022-05-10 15:55:00,15.234999,15.5,15.17,15.491299,495081.0,PLUG.NYSE-4-HOUR-LAST-EXTERNAL
2022-05-10 19:55:00,15.664999,15.729999,15.619999,15.704999,826567.0,PLUG.NYSE-4-HOUR-LAST-EXTERNAL
2022-05-11 15:55:00,14.699999,14.71,14.609999,14.689999,297375.0,PLUG.NYSE-4-HOUR-LAST-EXTERNAL
2022-05-11 19:55:00,13.479999,13.479999,13.439999,13.440099,1108579.0,PLUG.NYSE-4-HOUR-LAST-EXTERNAL
2022-05-12 15:55:00,13.72,13.72,13.524999,13.524999,449162.0,PLUG.NYSE-4-HOUR-LAST-EXTERNAL
2022-05-12 19:55:00,13.494999,13.59,13.465,13.59,883857.0,PLUG.NYSE-4-HOUR-LAST-EXTERNAL
2022-05-13 15:55:00,15.18,15.188899,15.109999,15.13,198344.0,PLUG.NYSE-4-HOUR-LAST-EXTERNAL
2022-05-13 19:55:00,15.02,15.06,14.944999,15.05,1068511.0,PLUG.NYSE-4-HOUR-LAST-EXTERNAL
2022-05-16 15:55:00,15.018699,15.048899,14.935,14.96,229584.0,PLUG.NYSE-4-HOUR-LAST-EXTERNAL
2022-05-16 19:55:00,14.515,14.52,14.43,14.5,842570.0,PLUG.NYSE-4-HOUR-LAST-EXTERNAL
2022-05-17 15:55:00,16.19,16.2,16.114999,16.149999,313003.0,PLUG.NYSE-4-HOUR-LAST-EXTERNAL
2022-05-17 19:55:00,16.469999,16.549999,16.45,16.54,1351308.0,PLUG.NYSE-4-HOUR-LAST-EXTERNAL
2022-05-18 15:55:00,16.395,16.43,16.319999,16.325,191980.0,PLUG.NYSE-4-HOUR-LAST-EXTERNAL
2022-05-18 19:55:00,15.81,15.909999,15.81,15.88,975749.0,PLUG.NYSE-4-HOUR-LAST-EXTERNAL
2022-05-19 15:55:00,16.985,17.1,16.94,17.069999,288776.0,PLUG.NYSE-4-HOUR-LAST-EXTERNAL
2022-05-19 19:55:00,16.579999,16.61,16.54,16.579999,660734.0,PLUG.NYSE-4-HOUR-LAST-EXTERNAL
2022-05-20 15:55:00,16.069999,16.1,16.0,16.001199,188080.0,PLUG.NYSE-4-HOUR-LAST-EXTERNAL
2022-05-20 19:55:00,16.454999,16.469999,16.4101,16.45,859342.0,PLUG.NYSE-4-HOUR-LAST-EXTERNAL
2022-05-23 15:55:00,16.51,16.555,16.475,16.479999,167263.0,PLUG.NYSE-4-HOUR-LAST-EXTERNAL
2022-05-23 19:55:00,16.565,16.659999,16.555,16.639999,673277.0,PLUG.NYSE-4-HOUR-LAST-EXTERNAL
2022-05-24 15:55:00,15.42,15.55,15.3999,15.449999,451021.0,PLUG.NYSE-4-HOUR-LAST-EXTERNAL
2022-05-24 19:55:00,15.159999,15.18,15.14,15.17,727376.0,PLUG.NYSE-4-HOUR-LAST-EXTERNAL
2022-05-25 15:55:00,15.439999,15.489999,15.404999,15.404999,80888.0,PLUG.NYSE-4-HOUR-LAST-EXTERNAL
2022-05-25 19:55:00,15.75,15.8,15.729999,15.76,765112.0,PLUG.NYSE-4-HOUR-LAST-EXTERNAL
2022-05-26 15:55:00,16.784999,16.864999,16.784999,16.8586,162839.0,PLUG.NYSE-4-HOUR-LAST-EXTERNAL
2022-05-26 19:55:00,17.069999,17.1,17.01,17.069999,706168.0,PLUG.NYSE-4-HOUR-LAST-EXTERNAL
2022-05-27 15:55:00,18.789899,18.84,18.719999,18.774999,492884.0,PLUG.NYSE-4-HOUR-LAST-EXTERNAL
2022-05-27 19:55:00,18.975,19.059999,18.969999,19.059999,1222784.0,PLUG.NYSE-4-HOUR-LAST-EXTERNAL
2022-05-31 15:55:00,18.819999,18.879999,18.77,18.78,283891.0,PLUG.NYSE-4-HOUR-LAST-EXTERNAL
2022-05-31 19:55:00,18.489999,18.54,18.459999,18.51,2135731.0,PLUG.NYSE-4-HOUR-LAST-EXTERNAL
2022-06-01 15:55:00,17.917999,17.917999,17.75,17.764999,163060.0,PLUG.NYSE-4-HOUR-LAST-EXTERNAL
2022-06-01 19:55:00,17.93,17.971,17.909999,17.92,856067.0,PLUG.NYSE-4-HOUR-LAST-EXTERNAL
2022-06-02 15:55:00,18.637599,18.637599,18.52,18.565,238102.0,PLUG.NYSE-4-HOUR-LAST-EXTERNAL
2022-06-02 19:55:00,18.219999,18.29,18.215,18.29,870440.0,PLUG.NYSE-4-HOUR-LAST-EXTERNAL
2022-06-03 15:55:00,17.75,17.87,17.739999,17.86,167339.0,PLUG.NYSE-4-HOUR-LAST-EXTERNAL
2022-06-03 19:55:00,17.899999,17.94,17.889999,17.899999,418217.0,PLUG.NYSE-4-HOUR-LAST-EXTERNAL
2022-06-06 15:55:00,18.614999,18.728,18.6,18.6802,146964.0,PLUG.NYSE-4-HOUR-LAST-EXTERNAL
2022-06-06 19:55:00,18.549999,18.61,18.534999,18.5701,513078.0,PLUG.NYSE-4-HOUR-LAST-EXTERNAL
2022-06-07 15:55:00,18.295,18.449899,18.29,18.43,166600.0,PLUG.NYSE-4-HOUR-LAST-EXTERNAL
2022-06-07 19:55:00,18.86,18.889999,18.831399,18.844999,613258.0,PLUG.NYSE-4-HOUR-LAST-EXTERNAL
2022-06-08 15:55:00,18.829999,18.879999,18.79,18.799999,149947.0,PLUG.NYSE-4-HOUR-LAST-EXTERNAL
2022-06-08 19:55:00,18.549999,18.565,18.479999,18.549999,601037.0,PLUG.NYSE-4-HOUR-LAST-EXTERNAL
2022-06-09 15:55:00,17.62,17.649999,17.582399,17.59,186373.0,PLUG.NYSE-4-HOUR-LAST-EXTERNAL
2022-06-09 19:55:00,16.979999,16.995,16.92,16.92,681968.0,PLUG.NYSE-4-HOUR-LAST-EXTERNAL
2022-06-10 15:55:00,15.93,16.065,15.910099,16.034999,159896.0,PLUG.NYSE-4-HOUR-LAST-EXTERNAL
2022-06-10 19:55:00,15.965,15.989999,15.949999,15.96,685759.0,PLUG.NYSE-4-HOUR-LAST-EXTERNAL
2022-06-13 15:55:00,14.255,14.3,14.239999,14.2601,135014.0,PLUG.NYSE-4-HOUR-LAST-EXTERNAL
2022-06-13 19:55:00,14.175,14.199999,14.159999,14.199999,757941.0,PLUG.NYSE-4-HOUR-LAST-EXTERNAL
2022-06-14 15:55:00,14.295,14.439999,14.289999,14.385,214454.0,PLUG.NYSE-4-HOUR-LAST-EXTERNAL
2022-06-14 19:55:00,14.204999,14.22,14.189999,14.199999,567283.0,PLUG.NYSE-4-HOUR-LAST-EXTERNAL
2022-06-15 15:55:00,14.985199,15.06,14.975,15.045,151046.0,PLUG.NYSE-4-HOUR-LAST-EXTERNAL
2022-06-15 19:55:00,15.215,15.26,15.21,15.229999,609456.0,PLUG.NYSE-4-HOUR-LAST-EXTERNAL
2022-06-16 15:55:00,14.159999,14.22,14.14,14.22,174062.0,PLUG.NYSE-4-HOUR-LAST-EXTERNAL
2022-06-16 19:55:00,14.159999,14.27,14.1513,14.26,756058.0,PLUG.NYSE-4-HOUR-LAST-EXTERNAL
2022-06-17 15:55:00,15.34,15.42,15.314999,15.359999,108388.0,PLUG.NYSE-4-HOUR-LAST-EXTERNAL
2022-06-17 19:55:00,15.84,15.859999,15.81,15.829999,1179985.0,PLUG.NYSE-4-HOUR-LAST-EXTERNAL
2022-06-21 15:55:00,16.652399,16.689399,16.639999,16.655,172481.0,PLUG.NYSE-4-HOUR-LAST-EXTERNAL
2022-06-21 19:55:00,16.629999,16.649999,16.555,16.579999,717143.0,PLUG.NYSE-4-HOUR-LAST-EXTERNAL
2022-06-22 15:55:00,16.93,16.95,16.819999,16.819999,155297.0,PLUG.NYSE-4-HOUR-LAST-EXTERNAL
2022-06-22 19:55:00,16.93,16.965,16.879999,16.879999,534484.0,PLUG.NYSE-4-HOUR-LAST-EXTERNAL
2022-06-23 15:55:00,17.43,17.45,17.329999,17.34,225129.0,PLUG.NYSE-4-HOUR-LAST-EXTERNAL
2022-06-23 19:55:00,17.84,17.905,17.825,17.87,762498.0,PLUG.NYSE-4-HOUR-LAST-EXTERNAL
2022-06-24 15:55:00,17.75,17.79,17.719999,17.784999,108987.0,PLUG.NYSE-4-HOUR-LAST-EXTERNAL
2022-06-24 19:55:00,18.235,18.25,18.19,18.25,776306.0,PLUG.NYSE-4-HOUR-LAST-EXTERNAL
2022-06-27 15:55:00,18.309999,18.344999,18.235,18.27,228353.0,PLUG.NYSE-4-HOUR-LAST-EXTERNAL
2022-06-27 19:55:00,18.03,18.1,18.02,18.1,337844.0,PLUG.NYSE-4-HOUR-LAST-EXTERNAL
2022-06-28 15:55:00,17.37,17.459999,17.35,17.43,149883.0,PLUG.NYSE-4-HOUR-LAST-EXTERNAL
2022-06-28 19:55:00,17.125,17.139999,17.069999,17.129999,657488.0,PLUG.NYSE-4-HOUR-LAST-EXTERNAL
2022-06-29 15:55:00,16.17,16.18,16.09,16.139999,96344.0,PLUG.NYSE-4-HOUR-LAST-EXTERNAL
2022-06-29 19:55:00,16.299999,16.379999,16.299999,16.35,448002.0,PLUG.NYSE-4-HOUR-LAST-EXTERNAL
2022-06-30 15:55:00,16.629999,16.7,16.59,16.684999,114797.0,PLUG.NYSE-4-HOUR-LAST-EXTERNAL
2022-06-30 19:55:00,16.549999,16.59,16.5,16.59,646988.0,PLUG.NYSE-4-HOUR-LAST-EXTERNAL
2022-07-01 15:55:00,16.77,16.809999,16.754999,16.805,126358.0,PLUG.NYSE-4-HOUR-LAST-EXTERNAL
2022-07-01 19:55:00,17.139999,17.2,17.129999,17.19,411121.0,PLUG.NYSE-4-HOUR-LAST-EXTERNAL
2022-07-05 15:55:00,16.629899,16.715,16.6,16.715,300413.0,PLUG.NYSE-4-HOUR-LAST-EXTERNAL
2022-07-05 19:55:00,17.569999,17.62,17.51,17.61,710767.0,PLUG.NYSE-4-HOUR-LAST-EXTERNAL
2022-07-06 15:55:00,17.219999,17.35,17.2,17.309999,226441.0,PLUG.NYSE-4-HOUR-LAST-EXTERNAL
2022-07-06 19:55:00,17.479999,17.59,17.479999,17.59,385030.0,PLUG.NYSE-4-HOUR-LAST-EXTERNAL
2022-07-07 15:55:00,19.444999,19.459999,19.379999,19.409999,280688.0,PLUG.NYSE-4-HOUR-LAST-EXTERNAL
2022-07-07 19:55:00,19.114999,19.155,19.09,19.139999,633637.0,PLUG.NYSE-4-HOUR-LAST-EXTERNAL
2022-07-08 15:55:00,19.7665,19.829999,19.745,19.819999,118443.0,PLUG.NYSE-4-HOUR-LAST-EXTERNAL
2022-07-08 19:55:00,19.69,19.799999,19.684999,19.78,742867.0,PLUG.NYSE-4-HOUR-LAST-EXTERNAL
2022-07-11 15:55:00,18.305,18.334999,18.28,18.29,79362.0,PLUG.NYSE-4-HOUR-LAST-EXTERNAL
2022-07-11 19:55:00,18.459999,18.489999,18.43,18.459999,596800.0,PLUG.NYSE-4-HOUR-LAST-EXTERNAL
2022-07-12 15:55:00,17.85,17.995,17.84,17.995,115495.0,PLUG.NYSE-4-HOUR-LAST-EXTERNAL
2022-07-12 19:55:00,18.1,18.11,18.02,18.02,475984.0,PLUG.NYSE-4-HOUR-LAST-EXTERNAL
2022-07-13 15:55:00,18.25,18.2572,18.190099,18.219999,90490.0,PLUG.NYSE-4-HOUR-LAST-EXTERNAL
2022-07-13 19:55:00,18.295,18.299999,18.229999,18.239999,458194.0,PLUG.NYSE-4-HOUR-LAST-EXTERNAL
2022-07-14 15:55:00,17.75,17.799999,17.694999,17.799999,146338.0,PLUG.NYSE-4-HOUR-LAST-EXTERNAL
2022-07-14 19:55:00,17.735,17.77,17.729999,17.76,348111.0,PLUG.NYSE-4-HOUR-LAST-EXTERNAL
2022-07-15 15:55:00,15.63,15.63,15.51,15.539999,470227.0,PLUG.NYSE-4-HOUR-LAST-EXTERNAL
2022-07-15 19:55:00,15.4312,15.479999,15.4312,15.46,978618.0,PLUG.NYSE-4-HOUR-LAST-EXTERNAL
2022-07-18 15:55:00,16.84,16.899999,16.825,16.879999,153814.0,PLUG.NYSE-4-HOUR-LAST-EXTERNAL
2022-07-18 19:55:00,16.44,16.44,16.389999,16.424999,801102.0,PLUG.NYSE-4-HOUR-LAST-EXTERNAL
2022-07-19 15:55:00,17.024999,17.084999,17.024999,17.079999,99173.0,PLUG.NYSE-4-HOUR-LAST-EXTERNAL
2022-07-19 19:55:00,17.305,17.327499,17.28,17.299999,696330.0,PLUG.NYSE-4-HOUR-LAST-EXTERNAL
2022-07-20 15:55:00,18.059999,18.1,18.014999,18.075,140339.0,PLUG.NYSE-4-HOUR-LAST-EXTERNAL
2022-07-20 19:55:00,18.094999,18.139999,18.09,18.1,683336.0,PLUG.NYSE-4-HOUR-LAST-EXTERNAL
2022-07-21 15:55:00,18.059999,18.129999,18.059999,18.080099,136465.0,PLUG.NYSE-4-HOUR-LAST-EXTERNAL
2022-07-21 19:55:00,18.329999,18.35,18.309999,18.319999,405646.0,PLUG.NYSE-4-HOUR-LAST-EXTERNAL
2022-07-22 15:55:00,17.68,17.747499,17.649999,17.747499,218922.0,PLUG.NYSE-4-HOUR-LAST-EXTERNAL
2022-07-22 19:55:00,17.637899,17.655,17.62,17.639999,488281.0,PLUG.NYSE-4-HOUR-LAST-EXTERNAL
2022-07-25 15:55:00,17.59,17.61,17.559999,17.59,71272.0,PLUG.NYSE-4-HOUR-LAST-EXTERNAL
2022-07-25 19:55:00,17.495,17.52,17.459999,17.489999,520636.0,PLUG.NYSE-4-HOUR-LAST-EXTERNAL
2022-07-26 15:55:00,16.52,16.52,16.45,16.4601,146833.0,PLUG.NYSE-4-HOUR-LAST-EXTERNAL
2022-07-26 19:55:00,16.44,16.44,16.35,16.379999,644214.0,PLUG.NYSE-4-HOUR-LAST-EXTERNAL
2022-07-27 15:55:00,17.063899,17.11,17.049999,17.059999,157231.0,PLUG.NYSE-4-HOUR-LAST-EXTERNAL
2022-07-27 19:55:00,17.229999,17.25,17.155,17.174999,615688.0,PLUG.NYSE-4-HOUR-LAST-EXTERNAL
2022-07-28 15:55:00,21.67,21.799999,21.659999,21.779899,740375.0,PLUG.NYSE-4-HOUR-LAST-EXTERNAL
2022-07-28 19:55:00,21.639999,21.7,21.61,21.629999,1583644.0,PLUG.NYSE-4-HOUR-LAST-EXTERNAL
2022-07-29 15:55:00,20.909999,20.909999,20.819999,20.879999,267857.0,PLUG.NYSE-4-HOUR-LAST-EXTERNAL
2022-07-29 19:55:00,21.319999,21.399999,21.309999,21.329999,1167835.0,PLUG.NYSE-4-HOUR-LAST-EXTERNAL
2022-08-01 15:55:00,21.319999,21.36,21.28,21.28,106827.0,PLUG.NYSE-4-HOUR-LAST-EXTERNAL
2022-08-01 19:55:00,21.225,21.29,21.225,21.25,622736.0,PLUG.NYSE-4-HOUR-LAST-EXTERNAL
2022-08-02 15:55:00,22.94,22.989999,22.909999,22.944999,301953.0,PLUG.NYSE-4-HOUR-LAST-EXTERNAL
2022-08-02 19:55:00,23.329999,23.35,23.219999,23.235,963799.0,PLUG.NYSE-4-HOUR-LAST-EXTERNAL
2022-08-03 15:55:00,22.61,22.69,22.594999,22.68,157106.0,PLUG.NYSE-4-HOUR-LAST-EXTERNAL
2022-08-03 19:55:00,23.51,23.6,23.51,23.561,1228671.0,PLUG.NYSE-4-HOUR-LAST-EXTERNAL
2022-08-04 15:55:00,23.9185,23.934999,23.889999,23.895,107178.0,PLUG.NYSE-4-HOUR-LAST-EXTERNAL
2022-08-04 19:55:00,24.155,24.18,24.09,24.1,644239.0,PLUG.NYSE-4-HOUR-LAST-EXTERNAL
2022-08-05 15:55:00,25.239999,25.288799,25.17,25.18,198642.0,PLUG.NYSE-4-HOUR-LAST-EXTERNAL
2022-08-05 19:55:00,25.204999,25.26,25.174999,25.194999,730865.0,PLUG.NYSE-4-HOUR-LAST-EXTERNAL
2022-08-08 15:55:00,25.905,25.93,25.834999,25.85,180414.0,PLUG.NYSE-4-HOUR-LAST-EXTERNAL
2022-08-08 19:55:00,25.649999,25.67,25.59,25.62,630298.0,PLUG.NYSE-4-HOUR-LAST-EXTERNAL
2022-08-09 15:55:00,24.854999,24.879999,24.649999,24.67,296204.0,PLUG.NYSE-4-HOUR-LAST-EXTERNAL
2022-08-09 19:55:00,24.665,24.7,24.579999,24.649999,917342.0,PLUG.NYSE-4-HOUR-LAST-EXTERNAL
2022-08-10 15:55:00,28.849899,28.899999,28.690099,28.75,434218.0,PLUG.NYSE-4-HOUR-LAST-EXTERNAL
2022-08-10 19:55:00,28.844999,28.85,28.709999,28.77,1108524.0,PLUG.NYSE-4-HOUR-LAST-EXTERNAL
2022-08-11 15:55:00,28.649999,28.799999,28.625999,28.764999,222366.0,PLUG.NYSE-4-HOUR-LAST-EXTERNAL
2022-08-11 19:55:00,27.715,27.75,27.629999,27.739999,1048689.0,PLUG.NYSE-4-HOUR-LAST-EXTERNAL
2022-08-12 15:55:00,29.52,29.6,29.514999,29.524999,236148.0,PLUG.NYSE-4-HOUR-LAST-EXTERNAL
2022-08-12 19:55:00,29.45,29.549999,29.45,29.534999,1240472.0,PLUG.NYSE-4-HOUR-LAST-EXTERNAL
2022-08-15 15:55:00,30.78,30.84,30.719999,30.764999,323826.0,PLUG.NYSE-4-HOUR-LAST-EXTERNAL
2022-08-15 19:55:00,29.885,29.989999,29.87,29.959999,1058400.0,PLUG.NYSE-4-HOUR-LAST-EXTERNAL
2022-08-16 15:55:00,30.2,30.235,30.02,30.02,269590.0,PLUG.NYSE-4-HOUR-LAST-EXTERNAL
2022-08-16 19:55:00,29.235,29.25,29.159999,29.159999,773345.0,PLUG.NYSE-4-HOUR-LAST-EXTERNAL
2022-08-17 15:55:00,27.889999,27.969999,27.879999,27.969999,138621.0,PLUG.NYSE-4-HOUR-LAST-EXTERNAL
2022-08-17 19:55:00,28.37,28.5,28.37,28.469999,964744.0,PLUG.NYSE-4-HOUR-LAST-EXTERNAL
2022-08-18 15:55:00,28.709999,28.825,28.7,28.7264,146062.0,PLUG.NYSE-4-HOUR-LAST-EXTERNAL
2022-08-18 19:55:00,28.415,28.45,28.36,28.43,417767.0,PLUG.NYSE-4-HOUR-LAST-EXTERNAL
2022-08-19 15:55:00,26.799999,26.799999,26.6594,26.6594,152997.0,PLUG.NYSE-4-HOUR-LAST-EXTERNAL
2022-08-19 19:55:00,26.799999,26.87,26.799999,26.811599,539370.0,PLUG.NYSE-4-HOUR-LAST-EXTERNAL
2022-08-22 15:55:00,26.37,26.479999,26.369899,26.479999,199387.0,PLUG.NYSE-4-HOUR-LAST-EXTERNAL
2022-08-22 19:55:00,26.36,26.399999,26.34,26.389999,377377.0,PLUG.NYSE-4-HOUR-LAST-EXTERNAL
2022-08-23 15:55:00,26.305,26.305,26.209999,26.225,189916.0,PLUG.NYSE-4-HOUR-LAST-EXTERNAL
2022-08-23 19:55:00,26.165,26.18,26.1,26.12,680309.0,PLUG.NYSE-4-HOUR-LAST-EXTERNAL
2022-08-24 15:55:00,27.954999,27.969999,27.879999,27.930999,88580.0,PLUG.NYSE-4-HOUR-LAST-EXTERNAL
2022-08-24 19:55:00,27.59,27.604999,27.5,27.51,569467.0,PLUG.NYSE-4-HOUR-LAST-EXTERNAL
2022-08-25 15:55:00,29.159999,29.329999,29.12,29.284999,365834.0,PLUG.NYSE-4-HOUR-LAST-EXTERNAL
2022-08-25 19:55:00,29.898599,30.0,29.889999,29.989999,1010731.0,PLUG.NYSE-4-HOUR-LAST-EXTERNAL
2022-08-26 15:55:00,29.2,29.2,29.019899,29.069999,100968.0,PLUG.NYSE-4-HOUR-LAST-EXTERNAL
2022-08-26 19:55:00,28.954999,29.02,28.909999,28.92,779653.0,PLUG.NYSE-4-HOUR-LAST-EXTERNAL
2022-08-29 15:55:00,28.875799,28.979999,28.854999,28.92,248378.0,PLUG.NYSE-4-HOUR-LAST-EXTERNAL
2022-08-29 19:55:00,28.575,28.575,28.479999,28.489999,350560.0,PLUG.NYSE-4-HOUR-LAST-EXTERNAL
2022-08-30 15:55:00,28.4108,28.45,28.295,28.340099,229072.0,PLUG.NYSE-4-HOUR-LAST-EXTERNAL
2022-08-30 19:55:00,28.11,28.209999,28.104999,28.184999,630468.0,PLUG.NYSE-4-HOUR-LAST-EXTERNAL
2022-08-31 15:55:00,28.1,28.219999,28.1,28.17,112622.0,PLUG.NYSE-4-HOUR-LAST-EXTERNAL
2022-08-31 19:55:00,28.194999,28.194999,28.02,28.024999,622113.0,PLUG.NYSE-4-HOUR-LAST-EXTERNAL
2022-09-01 15:55:00,26.299999,26.318,26.209999,26.263999,132692.0,PLUG.NYSE-4-HOUR-LAST-EXTERNAL
2022-09-01 19:55:00,26.819999,26.95,26.795,26.92,712579.0,PLUG.NYSE-4-HOUR-LAST-EXTERNAL
2022-09-02 15:55:00,26.514999,26.514999,26.44,26.489999,116813.0,PLUG.NYSE-4-HOUR-LAST-EXTERNAL
2022-09-02 19:55:00,25.889999,25.924999,25.829999,25.87,579052.0,PLUG.NYSE-4-HOUR-LAST-EXTERNAL
2022-09-06 15:55:00,25.969999,26.04,25.885,25.909999,194524.0,PLUG.NYSE-4-HOUR-LAST-EXTERNAL
2022-09-06 19:55:00,25.784999,25.86,25.729999,25.85,584509.0,PLUG.NYSE-4-HOUR-LAST-EXTERNAL
2022-09-07 15:55:00,26.87,26.899999,26.85,26.8775,81781.0,PLUG.NYSE-4-HOUR-LAST-EXTERNAL
2022-09-07 19:55:00,27.479999,27.52,27.45,27.469999,588040.0,PLUG.NYSE-4-HOUR-LAST-EXTERNAL
2022-09-08 15:55:00,28.149999,28.149999,28.059999,28.084999,152735.0,PLUG.NYSE-4-HOUR-LAST-EXTERNAL
2022-09-08 19:55:00,29.079999,29.129999,29.059999,29.11,796717.0,PLUG.NYSE-4-HOUR-LAST-EXTERNAL
2022-09-09 15:55:00,29.78,29.87,29.729999,29.825,263116.0,PLUG.NYSE-4-HOUR-LAST-EXTERNAL
2022-09-09 19:55:00,29.989999,29.995,29.87,29.909999,706769.0,PLUG.NYSE-4-HOUR-LAST-EXTERNAL
2022-09-12 15:55:00,29.159999,29.28,29.11,29.209999,238431.0,PLUG.NYSE-4-HOUR-LAST-EXTERNAL
2022-09-12 19:55:00,29.995,30.03,29.979999,30.03,558785.0,PLUG.NYSE-4-HOUR-LAST-EXTERNAL
2022-09-13 15:55:00,28.625,28.659999,28.5,28.514999,172179.0,PLUG.NYSE-4-HOUR-LAST-EXTERNAL
2022-09-13 19:55:00,28.895,28.95,28.864999,28.909999,516046.0,PLUG.NYSE-4-HOUR-LAST-EXTERNAL
2022-09-14 15:55:00,28.985,29.0,28.879999,28.905,122208.0,PLUG.NYSE-4-HOUR-LAST-EXTERNAL
2022-09-14 19:55:00,29.59,29.625,29.549999,29.6,570181.0,PLUG.NYSE-4-HOUR-LAST-EXTERNAL
2022-09-15 15:55:00,29.204999,29.35,29.204999,29.329999,146690.0,PLUG.NYSE-4-HOUR-LAST-EXTERNAL
2022-09-15 19:55:00,29.329999,29.334999,29.25,29.305,555292.0,PLUG.NYSE-4-HOUR-LAST-EXTERNAL
2022-09-16 15:55:00,28.645,28.745,28.62,28.745,113720.0,PLUG.NYSE-4-HOUR-LAST-EXTERNAL
2022-09-16 19:55:00,28.125,28.28,28.114999,28.229999,1117737.0,PLUG.NYSE-4-HOUR-LAST-EXTERNAL
2022-09-19 15:55:00,27.469999,27.479999,27.354999,27.3701,109515.0,PLUG.NYSE-4-HOUR-LAST-EXTERNAL
2022-09-19 19:55:00,27.649999,27.719999,27.62,27.7108,497122.0,PLUG.NYSE-4-HOUR-LAST-EXTERNAL
2022-09-20 15:55:00,26.707199,26.78,26.7,26.76,98106.0,PLUG.NYSE-4-HOUR-LAST-EXTERNAL
2022-09-20 19:55:00,26.0,26.01,25.95,26.0,550185.0,PLUG.NYSE-4-HOUR-LAST-EXTERNAL
2022-09-21 15:55:00,26.305,26.329999,26.28,26.309999,59722.0,PLUG.NYSE-4-HOUR-LAST-EXTERNAL
2022-09-21 19:55:00,25.629999,25.639999,25.51,25.52,571253.0,PLUG.NYSE-4-HOUR-LAST-EXTERNAL
2022-09-22 15:55:00,24.301099,24.307899,24.2,24.25,114329.0,PLUG.NYSE-4-HOUR-LAST-EXTERNAL
2022-09-22 19:55:00,24.075,24.079999,23.909999,23.95,873992.0,PLUG.NYSE-4-HOUR-LAST-EXTERNAL
2022-09-23 15:55:00,22.729999,22.76,22.694999,22.719999,129100.0,PLUG.NYSE-4-HOUR-LAST-EXTERNAL
2022-09-23 19:55:00,22.54,22.649999,22.489999,22.645,867942.0,PLUG.NYSE-4-HOUR-LAST-EXTERNAL
2022-09-26 15:55:00,22.29,22.389999,22.2651,22.35,120076.0,PLUG.NYSE-4-HOUR-LAST-EXTERNAL
2022-09-26 19:55:00,21.799999,21.799999,21.659999,21.7,725565.0,PLUG.NYSE-4-HOUR-LAST-EXTERNAL
2022-09-27 15:55:00,22.319999,22.334999,22.260299,22.27,136096.0,PLUG.NYSE-4-HOUR-LAST-EXTERNAL
2022-09-27 19:55:00,21.930999,21.959999,21.829999,21.854999,1280400.0,PLUG.NYSE-4-HOUR-LAST-EXTERNAL
2022-09-28 15:55:00,22.139999,22.199899,22.135,22.18,105305.0,PLUG.NYSE-4-HOUR-LAST-EXTERNAL
2022-09-28 19:55:00,22.54,22.5683,22.489999,22.504999,725327.0,PLUG.NYSE-4-HOUR-LAST-EXTERNAL
2022-09-29 15:55:00,21.094999,21.129999,21.0512,21.059999,262013.0,PLUG.NYSE-4-HOUR-LAST-EXTERNAL
2022-09-29 19:55:00,20.959999,21.075,20.924999,21.04,746115.0,PLUG.NYSE-4-HOUR-LAST-EXTERNAL
2022-09-30 15:55:00,21.68,21.694999,21.639999,21.68,84281.0,PLUG.NYSE-4-HOUR-LAST-EXTERNAL
2022-09-30 19:55:00,21.059999,21.059999,20.985,21.01,620435.0,PLUG.NYSE-4-HOUR-LAST-EXTERNAL
2022-10-03 15:55:00,21.51,21.52,21.44,21.5,142623.0,PLUG.NYSE-4-HOUR-LAST-EXTERNAL
2022-10-03 19:55:00,21.829999,21.864999,21.77,21.819999,515040.0,PLUG.NYSE-4-HOUR-LAST-EXTERNAL
2022-10-04 15:55:00,23.235,23.36,23.209999,23.36,90016.0,PLUG.NYSE-4-HOUR-LAST-EXTERNAL
2022-10-04 19:55:00,23.409999,23.45,23.34,23.379999,737341.0,PLUG.NYSE-4-HOUR-LAST-EXTERNAL
2022-10-05 15:55:00,21.325,21.360099,21.315,21.325,115786.0,PLUG.NYSE-4-HOUR-LAST-EXTERNAL
2022-10-05 19:55:00,21.965,21.989999,21.92,21.94,618744.0,PLUG.NYSE-4-HOUR-LAST-EXTERNAL
2022-10-06 15:55:00,21.278499,21.28,21.079999,21.1,241512.0,PLUG.NYSE-4-HOUR-LAST-EXTERNAL
2022-10-06 19:55:00,21.104999,21.12,21.059999,21.059999,635760.0,PLUG.NYSE-4-HOUR-LAST-EXTERNAL
2022-10-07 15:55:00,19.954999,19.995,19.909999,19.959999,151893.0,PLUG.NYSE-4-HOUR-LAST-EXTERNAL
2022-10-07 19:55:00,19.86,19.93,19.819999,19.899999,775337.0,PLUG.NYSE-4-HOUR-LAST-EXTERNAL
2022-10-10 15:55:00,19.889999,19.924999,19.834999,19.841899,90775.0,PLUG.NYSE-4-HOUR-LAST-EXTERNAL
2022-10-10 19:55:00,19.93,19.94,19.829999,19.84,404811.0,PLUG.NYSE-4-HOUR-LAST-EXTERNAL
2022-10-11 15:55:00,19.75,19.79,19.7,19.704999,85223.0,PLUG.NYSE-4-HOUR-LAST-EXTERNAL
2022-10-11 19:55:00,19.745,19.809999,19.745,19.799999,568987.0,PLUG.NYSE-4-HOUR-LAST-EXTERNAL
2022-10-12 15:55:00,18.9771,18.985,18.899999,18.909999,68368.0,PLUG.NYSE-4-HOUR-LAST-EXTERNAL
2022-10-12 19:55:00,18.915,18.969999,18.909999,18.92,571160.0,PLUG.NYSE-4-HOUR-LAST-EXTERNAL
2022-10-13 15:55:00,19.094999,19.125,18.969999,18.995,173572.0,PLUG.NYSE-4-HOUR-LAST-EXTERNAL
2022-10-13 19:55:00,19.239999,19.26,19.2,19.219999,453205.0,PLUG.NYSE-4-HOUR-LAST-EXTERNAL
2022-10-14 15:55:00,17.969999,17.975,17.879999,17.905,239604.0,PLUG.NYSE-4-HOUR-LAST-EXTERNAL
2022-10-14 19:55:00,18.11,18.11,17.989999,18.03,754921.0,PLUG.NYSE-4-HOUR-LAST-EXTERNAL
2022-10-17 15:55:00,19.080099,19.080099,18.954999,18.959999,102547.0,PLUG.NYSE-4-HOUR-LAST-EXTERNAL
2022-10-17 19:55:00,18.659999,18.659999,18.555,18.639999,805373.0,PLUG.NYSE-4-HOUR-LAST-EXTERNAL
2022-10-18 15:55:00,18.715,18.78,18.649999,18.7595,162008.0,PLUG.NYSE-4-HOUR-LAST-EXTERNAL
2022-10-18 19:55:00,19.1,19.129999,19.049999,19.125,660642.0,PLUG.NYSE-4-HOUR-LAST-EXTERNAL
2022-10-19 15:55:00,18.02,18.424999,17.979999,18.3299,1134148.0,PLUG.NYSE-4-HOUR-LAST-EXTERNAL
2022-10-19 19:55:00,16.965,16.969999,16.909999,16.944999,1180009.0,PLUG.NYSE-4-HOUR-LAST-EXTERNAL
2022-10-20 15:55:00,16.86,16.8756,16.75,16.76,168179.0,PLUG.NYSE-4-HOUR-LAST-EXTERNAL
2022-10-20 19:55:00,16.3801,16.389999,16.309999,16.319999,699529.0,PLUG.NYSE-4-HOUR-LAST-EXTERNAL
2022-10-21 15:55:00,16.129999,16.18,16.094999,16.17,151431.0,PLUG.NYSE-4-HOUR-LAST-EXTERNAL
2022-10-21 19:55:00,16.45,16.51,16.45,16.479999,1246056.0,PLUG.NYSE-4-HOUR-LAST-EXTERNAL
2022-10-24 15:55:00,16.055,16.09,16.04,16.080099,203122.0,PLUG.NYSE-4-HOUR-LAST-EXTERNAL
2022-10-24 19:55:00,15.744999,15.75,15.699999,15.729999,967254.0,PLUG.NYSE-4-HOUR-LAST-EXTERNAL
2022-10-25 15:55:00,16.68,16.729999,16.67,16.729999,140176.0,PLUG.NYSE-4-HOUR-LAST-EXTERNAL
2022-10-25 19:55:00,16.6,16.61,16.549999,16.565,777018.0,PLUG.NYSE-4-HOUR-LAST-EXTERNAL
2022-10-26 15:55:00,17.004999,17.049999,17.0,17.014999,108169.0,PLUG.NYSE-4-HOUR-LAST-EXTERNAL
2022-10-26 19:55:00,16.53,16.534999,16.409999,16.44,804410.0,PLUG.NYSE-4-HOUR-LAST-EXTERNAL
2022-10-27 15:55:00,16.17,16.17,16.09,16.1,111048.0,PLUG.NYSE-4-HOUR-LAST-EXTERNAL
2022-10-27 19:55:00,16.079999,16.09,16.02,16.084999,860600.0,PLUG.NYSE-4-HOUR-LAST-EXTERNAL
2022-10-28 15:55:00,15.694999,15.7299,15.659999,15.664999,93215.0,PLUG.NYSE-4-HOUR-LAST-EXTERNAL
2022-10-28 19:55:00,16.084999,16.11,16.069999,16.079999,507279.0,PLUG.NYSE-4-HOUR-LAST-EXTERNAL
2022-10-31 15:55:00,16.0,16.0275,15.895,15.96,248932.0,PLUG.NYSE-4-HOUR-LAST-EXTERNAL
2022-10-31 19:55:00,16.02,16.024999,15.97,15.975,628422.0,PLUG.NYSE-4-HOUR-LAST-EXTERNAL
2022-11-01 15:55:00,16.03,16.09,16.02,16.065,101378.0,PLUG.NYSE-4-HOUR-LAST-EXTERNAL
2022-11-01 19:55:00,15.699999,15.71,15.68,15.699999,647303.0,PLUG.NYSE-4-HOUR-LAST-EXTERNAL
2022-11-02 15:55:00,15.119999,15.14,15.079999,15.095,120516.0,PLUG.NYSE-4-HOUR-LAST-EXTERNAL
2022-11-02 19:55:00,14.77,14.81,14.71,14.71,1006557.0,PLUG.NYSE-4-HOUR-LAST-EXTERNAL
2022-11-03 15:55:00,14.75,14.77,14.72,14.739999,99354.0,PLUG.NYSE-4-HOUR-LAST-EXTERNAL
2022-11-03 19:55:00,14.640099,14.649999,14.59,14.6,703015.0,PLUG.NYSE-4-HOUR-LAST-EXTERNAL
2022-11-04 15:55:00,14.569999,14.6,14.529999,14.5317,153475.0,PLUG.NYSE-4-HOUR-LAST-EXTERNAL
2022-11-04 19:55:00,14.774999,14.8,14.739999,14.795,724806.0,PLUG.NYSE-4-HOUR-LAST-EXTERNAL
2022-11-07 15:55:00,14.85,14.869999,14.8,14.824999,190932.0,PLUG.NYSE-4-HOUR-LAST-EXTERNAL
2022-11-07 19:55:00,15.005,15.02,14.925,14.925,127580.0,PLUG.NYSE-4-HOUR-LAST-EXTERNAL
2022-11-07 21:00:00,14.979999,14.979999,14.979999,14.979999,758230.0,PLUG.NYSE-4-HOUR-LAST-EXTERNAL
2022-11-08 15:55:00,14.869999,14.949999,14.869999,14.902799,117632.0,PLUG.NYSE-4-HOUR-LAST-EXTERNAL
2022-11-08 19:55:00,14.659999,14.704999,14.649999,14.654999,140207.0,PLUG.NYSE-4-HOUR-LAST-EXTERNAL
2022-11-08 21:00:00,14.81,14.81,14.81,14.81,1728891.0,PLUG.NYSE-4-HOUR-LAST-EXTERNAL
2022-11-09 15:55:00,15.01,15.069999,14.899999,15.0,399576.0,PLUG.NYSE-4-HOUR-LAST-EXTERNAL
2022-11-09 19:55:00,14.561599,14.585,14.55,14.56,169840.0,PLUG.NYSE-4-HOUR-LAST-EXTERNAL
2022-11-09 21:00:00,14.609999,14.609999,14.609999,14.609999,1090463.0,PLUG.NYSE-4-HOUR-LAST-EXTERNAL
2022-11-10 15:55:00,16.35,16.42,16.315,16.395,127245.0,PLUG.NYSE-4-HOUR-LAST-EXTERNAL
2022-11-10 19:55:00,16.909999,16.935699,16.879999,16.924999,129368.0,PLUG.NYSE-4-HOUR-LAST-EXTERNAL
2022-11-10 21:00:00,17.01,17.01,17.01,17.01,1477845.0,PLUG.NYSE-4-HOUR-LAST-EXTERNAL
2022-11-11 15:55:00,18.0086,18.0086,17.86,17.87,236573.0,PLUG.NYSE-4-HOUR-LAST-EXTERNAL
2022-11-11 19:55:00,18.02,18.03,18.0,18.02,106158.0,PLUG.NYSE-4-HOUR-LAST-EXTERNAL
2022-11-11 21:00:00,17.889999,17.889999,17.889999,17.889999,924085.0,PLUG.NYSE-4-HOUR-LAST-EXTERNAL
2022-11-14 15:55:00,16.93,16.989999,16.915,16.959999,187354.0,PLUG.NYSE-4-HOUR-LAST-EXTERNAL
2022-11-14 19:55:00,17.299999,17.3798,17.299999,17.354999,163812.0,PLUG.NYSE-4-HOUR-LAST-EXTERNAL
2022-11-14 21:00:00,17.299999,17.299999,17.299999,17.299999,716445.0,PLUG.NYSE-4-HOUR-LAST-EXTERNAL
2022-11-15 15:55:00,17.84,17.86,17.79,17.819999,127699.0,PLUG.NYSE-4-HOUR-LAST-EXTERNAL
2022-11-15 19:55:00,17.489999,17.625,17.489999,17.6,110341.0,PLUG.NYSE-4-HOUR-LAST-EXTERNAL
2022-11-15 21:00:00,17.559999,17.559999,17.559999,17.559999,710904.0,PLUG.NYSE-4-HOUR-LAST-EXTERNAL
2022-11-16 15:55:00,16.375,16.42,16.34,16.344999,268815.0,PLUG.NYSE-4-HOUR-LAST-EXTERNAL
2022-11-16 19:55:00,16.62,16.649999,16.6,16.639999,89062.0,PLUG.NYSE-4-HOUR-LAST-EXTERNAL
2022-11-16 21:00:00,16.709999,16.709999,16.709999,16.709999,794370.0,PLUG.NYSE-4-HOUR-LAST-EXTERNAL
2022-11-17 15:55:00,16.02,16.029399,15.909999,15.914999,279259.0,PLUG.NYSE-4-HOUR-LAST-EXTERNAL
2022-11-17 19:55:00,16.314899,16.36,16.314899,16.34,118584.0,PLUG.NYSE-4-HOUR-LAST-EXTERNAL
2022-11-17 21:00:00,16.299999,16.299999,16.299999,16.299999,917212.0,PLUG.NYSE-4-HOUR-LAST-EXTERNAL
2022-11-18 15:55:00,15.88,15.89,15.739999,15.784999,218272.0,PLUG.NYSE-4-HOUR-LAST-EXTERNAL
2022-11-18 19:55:00,15.645,15.649999,15.635,15.64,75247.0,PLUG.NYSE-4-HOUR-LAST-EXTERNAL
2022-11-18 21:00:00,15.84,15.84,15.84,15.84,1031928.0,PLUG.NYSE-4-HOUR-LAST-EXTERNAL
2022-11-21 15:55:00,15.015,15.1,15.015,15.074999,190791.0,PLUG.NYSE-4-HOUR-LAST-EXTERNAL
2022-11-21 19:55:00,15.111399,15.125,15.1,15.109999,76026.0,PLUG.NYSE-4-HOUR-LAST-EXTERNAL
2022-11-21 21:00:00,15.189999,15.189999,15.189999,15.189999,990838.0,PLUG.NYSE-4-HOUR-LAST-EXTERNAL
2022-11-22 15:55:00,15.14,15.18,15.14,15.1701,122992.0,PLUG.NYSE-4-HOUR-LAST-EXTERNAL
2022-11-22 19:55:00,15.05,15.05,15.015,15.021599,77198.0,PLUG.NYSE-4-HOUR-LAST-EXTERNAL
2022-11-22 21:00:00,15.18,15.18,15.18,15.18,616579.0,PLUG.NYSE-4-HOUR-LAST-EXTERNAL
2022-11-23 15:55:00,15.3701,15.414999,15.359999,15.399999,165333.0,PLUG.NYSE-4-HOUR-LAST-EXTERNAL
2022-11-23 19:55:00,15.409999,15.42,15.3815,15.381799,62485.0,PLUG.NYSE-4-HOUR-LAST-EXTERNAL
2022-11-23 21:00:00,15.479999,15.479999,15.479999,15.479999,483403.0,PLUG.NYSE-4-HOUR-LAST-EXTERNAL
2022-11-25 15:55:00,15.555,15.63,15.545,15.628,123598.0,PLUG.NYSE-4-HOUR-LAST-EXTERNAL
2022-11-25 18:00:00,15.729999,15.729999,15.68,15.729999,105827.0,PLUG.NYSE-4-HOUR-LAST-EXTERNAL
2022-11-28 15:55:00,15.34,15.375,15.319999,15.319999,116812.0,PLUG.NYSE-4-HOUR-LAST-EXTERNAL
2022-11-28 19:55:00,15.005,15.01,14.979999,14.979999,95416.0,PLUG.NYSE-4-HOUR-LAST-EXTERNAL
2022-11-28 21:00:00,14.92,14.92,14.92,14.92,736454.0,PLUG.NYSE-4-HOUR-LAST-EXTERNAL
2022-11-29 15:55:00,15.35,15.3512,15.25,15.26,198621.0,PLUG.NYSE-4-HOUR-LAST-EXTERNAL
2022-11-29 19:55:00,14.9181,14.9294,14.901,14.914999,96441.0,PLUG.NYSE-4-HOUR-LAST-EXTERNAL
2022-11-29 21:00:00,14.899999,14.899999,14.899999,14.899999,513967.0,PLUG.NYSE-4-HOUR-LAST-EXTERNAL
2022-11-30 15:55:00,14.961299,15.02,14.961299,15.0,138556.0,PLUG.NYSE-4-HOUR-LAST-EXTERNAL
2022-11-30 19:55:00,15.520099,15.529999,15.479999,15.515,126086.0,PLUG.NYSE-4-HOUR-LAST-EXTERNAL
2022-11-30 21:00:00,15.96,15.96,15.96,15.96,661067.0,PLUG.NYSE-4-HOUR-LAST-EXTERNAL
2022-12-01 15:55:00,15.435,15.569999,15.435,15.569999,179503.0,PLUG.NYSE-4-HOUR-LAST-EXTERNAL
2022-12-01 19:55:00,15.734999,15.739999,15.689999,15.729999,97940.0,PLUG.NYSE-4-HOUR-LAST-EXTERNAL
2022-12-01 21:00:00,15.75,15.75,15.75,15.75,618081.0,PLUG.NYSE-4-HOUR-LAST-EXTERNAL
2022-12-02 15:55:00,15.699999,15.699999,15.614999,15.63,114200.0,PLUG.NYSE-4-HOUR-LAST-EXTERNAL
2022-12-02 19:55:00,15.845,15.88,15.84,15.88,73611.0,PLUG.NYSE-4-HOUR-LAST-EXTERNAL
2022-12-02 21:00:00,15.81,15.81,15.81,15.81,677105.0,PLUG.NYSE-4-HOUR-LAST-EXTERNAL
2022-12-05 15:55:00,15.42,15.489999,15.42,15.4818,52871.0,PLUG.NYSE-4-HOUR-LAST-EXTERNAL
2022-12-05 19:55:00,15.119999,15.119999,15.085,15.109999,84610.0,PLUG.NYSE-4-HOUR-LAST-EXTERNAL
2022-12-05 21:00:00,14.96,14.96,14.96,14.96,903776.0,PLUG.NYSE-4-HOUR-LAST-EXTERNAL
2022-12-06 15:55:00,13.88,13.92,13.875,13.895799,246412.0,PLUG.NYSE-4-HOUR-LAST-EXTERNAL
2022-12-06 19:55:00,13.84,13.8499,13.829999,13.8301,235105.0,PLUG.NYSE-4-HOUR-LAST-EXTERNAL
2022-12-06 21:00:00,13.819999,13.819999,13.819999,13.819999,1062338.0,PLUG.NYSE-4-HOUR-LAST-EXTERNAL
2022-12-07 15:55:00,13.871199,13.909999,13.859999,13.899999,128126.0,PLUG.NYSE-4-HOUR-LAST-EXTERNAL
2022-12-07 19:55:00,13.694999,13.71,13.68,13.704999,44198.0,PLUG.NYSE-4-HOUR-LAST-EXTERNAL
2022-12-07 21:00:00,13.68,13.68,13.68,13.68,450771.0,PLUG.NYSE-4-HOUR-LAST-EXTERNAL
2022-12-08 15:55:00,14.1152,14.13,14.034999,14.05,96039.0,PLUG.NYSE-4-HOUR-LAST-EXTERNAL
2022-12-08 19:55:00,13.84,13.84,13.779999,13.8,81335.0,PLUG.NYSE-4-HOUR-LAST-EXTERNAL
2022-12-08 21:00:00,13.779999,13.779999,13.779999,13.779999,564987.0,PLUG.NYSE-4-HOUR-LAST-EXTERNAL
2022-12-09 15:55:00,13.564999,13.64,13.5535,13.63,232851.0,PLUG.NYSE-4-HOUR-LAST-EXTERNAL
2022-12-09 19:55:00,13.414999,13.43,13.399999,13.413299,76139.0,PLUG.NYSE-4-HOUR-LAST-EXTERNAL
2022-12-09 21:00:00,13.359999,13.359999,13.359999,13.359999,540684.0,PLUG.NYSE-4-HOUR-LAST-EXTERNAL
2022-12-12 15:55:00,13.864999,13.97,13.864999,13.9699,287509.0,PLUG.NYSE-4-HOUR-LAST-EXTERNAL
2022-12-12 19:55:00,13.748,13.76,13.739999,13.744999,45174.0,PLUG.NYSE-4-HOUR-LAST-EXTERNAL
2022-12-12 21:00:00,13.93,13.93,13.93,13.93,476903.0,PLUG.NYSE-4-HOUR-LAST-EXTERNAL
2022-12-13 15:55:00,14.38,14.39,14.279999,14.31,152853.0,PLUG.NYSE-4-HOUR-LAST-EXTERNAL
2022-12-13 19:55:00,14.09,14.114999,14.085,14.104999,63347.0,PLUG.NYSE-4-HOUR-LAST-EXTERNAL
2022-12-13 21:00:00,14.109999,14.109999,14.109999,14.109999,812253.0,PLUG.NYSE-4-HOUR-LAST-EXTERNAL
2022-12-14 15:55:00,15.55,15.555,15.39,15.399999,388795.0,PLUG.NYSE-4-HOUR-LAST-EXTERNAL
2022-12-14 19:55:00,15.164999,15.189999,15.1,15.14,165193.0,PLUG.NYSE-4-HOUR-LAST-EXTERNAL
2022-12-14 21:00:00,15.21,15.21,15.21,15.21,830668.0,PLUG.NYSE-4-HOUR-LAST-EXTERNAL
2022-12-15 15:55:00,15.34,15.35,15.175,15.185,451497.0,PLUG.NYSE-4-HOUR-LAST-EXTERNAL
2022-12-15 19:55:00,14.71,14.729999,14.689999,14.72,121305.0,PLUG.NYSE-4-HOUR-LAST-EXTERNAL
2022-12-15 21:00:00,14.42,14.42,14.42,14.42,1946559.0,PLUG.NYSE-4-HOUR-LAST-EXTERNAL
2022-12-16 15:55:00,13.875,13.879899,13.81,13.85,209106.0,PLUG.NYSE-4-HOUR-LAST-EXTERNAL
2022-12-16 19:55:00,13.895,13.949999,13.89,13.92,114408.0,PLUG.NYSE-4-HOUR-LAST-EXTERNAL
2022-12-16 21:00:00,14.02,14.02,14.02,14.02,981806.0,PLUG.NYSE-4-HOUR-LAST-EXTERNAL
2022-12-19 15:55:00,13.21,13.239999,13.109999,13.109999,443801.0,PLUG.NYSE-4-HOUR-LAST-EXTERNAL
2022-12-19 19:55:00,12.914999,12.939999,12.909999,12.914999,105254.0,PLUG.NYSE-4-HOUR-LAST-EXTERNAL
2022-12-19 21:00:00,12.909999,12.909999,12.909999,12.909999,1012651.0,PLUG.NYSE-4-HOUR-LAST-EXTERNAL
2022-12-20 15:55:00,13.159999,13.189999,13.06,13.064999,269066.0,PLUG.NYSE-4-HOUR-LAST-EXTERNAL
2022-12-20 19:55:00,12.765,12.77,12.72,12.734999,55266.0,PLUG.NYSE-4-HOUR-LAST-EXTERNAL
2022-12-20 21:00:00,12.72,12.72,12.72,12.72,655633.0,PLUG.NYSE-4-HOUR-LAST-EXTERNAL
2022-12-21 15:55:00,12.975,13.125,12.975,13.1,317762.0,PLUG.NYSE-4-HOUR-LAST-EXTERNAL
2022-12-21 19:55:00,13.114999,13.14,13.104999,13.1399,122477.0,PLUG.NYSE-4-HOUR-LAST-EXTERNAL
2022-12-21 21:00:00,13.079999,13.079999,13.079999,13.079999,478902.0,PLUG.NYSE-4-HOUR-LAST-EXTERNAL
2022-12-22 15:55:00,12.2683,12.2699,12.22,12.25,198154.0,PLUG.NYSE-4-HOUR-LAST-EXTERNAL
2022-12-22 19:55:00,12.375399,12.409999,12.369999,12.395,82173.0,PLUG.NYSE-4-HOUR-LAST-EXTERNAL
2022-12-22 21:00:00,12.55,12.55,12.55,12.55,819135.0,PLUG.NYSE-4-HOUR-LAST-EXTERNAL
2022-12-23 15:55:00,12.46,12.479999,12.369999,12.376899,221936.0,PLUG.NYSE-4-HOUR-LAST-EXTERNAL
2022-12-23 19:55:00,12.345,12.364999,12.345,12.354999,61262.0,PLUG.NYSE-4-HOUR-LAST-EXTERNAL
2022-12-23 21:00:00,12.34,12.34,12.34,12.34,610280.0,PLUG.NYSE-4-HOUR-LAST-EXTERNAL
2022-12-27 15:55:00,12.045,12.045,11.96,11.989999,119436.0,PLUG.NYSE-4-HOUR-LAST-EXTERNAL
2022-12-27 19:55:00,11.8,11.805299,11.779999,11.8,56035.0,PLUG.NYSE-4-HOUR-LAST-EXTERNAL
2022-12-27 21:00:00,11.72,11.72,11.72,11.72,592078.0,PLUG.NYSE-4-HOUR-LAST-EXTERNAL
2022-12-28 15:55:00,11.515,11.539999,11.5,11.507699,96536.0,PLUG.NYSE-4-HOUR-LAST-EXTERNAL
2022-12-28 19:55:00,11.68,11.68,11.649999,11.659999,99225.0,PLUG.NYSE-4-HOUR-LAST-EXTERNAL
2022-12-28 21:00:00,11.71,11.71,11.71,11.71,721782.0,PLUG.NYSE-4-HOUR-LAST-EXTERNAL
2022-12-29 15:55:00,12.279999,12.3,12.239999,12.289999,143430.0,PLUG.NYSE-4-HOUR-LAST-EXTERNAL
2022-12-29 19:55:00,12.149999,12.149999,12.119999,12.119999,53058.0,PLUG.NYSE-4-HOUR-LAST-EXTERNAL
2022-12-29 21:00:00,12.229999,12.229999,12.229999,12.229999,555404.0,PLUG.NYSE-4-HOUR-LAST-EXTERNAL
2022-12-30 15:55:00,12.18,12.204999,12.17,12.18,79504.0,PLUG.NYSE-4-HOUR-LAST-EXTERNAL
2022-12-30 19:55:00,12.064999,12.1,12.05,12.095,76261.0,PLUG.NYSE-4-HOUR-LAST-EXTERNAL
2022-12-30 21:00:00,12.369999,12.369999,12.369999,12.369999,624232.0,PLUG.NYSE-4-HOUR-LAST-EXTERNAL
2023-01-03 15:55:00,12.38,12.5,12.369999,12.480099,117537.0,PLUG.NYSE-4-HOUR-LAST-EXTERNAL
2023-01-03 19:55:00,12.164999,12.204999,12.149999,12.159999,138065.0,PLUG.NYSE-4-HOUR-LAST-EXTERNAL
2023-01-03 21:00:00,12.18,12.18,12.18,12.18,551577.0,PLUG.NYSE-4-HOUR-LAST-EXTERNAL
2023-01-04 15:55:00,12.600099,12.609999,12.56,12.609999,135707.0,PLUG.NYSE-4-HOUR-LAST-EXTERNAL
2023-01-04 19:55:00,12.8899,12.97,12.8899,12.963299,125326.0,PLUG.NYSE-4-HOUR-LAST-EXTERNAL
2023-01-04 21:00:00,13.0,13.0,13.0,13.0,520827.0,PLUG.NYSE-4-HOUR-LAST-EXTERNAL
2023-01-05 15:55:00,12.569999,12.6099,12.569999,12.569999,78812.0,PLUG.NYSE-4-HOUR-LAST-EXTERNAL
2023-01-05 19:55:00,12.734999,12.739999,12.68,12.685,78304.0,PLUG.NYSE-4-HOUR-LAST-EXTERNAL
2023-01-05 21:00:00,12.659999,12.659999,12.659999,12.659999,605634.0,PLUG.NYSE-4-HOUR-LAST-EXTERNAL
2023-01-06 15:55:00,13.015,13.029999,12.979999,13.0,183464.0,PLUG.NYSE-4-HOUR-LAST-EXTERNAL
2023-01-06 19:55:00,13.335,13.35,13.324299,13.329999,104989.0,PLUG.NYSE-4-HOUR-LAST-EXTERNAL
2023-01-06 21:00:00,13.409999,13.409999,13.409999,13.409999,953916.0,PLUG.NYSE-4-HOUR-LAST-EXTERNAL
2023-01-09 15:55:00,14.14,14.145,14.0,14.0099,227542.0,PLUG.NYSE-4-HOUR-LAST-EXTERNAL
2023-01-09 19:55:00,14.479999,14.484999,14.369999,14.378299,205475.0,PLUG.NYSE-4-HOUR-LAST-EXTERNAL
2023-01-09 21:00:00,14.22,14.22,14.22,14.22,759837.0,PLUG.NYSE-4-HOUR-LAST-EXTERNAL
2023-01-10 15:55:00,14.199999,14.324999,14.149999,14.3,162614.0,PLUG.NYSE-4-HOUR-LAST-EXTERNAL
2023-01-10 19:55:00,14.774999,14.789999,14.75,14.765,141834.0,PLUG.NYSE-4-HOUR-LAST-EXTERNAL
2023-01-10 21:00:00,14.949999,14.949999,14.949999,14.949999,788441.0,PLUG.NYSE-4-HOUR-LAST-EXTERNAL
2023-01-11 15:55:00,15.515,15.529999,15.42,15.42,364162.0,PLUG.NYSE-4-HOUR-LAST-EXTERNAL
2023-01-11 19:55:00,15.965,16.0,15.96,15.994999,106400.0,PLUG.NYSE-4-HOUR-LAST-EXTERNAL
2023-01-11 21:00:00,16.209999,16.209999,16.209999,16.209999,1055596.0,PLUG.NYSE-4-HOUR-LAST-EXTERNAL
2023-01-12 15:55:00,16.2,16.239999,16.09,16.0991,232489.0,PLUG.NYSE-4-HOUR-LAST-EXTERNAL
2023-01-12 19:55:00,16.559999,16.61,16.559999,16.61,94608.0,PLUG.NYSE-4-HOUR-LAST-EXTERNAL
2023-01-12 21:00:00,16.79,16.79,16.79,16.79,759654.0,PLUG.NYSE-4-HOUR-LAST-EXTERNAL
2023-01-13 15:55:00,16.68,16.709999,16.59,16.62,210010.0,PLUG.NYSE-4-HOUR-LAST-EXTERNAL
2023-01-13 19:55:00,16.5,16.53,16.5,16.524999,67961.0,PLUG.NYSE-4-HOUR-LAST-EXTERNAL
2023-01-13 21:00:00,16.489999,16.489999,16.489999,16.489999,638494.0,PLUG.NYSE-4-HOUR-LAST-EXTERNAL
2023-01-17 15:55:00,16.745,16.79,16.68,16.784999,114211.0,PLUG.NYSE-4-HOUR-LAST-EXTERNAL
2023-01-17 19:55:00,17.0,17.0,16.959999,16.979999,59970.0,PLUG.NYSE-4-HOUR-LAST-EXTERNAL
2023-01-17 21:00:00,16.829999,16.829999,16.829999,16.829999,1113904.0,PLUG.NYSE-4-HOUR-LAST-EXTERNAL
2023-01-18 15:55:00,17.379999,17.5,17.309999,17.469999,436026.0,PLUG.NYSE-4-HOUR-LAST-EXTERNAL
2023-01-18 19:55:00,16.69,16.7,16.659999,16.674999,91985.0,PLUG.NYSE-4-HOUR-LAST-EXTERNAL
2023-01-18 21:00:00,16.7,16.7,16.7,16.7,817031.0,PLUG.NYSE-4-HOUR-LAST-EXTERNAL
2023-01-19 15:55:00,15.414999,15.414999,15.31,15.34,293331.0,PLUG.NYSE-4-HOUR-LAST-EXTERNAL
2023-01-19 19:55:00,15.319999,15.39,15.314999,15.38,92598.0,PLUG.NYSE-4-HOUR-LAST-EXTERNAL
2023-01-19 21:00:00,15.31,15.31,15.31,15.31,605610.0,PLUG.NYSE-4-HOUR-LAST-EXTERNAL
2023-01-20 15:55:00,15.529999,15.5499,15.479999,15.4818,150684.0,PLUG.NYSE-4-HOUR-LAST-EXTERNAL
2023-01-20 19:55:00,15.739999,15.77,15.729999,15.765,64725.0,PLUG.NYSE-4-HOUR-LAST-EXTERNAL
2023-01-20 21:00:00,15.899999,15.899999,15.899999,15.899999,672681.0,PLUG.NYSE-4-HOUR-LAST-EXTERNAL
2023-01-23 15:55:00,16.92,16.959999,16.885,16.94,280499.0,PLUG.NYSE-4-HOUR-LAST-EXTERNAL
2023-01-23 19:55:00,17.2325,17.29,17.229999,17.260299,171993.0,PLUG.NYSE-4-HOUR-LAST-EXTERNAL
2023-01-23 21:00:00,17.44,17.44,17.44,17.44,1165843.0,PLUG.NYSE-4-HOUR-LAST-EXTERNAL
2023-01-24 15:55:00,17.3598,17.399999,17.299999,17.325,166359.0,PLUG.NYSE-4-HOUR-LAST-EXTERNAL
2023-01-24 19:55:00,16.975,16.995,16.969999,16.9701,76955.0,PLUG.NYSE-4-HOUR-LAST-EXTERNAL
2023-01-24 21:00:00,16.739999,16.739999,16.739999,16.739999,725311.0,PLUG.NYSE-4-HOUR-LAST-EXTERNAL
2023-01-25 15:55:00,15.645,15.76,15.619999,15.75,170154.0,PLUG.NYSE-4-HOUR-LAST-EXTERNAL
2023-01-25 19:55:00,16.35,16.399999,16.344999,16.362499,100914.0,PLUG.NYSE-4-HOUR-LAST-EXTERNAL
2023-01-25 21:00:00,16.34,16.34,16.34,16.34,939982.0,PLUG.NYSE-4-HOUR-LAST-EXTERNAL
2023-01-26 15:55:00,15.1201,15.154999,15.029999,15.029999,516340.0,PLUG.NYSE-4-HOUR-LAST-EXTERNAL
2023-01-26 19:55:00,15.319999,15.359999,15.319999,15.35,98395.0,PLUG.NYSE-4-HOUR-LAST-EXTERNAL
2023-01-26 21:00:00,15.369999,15.369999,15.369999,15.369999,1008772.0,PLUG.NYSE-4-HOUR-LAST-EXTERNAL
2023-01-27 15:55:00,15.156,15.17,15.104999,15.145,197702.0,PLUG.NYSE-4-HOUR-LAST-EXTERNAL
2023-01-27 19:55:00,15.92,15.96,15.909999,15.93,184532.0,PLUG.NYSE-4-HOUR-LAST-EXTERNAL
2023-01-27 21:00:00,15.859999,15.859999,15.859999,15.859999,666192.0,PLUG.NYSE-4-HOUR-LAST-EXTERNAL
2023-01-30 15:55:00,15.425,15.4875,15.38,15.479999,203916.0,PLUG.NYSE-4-HOUR-LAST-EXTERNAL
2023-01-30 19:55:00,15.81,15.845899,15.779999,15.819999,162572.0,PLUG.NYSE-4-HOUR-LAST-EXTERNAL
2023-01-30 21:00:00,15.71,15.71,15.71,15.71,568657.0,PLUG.NYSE-4-HOUR-LAST-EXTERNAL
2023-01-31 15:55:00,16.309999,16.379999,16.305,16.379999,154916.0,PLUG.NYSE-4-HOUR-LAST-EXTERNAL
2023-01-31 19:55:00,16.895,16.909999,16.879999,16.885,126320.0,PLUG.NYSE-4-HOUR-LAST-EXTERNAL
2023-01-31 21:00:00,17.02,17.02,17.02,17.02,1190635.0,PLUG.NYSE-4-HOUR-LAST-EXTERNAL
2023-02-01 15:55:00,16.714199,16.76,16.649999,16.6625,237090.0,PLUG.NYSE-4-HOUR-LAST-EXTERNAL
2023-02-01 19:55:00,17.514999,17.549999,17.379999,17.459999,352650.0,PLUG.NYSE-4-HOUR-LAST-EXTERNAL
2023-02-01 21:00:00,17.68,17.68,17.68,17.68,675413.0,PLUG.NYSE-4-HOUR-LAST-EXTERNAL
2023-02-02 15:55:00,18.86,18.879999,18.704999,18.704999,307848.0,PLUG.NYSE-4-HOUR-LAST-EXTERNAL
2023-02-02 19:55:00,17.662099,17.6685,17.53,17.549999,236391.0,PLUG.NYSE-4-HOUR-LAST-EXTERNAL
2023-02-02 21:00:00,17.889999,17.889999,17.889999,17.889999,895132.0,PLUG.NYSE-4-HOUR-LAST-EXTERNAL
2023-02-03 15:55:00,17.889999,17.899999,17.689899,17.7294,217978.0,PLUG.NYSE-4-HOUR-LAST-EXTERNAL
2023-02-03 19:55:00,17.349899,17.375,17.270099,17.299999,68123.0,PLUG.NYSE-4-HOUR-LAST-EXTERNAL
2023-02-03 21:00:00,17.379999,17.379999,17.379999,17.379999,541164.0,PLUG.NYSE-4-HOUR-LAST-EXTERNAL
2023-02-06 15:55:00,16.655,16.67,16.6,16.625,140063.0,PLUG.NYSE-4-HOUR-LAST-EXTERNAL
2023-02-06 19:55:00,16.405,16.420099,16.382499,16.409999,69109.0,PLUG.NYSE-4-HOUR-LAST-EXTERNAL
2023-02-06 21:00:00,16.479999,16.479999,16.479999,16.479999,629498.0,PLUG.NYSE-4-HOUR-LAST-EXTERNAL
2023-02-07 15:55:00,15.84,15.84,15.77,15.780099,146344.0,PLUG.NYSE-4-HOUR-LAST-EXTERNAL
2023-02-07 19:55:00,15.92,15.92,15.869999,15.895,67506.0,PLUG.NYSE-4-HOUR-LAST-EXTERNAL
2023-02-07 21:00:00,16.139999,16.139999,16.139999,16.139999,1035259.0,PLUG.NYSE-4-HOUR-LAST-EXTERNAL
2023-02-08 15:55:00,16.254999,16.28,16.209999,16.2264,209853.0,PLUG.NYSE-4-HOUR-LAST-EXTERNAL
2023-02-08 19:55:00,16.0575,16.09,16.04,16.0615,153826.0,PLUG.NYSE-4-HOUR-LAST-EXTERNAL
2023-02-08 21:00:00,15.899999,15.899999,15.899999,15.899999,604978.0,PLUG.NYSE-4-HOUR-LAST-EXTERNAL
2023-02-09 15:55:00,15.8077,15.8318,15.77,15.829999,99654.0,PLUG.NYSE-4-HOUR-LAST-EXTERNAL
2023-02-09 19:55:00,15.484999,15.484999,15.43,15.4552,85213.0,PLUG.NYSE-4-HOUR-LAST-EXTERNAL
2023-02-09 21:00:00,15.359999,15.359999,15.359999,15.359999,636688.0,PLUG.NYSE-4-HOUR-LAST-EXTERNAL
2023-02-10 15:55:00,15.289999,15.3463,15.239999,15.335,149918.0,PLUG.NYSE-4-HOUR-LAST-EXTERNAL
2023-02-10 19:55:00,15.26,15.27,15.215,15.25,70530.0,PLUG.NYSE-4-HOUR-LAST-EXTERNAL
2023-02-10 21:00:00,15.359999,15.359999,15.359999,15.359999,617506.0,PLUG.NYSE-4-HOUR-LAST-EXTERNAL
2023-02-13 15:55:00,15.435999,15.475,15.399999,15.4033,155325.0,PLUG.NYSE-4-HOUR-LAST-EXTERNAL
2023-02-13 19:55:00,15.524999,15.529999,15.4904,15.505,51947.0,PLUG.NYSE-4-HOUR-LAST-EXTERNAL
2023-02-13 21:00:00,15.47,15.47,15.47,15.47,531445.0,PLUG.NYSE-4-HOUR-LAST-EXTERNAL
2023-02-14 15:55:00,15.05,15.18,15.029999,15.17,169763.0,PLUG.NYSE-4-HOUR-LAST-EXTERNAL
2023-02-14 19:55:00,15.774999,15.779999,15.715,15.715,87846.0,PLUG.NYSE-4-HOUR-LAST-EXTERNAL
2023-02-14 21:00:00,15.81,15.81,15.81,15.81,413198.0,PLUG.NYSE-4-HOUR-LAST-EXTERNAL
2023-02-15 15:55:00,15.979999,16.004999,15.93,15.954999,111717.0,PLUG.NYSE-4-HOUR-LAST-EXTERNAL
2023-02-15 19:55:00,16.59,16.598899,16.5,16.520099,138970.0,PLUG.NYSE-4-HOUR-LAST-EXTERNAL
2023-02-15 21:00:00,16.77,16.77,16.77,16.77,632033.0,PLUG.NYSE-4-HOUR-LAST-EXTERNAL
2023-02-16 15:55:00,16.489999,16.5,16.415,16.459999,126105.0,PLUG.NYSE-4-HOUR-LAST-EXTERNAL
2023-02-16 19:55:00,16.217199,16.245,16.209999,16.235,76166.0,PLUG.NYSE-4-HOUR-LAST-EXTERNAL
2023-02-16 21:00:00,15.84,15.84,15.84,15.84,525714.0,PLUG.NYSE-4-HOUR-LAST-EXTERNAL
2023-02-17 15:55:00,15.399999,15.43,15.375,15.414999,105388.0,PLUG.NYSE-4-HOUR-LAST-EXTERNAL
2023-02-17 19:55:00,15.5172,15.539899,15.5,15.51,60650.0,PLUG.NYSE-4-HOUR-LAST-EXTERNAL
2023-02-17 21:00:00,15.579999,15.579999,15.579999,15.579999,415513.0,PLUG.NYSE-4-HOUR-LAST-EXTERNAL
2023-02-21 15:55:00,14.885,14.899999,14.88,14.89,10377.0,PLUG.NYSE-4-HOUR-LAST-EXTERNAL
2023-02-21 19:55:00,14.579999,14.579999,14.529999,14.539999,81638.0,PLUG.NYSE-4-HOUR-LAST-EXTERNAL
2023-02-21 21:00:00,14.43,14.43,14.43,14.43,739551.0,PLUG.NYSE-4-HOUR-LAST-EXTERNAL
2023-02-22 15:55:00,14.409999,14.409999,14.341699,14.391599,138360.0,PLUG.NYSE-4-HOUR-LAST-EXTERNAL
2023-02-22 19:55:00,14.480999,14.480999,14.399999,14.399999,69749.0,PLUG.NYSE-4-HOUR-LAST-EXTERNAL
2023-02-22 21:00:00,14.539999,14.539999,14.539999,14.539999,374163.0,PLUG.NYSE-4-HOUR-LAST-EXTERNAL
2023-02-23 15:55:00,14.34,14.359999,14.3,14.351499,130810.0,PLUG.NYSE-4-HOUR-LAST-EXTERNAL
2023-02-23 19:55:00,14.675,14.68,14.619999,14.635,113372.0,PLUG.NYSE-4-HOUR-LAST-EXTERNAL
2023-02-23 21:00:00,14.649999,14.649999,14.649999,14.649999,547207.0,PLUG.NYSE-4-HOUR-LAST-EXTERNAL
2023-02-24 15:55:00,13.979999,13.997699,13.9419,13.96,158600.0,PLUG.NYSE-4-HOUR-LAST-EXTERNAL
2023-02-24 19:55:00,14.036399,14.114999,14.029999,14.1,61932.0,PLUG.NYSE-4-HOUR-LAST-EXTERNAL
2023-02-24 21:00:00,14.18,14.18,14.18,14.18,573549.0,PLUG.NYSE-4-HOUR-LAST-EXTERNAL
2023-02-27 15:55:00,14.47,14.475,14.39,14.4511,95484.0,PLUG.NYSE-4-HOUR-LAST-EXTERNAL
2023-02-27 19:55:00,14.5611,14.6,14.555,14.579999,120387.0,PLUG.NYSE-4-HOUR-LAST-EXTERNAL
2023-02-27 21:00:00,14.659999,14.659999,14.659999,14.659999,423575.0,PLUG.NYSE-4-HOUR-LAST-EXTERNAL
2023-02-28 15:55:00,14.869999,14.929699,14.85,14.909299,80065.0,PLUG.NYSE-4-HOUR-LAST-EXTERNAL
2023-02-28 19:55:00,14.9819,14.9819,14.942299,14.944999,80938.0,PLUG.NYSE-4-HOUR-LAST-EXTERNAL
2023-02-28 21:00:00,14.869999,14.869999,14.869999,14.869999,1011747.0,PLUG.NYSE-4-HOUR-LAST-EXTERNAL
2023-03-01 15:55:00,14.830699,14.859999,14.8,14.824999,113123.0,PLUG.NYSE-4-HOUR-LAST-EXTERNAL
2023-03-01 19:55:00,14.14,14.178899,14.109999,14.154399,153552.0,PLUG.NYSE-4-HOUR-LAST-EXTERNAL
2023-03-01 21:00:00,14.21,14.21,14.21,14.21,918759.0,PLUG.NYSE-4-HOUR-LAST-EXTERNAL
2023-03-02 15:55:00,12.5725,12.649999,12.55,12.595,441032.0,PLUG.NYSE-4-HOUR-LAST-EXTERNAL
2023-03-02 19:55:00,13.304499,13.319999,13.27,13.289999,146434.0,PLUG.NYSE-4-HOUR-LAST-EXTERNAL
2023-03-02 21:00:00,13.329999,13.329999,13.329999,13.329999,866643.0,PLUG.NYSE-4-HOUR-LAST-EXTERNAL
2023-03-03 15:55:00,13.704999,13.71,13.619999,13.63,186490.0,PLUG.NYSE-4-HOUR-LAST-EXTERNAL
2023-03-03 19:55:00,13.914999,13.925,13.859999,13.885,119286.0,PLUG.NYSE-4-HOUR-LAST-EXTERNAL
2023-03-03 21:00:00,13.84,13.84,13.84,13.84,656603.0,PLUG.NYSE-4-HOUR-LAST-EXTERNAL
2023-03-06 15:55:00,14.064999,14.09,14.0099,14.045,179521.0,PLUG.NYSE-4-HOUR-LAST-EXTERNAL
2023-03-06 19:55:00,13.795,13.8,13.77,13.789999,101342.0,PLUG.NYSE-4-HOUR-LAST-EXTERNAL
2023-03-06 21:00:00,13.67,13.67,13.67,13.67,783341.0,PLUG.NYSE-4-HOUR-LAST-EXTERNAL
2023-03-07 15:55:00,13.310099,13.335,13.26,13.27,115967.0,PLUG.NYSE-4-HOUR-LAST-EXTERNAL
2023-03-07 19:55:00,13.42,13.43,13.39,13.4299,122282.0,PLUG.NYSE-4-HOUR-LAST-EXTERNAL
2023-03-07 21:00:00,13.399999,13.399999,13.399999,13.399999,777463.0,PLUG.NYSE-4-HOUR-LAST-EXTERNAL
2023-03-08 15:55:00,13.414999,13.449999,13.399999,13.43,131955.0,PLUG.NYSE-4-HOUR-LAST-EXTERNAL
2023-03-08 19:55:00,13.678,13.685,13.64,13.649999,100666.0,PLUG.NYSE-4-HOUR-LAST-EXTERNAL
2023-03-08 21:00:00,13.779999,13.779999,13.779999,13.779999,446095.0,PLUG.NYSE-4-HOUR-LAST-EXTERNAL
2023-03-09 15:55:00,13.935,13.939999,13.85,13.904999,136021.0,PLUG.NYSE-4-HOUR-LAST-EXTERNAL
2023-03-09 19:55:00,13.225,13.239999,13.22,13.235899,114898.0,PLUG.NYSE-4-HOUR-LAST-EXTERNAL
2023-03-09 21:00:00,13.02,13.02,13.02,13.02,1645046.0,PLUG.NYSE-4-HOUR-LAST-EXTERNAL
2023-03-10 15:55:00,12.51,12.659999,12.51,12.649999,249817.0,PLUG.NYSE-4-HOUR-LAST-EXTERNAL
2023-03-10 19:55:00,12.305,12.3381,12.265,12.289099,207574.0,PLUG.NYSE-4-HOUR-LAST-EXTERNAL
2023-03-10 21:00:00,12.35,12.35,12.35,12.35,998203.0,PLUG.NYSE-4-HOUR-LAST-EXTERNAL
2023-03-13 15:55:00,12.569999,12.645,12.529999,12.629899,123032.0,PLUG.NYSE-4-HOUR-LAST-EXTERNAL
2023-03-13 19:55:00,12.425,12.439999,12.369999,12.38,1122696.0,PLUG.NYSE-4-HOUR-LAST-EXTERNAL
2023-03-14 15:55:00,12.5,12.529999,12.494999,12.524999,74554.0,PLUG.NYSE-4-HOUR-LAST-EXTERNAL
2023-03-14 19:55:00,12.09,12.17,12.085,12.159999,998891.0,PLUG.NYSE-4-HOUR-LAST-EXTERNAL
2023-03-15 15:55:00,11.529999,11.55,11.512,11.529999,133518.0,PLUG.NYSE-4-HOUR-LAST-EXTERNAL
2023-03-15 19:55:00,11.715,11.81,11.7142,11.8,663249.0,PLUG.NYSE-4-HOUR-LAST-EXTERNAL
2023-03-16 15:55:00,11.667499,11.71,11.64,11.64,136317.0,PLUG.NYSE-4-HOUR-LAST-EXTERNAL
2023-03-16 19:55:00,11.789999,11.829999,11.779999,11.81,695208.0,PLUG.NYSE-4-HOUR-LAST-EXTERNAL
2023-03-17 15:55:00,11.0923,11.109999,11.06,11.074999,169481.0,PLUG.NYSE-4-HOUR-LAST-EXTERNAL
2023-03-17 19:55:00,11.175,11.21,11.17,11.17,1380198.0,PLUG.NYSE-4-HOUR-LAST-EXTERNAL
2023-03-20 15:55:00,11.103599,11.14,11.1,11.114999,127332.0,PLUG.NYSE-4-HOUR-LAST-EXTERNAL
2023-03-20 19:55:00,10.845,10.85,10.824999,10.829999,887633.0,PLUG.NYSE-4-HOUR-LAST-EXTERNAL
2023-03-21 15:55:00,11.539999,11.586899,11.539999,11.579999,89877.0,PLUG.NYSE-4-HOUR-LAST-EXTERNAL
2023-03-21 19:55:00,11.524999,11.529999,11.5,11.52,676721.0,PLUG.NYSE-4-HOUR-LAST-EXTERNAL
2023-03-22 15:55:00,11.56,11.574999,11.55,11.555,86064.0,PLUG.NYSE-4-HOUR-LAST-EXTERNAL
2023-03-22 19:55:00,11.244999,11.26,11.18,11.204999,876569.0,PLUG.NYSE-4-HOUR-LAST-EXTERNAL
2023-03-23 15:55:00,12.0592,12.079999,11.989999,11.999899,163591.0,PLUG.NYSE-4-HOUR-LAST-EXTERNAL
2023-03-23 19:55:00,11.5,11.52,11.479999,11.479999,503921.0,PLUG.NYSE-4-HOUR-LAST-EXTERNAL
2023-03-24 15:55:00,11.02,11.069999,11.01,11.059399,184750.0,PLUG.NYSE-4-HOUR-LAST-EXTERNAL
2023-03-24 19:55:00,11.199999,11.255,11.199999,11.244999,585938.0,PLUG.NYSE-4-HOUR-LAST-EXTERNAL
2023-03-27 15:55:00,10.688799,10.694999,10.649999,10.675,145085.0,PLUG.NYSE-4-HOUR-LAST-EXTERNAL
2023-03-27 19:55:00,10.77,10.779999,10.71,10.72,995011.0,PLUG.NYSE-4-HOUR-LAST-EXTERNAL
2023-03-28 15:55:00,10.457099,10.46,10.439999,10.46,61806.0,PLUG.NYSE-4-HOUR-LAST-EXTERNAL
2023-03-28 19:55:00,10.414999,10.42,10.39,10.395,573472.0,PLUG.NYSE-4-HOUR-LAST-EXTERNAL
2023-03-29 15:55:00,10.7201,10.729999,10.699999,10.71,84307.0,PLUG.NYSE-4-HOUR-LAST-EXTERNAL
2023-03-29 19:55:00,11.015,11.038,11.0,11.029999,439667.0,PLUG.NYSE-4-HOUR-LAST-EXTERNAL
2023-03-30 15:55:00,11.375,11.399999,11.369999,11.385,138314.0,PLUG.NYSE-4-HOUR-LAST-EXTERNAL
2023-03-30 19:55:00,11.284999,11.3,11.239999,11.25,789971.0,PLUG.NYSE-4-HOUR-LAST-EXTERNAL
2023-03-31 15:55:00,11.765,11.805,11.75,11.784,130586.0,PLUG.NYSE-4-HOUR-LAST-EXTERNAL
2023-03-31 19:55:00,11.725,11.77,11.72,11.72,1319095.0,PLUG.NYSE-4-HOUR-LAST-EXTERNAL
2023-04-03 15:55:00,10.88,10.939999,10.88,10.93,263060.0,PLUG.NYSE-4-HOUR-LAST-EXTERNAL
2023-04-03 19:55:00,11.104999,11.13,11.1,11.119999,746565.0,PLUG.NYSE-4-HOUR-LAST-EXTERNAL
2023-04-04 15:55:00,10.524999,10.55,10.505,10.528599,220192.0,PLUG.NYSE-4-HOUR-LAST-EXTERNAL
2023-04-04 19:55:00,10.585,10.597499,10.569999,10.579999,631679.0,PLUG.NYSE-4-HOUR-LAST-EXTERNAL
2023-04-05 15:55:00,9.746,9.824999,9.744999,9.819999,254417.0,PLUG.NYSE-4-HOUR-LAST-EXTERNAL
2023-04-05 19:55:00,9.699999,9.72,9.67,9.68,1323601.0,PLUG.NYSE-4-HOUR-LAST-EXTERNAL
2023-04-06 15:55:00,9.454999,9.479999,9.409999,9.416,198299.0,PLUG.NYSE-4-HOUR-LAST-EXTERNAL
2023-04-06 19:55:00,9.25,9.279999,9.239999,9.27,1388258.0,PLUG.NYSE-4-HOUR-LAST-EXTERNAL
2023-04-10 15:55:00,9.069999,9.069999,9.01,9.0184,362128.0,PLUG.NYSE-4-HOUR-LAST-EXTERNAL
2023-04-10 19:55:00,9.3,9.38,9.3,9.369999,1569546.0,PLUG.NYSE-4-HOUR-LAST-EXTERNAL
2023-04-11 15:55:00,9.369999,9.369999,9.329999,9.35,239510.0,PLUG.NYSE-4-HOUR-LAST-EXTERNAL
2023-04-11 19:55:00,9.744999,9.789999,9.7101,9.77,2484147.0,PLUG.NYSE-4-HOUR-LAST-EXTERNAL
2023-04-12 15:55:00,9.523599,9.6,9.515,9.585,276481.0,PLUG.NYSE-4-HOUR-LAST-EXTERNAL
2023-04-12 19:55:00,9.425,9.425,9.364999,9.395,1220772.0,PLUG.NYSE-4-HOUR-LAST-EXTERNAL
2023-04-13 15:55:00,9.317199,9.369999,9.31,9.360699,239117.0,PLUG.NYSE-4-HOUR-LAST-EXTERNAL
2023-04-13 19:55:00,9.3,9.305,9.279999,9.3,732294.0,PLUG.NYSE-4-HOUR-LAST-EXTERNAL
2023-04-14 15:55:00,8.925,8.944999,8.909999,8.944999,214926.0,PLUG.NYSE-4-HOUR-LAST-EXTERNAL
2023-04-14 19:55:00,9.02,9.045,9.01,9.039999,1059699.0,PLUG.NYSE-4-HOUR-LAST-EXTERNAL
2023-04-17 15:55:00,9.489999,9.5,9.4628,9.484999,164729.0,PLUG.NYSE-4-HOUR-LAST-EXTERNAL
2023-04-17 19:55:00,9.494999,9.505399,9.479999,9.5,1039174.0,PLUG.NYSE-4-HOUR-LAST-EXTERNAL
2023-04-18 15:55:00,9.046699,9.05,9.02,9.029899,137971.0,PLUG.NYSE-4-HOUR-LAST-EXTERNAL
2023-04-18 19:55:00,9.024999,9.039999,9.01,9.029999,1269706.0,PLUG.NYSE-4-HOUR-LAST-EXTERNAL
2023-04-19 15:55:00,8.857199,8.8899,8.85,8.859999,125883.0,PLUG.NYSE-4-HOUR-LAST-EXTERNAL
2023-04-19 19:55:00,8.989999,9.029999,8.979999,9.015,949388.0,PLUG.NYSE-4-HOUR-LAST-EXTERNAL
2023-04-20 15:55:00,8.88,8.909999,8.869999,8.888999,100095.0,PLUG.NYSE-4-HOUR-LAST-EXTERNAL
2023-04-20 19:55:00,8.854999,8.88,8.829999,8.85,870528.0,PLUG.NYSE-4-HOUR-LAST-EXTERNAL
2023-04-21 15:55:00,9.034999,9.104999,9.034999,9.093,129709.0,PLUG.NYSE-4-HOUR-LAST-EXTERNAL
2023-04-21 19:55:00,9.0634,9.069999,9.029999,9.034999,952558.0,PLUG.NYSE-4-HOUR-LAST-EXTERNAL
2023-04-24 15:55:00,9.110699,9.149999,9.110699,9.131799,55599.0,PLUG.NYSE-4-HOUR-LAST-EXTERNAL
2023-04-24 19:55:00,9.26,9.279999,9.26,9.279999,622295.0,PLUG.NYSE-4-HOUR-LAST-EXTERNAL
2023-04-25 15:55:00,8.935,8.949999,8.92,8.925,105085.0,PLUG.NYSE-4-HOUR-LAST-EXTERNAL
2023-04-25 19:55:00,8.914999,8.925,8.89,8.92,834257.0,PLUG.NYSE-4-HOUR-LAST-EXTERNAL
2023-04-26 15:55:00,8.651,8.68,8.64,8.654999,188015.0,PLUG.NYSE-4-HOUR-LAST-EXTERNAL
2023-04-26 19:55:00,8.435,8.47,8.43,8.461,1041225.0,PLUG.NYSE-4-HOUR-LAST-EXTERNAL
