2022-01-03 15:55:00,258.23999,258.295013,258.059997,258.059997,1432.0,RACE.NYSE-5-MINUTE-LAST-EXTERNAL
2022-01-03 19:55:00,259.0,259.130004,259.0,259.040008,2099.0,RACE.NYSE-5-MINUTE-LAST-EXTERNAL
2022-01-03 21:00:00,259.48999,259.48999,259.48999,259.48999,25915.0,RACE.NYSE-5-MINUTE-LAST-EXTERNAL
2022-01-04 15:55:00,265.649993,265.73999,265.160003,265.220001,8814.0,RACE.NYSE-5-MINUTE-LAST-EXTERNAL
2022-01-04 19:55:00,268.765014,268.779998,268.350006,268.559997,7175.0,RACE.NYSE-5-MINUTE-LAST-EXTERNAL
2022-01-04 21:00:00,269.190002,269.190002,269.190002,269.190002,31872.0,RACE.NYSE-5-MINUTE-LAST-EXTERNAL
2022-01-05 15:55:00,267.540008,267.600006,267.48001,267.48001,2738.0,RACE.NYSE-5-MINUTE-LAST-EXTERNAL
2022-01-05 19:55:00,264.0,264.125,263.44931,263.44931,1251.0,RACE.NYSE-5-MINUTE-LAST-EXTERNAL
2022-01-05 21:00:00,262.790008,262.790008,262.790008,262.790008,28327.0,RACE.NYSE-5-MINUTE-LAST-EXTERNAL
2022-01-06 15:55:00,259.859985,260.279998,259.859985,259.954986,3985.0,RACE.NYSE-5-MINUTE-LAST-EXTERNAL
2022-01-06 19:55:00,261.675109,261.894989,261.660003,261.660003,2207.0,RACE.NYSE-5-MINUTE-LAST-EXTERNAL
2022-01-06 21:00:00,261.579986,261.579986,261.579986,261.579986,15437.0,RACE.NYSE-5-MINUTE-LAST-EXTERNAL
2022-01-07 15:55:00,254.639999,254.699996,254.330001,254.699996,1791.0,RACE.NYSE-5-MINUTE-LAST-EXTERNAL
2022-01-07 19:55:00,257.519989,257.519989,257.519989,257.519989,270.0,RACE.NYSE-5-MINUTE-LAST-EXTERNAL
2022-01-07 21:00:00,257.019989,257.019989,257.019989,257.019989,14931.0,RACE.NYSE-5-MINUTE-LAST-EXTERNAL
2022-01-10 15:55:00,249.669998,250.11,249.619995,249.960006,4063.0,RACE.NYSE-5-MINUTE-LAST-EXTERNAL
2022-01-10 19:55:00,251.149993,251.289993,251.029998,251.029998,4760.0,RACE.NYSE-5-MINUTE-LAST-EXTERNAL
2022-01-10 21:00:00,254.220001,254.220001,254.220001,254.220001,21581.0,RACE.NYSE-5-MINUTE-LAST-EXTERNAL
2022-01-11 15:55:00,252.419998,252.580001,252.350006,252.574996,2093.0,RACE.NYSE-5-MINUTE-LAST-EXTERNAL
2022-01-11 19:55:00,254.289993,254.309997,254.140106,254.140106,2870.0,RACE.NYSE-5-MINUTE-LAST-EXTERNAL
2022-01-11 21:00:00,254.339996,254.339996,254.339996,254.339996,17389.0,RACE.NYSE-5-MINUTE-LAST-EXTERNAL
2022-01-12 15:55:00,258.23999,258.309997,258.190002,258.309997,2141.0,RACE.NYSE-5-MINUTE-LAST-EXTERNAL
2022-01-12 19:55:00,258.929992,258.950012,258.670013,258.760009,2014.0,RACE.NYSE-5-MINUTE-LAST-EXTERNAL
2022-01-12 21:00:00,258.410003,258.410003,258.410003,258.410003,23385.0,RACE.NYSE-5-MINUTE-LAST-EXTERNAL
2022-01-13 15:55:00,253.960006,254.350006,253.960006,254.100006,3613.0,RACE.NYSE-5-MINUTE-LAST-EXTERNAL
2022-01-13 19:55:00,253.839996,253.850006,253.779998,253.779998,793.0,RACE.NYSE-5-MINUTE-LAST-EXTERNAL
2022-01-13 21:00:00,251.009994,251.009994,251.009994,251.009994,22106.0,RACE.NYSE-5-MINUTE-LAST-EXTERNAL
2022-01-14 15:55:00,244.139999,244.259994,243.839996,243.869995,3030.0,RACE.NYSE-5-MINUTE-LAST-EXTERNAL
2022-01-14 19:55:00,244.809997,244.960006,244.649993,244.75,2623.0,RACE.NYSE-5-MINUTE-LAST-EXTERNAL
2022-01-14 21:00:00,245.389999,245.389999,245.389999,245.389999,21178.0,RACE.NYSE-5-MINUTE-LAST-EXTERNAL
2022-01-18 15:55:00,238.080001,238.130004,237.839996,237.850006,2779.0,RACE.NYSE-5-MINUTE-LAST-EXTERNAL
2022-01-18 19:55:00,238.197494,238.25,238.070007,238.134994,6025.0,RACE.NYSE-5-MINUTE-LAST-EXTERNAL
2022-01-18 21:00:00,236.649993,236.649993,236.649993,236.649993,19233.0,RACE.NYSE-5-MINUTE-LAST-EXTERNAL
2022-01-19 15:55:00,238.919998,239.350006,238.919998,239.229995,1903.0,RACE.NYSE-5-MINUTE-LAST-EXTERNAL
2022-01-19 19:55:00,240.410003,240.710006,240.399993,240.604995,2894.0,RACE.NYSE-5-MINUTE-LAST-EXTERNAL
2022-01-19 21:00:00,239.080001,239.080001,239.080001,239.080001,40836.0,RACE.NYSE-5-MINUTE-LAST-EXTERNAL
2022-01-20 15:55:00,242.925003,243.259994,242.820007,243.259994,5701.0,RACE.NYSE-5-MINUTE-LAST-EXTERNAL
2022-01-20 19:55:00,239.539993,239.615005,239.410003,239.440002,1580.0,RACE.NYSE-5-MINUTE-LAST-EXTERNAL
2022-01-20 21:00:00,236.600006,236.600006,236.600006,236.600006,25143.0,RACE.NYSE-5-MINUTE-LAST-EXTERNAL
2022-01-21 15:55:00,235.440002,235.509994,235.259994,235.320007,1864.0,RACE.NYSE-5-MINUTE-LAST-EXTERNAL
2022-01-21 19:55:00,232.5,232.535003,232.240005,232.285003,1656.0,RACE.NYSE-5-MINUTE-LAST-EXTERNAL
2022-01-21 21:00:00,232.309997,232.309997,232.309997,232.309997,22309.0,RACE.NYSE-5-MINUTE-LAST-EXTERNAL
2022-01-24 15:55:00,225.509399,225.520004,224.880004,224.880004,6602.0,RACE.NYSE-5-MINUTE-LAST-EXTERNAL
2022-01-24 19:55:00,227.492996,227.86,227.389999,227.86,1078.0,RACE.NYSE-5-MINUTE-LAST-EXTERNAL
2022-01-24 21:00:00,231.720001,231.720001,231.720001,231.720001,32126.0,RACE.NYSE-5-MINUTE-LAST-EXTERNAL
2022-01-25 15:55:00,226.880004,226.960006,226.229995,226.229995,8029.0,RACE.NYSE-5-MINUTE-LAST-EXTERNAL
2022-01-25 19:55:00,229.029998,229.350006,229.029998,229.289993,1437.0,RACE.NYSE-5-MINUTE-LAST-EXTERNAL
2022-01-25 21:00:00,226.660003,226.660003,226.660003,226.660003,26011.0,RACE.NYSE-5-MINUTE-LAST-EXTERNAL
2022-01-26 15:55:00,228.240005,228.509994,228.179992,228.380004,2909.0,RACE.NYSE-5-MINUTE-LAST-EXTERNAL
2022-01-26 19:55:00,229.589996,229.880004,229.240005,229.270004,2743.0,RACE.NYSE-5-MINUTE-LAST-EXTERNAL
2022-01-26 21:00:00,226.259994,226.259994,226.259994,226.259994,27151.0,RACE.NYSE-5-MINUTE-LAST-EXTERNAL
2022-01-27 15:55:00,222.600006,222.990005,222.369995,222.899993,7596.0,RACE.NYSE-5-MINUTE-LAST-EXTERNAL
2022-01-27 19:55:00,220.949996,220.949996,220.869995,220.869995,495.0,RACE.NYSE-5-MINUTE-LAST-EXTERNAL
2022-01-27 21:00:00,221.119995,221.119995,221.119995,221.119995,31962.0,RACE.NYSE-5-MINUTE-LAST-EXTERNAL
2022-01-28 15:55:00,223.080001,223.800003,223.080001,223.679992,2040.0,RACE.NYSE-5-MINUTE-LAST-EXTERNAL
2022-01-28 19:55:00,224.660003,225.259994,224.660003,224.990005,767.0,RACE.NYSE-5-MINUTE-LAST-EXTERNAL
2022-01-28 21:00:00,226.979995,226.979995,226.979995,226.979995,17802.0,RACE.NYSE-5-MINUTE-LAST-EXTERNAL
2022-01-31 15:55:00,226.919998,227.100006,226.86,227.100006,2439.0,RACE.NYSE-5-MINUTE-LAST-EXTERNAL
2022-01-31 19:55:00,231.070007,231.233306,231.070007,231.100006,2761.0,RACE.NYSE-5-MINUTE-LAST-EXTERNAL
2022-01-31 21:00:00,230.960006,230.960006,230.960006,230.960006,159980.0,RACE.NYSE-5-MINUTE-LAST-EXTERNAL
2022-02-01 15:55:00,232.800003,233.220001,232.559997,233.059997,9108.0,RACE.NYSE-5-MINUTE-LAST-EXTERNAL
2022-02-01 19:55:00,232.779998,232.994995,232.630004,232.630004,3753.0,RACE.NYSE-5-MINUTE-LAST-EXTERNAL
2022-02-01 21:00:00,235.490005,235.490005,235.490005,235.490005,58827.0,RACE.NYSE-5-MINUTE-LAST-EXTERNAL
2022-02-02 15:55:00,237.179992,237.759994,236.839996,237.36,9601.0,RACE.NYSE-5-MINUTE-LAST-EXTERNAL
2022-02-02 19:55:00,237.800003,238.160003,237.789993,238.100006,2218.0,RACE.NYSE-5-MINUTE-LAST-EXTERNAL
2022-02-02 21:00:00,238.410003,238.410003,238.410003,238.410003,27461.0,RACE.NYSE-5-MINUTE-LAST-EXTERNAL
2022-02-03 15:55:00,232.529998,232.770004,232.5,232.529998,3469.0,RACE.NYSE-5-MINUTE-LAST-EXTERNAL
2022-02-03 19:55:00,230.740005,230.789993,230.669998,230.669998,1848.0,RACE.NYSE-5-MINUTE-LAST-EXTERNAL
2022-02-03 21:00:00,229.529998,229.529998,229.529998,229.529998,27789.0,RACE.NYSE-5-MINUTE-LAST-EXTERNAL
2022-02-04 15:55:00,228.36,228.580001,228.300003,228.580001,4556.0,RACE.NYSE-5-MINUTE-LAST-EXTERNAL
2022-02-04 19:55:00,230.149993,230.490005,230.149993,230.440002,1674.0,RACE.NYSE-5-MINUTE-LAST-EXTERNAL
2022-02-04 21:00:00,230.130004,230.130004,230.130004,230.130004,17231.0,RACE.NYSE-5-MINUTE-LAST-EXTERNAL
2022-02-07 15:55:00,225.899993,225.929992,225.800003,225.820007,1867.0,RACE.NYSE-5-MINUTE-LAST-EXTERNAL
2022-02-07 19:55:00,227.529998,227.589996,227.330001,227.330001,1681.0,RACE.NYSE-5-MINUTE-LAST-EXTERNAL
2022-02-07 21:00:00,225.520004,225.520004,225.520004,225.520004,48387.0,RACE.NYSE-5-MINUTE-LAST-EXTERNAL
2022-02-08 15:55:00,222.869995,222.899993,222.839996,222.899993,1060.0,RACE.NYSE-5-MINUTE-LAST-EXTERNAL
2022-02-08 19:55:00,226.514999,226.910003,226.514999,226.720001,7571.0,RACE.NYSE-5-MINUTE-LAST-EXTERNAL
2022-02-08 21:00:00,227.089996,227.089996,227.089996,227.089996,40040.0,RACE.NYSE-5-MINUTE-LAST-EXTERNAL
2022-02-09 15:55:00,232.137496,232.559997,232.137496,232.5,6203.0,RACE.NYSE-5-MINUTE-LAST-EXTERNAL
2022-02-09 19:55:00,234.139999,234.139999,233.964996,234.059997,1866.0,RACE.NYSE-5-MINUTE-LAST-EXTERNAL
2022-02-09 21:00:00,233.800003,233.800003,233.800003,233.800003,14429.0,RACE.NYSE-5-MINUTE-LAST-EXTERNAL
2022-02-10 15:55:00,228.36,228.529998,228.300003,228.36,5555.0,RACE.NYSE-5-MINUTE-LAST-EXTERNAL
2022-02-10 19:55:00,226.200302,226.200302,225.380004,225.559997,2448.0,RACE.NYSE-5-MINUTE-LAST-EXTERNAL
2022-02-10 21:00:00,224.5,224.5,224.5,224.5,27130.0,RACE.NYSE-5-MINUTE-LAST-EXTERNAL
2022-02-11 15:55:00,223.520004,223.520004,223.410003,223.440002,2200.0,RACE.NYSE-5-MINUTE-LAST-EXTERNAL
2022-02-11 19:55:00,216.300003,216.449996,216.289993,216.300003,1473.0,RACE.NYSE-5-MINUTE-LAST-EXTERNAL
2022-02-11 21:00:00,218.169998,218.169998,218.169998,218.169998,68018.0,RACE.NYSE-5-MINUTE-LAST-EXTERNAL
2022-02-14 15:55:00,218.100006,218.220001,217.410003,217.869995,6387.0,RACE.NYSE-5-MINUTE-LAST-EXTERNAL
2022-02-14 19:55:00,217.955001,218.270004,217.955001,218.119995,1828.0,RACE.NYSE-5-MINUTE-LAST-EXTERNAL
2022-02-14 21:00:00,218.210006,218.210006,218.210006,218.210006,52157.0,RACE.NYSE-5-MINUTE-LAST-EXTERNAL
2022-02-15 15:55:00,225.779998,225.889999,225.335006,225.339996,6142.0,RACE.NYSE-5-MINUTE-LAST-EXTERNAL
2022-02-15 19:55:00,224.509994,224.699996,224.5,224.699996,1320.0,RACE.NYSE-5-MINUTE-LAST-EXTERNAL
2022-02-15 21:00:00,224.240005,224.240005,224.240005,224.240005,27428.0,RACE.NYSE-5-MINUTE-LAST-EXTERNAL
2022-02-16 15:55:00,223.020004,223.044998,222.75,222.75,2101.0,RACE.NYSE-5-MINUTE-LAST-EXTERNAL
2022-02-16 19:55:00,223.410003,223.970001,223.410003,223.884994,1755.0,RACE.NYSE-5-MINUTE-LAST-EXTERNAL
2022-02-16 21:00:00,224.070007,224.070007,224.070007,224.070007,16076.0,RACE.NYSE-5-MINUTE-LAST-EXTERNAL
2022-02-17 15:55:00,223.630004,224.184997,223.630004,224.184997,1826.0,RACE.NYSE-5-MINUTE-LAST-EXTERNAL
2022-02-17 19:55:00,222.354995,222.354995,222.354995,222.354995,365.0,RACE.NYSE-5-MINUTE-LAST-EXTERNAL
2022-02-17 21:00:00,220.970001,220.970001,220.970001,220.970001,17820.0,RACE.NYSE-5-MINUTE-LAST-EXTERNAL
2022-02-18 15:55:00,220.845001,220.919998,220.619995,220.919998,4163.0,RACE.NYSE-5-MINUTE-LAST-EXTERNAL
2022-02-18 19:55:00,221.009994,221.339996,220.880004,220.880004,466.0,RACE.NYSE-5-MINUTE-LAST-EXTERNAL
2022-02-18 21:00:00,220.380004,220.380004,220.380004,220.380004,28473.0,RACE.NYSE-5-MINUTE-LAST-EXTERNAL
2022-02-22 15:55:00,218.339996,218.339996,218.050003,218.119995,3236.0,RACE.NYSE-5-MINUTE-LAST-EXTERNAL
2022-02-22 19:55:00,216.970001,217.369995,216.970001,217.330001,1495.0,RACE.NYSE-5-MINUTE-LAST-EXTERNAL
2022-02-22 21:00:00,216.429992,216.429992,216.429992,216.429992,19558.0,RACE.NYSE-5-MINUTE-LAST-EXTERNAL
2022-02-23 15:55:00,218.550003,218.699996,218.399993,218.695007,3291.0,RACE.NYSE-5-MINUTE-LAST-EXTERNAL
2022-02-23 19:55:00,216.729995,216.960006,216.639999,216.830001,3024.0,RACE.NYSE-5-MINUTE-LAST-EXTERNAL
2022-02-23 21:00:00,215.300003,215.300003,215.300003,215.300003,25455.0,RACE.NYSE-5-MINUTE-LAST-EXTERNAL
2022-02-24 15:55:00,208.345001,208.800003,207.850006,207.850006,11629.0,RACE.NYSE-5-MINUTE-LAST-EXTERNAL
2022-02-24 19:55:00,212.889999,212.889999,212.309997,212.309997,1523.0,RACE.NYSE-5-MINUTE-LAST-EXTERNAL
2022-02-24 21:00:00,215.550003,215.550003,215.550003,215.550003,41462.0,RACE.NYSE-5-MINUTE-LAST-EXTERNAL
2022-02-25 15:55:00,212.820007,212.990005,212.149307,212.369995,6370.0,RACE.NYSE-5-MINUTE-LAST-EXTERNAL
2022-02-25 19:55:00,213.160003,213.479995,213.160003,213.36,961.0,RACE.NYSE-5-MINUTE-LAST-EXTERNAL
2022-02-25 21:00:00,213.419998,213.419998,213.419998,213.419998,34493.0,RACE.NYSE-5-MINUTE-LAST-EXTERNAL
2022-02-28 15:55:00,215.580001,215.869995,215.460006,215.820007,2676.0,RACE.NYSE-5-MINUTE-LAST-EXTERNAL
2022-02-28 19:55:00,214.460006,214.940002,214.324996,214.625,6541.0,RACE.NYSE-5-MINUTE-LAST-EXTERNAL
2022-02-28 21:00:00,215.309997,215.309997,215.309997,215.309997,29023.0,RACE.NYSE-5-MINUTE-LAST-EXTERNAL
2022-03-01 15:55:00,212.639999,212.669998,212.339996,212.520004,2839.0,RACE.NYSE-5-MINUTE-LAST-EXTERNAL
2022-03-01 19:55:00,208.589996,208.630004,208.279998,208.630004,3777.0,RACE.NYSE-5-MINUTE-LAST-EXTERNAL
2022-03-01 21:00:00,208.479995,208.479995,208.479995,208.479995,39706.0,RACE.NYSE-5-MINUTE-LAST-EXTERNAL
2022-03-02 15:55:00,209.639999,210.0,209.639999,209.880004,2148.0,RACE.NYSE-5-MINUTE-LAST-EXTERNAL
2022-03-02 19:55:00,210.75,210.800003,210.679992,210.800003,2627.0,RACE.NYSE-5-MINUTE-LAST-EXTERNAL
2022-03-02 21:00:00,210.059997,210.059997,210.059997,210.059997,22983.0,RACE.NYSE-5-MINUTE-LAST-EXTERNAL
2022-03-03 15:55:00,205.440307,205.61,205.440002,205.449996,1480.0,RACE.NYSE-5-MINUTE-LAST-EXTERNAL
2022-03-03 19:55:00,204.630004,204.630004,204.630004,204.630004,482.0,RACE.NYSE-5-MINUTE-LAST-EXTERNAL
2022-03-03 21:00:00,203.740005,203.740005,203.740005,203.740005,49974.0,RACE.NYSE-5-MINUTE-LAST-EXTERNAL
2022-03-04 15:55:00,198.729995,198.729995,197.669998,197.699996,3868.0,RACE.NYSE-5-MINUTE-LAST-EXTERNAL
2022-03-04 19:55:00,197.419998,197.419998,196.735,196.735,5615.0,RACE.NYSE-5-MINUTE-LAST-EXTERNAL
2022-03-04 21:00:00,198.410003,198.410003,198.410003,198.410003,32492.0,RACE.NYSE-5-MINUTE-LAST-EXTERNAL
2022-03-07 15:55:00,186.479995,186.779998,186.229995,186.640106,15426.0,RACE.NYSE-5-MINUTE-LAST-EXTERNAL
2022-03-07 19:55:00,182.085006,182.324996,181.925003,181.929992,7144.0,RACE.NYSE-5-MINUTE-LAST-EXTERNAL
2022-03-07 21:00:00,183.25,183.25,183.25,183.25,119683.0,RACE.NYSE-5-MINUTE-LAST-EXTERNAL
2022-03-08 15:55:00,180.479995,181.139999,180.220001,181.100006,14798.0,RACE.NYSE-5-MINUTE-LAST-EXTERNAL
2022-03-08 19:55:00,184.029693,184.289993,183.25,184.160003,8074.0,RACE.NYSE-5-MINUTE-LAST-EXTERNAL
2022-03-08 21:00:00,181.479995,181.479995,181.479995,181.479995,31488.0,RACE.NYSE-5-MINUTE-LAST-EXTERNAL
2022-03-09 15:55:00,195.625,196.429992,195.625,196.380004,5802.0,RACE.NYSE-5-MINUTE-LAST-EXTERNAL
2022-03-09 19:55:00,198.0,198.100006,197.919998,197.919998,3178.0,RACE.NYSE-5-MINUTE-LAST-EXTERNAL
2022-03-09 21:00:00,197.720001,197.720001,197.720001,197.720001,66845.0,RACE.NYSE-5-MINUTE-LAST-EXTERNAL
2022-03-10 15:55:00,191.850006,191.970001,191.770004,191.850006,2263.0,RACE.NYSE-5-MINUTE-LAST-EXTERNAL
2022-03-10 19:55:00,193.330001,193.330001,193.059997,193.059997,4076.0,RACE.NYSE-5-MINUTE-LAST-EXTERNAL
2022-03-10 21:00:00,192.960006,192.960006,192.960006,192.960006,43762.0,RACE.NYSE-5-MINUTE-LAST-EXTERNAL
2022-03-11 15:55:00,192.539993,192.570007,192.179992,192.36,4295.0,RACE.NYSE-5-MINUTE-LAST-EXTERNAL
2022-03-11 19:55:00,190.229995,190.419998,190.139999,190.139999,2511.0,RACE.NYSE-5-MINUTE-LAST-EXTERNAL
2022-03-11 21:00:00,190.449996,190.449996,190.449996,190.449996,38138.0,RACE.NYSE-5-MINUTE-LAST-EXTERNAL
2022-03-14 15:55:00,194.475006,194.61,194.460006,194.460006,1558.0,RACE.NYSE-5-MINUTE-LAST-EXTERNAL
2022-03-14 19:55:00,192.809997,193.199996,192.800003,193.029998,25877.0,RACE.NYSE-5-MINUTE-LAST-EXTERNAL
2022-03-15 15:55:00,193.979995,194.089996,192.779998,193.169998,6776.0,RACE.NYSE-5-MINUTE-LAST-EXTERNAL
2022-03-15 19:55:00,195.0,195.300003,194.779998,195.300003,21728.0,RACE.NYSE-5-MINUTE-LAST-EXTERNAL
2022-03-16 15:55:00,204.539993,204.820007,204.5,204.600006,4226.0,RACE.NYSE-5-MINUTE-LAST-EXTERNAL
2022-03-16 19:55:00,207.865005,209.059997,207.740005,209.009994,54623.0,RACE.NYSE-5-MINUTE-LAST-EXTERNAL
2022-03-17 15:55:00,206.770004,206.830001,206.716995,206.789993,3160.0,RACE.NYSE-5-MINUTE-LAST-EXTERNAL
2022-03-17 19:55:00,209.089996,209.529998,209.089996,209.529998,26110.0,RACE.NYSE-5-MINUTE-LAST-EXTERNAL
2022-03-18 15:55:00,208.380004,208.479995,208.380004,208.470001,649.0,RACE.NYSE-5-MINUTE-LAST-EXTERNAL
2022-03-18 19:55:00,209.660003,210.059997,209.589996,209.589996,39240.0,RACE.NYSE-5-MINUTE-LAST-EXTERNAL
2022-03-21 15:55:00,208.770004,209.184204,208.740005,209.184204,1283.0,RACE.NYSE-5-MINUTE-LAST-EXTERNAL
2022-03-21 19:55:00,207.080001,207.520004,207.035003,207.410003,24639.0,RACE.NYSE-5-MINUTE-LAST-EXTERNAL
2022-03-22 15:55:00,213.839996,214.029998,213.419998,213.75,7017.0,RACE.NYSE-5-MINUTE-LAST-EXTERNAL
2022-03-22 19:55:00,212.419998,212.559997,212.229995,212.490005,28679.0,RACE.NYSE-5-MINUTE-LAST-EXTERNAL
2022-03-23 15:55:00,209.050003,209.050003,208.859893,208.86,1686.0,RACE.NYSE-5-MINUTE-LAST-EXTERNAL
2022-03-23 19:55:00,207.86,208.100006,207.5,207.889999,34096.0,RACE.NYSE-5-MINUTE-LAST-EXTERNAL
2022-03-24 15:55:00,212.789993,212.820007,212.580001,212.789993,1784.0,RACE.NYSE-5-MINUTE-LAST-EXTERNAL
2022-03-24 19:55:00,213.419998,213.520004,213.11,213.119995,33418.0,RACE.NYSE-5-MINUTE-LAST-EXTERNAL
2022-03-25 15:55:00,211.287902,211.287902,211.259994,211.259994,396.0,RACE.NYSE-5-MINUTE-LAST-EXTERNAL
2022-03-25 19:55:00,213.210006,213.350006,213.0,213.169998,19786.0,RACE.NYSE-5-MINUTE-LAST-EXTERNAL
2022-03-28 15:55:00,213.479995,213.479995,213.479995,213.479995,123.0,RACE.NYSE-5-MINUTE-LAST-EXTERNAL
2022-03-28 19:55:00,214.145004,214.669998,214.070007,214.389999,20361.0,RACE.NYSE-5-MINUTE-LAST-EXTERNAL
2022-03-29 15:55:00,221.160003,221.509994,221.020004,221.509994,3363.0,RACE.NYSE-5-MINUTE-LAST-EXTERNAL
2022-03-29 19:55:00,222.899993,223.164993,222.75,223.020004,37819.0,RACE.NYSE-5-MINUTE-LAST-EXTERNAL
2022-03-30 15:55:00,223.339996,223.350006,223.270004,223.350006,1873.0,RACE.NYSE-5-MINUTE-LAST-EXTERNAL
2022-03-30 19:55:00,220.389999,221.199996,220.300003,221.190002,23291.0,RACE.NYSE-5-MINUTE-LAST-EXTERNAL
2022-03-31 15:55:00,220.261306,220.261306,219.889999,219.889999,1051.0,RACE.NYSE-5-MINUTE-LAST-EXTERNAL
2022-03-31 19:55:00,218.005004,218.350006,217.919998,218.300003,41028.0,RACE.NYSE-5-MINUTE-LAST-EXTERNAL
2022-04-01 15:55:00,219.139999,219.139999,218.36,218.419998,4341.0,RACE.NYSE-5-MINUTE-LAST-EXTERNAL
2022-04-01 19:55:00,220.36,221.179992,220.36,221.160003,15628.0,RACE.NYSE-5-MINUTE-LAST-EXTERNAL
2022-04-04 15:55:00,230.399993,230.429992,230.270004,230.419998,1847.0,RACE.NYSE-5-MINUTE-LAST-EXTERNAL
2022-04-04 19:55:00,231.330001,231.509994,230.934997,231.509994,29164.0,RACE.NYSE-5-MINUTE-LAST-EXTERNAL
2022-04-05 15:55:00,226.244995,226.770004,226.139999,226.645004,1761.0,RACE.NYSE-5-MINUTE-LAST-EXTERNAL
2022-04-05 19:55:00,225.160003,225.789993,225.085006,225.789993,24615.0,RACE.NYSE-5-MINUTE-LAST-EXTERNAL
2022-04-06 15:55:00,220.134994,220.134994,219.808105,219.808105,646.0,RACE.NYSE-5-MINUTE-LAST-EXTERNAL
2022-04-06 19:55:00,220.414993,220.86,220.199996,220.199996,37337.0,RACE.NYSE-5-MINUTE-LAST-EXTERNAL
2022-04-07 15:55:00,217.384994,217.899993,217.330001,217.330001,3688.0,RACE.NYSE-5-MINUTE-LAST-EXTERNAL
2022-04-07 19:55:00,221.399993,221.520004,221.050003,221.460006,36448.0,RACE.NYSE-5-MINUTE-LAST-EXTERNAL
2022-04-08 15:55:00,221.639999,221.639999,221.419998,221.419998,754.0,RACE.NYSE-5-MINUTE-LAST-EXTERNAL
2022-04-08 19:55:00,219.729995,219.809997,219.460006,219.779998,17876.0,RACE.NYSE-5-MINUTE-LAST-EXTERNAL
2022-04-11 15:55:00,220.820007,221.830001,220.684997,221.705001,35046.0,RACE.NYSE-5-MINUTE-LAST-EXTERNAL
2022-04-11 19:55:00,220.845001,221.070007,220.580001,221.050003,34015.0,RACE.NYSE-5-MINUTE-LAST-EXTERNAL
2022-04-12 15:55:00,223.550003,223.550003,223.410003,223.524993,1068.0,RACE.NYSE-5-MINUTE-LAST-EXTERNAL
2022-04-12 19:55:00,221.539993,222.009994,221.399993,222.0,39543.0,RACE.NYSE-5-MINUTE-LAST-EXTERNAL
2022-04-13 15:55:00,222.669998,222.710006,222.61,222.710006,1208.0,RACE.NYSE-5-MINUTE-LAST-EXTERNAL
2022-04-13 19:55:00,223.380004,223.589996,223.169998,223.580001,22436.0,RACE.NYSE-5-MINUTE-LAST-EXTERNAL
2022-04-14 15:55:00,221.910003,222.210006,221.580001,221.580001,3612.0,RACE.NYSE-5-MINUTE-LAST-EXTERNAL
2022-04-14 19:55:00,220.490005,220.509994,219.970001,220.229995,24101.0,RACE.NYSE-5-MINUTE-LAST-EXTERNAL
2022-04-18 15:55:00,220.839996,221.080001,220.679992,221.080001,2063.0,RACE.NYSE-5-MINUTE-LAST-EXTERNAL
2022-04-18 19:55:00,219.990005,220.720001,219.990005,220.339996,15891.0,RACE.NYSE-5-MINUTE-LAST-EXTERNAL
2022-04-19 15:55:00,222.059997,222.059997,222.059997,222.059997,533.0,RACE.NYSE-5-MINUTE-LAST-EXTERNAL
2022-04-19 19:55:00,222.649993,222.970001,222.479995,222.970001,12993.0,RACE.NYSE-5-MINUTE-LAST-EXTERNAL
2022-04-20 15:55:00,223.059997,223.080001,223.039993,223.080001,1259.0,RACE.NYSE-5-MINUTE-LAST-EXTERNAL
2022-04-20 19:55:00,221.809997,221.979995,221.630004,221.630004,13765.0,RACE.NYSE-5-MINUTE-LAST-EXTERNAL
2022-04-21 15:55:00,220.619995,220.660003,220.100006,220.100006,2466.0,RACE.NYSE-5-MINUTE-LAST-EXTERNAL
2022-04-21 19:55:00,217.210006,217.240005,216.839996,216.979995,25485.0,RACE.NYSE-5-MINUTE-LAST-EXTERNAL
2022-04-22 15:55:00,213.070007,213.279998,213.070007,213.100006,2405.0,RACE.NYSE-5-MINUTE-LAST-EXTERNAL
2022-04-22 19:55:00,210.660003,210.800003,210.470001,210.669998,20761.0,RACE.NYSE-5-MINUTE-LAST-EXTERNAL
2022-04-25 15:55:00,208.949996,208.949996,208.949996,208.949996,203.0,RACE.NYSE-5-MINUTE-LAST-EXTERNAL
2022-04-25 19:55:00,213.005004,213.399993,212.75,213.389999,30162.0,RACE.NYSE-5-MINUTE-LAST-EXTERNAL
2022-04-26 15:55:00,204.850006,204.850006,204.550003,204.630004,1129.0,RACE.NYSE-5-MINUTE-LAST-EXTERNAL
2022-04-26 19:55:00,205.805892,206.240005,205.699996,205.759994,53876.0,RACE.NYSE-5-MINUTE-LAST-EXTERNAL
2022-04-27 15:55:00,208.589996,208.839996,208.589996,208.839996,901.0,RACE.NYSE-5-MINUTE-LAST-EXTERNAL
2022-04-27 19:55:00,207.759994,208.0,207.599594,207.970001,13929.0,RACE.NYSE-5-MINUTE-LAST-EXTERNAL
2022-04-28 15:55:00,211.082,211.320007,211.082,211.320007,442.0,RACE.NYSE-5-MINUTE-LAST-EXTERNAL
2022-04-28 19:55:00,213.910003,214.149993,213.539993,214.149993,10394.0,RACE.NYSE-5-MINUTE-LAST-EXTERNAL
2022-04-29 15:55:00,214.054992,214.080001,213.520004,213.520004,3275.0,RACE.NYSE-5-MINUTE-LAST-EXTERNAL
2022-04-29 19:55:00,209.910003,210.020004,209.580001,209.779998,30809.0,RACE.NYSE-5-MINUTE-LAST-EXTERNAL
2022-05-02 15:55:00,208.699996,208.850006,208.699996,208.850006,328.0,RACE.NYSE-5-MINUTE-LAST-EXTERNAL
2022-05-02 19:55:00,210.514999,210.850006,210.384994,210.559997,25438.0,RACE.NYSE-5-MINUTE-LAST-EXTERNAL
2022-05-03 15:55:00,214.649993,214.759994,214.380004,214.759994,778.0,RACE.NYSE-5-MINUTE-LAST-EXTERNAL
2022-05-03 19:55:00,214.960006,214.960006,214.25,214.440002,43931.0,RACE.NYSE-5-MINUTE-LAST-EXTERNAL
2022-05-04 15:55:00,204.320007,204.585098,204.100006,204.585098,12320.0,RACE.NYSE-5-MINUTE-LAST-EXTERNAL
2022-05-04 19:55:00,211.410003,211.75,211.279998,211.75,39803.0,RACE.NYSE-5-MINUTE-LAST-EXTERNAL
2022-05-05 15:55:00,201.850006,201.940002,201.539993,201.899993,2549.0,RACE.NYSE-5-MINUTE-LAST-EXTERNAL
2022-05-05 19:55:00,201.315002,202.089996,201.169998,201.910003,48715.0,RACE.NYSE-5-MINUTE-LAST-EXTERNAL
2022-05-06 15:55:00,198.130004,198.389999,198.130004,198.389999,1064.0,RACE.NYSE-5-MINUTE-LAST-EXTERNAL
2022-05-06 19:55:00,197.830001,198.050003,197.529998,197.720001,37862.0,RACE.NYSE-5-MINUTE-LAST-EXTERNAL
2022-05-09 15:55:00,192.447494,192.529998,192.119995,192.279998,4083.0,RACE.NYSE-5-MINUTE-LAST-EXTERNAL
2022-05-09 19:55:00,190.410095,191.240005,190.410095,190.559997,33065.0,RACE.NYSE-5-MINUTE-LAST-EXTERNAL
2022-05-10 15:55:00,188.729995,189.229995,188.479995,188.990005,2624.0,RACE.NYSE-5-MINUTE-LAST-EXTERNAL
2022-05-10 19:55:00,190.464996,190.86,190.119995,190.850006,28991.0,RACE.NYSE-5-MINUTE-LAST-EXTERNAL
2022-05-11 15:55:00,194.11,194.380004,194.0,194.25,3080.0,RACE.NYSE-5-MINUTE-LAST-EXTERNAL
2022-05-11 19:55:00,188.919998,188.919998,188.440002,188.520004,31815.0,RACE.NYSE-5-MINUTE-LAST-EXTERNAL
2022-05-12 15:55:00,188.25,188.25,188.25,188.25,286.0,RACE.NYSE-5-MINUTE-LAST-EXTERNAL
2022-05-12 19:55:00,188.339996,189.289993,188.080001,189.289993,31652.0,RACE.NYSE-5-MINUTE-LAST-EXTERNAL
2022-05-13 15:55:00,195.022399,195.449996,195.022399,195.449996,2176.0,RACE.NYSE-5-MINUTE-LAST-EXTERNAL
2022-05-13 19:55:00,194.0,194.179992,193.679992,193.899993,25802.0,RACE.NYSE-5-MINUTE-LAST-EXTERNAL
2022-05-16 15:55:00,189.460006,189.460006,189.389999,189.389999,375.0,RACE.NYSE-5-MINUTE-LAST-EXTERNAL
2022-05-16 19:55:00,187.800003,187.839996,187.470001,187.690002,18641.0,RACE.NYSE-5-MINUTE-LAST-EXTERNAL
2022-05-17 15:55:00,193.074996,193.179992,192.419998,192.429992,12087.0,RACE.NYSE-5-MINUTE-LAST-EXTERNAL
2022-05-17 19:55:00,192.369995,192.550003,192.240005,192.36,27793.0,RACE.NYSE-5-MINUTE-LAST-EXTERNAL
2022-05-18 15:55:00,185.119995,185.255004,184.970001,185.130004,881.0,RACE.NYSE-5-MINUTE-LAST-EXTERNAL
2022-05-18 19:55:00,182.714996,183.339996,182.612594,183.160003,75837.0,RACE.NYSE-5-MINUTE-LAST-EXTERNAL
2022-05-19 15:55:00,188.399993,188.529998,188.335006,188.479995,2570.0,RACE.NYSE-5-MINUTE-LAST-EXTERNAL
2022-05-19 19:55:00,188.460006,188.559997,188.179992,188.520004,30742.0,RACE.NYSE-5-MINUTE-LAST-EXTERNAL
2022-05-20 15:55:00,188.490005,188.649993,188.259994,188.259994,1631.0,RACE.NYSE-5-MINUTE-LAST-EXTERNAL
2022-05-20 19:55:00,189.119995,189.529998,188.880004,189.490005,38977.0,RACE.NYSE-5-MINUTE-LAST-EXTERNAL
2022-05-23 15:55:00,190.235,190.240005,190.050003,190.050003,2429.0,RACE.NYSE-5-MINUTE-LAST-EXTERNAL
2022-05-23 19:55:00,189.320007,189.699996,189.320007,189.460006,21095.0,RACE.NYSE-5-MINUTE-LAST-EXTERNAL
2022-05-24 15:55:00,189.61,189.779998,189.539993,189.690002,1595.0,RACE.NYSE-5-MINUTE-LAST-EXTERNAL
2022-05-24 19:55:00,190.199996,190.529998,190.059997,190.36,18552.0,RACE.NYSE-5-MINUTE-LAST-EXTERNAL
2022-05-25 15:55:00,189.880004,189.880004,189.869995,189.869995,911.0,RACE.NYSE-5-MINUTE-LAST-EXTERNAL
2022-05-25 19:55:00,191.119995,191.125,190.729995,190.809997,17747.0,RACE.NYSE-5-MINUTE-LAST-EXTERNAL
2022-05-26 15:55:00,197.294998,197.505706,197.210006,197.505706,1016.0,RACE.NYSE-5-MINUTE-LAST-EXTERNAL
2022-05-26 19:55:00,197.190002,197.25,196.820007,196.899993,52972.0,RACE.NYSE-5-MINUTE-LAST-EXTERNAL
2022-05-27 15:55:00,201.115005,201.210006,201.115005,201.199996,1217.0,RACE.NYSE-5-MINUTE-LAST-EXTERNAL
2022-05-27 19:55:00,201.509994,201.869995,201.389999,201.869995,20840.0,RACE.NYSE-5-MINUTE-LAST-EXTERNAL
2022-05-31 15:55:00,196.130004,196.419998,196.130004,196.240005,2235.0,RACE.NYSE-5-MINUTE-LAST-EXTERNAL
2022-05-31 19:55:00,195.550003,195.649993,194.949996,194.960006,35602.0,RACE.NYSE-5-MINUTE-LAST-EXTERNAL
2022-06-01 15:55:00,188.309997,188.520004,188.199996,188.419998,3786.0,RACE.NYSE-5-MINUTE-LAST-EXTERNAL
2022-06-01 19:55:00,189.339996,189.449996,189.059997,189.080001,32939.0,RACE.NYSE-5-MINUTE-LAST-EXTERNAL
2022-06-02 15:55:00,195.524993,195.524993,195.024993,195.199996,1570.0,RACE.NYSE-5-MINUTE-LAST-EXTERNAL
2022-06-02 19:55:00,197.759902,198.0,197.630004,198.0,30802.0,RACE.NYSE-5-MINUTE-LAST-EXTERNAL
2022-06-03 15:55:00,190.339996,190.75,190.339996,190.75,1081.0,RACE.NYSE-5-MINUTE-LAST-EXTERNAL
2022-06-03 19:55:00,189.800003,189.940002,189.520004,189.520004,36427.0,RACE.NYSE-5-MINUTE-LAST-EXTERNAL
2022-06-06 15:55:00,193.304504,193.304504,192.940002,192.940002,1316.0,RACE.NYSE-5-MINUTE-LAST-EXTERNAL
2022-06-06 19:55:00,193.214996,193.289993,193.0,193.270004,28951.0,RACE.NYSE-5-MINUTE-LAST-EXTERNAL
2022-06-07 15:55:00,188.925003,189.25,188.925003,189.25,1523.0,RACE.NYSE-5-MINUTE-LAST-EXTERNAL
2022-06-07 19:55:00,191.149993,191.229995,191.020004,191.149993,32111.0,RACE.NYSE-5-MINUTE-LAST-EXTERNAL
2022-06-08 15:55:00,193.399993,193.419998,193.020004,193.270004,4583.0,RACE.NYSE-5-MINUTE-LAST-EXTERNAL
2022-06-08 19:55:00,192.100006,192.139999,191.869995,191.869995,17230.0,RACE.NYSE-5-MINUTE-LAST-EXTERNAL
2022-06-09 15:55:00,188.36,188.839996,188.36,188.684997,8520.0,RACE.NYSE-5-MINUTE-LAST-EXTERNAL
2022-06-09 19:55:00,187.490005,187.570007,187.339996,187.410003,48680.0,RACE.NYSE-5-MINUTE-LAST-EXTERNAL
2022-06-10 15:55:00,181.845001,182.264999,181.845001,182.264999,1679.0,RACE.NYSE-5-MINUTE-LAST-EXTERNAL
2022-06-10 19:55:00,182.210006,182.289993,181.770004,181.800003,58691.0,RACE.NYSE-5-MINUTE-LAST-EXTERNAL
2022-06-13 15:55:00,172.929992,172.960006,172.809997,172.865005,3021.0,RACE.NYSE-5-MINUTE-LAST-EXTERNAL
2022-06-13 19:55:00,171.570007,171.839996,171.369995,171.649993,55782.0,RACE.NYSE-5-MINUTE-LAST-EXTERNAL
2022-06-14 15:55:00,169.035003,169.089996,168.960006,169.020004,6883.0,RACE.NYSE-5-MINUTE-LAST-EXTERNAL
2022-06-14 19:55:00,168.565002,168.830001,168.419998,168.75,32004.0,RACE.NYSE-5-MINUTE-LAST-EXTERNAL
2022-06-15 15:55:00,174.035003,174.089996,173.880004,173.925003,8149.0,RACE.NYSE-5-MINUTE-LAST-EXTERNAL
2022-06-15 19:55:00,176.800003,177.029998,176.699996,177.009994,28633.0,RACE.NYSE-5-MINUTE-LAST-EXTERNAL
2022-06-16 15:55:00,176.270004,176.470001,176.210006,176.399993,1556.0,RACE.NYSE-5-MINUTE-LAST-EXTERNAL
2022-06-16 19:55:00,173.770004,174.070007,173.639999,174.070007,37311.0,RACE.NYSE-5-MINUTE-LAST-EXTERNAL
2022-06-17 15:55:00,174.585006,174.770004,174.514999,174.735,4598.0,RACE.NYSE-5-MINUTE-LAST-EXTERNAL
2022-06-17 19:55:00,175.800003,176.25,175.800003,176.020004,56012.0,RACE.NYSE-5-MINUTE-LAST-EXTERNAL
2022-06-21 15:55:00,184.710006,184.75,184.559997,184.600006,3074.0,RACE.NYSE-5-MINUTE-LAST-EXTERNAL
2022-06-21 19:55:00,184.660003,184.660003,183.904998,184.460006,48954.0,RACE.NYSE-5-MINUTE-LAST-EXTERNAL
2022-06-22 15:55:00,182.792999,182.830001,182.25,182.289993,2731.0,RACE.NYSE-5-MINUTE-LAST-EXTERNAL
2022-06-22 19:55:00,184.339996,184.619995,183.75,183.919998,33362.0,RACE.NYSE-5-MINUTE-LAST-EXTERNAL
2022-06-23 15:55:00,185.089996,185.089996,184.720001,184.759994,1665.0,RACE.NYSE-5-MINUTE-LAST-EXTERNAL
2022-06-23 19:55:00,185.490005,185.669998,185.380004,185.660003,18914.0,RACE.NYSE-5-MINUTE-LAST-EXTERNAL
2022-06-24 15:55:00,190.039993,190.240005,189.990005,190.220001,4612.0,RACE.NYSE-5-MINUTE-LAST-EXTERNAL
2022-06-24 19:55:00,191.740005,192.059997,191.604995,191.850006,30700.0,RACE.NYSE-5-MINUTE-LAST-EXTERNAL
2022-06-27 15:55:00,188.5,188.5,188.050003,188.169998,2471.0,RACE.NYSE-5-MINUTE-LAST-EXTERNAL
2022-06-27 19:55:00,186.5,186.539993,186.350006,186.410003,31055.0,RACE.NYSE-5-MINUTE-LAST-EXTERNAL
2022-06-28 15:55:00,187.139999,187.259994,187.128692,187.220001,1587.0,RACE.NYSE-5-MINUTE-LAST-EXTERNAL
2022-06-28 19:55:00,185.309997,185.330001,184.990005,185.070007,29696.0,RACE.NYSE-5-MINUTE-LAST-EXTERNAL
2022-06-29 15:55:00,184.119995,184.119995,184.044998,184.044998,1148.0,RACE.NYSE-5-MINUTE-LAST-EXTERNAL
2022-06-29 19:55:00,184.580001,184.929992,184.580001,184.75,22940.0,RACE.NYSE-5-MINUTE-LAST-EXTERNAL
2022-06-30 15:55:00,184.440002,184.570007,184.119995,184.570007,2625.0,RACE.NYSE-5-MINUTE-LAST-EXTERNAL
2022-06-30 19:55:00,182.990005,183.580001,182.910003,183.544998,19405.0,RACE.NYSE-5-MINUTE-LAST-EXTERNAL
2022-07-01 15:55:00,183.768997,183.770004,183.679992,183.679992,687.0,RACE.NYSE-5-MINUTE-LAST-EXTERNAL
2022-07-01 19:55:00,187.509994,187.970001,187.404998,187.759994,59849.0,RACE.NYSE-5-MINUTE-LAST-EXTERNAL
2022-07-05 15:55:00,187.529998,187.692306,187.529998,187.619995,469.0,RACE.NYSE-5-MINUTE-LAST-EXTERNAL
2022-07-05 19:55:00,189.649993,190.119995,189.570007,189.880004,18272.0,RACE.NYSE-5-MINUTE-LAST-EXTERNAL
2022-07-06 15:55:00,187.625,188.139999,187.625,188.059997,1505.0,RACE.NYSE-5-MINUTE-LAST-EXTERNAL
2022-07-06 19:55:00,189.5,190.100006,189.309997,190.050003,23467.0,RACE.NYSE-5-MINUTE-LAST-EXTERNAL
2022-07-07 15:55:00,192.0,192.0,191.839996,191.839996,484.0,RACE.NYSE-5-MINUTE-LAST-EXTERNAL
2022-07-07 19:55:00,192.218307,192.664993,192.218307,192.470001,16216.0,RACE.NYSE-5-MINUTE-LAST-EXTERNAL
2022-07-08 15:55:00,194.710006,194.979995,194.690002,194.979995,4510.0,RACE.NYSE-5-MINUTE-LAST-EXTERNAL
2022-07-08 19:55:00,193.800003,193.910003,193.615005,193.770004,16440.0,RACE.NYSE-5-MINUTE-LAST-EXTERNAL
2022-07-11 15:55:00,193.425003,193.529998,193.074996,193.179992,4124.0,RACE.NYSE-5-MINUTE-LAST-EXTERNAL
2022-07-11 19:55:00,190.699996,190.815002,190.470001,190.740005,28775.0,RACE.NYSE-5-MINUTE-LAST-EXTERNAL
2022-07-12 15:55:00,191.074996,191.074996,190.880004,190.919998,2071.0,RACE.NYSE-5-MINUTE-LAST-EXTERNAL
2022-07-12 19:55:00,189.270996,189.440002,188.679992,188.830001,44522.0,RACE.NYSE-5-MINUTE-LAST-EXTERNAL
2022-07-13 15:55:00,190.339996,190.460006,190.339996,190.460006,404.0,RACE.NYSE-5-MINUTE-LAST-EXTERNAL
2022-07-13 19:55:00,191.270004,191.380004,191.029998,191.139999,20610.0,RACE.NYSE-5-MINUTE-LAST-EXTERNAL
2022-07-14 15:55:00,190.149993,190.149993,190.149993,190.149993,101.0,RACE.NYSE-5-MINUTE-LAST-EXTERNAL
2022-07-14 19:55:00,188.940002,189.139999,188.710006,188.75,14789.0,RACE.NYSE-5-MINUTE-LAST-EXTERNAL
2022-07-15 15:55:00,195.369995,195.550003,195.369995,195.550003,1929.0,RACE.NYSE-5-MINUTE-LAST-EXTERNAL
2022-07-15 19:55:00,193.774993,193.779998,193.309997,193.449996,60101.0,RACE.NYSE-5-MINUTE-LAST-EXTERNAL
2022-07-18 15:55:00,198.175003,198.369995,198.175003,198.315002,2176.0,RACE.NYSE-5-MINUTE-LAST-EXTERNAL
2022-07-18 19:55:00,195.580001,195.61,195.070007,195.130004,40684.0,RACE.NYSE-5-MINUTE-LAST-EXTERNAL
2022-07-19 15:55:00,199.839996,200.100006,199.820007,200.100006,4091.0,RACE.NYSE-5-MINUTE-LAST-EXTERNAL
2022-07-19 19:55:00,199.279998,199.409896,198.929992,198.975006,58005.0,RACE.NYSE-5-MINUTE-LAST-EXTERNAL
2022-07-20 15:55:00,198.050003,198.095001,198.024993,198.089996,909.0,RACE.NYSE-5-MINUTE-LAST-EXTERNAL
2022-07-20 19:55:00,195.919998,196.070007,195.5,195.649993,36738.0,RACE.NYSE-5-MINUTE-LAST-EXTERNAL
2022-07-21 15:55:00,200.449996,200.580001,200.395004,200.449996,937.0,RACE.NYSE-5-MINUTE-LAST-EXTERNAL
2022-07-21 19:55:00,201.570007,202.199996,201.544998,202.050003,28161.0,RACE.NYSE-5-MINUTE-LAST-EXTERNAL
2022-07-22 15:55:00,201.619995,201.619995,201.380004,201.380004,453.0,RACE.NYSE-5-MINUTE-LAST-EXTERNAL
2022-07-22 19:55:00,200.419998,200.619903,200.330001,200.419998,22826.0,RACE.NYSE-5-MINUTE-LAST-EXTERNAL
2022-07-25 15:55:00,202.279998,202.300003,202.11,202.139999,1273.0,RACE.NYSE-5-MINUTE-LAST-EXTERNAL
2022-07-25 19:55:00,201.580001,201.699996,201.419998,201.61,11152.0,RACE.NYSE-5-MINUTE-LAST-EXTERNAL
2022-07-26 15:55:00,196.130004,196.154998,196.050003,196.050003,868.0,RACE.NYSE-5-MINUTE-LAST-EXTERNAL
2022-07-26 19:55:00,195.789993,195.929992,195.509994,195.705001,22310.0,RACE.NYSE-5-MINUTE-LAST-EXTERNAL
2022-07-27 15:55:00,198.320007,198.559997,198.320007,198.494995,2490.0,RACE.NYSE-5-MINUTE-LAST-EXTERNAL
2022-07-27 19:55:00,200.914993,200.960006,200.639999,200.880004,30429.0,RACE.NYSE-5-MINUTE-LAST-EXTERNAL
2022-07-28 15:55:00,207.705001,207.899993,207.634994,207.645004,1285.0,RACE.NYSE-5-MINUTE-LAST-EXTERNAL
2022-07-28 19:55:00,207.619995,207.649993,207.399993,207.61,38623.0,RACE.NYSE-5-MINUTE-LAST-EXTERNAL
2022-07-29 15:55:00,210.449996,210.460006,210.449996,210.460006,868.0,RACE.NYSE-5-MINUTE-LAST-EXTERNAL
2022-07-29 19:55:00,210.75,211.25,210.75,211.25,16222.0,RACE.NYSE-5-MINUTE-LAST-EXTERNAL
2022-08-01 15:55:00,213.699996,213.929992,213.699996,213.820007,1392.0,RACE.NYSE-5-MINUTE-LAST-EXTERNAL
2022-08-01 19:55:00,212.710006,213.339996,212.574996,213.339996,30799.0,RACE.NYSE-5-MINUTE-LAST-EXTERNAL
2022-08-02 15:55:00,213.705001,213.889999,213.705001,213.889999,2079.0,RACE.NYSE-5-MINUTE-LAST-EXTERNAL
2022-08-02 19:55:00,211.630004,211.639999,211.039993,211.039993,21624.0,RACE.NYSE-5-MINUTE-LAST-EXTERNAL
2022-08-03 15:55:00,215.059997,215.5,215.059997,215.339996,3220.0,RACE.NYSE-5-MINUTE-LAST-EXTERNAL
2022-08-03 19:55:00,215.869995,215.869995,215.559997,215.699996,35627.0,RACE.NYSE-5-MINUTE-LAST-EXTERNAL
2022-08-04 15:55:00,215.729995,215.779998,215.720001,215.759994,1994.0,RACE.NYSE-5-MINUTE-LAST-EXTERNAL
2022-08-04 19:55:00,215.899993,216.080001,215.830001,216.059997,21550.0,RACE.NYSE-5-MINUTE-LAST-EXTERNAL
2022-08-05 15:55:00,211.380004,211.380004,211.210006,211.210006,728.0,RACE.NYSE-5-MINUTE-LAST-EXTERNAL
2022-08-05 19:55:00,212.119995,212.199996,211.839996,211.850006,24362.0,RACE.NYSE-5-MINUTE-LAST-EXTERNAL
2022-08-08 15:55:00,214.440002,214.440002,214.440002,214.440002,298.0,RACE.NYSE-5-MINUTE-LAST-EXTERNAL
2022-08-08 19:55:00,213.690002,213.770004,213.440002,213.580001,18349.0,RACE.NYSE-5-MINUTE-LAST-EXTERNAL
2022-08-09 15:55:00,210.789993,210.789993,210.789993,210.789993,367.0,RACE.NYSE-5-MINUTE-LAST-EXTERNAL
2022-08-09 19:55:00,210.649993,210.75,210.384994,210.470001,32458.0,RACE.NYSE-5-MINUTE-LAST-EXTERNAL
2022-08-10 15:55:00,215.25,215.25,215.25,215.25,494.0,RACE.NYSE-5-MINUTE-LAST-EXTERNAL
2022-08-10 19:55:00,214.979995,215.195007,214.820007,215.130004,15157.0,RACE.NYSE-5-MINUTE-LAST-EXTERNAL
2022-08-11 15:55:00,215.740005,215.800003,215.699996,215.770004,2431.0,RACE.NYSE-5-MINUTE-LAST-EXTERNAL
2022-08-11 19:55:00,215.399993,215.460006,215.309997,215.419998,25340.0,RACE.NYSE-5-MINUTE-LAST-EXTERNAL
2022-08-12 15:55:00,214.399993,214.449996,214.399993,214.449996,904.0,RACE.NYSE-5-MINUTE-LAST-EXTERNAL
2022-08-12 19:55:00,215.570007,215.830001,215.449996,215.720001,15780.0,RACE.NYSE-5-MINUTE-LAST-EXTERNAL
2022-08-15 15:55:00,215.389999,215.389999,215.059997,215.059997,1086.0,RACE.NYSE-5-MINUTE-LAST-EXTERNAL
2022-08-15 19:55:00,214.589996,214.669998,214.279998,214.600006,6997.0,RACE.NYSE-5-MINUTE-LAST-EXTERNAL
2022-08-16 15:55:00,211.899993,212.149993,211.899993,212.149993,1512.0,RACE.NYSE-5-MINUTE-LAST-EXTERNAL
2022-08-16 19:55:00,212.289993,212.289993,212.020004,212.080001,19696.0,RACE.NYSE-5-MINUTE-LAST-EXTERNAL
2022-08-17 15:55:00,209.960006,209.960006,209.960006,209.960006,1036.0,RACE.NYSE-5-MINUTE-LAST-EXTERNAL
2022-08-17 19:55:00,211.600006,211.634994,211.229995,211.380004,17672.0,RACE.NYSE-5-MINUTE-LAST-EXTERNAL
2022-08-18 15:55:00,212.0,212.050003,211.940002,212.050003,3325.0,RACE.NYSE-5-MINUTE-LAST-EXTERNAL
2022-08-18 19:55:00,212.059997,212.380004,211.869995,212.270004,30020.0,RACE.NYSE-5-MINUTE-LAST-EXTERNAL
2022-08-19 15:55:00,206.904998,206.904998,206.830001,206.830001,891.0,RACE.NYSE-5-MINUTE-LAST-EXTERNAL
2022-08-19 19:55:00,206.949996,207.225006,206.869995,207.089996,33055.0,RACE.NYSE-5-MINUTE-LAST-EXTERNAL
2022-08-22 15:55:00,201.830001,201.960006,201.759994,201.869995,1431.0,RACE.NYSE-5-MINUTE-LAST-EXTERNAL
2022-08-22 19:55:00,200.289993,200.850006,200.255004,200.550003,44597.0,RACE.NYSE-5-MINUTE-LAST-EXTERNAL
2022-08-23 15:55:00,203.035003,203.080001,202.964996,203.080001,692.0,RACE.NYSE-5-MINUTE-LAST-EXTERNAL
2022-08-23 19:55:00,201.880004,201.940002,201.679992,201.889999,16074.0,RACE.NYSE-5-MINUTE-LAST-EXTERNAL
2022-08-24 15:55:00,204.86,204.865005,204.740005,204.740005,597.0,RACE.NYSE-5-MINUTE-LAST-EXTERNAL
2022-08-24 19:55:00,203.979995,203.990005,203.550003,203.61,7692.0,RACE.NYSE-5-MINUTE-LAST-EXTERNAL
2022-08-25 15:55:00,205.074996,205.074996,205.020004,205.020004,253.0,RACE.NYSE-5-MINUTE-LAST-EXTERNAL
2022-08-25 19:55:00,206.809997,206.960006,206.699996,206.889999,15805.0,RACE.NYSE-5-MINUTE-LAST-EXTERNAL
2022-08-26 15:55:00,199.844802,200.126007,199.844802,200.126007,1251.0,RACE.NYSE-5-MINUTE-LAST-EXTERNAL
2022-08-26 19:55:00,197.945007,198.139999,197.75,197.869995,26243.0,RACE.NYSE-5-MINUTE-LAST-EXTERNAL
2022-08-29 15:55:00,198.660003,198.660003,198.339996,198.625,651.0,RACE.NYSE-5-MINUTE-LAST-EXTERNAL
2022-08-29 19:55:00,199.264999,199.410003,198.899993,198.990005,31775.0,RACE.NYSE-5-MINUTE-LAST-EXTERNAL
2022-08-30 15:55:00,196.160003,196.470001,196.139999,196.389999,1450.0,RACE.NYSE-5-MINUTE-LAST-EXTERNAL
2022-08-30 19:55:00,195.160003,195.470001,195.159896,195.300003,28124.0,RACE.NYSE-5-MINUTE-LAST-EXTERNAL
2022-08-31 15:55:00,195.163101,195.205001,195.089996,195.089996,1382.0,RACE.NYSE-5-MINUTE-LAST-EXTERNAL
2022-08-31 19:55:00,195.399993,195.399993,194.699996,194.830001,14151.0,RACE.NYSE-5-MINUTE-LAST-EXTERNAL
2022-09-01 15:55:00,190.539993,190.773498,190.520004,190.773498,2613.0,RACE.NYSE-5-MINUTE-LAST-EXTERNAL
2022-09-01 19:55:00,193.639999,194.050003,193.639999,194.0,23146.0,RACE.NYSE-5-MINUTE-LAST-EXTERNAL
2022-09-02 15:55:00,197.369995,197.455001,197.369995,197.455001,771.0,RACE.NYSE-5-MINUTE-LAST-EXTERNAL
2022-09-02 19:55:00,191.229995,191.399993,190.869995,191.179992,34104.0,RACE.NYSE-5-MINUTE-LAST-EXTERNAL
2022-09-06 15:55:00,190.880004,190.942504,190.869995,190.919998,2719.0,RACE.NYSE-5-MINUTE-LAST-EXTERNAL
2022-09-06 19:55:00,190.214996,190.600006,190.149993,190.36,33259.0,RACE.NYSE-5-MINUTE-LAST-EXTERNAL
2022-09-07 15:55:00,193.160003,193.25,193.029998,193.119995,1198.0,RACE.NYSE-5-MINUTE-LAST-EXTERNAL
2022-09-07 19:55:00,195.229995,195.259994,195.014999,195.190002,11472.0,RACE.NYSE-5-MINUTE-LAST-EXTERNAL
2022-09-08 15:55:00,193.220001,193.220001,193.220001,193.220001,432.0,RACE.NYSE-5-MINUTE-LAST-EXTERNAL
2022-09-08 19:55:00,193.820007,194.0,193.384994,193.529998,24097.0,RACE.NYSE-5-MINUTE-LAST-EXTERNAL
2022-09-09 15:55:00,196.184997,196.184997,196.184997,196.184997,104.0,RACE.NYSE-5-MINUTE-LAST-EXTERNAL
2022-09-09 19:55:00,195.740005,196.059997,195.679992,195.690002,31597.0,RACE.NYSE-5-MINUTE-LAST-EXTERNAL
2022-09-12 15:55:00,201.179992,201.205001,201.039993,201.205001,392.0,RACE.NYSE-5-MINUTE-LAST-EXTERNAL
2022-09-12 19:55:00,201.794998,202.0,201.589996,202.0,12733.0,RACE.NYSE-5-MINUTE-LAST-EXTERNAL
2022-09-13 15:55:00,195.679992,195.899993,195.679992,195.899993,1069.0,RACE.NYSE-5-MINUTE-LAST-EXTERNAL
2022-09-13 19:55:00,195.559997,195.809997,195.449996,195.679992,26202.0,RACE.NYSE-5-MINUTE-LAST-EXTERNAL
2022-09-14 15:55:00,200.763702,200.763702,200.699996,200.710006,2184.0,RACE.NYSE-5-MINUTE-LAST-EXTERNAL
2022-09-14 19:55:00,199.11,199.699996,198.86,199.410003,27333.0,RACE.NYSE-5-MINUTE-LAST-EXTERNAL
2022-09-15 15:55:00,198.279998,198.289993,198.179992,198.179992,528.0,RACE.NYSE-5-MINUTE-LAST-EXTERNAL
2022-09-15 19:55:00,196.660003,196.869995,196.470001,196.869995,28060.0,RACE.NYSE-5-MINUTE-LAST-EXTERNAL
2022-09-16 15:55:00,196.429992,196.429992,196.429992,196.429992,481.0,RACE.NYSE-5-MINUTE-LAST-EXTERNAL
2022-09-16 19:55:00,197.380004,197.380004,196.869995,196.910003,22179.0,RACE.NYSE-5-MINUTE-LAST-EXTERNAL
2022-09-19 15:55:00,196.705001,196.889999,196.690002,196.800003,1524.0,RACE.NYSE-5-MINUTE-LAST-EXTERNAL
2022-09-19 19:55:00,198.339996,198.520004,198.169998,198.460006,14756.0,RACE.NYSE-5-MINUTE-LAST-EXTERNAL
2022-09-20 15:55:00,194.395004,194.479995,194.36,194.36,1820.0,RACE.NYSE-5-MINUTE-LAST-EXTERNAL
2022-09-20 19:55:00,194.085006,194.160003,193.789993,194.029998,36783.0,RACE.NYSE-5-MINUTE-LAST-EXTERNAL
2022-09-21 15:55:00,194.460006,194.460006,194.375,194.440002,1275.0,RACE.NYSE-5-MINUTE-LAST-EXTERNAL
2022-09-21 19:55:00,192.649993,192.710006,192.339996,192.479995,37872.0,RACE.NYSE-5-MINUTE-LAST-EXTERNAL
2022-09-22 15:55:00,189.100006,189.210006,188.910003,188.910003,1491.0,RACE.NYSE-5-MINUTE-LAST-EXTERNAL
2022-09-22 19:55:00,189.770004,189.789993,189.130004,189.289993,20148.0,RACE.NYSE-5-MINUTE-LAST-EXTERNAL
2022-09-23 15:55:00,184.759994,184.759994,184.695007,184.695007,1282.0,RACE.NYSE-5-MINUTE-LAST-EXTERNAL
2022-09-23 19:55:00,185.990005,186.440002,185.919998,186.220001,39336.0,RACE.NYSE-5-MINUTE-LAST-EXTERNAL
2022-09-26 15:55:00,186.960006,187.119995,186.86,187.119995,3813.0,RACE.NYSE-5-MINUTE-LAST-EXTERNAL
2022-09-26 19:55:00,187.455001,187.455001,186.389999,186.5,13539.0,RACE.NYSE-5-MINUTE-LAST-EXTERNAL
2022-09-27 15:55:00,188.429992,188.539993,188.037292,188.259994,1949.0,RACE.NYSE-5-MINUTE-LAST-EXTERNAL
2022-09-27 19:55:00,189.485,189.639999,189.169998,189.330001,24142.0,RACE.NYSE-5-MINUTE-LAST-EXTERNAL
2022-09-28 15:55:00,189.660003,189.679992,189.505004,189.505004,2049.0,RACE.NYSE-5-MINUTE-LAST-EXTERNAL
2022-09-28 19:55:00,191.550003,191.559997,190.979995,191.220001,23444.0,RACE.NYSE-5-MINUTE-LAST-EXTERNAL
2022-09-29 15:55:00,186.580001,186.710006,186.36,186.36,4254.0,RACE.NYSE-5-MINUTE-LAST-EXTERNAL
2022-09-29 19:55:00,186.389999,186.910003,186.279998,186.419998,45377.0,RACE.NYSE-5-MINUTE-LAST-EXTERNAL
2022-09-30 15:55:00,187.035003,187.035003,186.919998,186.929992,1005.0,RACE.NYSE-5-MINUTE-LAST-EXTERNAL
2022-09-30 19:55:00,185.179992,185.389999,184.964996,185.169998,47197.0,RACE.NYSE-5-MINUTE-LAST-EXTERNAL
2022-10-03 15:55:00,185.899993,185.899993,185.410003,185.520004,2653.0,RACE.NYSE-5-MINUTE-LAST-EXTERNAL
2022-10-03 19:55:00,186.710006,186.725006,186.419998,186.570007,36930.0,RACE.NYSE-5-MINUTE-LAST-EXTERNAL
2022-10-04 15:55:00,195.304992,195.759994,195.304992,195.759994,2700.0,RACE.NYSE-5-MINUTE-LAST-EXTERNAL
2022-10-04 19:55:00,193.399993,193.889999,193.279998,193.770004,45754.0,RACE.NYSE-5-MINUTE-LAST-EXTERNAL
2022-10-05 15:55:00,190.740005,191.0,190.740005,191.0,2409.0,RACE.NYSE-5-MINUTE-LAST-EXTERNAL
2022-10-05 19:55:00,193.289993,193.669998,193.289993,193.589996,26441.0,RACE.NYSE-5-MINUTE-LAST-EXTERNAL
2022-10-06 15:55:00,190.630004,190.630004,189.690002,189.690002,4932.0,RACE.NYSE-5-MINUTE-LAST-EXTERNAL
2022-10-06 19:55:00,191.0,191.164993,190.690002,190.779998,29666.0,RACE.NYSE-5-MINUTE-LAST-EXTERNAL
2022-10-07 15:55:00,185.779998,185.779998,185.779998,185.779998,341.0,RACE.NYSE-5-MINUTE-LAST-EXTERNAL
2022-10-07 19:55:00,184.970001,185.380004,184.830001,184.990005,47380.0,RACE.NYSE-5-MINUTE-LAST-EXTERNAL
2022-10-10 15:55:00,182.679992,182.697402,182.580001,182.580001,1281.0,RACE.NYSE-5-MINUTE-LAST-EXTERNAL
2022-10-10 19:55:00,182.070007,182.259994,181.949996,182.149993,52619.0,RACE.NYSE-5-MINUTE-LAST-EXTERNAL
2022-10-11 15:55:00,185.419998,185.419998,185.119995,185.119995,1045.0,RACE.NYSE-5-MINUTE-LAST-EXTERNAL
2022-10-11 19:55:00,183.259994,183.539993,183.11,183.279998,49643.0,RACE.NYSE-5-MINUTE-LAST-EXTERNAL
2022-10-12 15:55:00,183.175003,183.175003,183.175003,183.175003,494.0,RACE.NYSE-5-MINUTE-LAST-EXTERNAL
2022-10-12 19:55:00,182.320007,182.809997,182.190002,182.470001,60989.0,RACE.NYSE-5-MINUTE-LAST-EXTERNAL
2022-10-13 15:55:00,182.309997,182.309997,182.205001,182.279998,2262.0,RACE.NYSE-5-MINUTE-LAST-EXTERNAL
2022-10-13 19:55:00,183.880004,183.880004,183.380004,183.639999,43535.0,RACE.NYSE-5-MINUTE-LAST-EXTERNAL
2022-10-14 15:55:00,181.86,182.057495,181.86,182.057495,534.0,RACE.NYSE-5-MINUTE-LAST-EXTERNAL
2022-10-14 19:55:00,180.820007,180.960006,180.570007,180.710006,35737.0,RACE.NYSE-5-MINUTE-LAST-EXTERNAL
2022-10-17 15:55:00,188.274993,188.274993,188.199996,188.199996,977.0,RACE.NYSE-5-MINUTE-LAST-EXTERNAL
2022-10-17 19:55:00,189.0,189.0,188.630004,188.714996,36149.0,RACE.NYSE-5-MINUTE-LAST-EXTERNAL
2022-10-18 15:55:00,190.789993,190.789993,190.690002,190.690002,1090.0,RACE.NYSE-5-MINUTE-LAST-EXTERNAL
2022-10-18 19:55:00,190.785003,191.179992,190.740005,191.020004,23051.0,RACE.NYSE-5-MINUTE-LAST-EXTERNAL
2022-10-19 15:55:00,188.759994,188.86,188.565002,188.565002,4729.0,RACE.NYSE-5-MINUTE-LAST-EXTERNAL
2022-10-19 19:55:00,187.539993,187.770004,187.460006,187.570007,21015.0,RACE.NYSE-5-MINUTE-LAST-EXTERNAL
2022-10-20 15:55:00,188.449996,188.449996,188.119995,188.139999,844.0,RACE.NYSE-5-MINUTE-LAST-EXTERNAL
2022-10-20 19:55:00,186.979995,187.029998,186.509994,186.649993,20239.0,RACE.NYSE-5-MINUTE-LAST-EXTERNAL
2022-10-21 15:55:00,187.044998,187.438995,187.044998,187.438995,1062.0,RACE.NYSE-5-MINUTE-LAST-EXTERNAL
2022-10-21 19:55:00,188.539993,188.589996,188.309997,188.550003,24828.0,RACE.NYSE-5-MINUTE-LAST-EXTERNAL
2022-10-24 15:55:00,191.389999,191.729995,191.389999,191.729995,840.0,RACE.NYSE-5-MINUTE-LAST-EXTERNAL
2022-10-24 19:55:00,191.589996,191.725006,191.160003,191.645004,53462.0,RACE.NYSE-5-MINUTE-LAST-EXTERNAL
2022-10-25 15:55:00,197.952499,198.054992,197.880004,198.054992,876.0,RACE.NYSE-5-MINUTE-LAST-EXTERNAL
2022-10-25 19:55:00,196.779998,196.865005,196.419998,196.419998,42541.0,RACE.NYSE-5-MINUTE-LAST-EXTERNAL
2022-10-26 15:55:00,198.419998,198.859893,198.419998,198.639999,2052.0,RACE.NYSE-5-MINUTE-LAST-EXTERNAL
2022-10-26 19:55:00,197.214996,197.410003,197.020004,197.020004,16561.0,RACE.NYSE-5-MINUTE-LAST-EXTERNAL
2022-10-27 15:55:00,196.960006,196.960006,196.960006,196.960006,323.0,RACE.NYSE-5-MINUTE-LAST-EXTERNAL
2022-10-27 19:55:00,196.25,196.410003,196.119995,196.229995,19828.0,RACE.NYSE-5-MINUTE-LAST-EXTERNAL
2022-10-28 15:55:00,197.509994,197.679992,197.509994,197.589996,655.0,RACE.NYSE-5-MINUTE-LAST-EXTERNAL
2022-10-28 19:55:00,199.039993,199.039993,198.440002,198.509994,46384.0,RACE.NYSE-5-MINUTE-LAST-EXTERNAL
2022-10-31 15:55:00,197.679992,197.679992,197.160003,197.330001,3257.0,RACE.NYSE-5-MINUTE-LAST-EXTERNAL
2022-10-31 19:55:00,196.649993,196.869995,196.539993,196.865005,23537.0,RACE.NYSE-5-MINUTE-LAST-EXTERNAL
2022-11-01 15:55:00,196.139999,196.259994,196.139999,196.259994,856.0,RACE.NYSE-5-MINUTE-LAST-EXTERNAL
2022-11-01 19:55:00,196.490005,196.949996,196.470001,196.929992,26713.0,RACE.NYSE-5-MINUTE-LAST-EXTERNAL
2022-11-02 15:55:00,194.369995,194.509994,194.279998,194.339996,4257.0,RACE.NYSE-5-MINUTE-LAST-EXTERNAL
2022-11-02 19:55:00,191.725006,192.029998,191.449996,191.589996,27832.0,RACE.NYSE-5-MINUTE-LAST-EXTERNAL
2022-11-03 15:55:00,190.919998,191.020004,190.904998,191.020004,3891.0,RACE.NYSE-5-MINUTE-LAST-EXTERNAL
2022-11-03 19:55:00,192.320007,192.440002,192.020004,192.429992,35788.0,RACE.NYSE-5-MINUTE-LAST-EXTERNAL
2022-11-04 15:55:00,199.899993,200.11,199.559997,199.559997,7395.0,RACE.NYSE-5-MINUTE-LAST-EXTERNAL
2022-11-04 19:55:00,199.089996,199.380004,198.869995,199.199996,27960.0,RACE.NYSE-5-MINUTE-LAST-EXTERNAL
2022-11-07 15:55:00,199.395004,199.395004,199.259994,199.389999,1838.0,RACE.NYSE-5-MINUTE-LAST-EXTERNAL
2022-11-07 19:55:00,199.919998,199.990005,199.809997,199.899307,4518.0,RACE.NYSE-5-MINUTE-LAST-EXTERNAL
2022-11-07 21:00:00,199.889999,199.889999,199.889999,199.889999,20624.0,RACE.NYSE-5-MINUTE-LAST-EXTERNAL
2022-11-08 15:55:00,205.309997,205.440002,205.199996,205.440002,6864.0,RACE.NYSE-5-MINUTE-LAST-EXTERNAL
2022-11-08 19:55:00,204.440002,204.449996,204.139999,204.139999,3401.0,RACE.NYSE-5-MINUTE-LAST-EXTERNAL
2022-11-08 21:00:00,204.300003,204.300003,204.300003,204.300003,28512.0,RACE.NYSE-5-MINUTE-LAST-EXTERNAL
2022-11-09 15:55:00,203.080001,203.080001,202.839996,202.979995,2813.0,RACE.NYSE-5-MINUTE-LAST-EXTERNAL
2022-11-09 19:55:00,201.699996,201.755004,201.5,201.554992,2383.0,RACE.NYSE-5-MINUTE-LAST-EXTERNAL
2022-11-09 21:00:00,201.490005,201.490005,201.490005,201.490005,17161.0,RACE.NYSE-5-MINUTE-LAST-EXTERNAL
2022-11-10 15:55:00,213.240005,213.619995,213.119995,213.619995,6280.0,RACE.NYSE-5-MINUTE-LAST-EXTERNAL
2022-11-10 19:55:00,212.264999,212.289993,212.070007,212.070007,1571.0,RACE.NYSE-5-MINUTE-LAST-EXTERNAL
2022-11-10 21:00:00,212.800003,212.800003,212.800003,212.800003,28647.0,RACE.NYSE-5-MINUTE-LAST-EXTERNAL
2022-11-11 15:55:00,216.975006,216.975006,216.720001,216.839996,3696.0,RACE.NYSE-5-MINUTE-LAST-EXTERNAL
2022-11-11 19:55:00,218.419998,218.539993,218.220001,218.399993,3757.0,RACE.NYSE-5-MINUTE-LAST-EXTERNAL
2022-11-11 21:00:00,216.86,216.86,216.86,216.86,50785.0,RACE.NYSE-5-MINUTE-LAST-EXTERNAL
2022-11-14 15:55:00,214.877593,215.25,214.820007,215.214996,3543.0,RACE.NYSE-5-MINUTE-LAST-EXTERNAL
2022-11-14 19:55:00,214.570007,214.690002,214.419998,214.419998,3616.0,RACE.NYSE-5-MINUTE-LAST-EXTERNAL
2022-11-14 21:00:00,212.759994,212.759994,212.759994,212.759994,41231.0,RACE.NYSE-5-MINUTE-LAST-EXTERNAL
2022-11-15 15:55:00,214.990005,215.050003,214.820007,215.050003,1353.0,RACE.NYSE-5-MINUTE-LAST-EXTERNAL
2022-11-15 19:55:00,214.869995,215.699996,214.869995,215.619995,4163.0,RACE.NYSE-5-MINUTE-LAST-EXTERNAL
2022-11-15 21:00:00,215.440002,215.440002,215.440002,215.440002,22969.0,RACE.NYSE-5-MINUTE-LAST-EXTERNAL
2022-11-16 15:55:00,213.460006,213.529998,213.36,213.520004,1373.0,RACE.NYSE-5-MINUTE-LAST-EXTERNAL
2022-11-16 19:55:00,214.875793,214.929901,214.774993,214.929901,805.0,RACE.NYSE-5-MINUTE-LAST-EXTERNAL
2022-11-16 21:00:00,213.940002,213.940002,213.940002,213.940002,19591.0,RACE.NYSE-5-MINUTE-LAST-EXTERNAL
2022-11-17 15:55:00,211.139999,211.414993,211.139999,211.414993,1855.0,RACE.NYSE-5-MINUTE-LAST-EXTERNAL
2022-11-17 19:55:00,212.809997,212.809997,212.800003,212.800003,1028.0,RACE.NYSE-5-MINUTE-LAST-EXTERNAL
2022-11-17 21:00:00,213.550003,213.550003,213.550003,213.550003,21318.0,RACE.NYSE-5-MINUTE-LAST-EXTERNAL
2022-11-18 15:55:00,214.559997,214.570007,213.990005,214.130004,1792.0,RACE.NYSE-5-MINUTE-LAST-EXTERNAL
2022-11-18 19:55:00,215.014999,215.029998,215.014999,215.029998,622.0,RACE.NYSE-5-MINUTE-LAST-EXTERNAL
2022-11-18 21:00:00,216.330001,216.330001,216.330001,216.330001,9476.0,RACE.NYSE-5-MINUTE-LAST-EXTERNAL
2022-11-21 15:55:00,214.199996,214.25,214.139999,214.139999,702.0,RACE.NYSE-5-MINUTE-LAST-EXTERNAL
2022-11-21 19:55:00,214.369995,214.369995,214.320007,214.320007,1269.0,RACE.NYSE-5-MINUTE-LAST-EXTERNAL
2022-11-21 21:00:00,214.119995,214.119995,214.119995,214.119995,15862.0,RACE.NYSE-5-MINUTE-LAST-EXTERNAL
2022-11-22 15:55:00,216.910003,216.910003,216.815002,216.815002,1755.0,RACE.NYSE-5-MINUTE-LAST-EXTERNAL
2022-11-22 19:55:00,216.440002,216.539993,216.419998,216.419998,626.0,RACE.NYSE-5-MINUTE-LAST-EXTERNAL
2022-11-22 21:00:00,216.36,216.36,216.36,216.36,22034.0,RACE.NYSE-5-MINUTE-LAST-EXTERNAL
2022-11-23 15:55:00,218.119995,218.149993,218.089996,218.089996,1131.0,RACE.NYSE-5-MINUTE-LAST-EXTERNAL
2022-11-23 19:55:00,217.880004,217.880004,217.880004,217.880004,811.0,RACE.NYSE-5-MINUTE-LAST-EXTERNAL
2022-11-23 21:00:00,217.589996,217.589996,217.589996,217.589996,22362.0,RACE.NYSE-5-MINUTE-LAST-EXTERNAL
2022-11-25 15:55:00,218.445007,218.520004,218.445007,218.520004,1029.0,RACE.NYSE-5-MINUTE-LAST-EXTERNAL
2022-11-25 18:00:00,218.139999,218.139999,218.139999,218.139999,357.0,RACE.NYSE-5-MINUTE-LAST-EXTERNAL
2022-11-28 15:55:00,218.619995,218.619995,218.399993,218.580001,2717.0,RACE.NYSE-5-MINUTE-LAST-EXTERNAL
2022-11-28 19:55:00,216.710006,216.710006,216.429992,216.429992,2263.0,RACE.NYSE-5-MINUTE-LAST-EXTERNAL
2022-11-28 21:00:00,215.949996,215.949996,215.949996,215.949996,18534.0,RACE.NYSE-5-MINUTE-LAST-EXTERNAL
2022-11-29 15:55:00,216.539993,216.580001,216.179992,216.195007,5322.0,RACE.NYSE-5-MINUTE-LAST-EXTERNAL
2022-11-29 19:55:00,215.539993,215.720001,215.529998,215.720001,1995.0,RACE.NYSE-5-MINUTE-LAST-EXTERNAL
2022-11-29 21:00:00,215.220001,215.220001,215.220001,215.220001,26837.0,RACE.NYSE-5-MINUTE-LAST-EXTERNAL
2022-11-30 15:55:00,218.309997,218.309997,218.169998,218.190002,1878.0,RACE.NYSE-5-MINUTE-LAST-EXTERNAL
2022-11-30 19:55:00,221.225006,221.225006,220.75,221.100006,11645.0,RACE.NYSE-5-MINUTE-LAST-EXTERNAL
2022-11-30 21:00:00,223.050003,223.050003,223.050003,223.050003,30997.0,RACE.NYSE-5-MINUTE-LAST-EXTERNAL
2022-12-01 15:55:00,226.009994,226.289993,225.639999,226.289993,3076.0,RACE.NYSE-5-MINUTE-LAST-EXTERNAL
2022-12-01 19:55:00,227.850006,227.850006,227.729995,227.729995,566.0,RACE.NYSE-5-MINUTE-LAST-EXTERNAL
2022-12-01 21:00:00,228.080001,228.080001,228.080001,228.080001,22706.0,RACE.NYSE-5-MINUTE-LAST-EXTERNAL
2022-12-02 15:55:00,224.929992,224.929992,224.800003,224.800003,1463.0,RACE.NYSE-5-MINUTE-LAST-EXTERNAL
2022-12-02 19:55:00,225.634994,225.639999,225.470001,225.570007,6399.0,RACE.NYSE-5-MINUTE-LAST-EXTERNAL
2022-12-02 21:00:00,226.580001,226.580001,226.580001,226.580001,37038.0,RACE.NYSE-5-MINUTE-LAST-EXTERNAL
2022-12-05 15:55:00,226.369995,226.369995,226.089996,226.089996,670.0,RACE.NYSE-5-MINUTE-LAST-EXTERNAL
2022-12-05 19:55:00,224.539993,224.684997,224.539993,224.639999,2154.0,RACE.NYSE-5-MINUTE-LAST-EXTERNAL
2022-12-05 21:00:00,223.679992,223.679992,223.679992,223.679992,43247.0,RACE.NYSE-5-MINUTE-LAST-EXTERNAL
2022-12-06 15:55:00,220.770004,220.794998,220.770004,220.794998,434.0,RACE.NYSE-5-MINUTE-LAST-EXTERNAL
2022-12-06 19:55:00,219.929992,219.979995,219.75,219.940002,2028.0,RACE.NYSE-5-MINUTE-LAST-EXTERNAL
2022-12-06 21:00:00,221.100006,221.100006,221.100006,221.100006,25556.0,RACE.NYSE-5-MINUTE-LAST-EXTERNAL
2022-12-07 15:55:00,221.690002,221.690002,221.580001,221.580001,3429.0,RACE.NYSE-5-MINUTE-LAST-EXTERNAL
2022-12-07 19:55:00,219.899993,220.294998,219.899993,220.179992,3759.0,RACE.NYSE-5-MINUTE-LAST-EXTERNAL
2022-12-07 21:00:00,220.080001,220.080001,220.080001,220.080001,18671.0,RACE.NYSE-5-MINUTE-LAST-EXTERNAL
2022-12-08 15:55:00,220.279907,220.455001,220.139999,220.294998,5983.0,RACE.NYSE-5-MINUTE-LAST-EXTERNAL
2022-12-08 19:55:00,220.160003,220.169998,219.740005,219.740005,1677.0,RACE.NYSE-5-MINUTE-LAST-EXTERNAL
2022-12-08 21:00:00,220.330001,220.330001,220.330001,220.330001,16754.0,RACE.NYSE-5-MINUTE-LAST-EXTERNAL
2022-12-09 15:55:00,221.039993,221.270004,221.039993,221.229995,2088.0,RACE.NYSE-5-MINUTE-LAST-EXTERNAL
2022-12-09 19:55:00,221.380004,221.5,221.369995,221.5,975.0,RACE.NYSE-5-MINUTE-LAST-EXTERNAL
2022-12-09 21:00:00,220.720001,220.720001,220.720001,220.720001,12060.0,RACE.NYSE-5-MINUTE-LAST-EXTERNAL
2022-12-12 15:55:00,221.369995,221.369995,221.220001,221.300003,1200.0,RACE.NYSE-5-MINUTE-LAST-EXTERNAL
2022-12-12 19:55:00,221.75,221.75,221.520004,221.539993,4702.0,RACE.NYSE-5-MINUTE-LAST-EXTERNAL
2022-12-12 21:00:00,222.529998,222.529998,222.529998,222.529998,15502.0,RACE.NYSE-5-MINUTE-LAST-EXTERNAL
2022-12-13 15:55:00,225.960006,226.070007,225.779998,226.059997,2532.0,RACE.NYSE-5-MINUTE-LAST-EXTERNAL
2022-12-13 19:55:00,223.830001,224.419998,223.830001,224.419998,3658.0,RACE.NYSE-5-MINUTE-LAST-EXTERNAL
2022-12-13 21:00:00,225.490005,225.490005,225.490005,225.490005,23971.0,RACE.NYSE-5-MINUTE-LAST-EXTERNAL
2022-12-14 15:55:00,225.600006,225.779998,225.600006,225.779998,1940.0,RACE.NYSE-5-MINUTE-LAST-EXTERNAL
2022-12-14 19:55:00,224.789993,225.240005,224.789993,225.240005,2250.0,RACE.NYSE-5-MINUTE-LAST-EXTERNAL
2022-12-14 21:00:00,225.179992,225.179992,225.179992,225.179992,12389.0,RACE.NYSE-5-MINUTE-LAST-EXTERNAL
2022-12-15 15:55:00,223.429992,223.554992,223.429992,223.554992,694.0,RACE.NYSE-5-MINUTE-LAST-EXTERNAL
2022-12-15 19:55:00,222.690002,222.690002,222.690002,222.690002,117.0,RACE.NYSE-5-MINUTE-LAST-EXTERNAL
2022-12-15 21:00:00,222.399993,222.399993,222.399993,222.399993,16815.0,RACE.NYSE-5-MINUTE-LAST-EXTERNAL
2022-12-16 15:55:00,219.479995,219.985,219.479995,219.779998,2192.0,RACE.NYSE-5-MINUTE-LAST-EXTERNAL
2022-12-16 19:55:00,219.524993,219.524993,219.483795,219.483795,541.0,RACE.NYSE-5-MINUTE-LAST-EXTERNAL
2022-12-16 21:00:00,218.11,218.11,218.11,218.11,18774.0,RACE.NYSE-5-MINUTE-LAST-EXTERNAL
2022-12-19 15:55:00,216.179992,216.600006,216.179992,216.5,3789.0,RACE.NYSE-5-MINUTE-LAST-EXTERNAL
2022-12-19 19:55:00,216.149993,216.289993,216.149993,216.259994,1687.0,RACE.NYSE-5-MINUTE-LAST-EXTERNAL
2022-12-19 21:00:00,216.130004,216.130004,216.130004,216.130004,28119.0,RACE.NYSE-5-MINUTE-LAST-EXTERNAL
2022-12-20 15:55:00,214.380004,214.505004,214.279998,214.354995,1009.0,RACE.NYSE-5-MINUTE-LAST-EXTERNAL
2022-12-20 19:55:00,213.830001,213.990005,213.830001,213.990005,1836.0,RACE.NYSE-5-MINUTE-LAST-EXTERNAL
2022-12-20 21:00:00,214.089996,214.089996,214.089996,214.089996,13495.0,RACE.NYSE-5-MINUTE-LAST-EXTERNAL
2022-12-21 15:55:00,214.619995,214.919998,214.619995,214.699996,3680.0,RACE.NYSE-5-MINUTE-LAST-EXTERNAL
2022-12-21 19:55:00,214.169998,214.25,214.0,214.020004,7902.0,RACE.NYSE-5-MINUTE-LAST-EXTERNAL
2022-12-21 21:00:00,213.899993,213.899993,213.899993,213.899993,25318.0,RACE.NYSE-5-MINUTE-LAST-EXTERNAL
2022-12-22 15:55:00,211.86,211.86,211.740005,211.759201,1720.0,RACE.NYSE-5-MINUTE-LAST-EXTERNAL
2022-12-22 19:55:00,211.990005,211.990005,211.990005,211.990005,254.0,RACE.NYSE-5-MINUTE-LAST-EXTERNAL
2022-12-22 21:00:00,212.559997,212.559997,212.559997,212.559997,18464.0,RACE.NYSE-5-MINUTE-LAST-EXTERNAL
2022-12-23 15:55:00,210.600006,210.839996,210.600006,210.779998,3979.0,RACE.NYSE-5-MINUTE-LAST-EXTERNAL
2022-12-23 19:55:00,211.11,211.145004,211.089996,211.139999,916.0,RACE.NYSE-5-MINUTE-LAST-EXTERNAL
2022-12-23 21:00:00,211.009994,211.009994,211.009994,211.009994,19212.0,RACE.NYSE-5-MINUTE-LAST-EXTERNAL
2022-12-27 15:55:00,211.820007,211.820007,211.649993,211.789993,1670.0,RACE.NYSE-5-MINUTE-LAST-EXTERNAL
2022-12-27 19:55:00,212.044998,212.149993,212.020004,212.149993,1163.0,RACE.NYSE-5-MINUTE-LAST-EXTERNAL
2022-12-27 21:00:00,212.0,212.0,212.0,212.0,16786.0,RACE.NYSE-5-MINUTE-LAST-EXTERNAL
2022-12-28 15:55:00,210.996704,210.996704,210.996704,210.996704,291.0,RACE.NYSE-5-MINUTE-LAST-EXTERNAL
2022-12-28 19:55:00,210.485794,210.529998,210.449996,210.4841,2922.0,RACE.NYSE-5-MINUTE-LAST-EXTERNAL
2022-12-28 21:00:00,210.25,210.25,210.25,210.25,12821.0,RACE.NYSE-5-MINUTE-LAST-EXTERNAL
2022-12-29 15:55:00,215.669998,215.86,215.669998,215.86,2903.0,RACE.NYSE-5-MINUTE-LAST-EXTERNAL
2022-12-29 19:55:00,216.190002,216.194396,216.029998,216.050003,2702.0,RACE.NYSE-5-MINUTE-LAST-EXTERNAL
2022-12-29 21:00:00,216.589996,216.589996,216.589996,216.589996,24549.0,RACE.NYSE-5-MINUTE-LAST-EXTERNAL
2022-12-30 15:55:00,214.800003,214.800003,214.61,214.75,1740.0,RACE.NYSE-5-MINUTE-LAST-EXTERNAL
2022-12-30 19:55:00,213.270004,213.270004,213.175003,213.175003,854.0,RACE.NYSE-5-MINUTE-LAST-EXTERNAL
2022-12-30 21:00:00,214.220001,214.220001,214.220001,214.220001,11776.0,RACE.NYSE-5-MINUTE-LAST-EXTERNAL
2023-01-03 15:55:00,216.440002,216.479995,216.440002,216.479995,551.0,RACE.NYSE-5-MINUTE-LAST-EXTERNAL
2023-01-03 19:55:00,215.550003,215.880004,215.350006,215.820007,4738.0,RACE.NYSE-5-MINUTE-LAST-EXTERNAL
2023-01-03 21:00:00,215.369995,215.369995,215.369995,215.369995,28777.0,RACE.NYSE-5-MINUTE-LAST-EXTERNAL
2023-01-04 15:55:00,217.910003,217.979995,217.86,217.869995,1790.0,RACE.NYSE-5-MINUTE-LAST-EXTERNAL
2023-01-04 19:55:00,218.0,218.179992,218.0,218.039093,1429.0,RACE.NYSE-5-MINUTE-LAST-EXTERNAL
2023-01-04 21:00:00,219.669998,219.669998,219.669998,219.669998,23178.0,RACE.NYSE-5-MINUTE-LAST-EXTERNAL
2023-01-05 15:55:00,216.369995,216.575698,216.369995,216.575698,631.0,RACE.NYSE-5-MINUTE-LAST-EXTERNAL
2023-01-05 19:55:00,217.804992,217.804992,217.440002,217.440002,1156.0,RACE.NYSE-5-MINUTE-LAST-EXTERNAL
2023-01-05 21:00:00,216.080001,216.080001,216.080001,216.080001,13998.0,RACE.NYSE-5-MINUTE-LAST-EXTERNAL
2023-01-06 15:55:00,221.244995,221.289993,221.100006,221.235,4124.0,RACE.NYSE-5-MINUTE-LAST-EXTERNAL
2023-01-06 19:55:00,224.335006,224.335006,224.0,224.0,1781.0,RACE.NYSE-5-MINUTE-LAST-EXTERNAL
2023-01-06 21:00:00,224.080001,224.080001,224.080001,224.080001,20710.0,RACE.NYSE-5-MINUTE-LAST-EXTERNAL
2023-01-09 15:55:00,232.399993,232.399993,231.839996,231.960006,4635.0,RACE.NYSE-5-MINUTE-LAST-EXTERNAL
2023-01-09 19:55:00,230.315002,230.315002,229.940002,229.940002,3019.0,RACE.NYSE-5-MINUTE-LAST-EXTERNAL
2023-01-09 21:00:00,228.770004,228.770004,228.770004,228.770004,40701.0,RACE.NYSE-5-MINUTE-LAST-EXTERNAL
2023-01-10 15:55:00,229.899993,230.039993,229.869995,230.0,6562.0,RACE.NYSE-5-MINUTE-LAST-EXTERNAL
2023-01-10 19:55:00,231.438995,231.460006,231.350006,231.429992,1193.0,RACE.NYSE-5-MINUTE-LAST-EXTERNAL
2023-01-10 21:00:00,231.949996,231.949996,231.949996,231.949996,27250.0,RACE.NYSE-5-MINUTE-LAST-EXTERNAL
2023-01-11 15:55:00,232.910003,232.990005,232.440002,232.440002,10627.0,RACE.NYSE-5-MINUTE-LAST-EXTERNAL
2023-01-11 19:55:00,233.850006,234.050003,233.789993,234.050003,6130.0,RACE.NYSE-5-MINUTE-LAST-EXTERNAL
2023-01-11 21:00:00,233.710006,233.710006,233.710006,233.710006,53993.0,RACE.NYSE-5-MINUTE-LAST-EXTERNAL
2023-01-12 15:55:00,235.089996,235.190002,234.880004,234.949996,3421.0,RACE.NYSE-5-MINUTE-LAST-EXTERNAL
2023-01-12 19:55:00,235.990005,236.009994,235.990005,236.0,594.0,RACE.NYSE-5-MINUTE-LAST-EXTERNAL
2023-01-12 21:00:00,235.839996,235.839996,235.839996,235.839996,47734.0,RACE.NYSE-5-MINUTE-LAST-EXTERNAL
2023-01-13 15:55:00,235.785003,235.785003,235.539993,235.539993,906.0,RACE.NYSE-5-MINUTE-LAST-EXTERNAL
2023-01-13 19:55:00,235.720001,235.800003,235.720001,235.789993,797.0,RACE.NYSE-5-MINUTE-LAST-EXTERNAL
2023-01-13 21:00:00,235.919998,235.919998,235.919998,235.919998,14265.0,RACE.NYSE-5-MINUTE-LAST-EXTERNAL
2023-01-17 15:55:00,238.850006,239.080001,238.5,239.080001,4597.0,RACE.NYSE-5-MINUTE-LAST-EXTERNAL
2023-01-17 19:55:00,238.160003,238.240005,238.160003,238.229995,845.0,RACE.NYSE-5-MINUTE-LAST-EXTERNAL
2023-01-17 21:00:00,237.86,237.86,237.86,237.86,22609.0,RACE.NYSE-5-MINUTE-LAST-EXTERNAL
2023-01-18 15:55:00,241.080001,241.440002,241.020004,241.429992,6302.0,RACE.NYSE-5-MINUTE-LAST-EXTERNAL
2023-01-18 19:55:00,240.440002,240.550003,240.419998,240.485,4990.0,RACE.NYSE-5-MINUTE-LAST-EXTERNAL
2023-01-18 21:00:00,239.710006,239.710006,239.710006,239.710006,29196.0,RACE.NYSE-5-MINUTE-LAST-EXTERNAL
2023-01-19 15:55:00,237.75,237.990005,237.649993,237.990005,22921.0,RACE.NYSE-5-MINUTE-LAST-EXTERNAL
2023-01-19 19:55:00,238.169998,238.289993,238.169998,238.259994,1978.0,RACE.NYSE-5-MINUTE-LAST-EXTERNAL
2023-01-19 21:00:00,237.990005,237.990005,237.990005,237.990005,32273.0,RACE.NYSE-5-MINUTE-LAST-EXTERNAL
2023-01-20 15:55:00,241.070007,241.199996,240.820007,240.845001,2748.0,RACE.NYSE-5-MINUTE-LAST-EXTERNAL
2023-01-20 19:55:00,241.395004,241.470001,241.309997,241.429901,7279.0,RACE.NYSE-5-MINUTE-LAST-EXTERNAL
2023-01-20 21:00:00,242.380004,242.380004,242.380004,242.380004,18798.0,RACE.NYSE-5-MINUTE-LAST-EXTERNAL
2023-01-23 15:55:00,243.399993,243.490005,243.309997,243.384994,2253.0,RACE.NYSE-5-MINUTE-LAST-EXTERNAL
2023-01-23 19:55:00,243.548995,243.994995,243.548995,243.955001,3558.0,RACE.NYSE-5-MINUTE-LAST-EXTERNAL
2023-01-23 21:00:00,243.639999,243.639999,243.639999,243.639999,45046.0,RACE.NYSE-5-MINUTE-LAST-EXTERNAL
2023-01-24 15:55:00,243.389999,243.559997,243.369995,243.380004,2387.0,RACE.NYSE-5-MINUTE-LAST-EXTERNAL
2023-01-24 19:55:00,243.445007,243.699996,243.445007,243.589996,1030.0,RACE.NYSE-5-MINUTE-LAST-EXTERNAL
2023-01-24 21:00:00,244.039993,244.039993,244.039993,244.039993,30835.0,RACE.NYSE-5-MINUTE-LAST-EXTERNAL
2023-01-25 15:55:00,244.279998,244.5,244.175003,244.460006,1376.0,RACE.NYSE-5-MINUTE-LAST-EXTERNAL
2023-01-25 19:55:00,245.339996,245.429992,245.309997,245.309997,1352.0,RACE.NYSE-5-MINUTE-LAST-EXTERNAL
2023-01-25 21:00:00,245.580001,245.580001,245.580001,245.580001,17859.0,RACE.NYSE-5-MINUTE-LAST-EXTERNAL
2023-01-26 15:55:00,247.169998,247.36,246.990005,247.100006,4968.0,RACE.NYSE-5-MINUTE-LAST-EXTERNAL
2023-01-26 19:55:00,247.975006,248.119995,247.929992,248.100006,3158.0,RACE.NYSE-5-MINUTE-LAST-EXTERNAL
2023-01-26 21:00:00,247.770004,247.770004,247.770004,247.770004,32501.0,RACE.NYSE-5-MINUTE-LAST-EXTERNAL
2023-01-27 15:55:00,252.369995,253.024993,252.289993,253.024993,4114.0,RACE.NYSE-5-MINUTE-LAST-EXTERNAL
2023-01-27 19:55:00,255.445007,255.850006,255.350006,255.350006,4236.0,RACE.NYSE-5-MINUTE-LAST-EXTERNAL
2023-01-27 21:00:00,253.720001,253.720001,253.720001,253.720001,78750.0,RACE.NYSE-5-MINUTE-LAST-EXTERNAL
2023-01-30 15:55:00,252.869995,252.960006,252.740005,252.740005,1857.0,RACE.NYSE-5-MINUTE-LAST-EXTERNAL
2023-01-30 19:55:00,251.059997,251.600006,250.960006,251.565002,3965.0,RACE.NYSE-5-MINUTE-LAST-EXTERNAL
2023-01-30 21:00:00,251.25,251.25,251.25,251.25,28383.0,RACE.NYSE-5-MINUTE-LAST-EXTERNAL
2023-01-31 15:55:00,250.210006,250.210006,250.059997,250.100006,2807.0,RACE.NYSE-5-MINUTE-LAST-EXTERNAL
2023-01-31 19:55:00,250.600006,250.669998,250.479995,250.660003,6507.0,RACE.NYSE-5-MINUTE-LAST-EXTERNAL
2023-01-31 21:00:00,251.309997,251.309997,251.309997,251.309997,36734.0,RACE.NYSE-5-MINUTE-LAST-EXTERNAL
2023-02-01 15:55:00,250.550003,250.75,250.199996,250.720001,16181.0,RACE.NYSE-5-MINUTE-LAST-EXTERNAL
2023-02-01 19:55:00,253.490005,253.669998,253.294998,253.634994,4255.0,RACE.NYSE-5-MINUTE-LAST-EXTERNAL
2023-02-01 21:00:00,253.320007,253.320007,253.320007,253.320007,61731.0,RACE.NYSE-5-MINUTE-LAST-EXTERNAL
2023-02-02 15:55:00,269.519989,270.320007,269.390014,270.184997,15040.0,RACE.NYSE-5-MINUTE-LAST-EXTERNAL
2023-02-02 19:55:00,264.690002,264.690002,264.390014,264.399993,5162.0,RACE.NYSE-5-MINUTE-LAST-EXTERNAL
2023-02-02 21:00:00,265.48001,265.48001,265.48001,265.48001,55975.0,RACE.NYSE-5-MINUTE-LAST-EXTERNAL
2023-02-03 15:55:00,262.079986,262.350006,261.894989,262.220001,5421.0,RACE.NYSE-5-MINUTE-LAST-EXTERNAL
2023-02-03 19:55:00,261.0,261.099914,260.609985,260.73001,3335.0,RACE.NYSE-5-MINUTE-LAST-EXTERNAL
2023-02-03 21:00:00,260.040008,260.040008,260.040008,260.040008,60996.0,RACE.NYSE-5-MINUTE-LAST-EXTERNAL
2023-02-06 15:55:00,260.160003,260.246002,260.160003,260.200012,2214.0,RACE.NYSE-5-MINUTE-LAST-EXTERNAL
2023-02-06 19:55:00,262.390014,262.579986,262.25,262.25,3918.0,RACE.NYSE-5-MINUTE-LAST-EXTERNAL
2023-02-06 21:00:00,261.309997,261.309997,261.309997,261.309997,42069.0,RACE.NYSE-5-MINUTE-LAST-EXTERNAL
2023-02-07 15:55:00,262.674987,262.859985,262.674987,262.739898,2481.0,RACE.NYSE-5-MINUTE-LAST-EXTERNAL
2023-02-07 19:55:00,265.785003,265.809997,265.630004,265.799987,2937.0,RACE.NYSE-5-MINUTE-LAST-EXTERNAL
2023-02-07 21:00:00,266.910003,266.910003,266.910003,266.910003,45601.0,RACE.NYSE-5-MINUTE-LAST-EXTERNAL
2023-02-08 15:55:00,265.350006,265.98001,265.350006,265.869995,12440.0,RACE.NYSE-5-MINUTE-LAST-EXTERNAL
2023-02-08 19:55:00,266.23999,266.279998,266.23999,266.23999,1176.0,RACE.NYSE-5-MINUTE-LAST-EXTERNAL
2023-02-08 21:00:00,266.559997,266.559997,266.559997,266.559997,17689.0,RACE.NYSE-5-MINUTE-LAST-EXTERNAL
2023-02-09 15:55:00,269.950012,270.119995,269.934997,269.934997,2721.0,RACE.NYSE-5-MINUTE-LAST-EXTERNAL
2023-02-09 19:55:00,266.450012,266.450012,266.109985,266.109985,1153.0,RACE.NYSE-5-MINUTE-LAST-EXTERNAL
2023-02-09 21:00:00,266.309997,266.309997,266.309997,266.309997,18119.0,RACE.NYSE-5-MINUTE-LAST-EXTERNAL
2023-02-10 15:55:00,258.334991,258.334991,257.970001,258.119995,5666.0,RACE.NYSE-5-MINUTE-LAST-EXTERNAL
2023-02-10 19:55:00,259.475006,259.679901,259.290008,259.295013,1167.0,RACE.NYSE-5-MINUTE-LAST-EXTERNAL
2023-02-10 21:00:00,259.679992,259.679992,259.679992,259.679992,23394.0,RACE.NYSE-5-MINUTE-LAST-EXTERNAL
2023-02-13 15:55:00,264.179992,264.190002,263.760009,263.760009,3879.0,RACE.NYSE-5-MINUTE-LAST-EXTERNAL
2023-02-13 19:55:00,263.475006,263.872894,263.475006,263.872894,2343.0,RACE.NYSE-5-MINUTE-LAST-EXTERNAL
2023-02-13 21:00:00,263.440002,263.440002,263.440002,263.440002,18323.0,RACE.NYSE-5-MINUTE-LAST-EXTERNAL
2023-02-14 15:55:00,262.320007,262.595001,262.320007,262.595001,995.0,RACE.NYSE-5-MINUTE-LAST-EXTERNAL
2023-02-14 19:55:00,265.890014,266.144989,265.890014,266.144989,508.0,RACE.NYSE-5-MINUTE-LAST-EXTERNAL
2023-02-14 21:00:00,265.609985,265.609985,265.609985,265.609985,13354.0,RACE.NYSE-5-MINUTE-LAST-EXTERNAL
2023-02-15 15:55:00,265.339996,265.369995,265.220001,265.220001,1212.0,RACE.NYSE-5-MINUTE-LAST-EXTERNAL
2023-02-15 19:55:00,265.450012,265.450012,265.329986,265.329986,921.0,RACE.NYSE-5-MINUTE-LAST-EXTERNAL
2023-02-15 21:00:00,267.23001,267.23001,267.23001,267.23001,14654.0,RACE.NYSE-5-MINUTE-LAST-EXTERNAL
2023-02-16 15:55:00,267.48001,267.505004,267.23999,267.299987,3505.0,RACE.NYSE-5-MINUTE-LAST-EXTERNAL
2023-02-16 19:55:00,268.130004,268.23001,268.130004,268.23001,628.0,RACE.NYSE-5-MINUTE-LAST-EXTERNAL
2023-02-16 21:00:00,265.880004,265.880004,265.880004,265.880004,18611.0,RACE.NYSE-5-MINUTE-LAST-EXTERNAL
2023-02-17 15:55:00,266.070007,266.130004,266.045013,266.130004,970.0,RACE.NYSE-5-MINUTE-LAST-EXTERNAL
2023-02-17 19:55:00,267.25,267.269989,267.029998,267.059997,9650.0,RACE.NYSE-5-MINUTE-LAST-EXTERNAL
2023-02-17 21:00:00,266.880004,266.880004,266.880004,266.880004,13037.0,RACE.NYSE-5-MINUTE-LAST-EXTERNAL
2023-02-21 15:55:00,263.011993,263.011993,263.011993,263.011993,232.0,RACE.NYSE-5-MINUTE-LAST-EXTERNAL
2023-02-21 19:55:00,263.25,263.320007,263.140014,263.200012,8495.0,RACE.NYSE-5-MINUTE-LAST-EXTERNAL
2023-02-21 21:00:00,262.799987,262.799987,262.799987,262.799987,31566.0,RACE.NYSE-5-MINUTE-LAST-EXTERNAL
2023-02-22 15:55:00,261.059997,261.200012,260.940002,261.070007,4975.0,RACE.NYSE-5-MINUTE-LAST-EXTERNAL
2023-02-22 19:55:00,260.744995,261.003997,260.503295,260.600006,4131.0,RACE.NYSE-5-MINUTE-LAST-EXTERNAL
2023-02-22 21:00:00,260.600006,260.600006,260.600006,260.600006,21223.0,RACE.NYSE-5-MINUTE-LAST-EXTERNAL
2023-02-23 15:55:00,262.214996,262.234985,262.214996,262.234985,2435.0,RACE.NYSE-5-MINUTE-LAST-EXTERNAL
2023-02-23 19:55:00,261.940002,261.940002,261.700012,261.700012,844.0,RACE.NYSE-5-MINUTE-LAST-EXTERNAL
2023-02-23 21:00:00,262.149993,262.149993,262.149993,262.149993,14455.0,RACE.NYSE-5-MINUTE-LAST-EXTERNAL
2023-02-24 15:55:00,257.760009,257.799987,257.540008,257.579986,3221.0,RACE.NYSE-5-MINUTE-LAST-EXTERNAL
2023-02-24 19:55:00,258.565002,258.595001,258.269989,258.450012,10766.0,RACE.NYSE-5-MINUTE-LAST-EXTERNAL
2023-02-24 21:00:00,259.109985,259.109985,259.109985,259.109985,21928.0,RACE.NYSE-5-MINUTE-LAST-EXTERNAL
2023-02-27 15:55:00,260.519989,260.815002,260.519989,260.760009,2316.0,RACE.NYSE-5-MINUTE-LAST-EXTERNAL
2023-02-27 19:55:00,262.119995,262.200012,262.089996,262.160003,1633.0,RACE.NYSE-5-MINUTE-LAST-EXTERNAL
2023-02-27 21:00:00,261.359985,261.359985,261.359985,261.359985,13610.0,RACE.NYSE-5-MINUTE-LAST-EXTERNAL
2023-02-28 15:55:00,259.890014,259.98001,259.760009,259.959991,3846.0,RACE.NYSE-5-MINUTE-LAST-EXTERNAL
2023-02-28 19:55:00,261.529998,261.589996,261.410003,261.410003,5502.0,RACE.NYSE-5-MINUTE-LAST-EXTERNAL
2023-02-28 21:00:00,260.369995,260.369995,260.369995,260.369995,29120.0,RACE.NYSE-5-MINUTE-LAST-EXTERNAL
2023-03-01 15:55:00,264.959991,265.0,264.720001,264.959991,7927.0,RACE.NYSE-5-MINUTE-LAST-EXTERNAL
2023-03-01 19:55:00,263.070007,263.140014,262.934997,263.100006,1771.0,RACE.NYSE-5-MINUTE-LAST-EXTERNAL
2023-03-01 21:00:00,262.720001,262.720001,262.720001,262.720001,15744.0,RACE.NYSE-5-MINUTE-LAST-EXTERNAL
2023-03-02 15:55:00,264.119995,264.179992,263.880004,264.119995,3799.0,RACE.NYSE-5-MINUTE-LAST-EXTERNAL
2023-03-02 19:55:00,264.48001,264.48001,264.269989,264.269989,790.0,RACE.NYSE-5-MINUTE-LAST-EXTERNAL
2023-03-02 21:00:00,264.579986,264.579986,264.579986,264.579986,20708.0,RACE.NYSE-5-MINUTE-LAST-EXTERNAL
2023-03-03 15:55:00,272.049987,272.380004,271.85501,272.170013,5580.0,RACE.NYSE-5-MINUTE-LAST-EXTERNAL
2023-03-03 19:55:00,272.070007,272.190002,271.760009,271.959991,45838.0,RACE.NYSE-5-MINUTE-LAST-EXTERNAL
2023-03-03 21:00:00,271.450012,271.450012,271.450012,271.450012,33178.0,RACE.NYSE-5-MINUTE-LAST-EXTERNAL
2023-03-06 15:55:00,273.160003,273.160003,272.899993,272.899993,2692.0,RACE.NYSE-5-MINUTE-LAST-EXTERNAL
2023-03-06 19:55:00,271.769989,271.820007,271.579986,271.725006,1691.0,RACE.NYSE-5-MINUTE-LAST-EXTERNAL
2023-03-06 21:00:00,270.359985,270.359985,270.359985,270.359985,103223.0,RACE.NYSE-5-MINUTE-LAST-EXTERNAL
2023-03-07 15:55:00,270.75,270.773498,270.482391,270.549987,1964.0,RACE.NYSE-5-MINUTE-LAST-EXTERNAL
2023-03-07 19:55:00,268.420013,268.420013,268.170013,268.179992,1610.0,RACE.NYSE-5-MINUTE-LAST-EXTERNAL
2023-03-07 21:00:00,268.670013,268.670013,268.670013,268.670013,19471.0,RACE.NYSE-5-MINUTE-LAST-EXTERNAL
2023-03-08 15:55:00,269.029998,269.179992,269.005706,269.005706,4349.0,RACE.NYSE-5-MINUTE-LAST-EXTERNAL
2023-03-08 19:55:00,268.880004,268.880004,268.799987,268.799987,288.0,RACE.NYSE-5-MINUTE-LAST-EXTERNAL
2023-03-08 21:00:00,269.660003,269.660003,269.660003,269.660003,14147.0,RACE.NYSE-5-MINUTE-LAST-EXTERNAL
2023-03-09 15:55:00,267.736694,267.736694,267.5,267.5,1037.0,RACE.NYSE-5-MINUTE-LAST-EXTERNAL
2023-03-09 19:55:00,265.019989,265.049987,264.799987,264.799987,1774.0,RACE.NYSE-5-MINUTE-LAST-EXTERNAL
2023-03-09 21:00:00,264.679992,264.679992,264.679992,264.679992,22385.0,RACE.NYSE-5-MINUTE-LAST-EXTERNAL
2023-03-10 15:55:00,265.144989,265.616394,265.095001,265.470001,2401.0,RACE.NYSE-5-MINUTE-LAST-EXTERNAL
2023-03-10 19:55:00,261.549987,261.920013,261.214996,261.380004,2862.0,RACE.NYSE-5-MINUTE-LAST-EXTERNAL
2023-03-10 21:00:00,261.23001,261.23001,261.23001,261.23001,23751.0,RACE.NYSE-5-MINUTE-LAST-EXTERNAL
2023-03-13 15:55:00,260.260009,261.084991,260.260009,261.084991,2757.0,RACE.NYSE-5-MINUTE-LAST-EXTERNAL
2023-03-13 19:55:00,260.535003,260.535003,259.959991,260.059997,15521.0,RACE.NYSE-5-MINUTE-LAST-EXTERNAL
2023-03-14 15:55:00,262.380004,262.619995,262.25,262.25,5618.0,RACE.NYSE-5-MINUTE-LAST-EXTERNAL
2023-03-14 19:55:00,262.524993,263.059997,262.524993,262.760009,28346.0,RACE.NYSE-5-MINUTE-LAST-EXTERNAL
2023-03-15 15:55:00,254.36,255.225006,254.36,254.940002,6845.0,RACE.NYSE-5-MINUTE-LAST-EXTERNAL
2023-03-15 19:55:00,255.479995,256.429992,255.419998,256.290008,24660.0,RACE.NYSE-5-MINUTE-LAST-EXTERNAL
2023-03-16 15:55:00,263.769989,264.179992,263.720001,263.779998,3275.0,RACE.NYSE-5-MINUTE-LAST-EXTERNAL
2023-03-16 19:55:00,264.429992,264.769989,264.329986,264.380004,35973.0,RACE.NYSE-5-MINUTE-LAST-EXTERNAL
2023-03-17 15:55:00,257.700012,257.859985,257.559997,257.700012,2591.0,RACE.NYSE-5-MINUTE-LAST-EXTERNAL
2023-03-17 19:55:00,259.220001,259.450012,258.829986,259.200012,19547.0,RACE.NYSE-5-MINUTE-LAST-EXTERNAL
2023-03-20 15:55:00,261.609985,261.609985,261.309997,261.420013,4388.0,RACE.NYSE-5-MINUTE-LAST-EXTERNAL
2023-03-20 19:55:00,262.779998,262.779998,262.329986,262.429992,9716.0,RACE.NYSE-5-MINUTE-LAST-EXTERNAL
2023-03-21 15:55:00,266.700012,266.790008,266.640014,266.790008,688.0,RACE.NYSE-5-MINUTE-LAST-EXTERNAL
2023-03-21 19:55:00,266.429992,266.839996,266.359985,266.779998,27837.0,RACE.NYSE-5-MINUTE-LAST-EXTERNAL
2023-03-22 15:55:00,267.869995,267.950012,267.809997,267.809997,1185.0,RACE.NYSE-5-MINUTE-LAST-EXTERNAL
2023-03-22 19:55:00,265.970001,265.970001,265.179992,265.179992,23236.0,RACE.NYSE-5-MINUTE-LAST-EXTERNAL
2023-03-23 15:55:00,270.515014,270.660003,270.420013,270.48001,2938.0,RACE.NYSE-5-MINUTE-LAST-EXTERNAL
2023-03-23 19:55:00,266.817504,266.945007,266.119995,266.119995,24343.0,RACE.NYSE-5-MINUTE-LAST-EXTERNAL
2023-03-24 15:55:00,262.940002,263.369995,262.880004,263.095001,2517.0,RACE.NYSE-5-MINUTE-LAST-EXTERNAL
2023-03-24 19:55:00,265.190002,265.559997,265.019989,265.540008,18991.0,RACE.NYSE-5-MINUTE-LAST-EXTERNAL
2023-03-27 15:55:00,265.450012,265.559997,265.450012,265.559997,524.0,RACE.NYSE-5-MINUTE-LAST-EXTERNAL
2023-03-27 19:55:00,266.454986,266.510009,266.149993,266.170013,17445.0,RACE.NYSE-5-MINUTE-LAST-EXTERNAL
2023-03-28 15:55:00,265.920013,266.350006,265.825012,266.350006,2628.0,RACE.NYSE-5-MINUTE-LAST-EXTERNAL
2023-03-28 19:55:00,266.23999,266.48999,266.130004,266.23999,12172.0,RACE.NYSE-5-MINUTE-LAST-EXTERNAL
2023-03-29 15:55:00,268.0,268.0,268.0,268.0,198.0,RACE.NYSE-5-MINUTE-LAST-EXTERNAL
2023-03-29 19:55:00,268.549987,268.950012,268.380004,268.795013,17783.0,RACE.NYSE-5-MINUTE-LAST-EXTERNAL
2023-03-30 15:55:00,268.359985,268.73001,268.359985,268.579986,3639.0,RACE.NYSE-5-MINUTE-LAST-EXTERNAL
2023-03-30 19:55:00,269.209991,269.309997,268.899993,268.899993,21837.0,RACE.NYSE-5-MINUTE-LAST-EXTERNAL
2023-03-31 15:55:00,271.290008,271.940002,271.290008,271.940002,903.0,RACE.NYSE-5-MINUTE-LAST-EXTERNAL
2023-03-31 19:55:00,270.839996,271.279998,270.73999,270.859985,26789.0,RACE.NYSE-5-MINUTE-LAST-EXTERNAL
2023-04-03 15:55:00,270.149993,270.470001,270.130004,270.470001,1518.0,RACE.NYSE-5-MINUTE-LAST-EXTERNAL
2023-04-03 19:55:00,270.994995,271.200012,270.769989,270.769989,25987.0,RACE.NYSE-5-MINUTE-LAST-EXTERNAL
2023-04-04 15:55:00,271.640014,271.700012,271.170013,271.395294,2234.0,RACE.NYSE-5-MINUTE-LAST-EXTERNAL
2023-04-04 19:55:00,270.779998,271.040008,270.684997,270.820007,18448.0,RACE.NYSE-5-MINUTE-LAST-EXTERNAL
2023-04-05 15:55:00,270.820007,270.950012,270.78009,270.940002,2801.0,RACE.NYSE-5-MINUTE-LAST-EXTERNAL
2023-04-05 19:55:00,270.670013,270.790008,270.359985,270.510009,22243.0,RACE.NYSE-5-MINUTE-LAST-EXTERNAL
2023-04-06 15:55:00,271.774993,271.86499,271.774993,271.779998,703.0,RACE.NYSE-5-MINUTE-LAST-EXTERNAL
2023-04-06 19:55:00,271.720001,272.109985,271.720001,271.929992,36662.0,RACE.NYSE-5-MINUTE-LAST-EXTERNAL
2023-04-10 15:55:00,271.359985,271.440002,271.200012,271.200012,2932.0,RACE.NYSE-5-MINUTE-LAST-EXTERNAL
2023-04-10 19:55:00,272.950012,273.059997,272.890014,272.970001,24130.0,RACE.NYSE-5-MINUTE-LAST-EXTERNAL
2023-04-11 15:55:00,274.645599,274.665008,274.570007,274.665008,1763.0,RACE.NYSE-5-MINUTE-LAST-EXTERNAL
2023-04-11 19:55:00,274.369995,274.420013,273.950012,274.220001,15424.0,RACE.NYSE-5-MINUTE-LAST-EXTERNAL
2023-04-12 15:55:00,277.154998,277.670013,277.154998,277.670013,7502.0,RACE.NYSE-5-MINUTE-LAST-EXTERNAL
2023-04-12 19:55:00,276.415008,276.709991,276.170013,276.640014,23112.0,RACE.NYSE-5-MINUTE-LAST-EXTERNAL
2023-04-13 15:55:00,281.475006,281.609985,281.475006,281.519989,2354.0,RACE.NYSE-5-MINUTE-LAST-EXTERNAL
2023-04-13 19:55:00,282.920013,283.10501,282.73001,282.850006,27284.0,RACE.NYSE-5-MINUTE-LAST-EXTERNAL
2023-04-14 15:55:00,284.98999,285.029998,284.790008,285.0,2543.0,RACE.NYSE-5-MINUTE-LAST-EXTERNAL
2023-04-14 19:55:00,285.625,285.790008,285.2341,285.454986,46719.0,RACE.NYSE-5-MINUTE-LAST-EXTERNAL
2023-04-17 15:55:00,278.73001,278.890014,278.73001,278.799987,1106.0,RACE.NYSE-5-MINUTE-LAST-EXTERNAL
2023-04-17 19:55:00,281.0,281.200012,280.640014,280.982299,27216.0,RACE.NYSE-5-MINUTE-LAST-EXTERNAL
2023-04-18 15:55:00,279.619995,279.760009,279.380004,279.380004,1489.0,RACE.NYSE-5-MINUTE-LAST-EXTERNAL
2023-04-18 19:55:00,280.334991,280.619995,280.179992,280.609985,36097.0,RACE.NYSE-5-MINUTE-LAST-EXTERNAL
2023-04-19 15:55:00,278.609985,278.640014,278.48999,278.640014,1262.0,RACE.NYSE-5-MINUTE-LAST-EXTERNAL
2023-04-19 19:55:00,278.589996,278.640014,278.410003,278.630004,18707.0,RACE.NYSE-5-MINUTE-LAST-EXTERNAL
2023-04-20 15:55:00,275.619995,275.619995,275.177398,275.177398,2039.0,RACE.NYSE-5-MINUTE-LAST-EXTERNAL
2023-04-20 19:55:00,276.029998,276.309997,275.510009,276.140014,38317.0,RACE.NYSE-5-MINUTE-LAST-EXTERNAL
2023-04-21 15:55:00,277.0,277.274993,277.0,277.269989,1647.0,RACE.NYSE-5-MINUTE-LAST-EXTERNAL
2023-04-21 19:55:00,278.040008,278.119995,277.869995,278.049987,19883.0,RACE.NYSE-5-MINUTE-LAST-EXTERNAL
2023-04-24 15:55:00,279.260009,279.459991,279.130004,279.429992,1845.0,RACE.NYSE-5-MINUTE-LAST-EXTERNAL
2023-04-24 19:55:00,280.010009,280.329986,280.010009,280.190002,20931.0,RACE.NYSE-5-MINUTE-LAST-EXTERNAL
2023-04-25 15:55:00,279.140014,279.149993,278.920013,278.920013,2892.0,RACE.NYSE-5-MINUTE-LAST-EXTERNAL
2023-04-25 19:55:00,277.320007,277.320007,277.140014,277.269989,16772.0,RACE.NYSE-5-MINUTE-LAST-EXTERNAL
2023-04-26 15:55:00,278.859985,278.964996,278.820007,278.959991,1800.0,RACE.NYSE-5-MINUTE-LAST-EXTERNAL
2023-04-26 19:55:00,275.329986,275.529998,275.200012,275.459991,36363.0,RACE.NYSE-5-MINUTE-LAST-EXTERNAL
