2022-01-03 15:55:00,23.18,23.185699,23.059999,23.09,45924.0,SBLK.NYSE-4-HOUR-LAST-EXTERNAL
2022-01-03 19:55:00,23.684999,23.7306,23.68,23.7306,14304.0,SBLK.NYSE-4-HOUR-LAST-EXTERNAL
2022-01-03 21:00:00,23.62,23.62,23.62,23.62,91446.0,SBLK.NYSE-4-HOUR-LAST-EXTERNAL
2022-01-04 15:55:00,24.09,24.1,23.84,23.877399,64140.0,SBLK.NYSE-4-HOUR-LAST-EXTERNAL
2022-01-04 19:55:00,24.0,24.004999,23.979999,23.979999,26140.0,SBLK.NYSE-4-HOUR-LAST-EXTERNAL
2022-01-04 21:00:00,23.799999,23.799999,23.799999,23.799999,85279.0,SBLK.NYSE-4-HOUR-LAST-EXTERNAL
2022-01-05 15:55:00,23.6844,23.729999,23.633199,23.649999,24414.0,SBLK.NYSE-4-HOUR-LAST-EXTERNAL
2022-01-05 19:55:00,23.2003,23.319999,23.2003,23.29,12034.0,SBLK.NYSE-4-HOUR-LAST-EXTERNAL
2022-01-05 21:00:00,22.93,22.93,22.93,22.93,93547.0,SBLK.NYSE-4-HOUR-LAST-EXTERNAL
2022-01-06 15:55:00,23.129999,23.209999,23.12,23.1704,32607.0,SBLK.NYSE-4-HOUR-LAST-EXTERNAL
2022-01-06 19:55:00,22.884799,22.884799,22.85,22.87,32856.0,SBLK.NYSE-4-HOUR-LAST-EXTERNAL
2022-01-06 21:00:00,22.61,22.61,22.61,22.61,74566.0,SBLK.NYSE-4-HOUR-LAST-EXTERNAL
2022-01-07 15:55:00,22.79,22.8715,22.79,22.87,13903.0,SBLK.NYSE-4-HOUR-LAST-EXTERNAL
2022-01-07 19:55:00,23.1,23.12,23.079999,23.111,5357.0,SBLK.NYSE-4-HOUR-LAST-EXTERNAL
2022-01-07 21:00:00,22.569999,22.569999,22.569999,22.569999,593805.0,SBLK.NYSE-4-HOUR-LAST-EXTERNAL
2022-01-10 15:55:00,21.909999,22.02,21.87,21.995,20581.0,SBLK.NYSE-4-HOUR-LAST-EXTERNAL
2022-01-10 19:55:00,22.1,22.12,22.079999,22.11,9478.0,SBLK.NYSE-4-HOUR-LAST-EXTERNAL
2022-01-10 21:00:00,22.26,22.26,22.26,22.26,166763.0,SBLK.NYSE-4-HOUR-LAST-EXTERNAL
2022-01-11 15:55:00,22.36,22.3899,22.309999,22.379999,17072.0,SBLK.NYSE-4-HOUR-LAST-EXTERNAL
2022-01-11 19:55:00,22.879999,22.969999,22.879999,22.95,12942.0,SBLK.NYSE-4-HOUR-LAST-EXTERNAL
2022-01-11 21:00:00,23.059999,23.059999,23.059999,23.059999,89280.0,SBLK.NYSE-4-HOUR-LAST-EXTERNAL
2022-01-12 15:55:00,22.579999,22.659999,22.54,22.659999,16130.0,SBLK.NYSE-4-HOUR-LAST-EXTERNAL
2022-01-12 19:55:00,22.7644,22.7698,22.735,22.739999,10868.0,SBLK.NYSE-4-HOUR-LAST-EXTERNAL
2022-01-12 21:00:00,22.809999,22.809999,22.809999,22.809999,95489.0,SBLK.NYSE-4-HOUR-LAST-EXTERNAL
2022-01-13 15:55:00,22.09,22.139999,22.03,22.04,21208.0,SBLK.NYSE-4-HOUR-LAST-EXTERNAL
2022-01-13 19:55:00,21.530099,21.59,21.530099,21.569999,22482.0,SBLK.NYSE-4-HOUR-LAST-EXTERNAL
2022-01-13 21:00:00,21.29,21.29,21.29,21.29,121804.0,SBLK.NYSE-4-HOUR-LAST-EXTERNAL
2022-01-14 15:55:00,21.45,21.549999,21.45,21.549999,19965.0,SBLK.NYSE-4-HOUR-LAST-EXTERNAL
2022-01-14 19:55:00,22.28,22.28,22.18,22.2,29100.0,SBLK.NYSE-4-HOUR-LAST-EXTERNAL
2022-01-14 21:00:00,22.28,22.28,22.28,22.28,82027.0,SBLK.NYSE-4-HOUR-LAST-EXTERNAL
2022-01-18 15:55:00,21.43,21.459999,21.399999,21.42,15770.0,SBLK.NYSE-4-HOUR-LAST-EXTERNAL
2022-01-18 19:55:00,21.399999,21.409999,21.344999,21.35,14692.0,SBLK.NYSE-4-HOUR-LAST-EXTERNAL
2022-01-18 21:00:00,21.219999,21.219999,21.219999,21.219999,91595.0,SBLK.NYSE-4-HOUR-LAST-EXTERNAL
2022-01-19 15:55:00,21.25,21.34,21.219999,21.3082,19211.0,SBLK.NYSE-4-HOUR-LAST-EXTERNAL
2022-01-19 19:55:00,21.409999,21.479999,21.399999,21.409999,7995.0,SBLK.NYSE-4-HOUR-LAST-EXTERNAL
2022-01-19 21:00:00,21.209999,21.209999,21.209999,21.209999,60612.0,SBLK.NYSE-4-HOUR-LAST-EXTERNAL
2022-01-20 15:55:00,21.7112,21.7112,21.629999,21.68,23337.0,SBLK.NYSE-4-HOUR-LAST-EXTERNAL
2022-01-20 19:55:00,21.7,21.719999,21.7,21.709999,6744.0,SBLK.NYSE-4-HOUR-LAST-EXTERNAL
2022-01-20 21:00:00,21.299999,21.299999,21.299999,21.299999,71394.0,SBLK.NYSE-4-HOUR-LAST-EXTERNAL
2022-01-21 15:55:00,20.559999,20.739999,20.54,20.579999,67473.0,SBLK.NYSE-4-HOUR-LAST-EXTERNAL
2022-01-21 19:55:00,20.2532,20.309999,20.219999,20.28,49990.0,SBLK.NYSE-4-HOUR-LAST-EXTERNAL
2022-01-21 21:00:00,20.1,20.1,20.1,20.1,117364.0,SBLK.NYSE-4-HOUR-LAST-EXTERNAL
2022-01-24 15:55:00,19.329999,19.329999,19.159999,19.194999,19688.0,SBLK.NYSE-4-HOUR-LAST-EXTERNAL
2022-01-24 19:55:00,19.899999,19.9727,19.879999,19.9727,13920.0,SBLK.NYSE-4-HOUR-LAST-EXTERNAL
2022-01-24 21:00:00,20.379999,20.379999,20.379999,20.379999,79297.0,SBLK.NYSE-4-HOUR-LAST-EXTERNAL
2022-01-25 15:55:00,20.2255,20.2299,20.139999,20.149999,6124.0,SBLK.NYSE-4-HOUR-LAST-EXTERNAL
2022-01-25 19:55:00,20.35,20.469999,20.329999,20.45,59290.0,SBLK.NYSE-4-HOUR-LAST-EXTERNAL
2022-01-25 21:00:00,20.149999,20.149999,20.149999,20.149999,54657.0,SBLK.NYSE-4-HOUR-LAST-EXTERNAL
2022-01-26 15:55:00,20.305,20.389999,20.305,20.309999,8169.0,SBLK.NYSE-4-HOUR-LAST-EXTERNAL
2022-01-26 19:55:00,20.11,20.129999,20.059999,20.09,32603.0,SBLK.NYSE-4-HOUR-LAST-EXTERNAL
2022-01-26 21:00:00,19.87,19.87,19.87,19.87,76163.0,SBLK.NYSE-4-HOUR-LAST-EXTERNAL
2022-01-27 15:55:00,21.309999,21.479999,21.309999,21.389999,40282.0,SBLK.NYSE-4-HOUR-LAST-EXTERNAL
2022-01-27 19:55:00,21.319999,21.35,21.2803,21.35,8323.0,SBLK.NYSE-4-HOUR-LAST-EXTERNAL
2022-01-27 21:00:00,21.479999,21.479999,21.479999,21.479999,62788.0,SBLK.NYSE-4-HOUR-LAST-EXTERNAL
2022-01-28 15:55:00,21.75,21.85,21.694999,21.85,47972.0,SBLK.NYSE-4-HOUR-LAST-EXTERNAL
2022-01-28 19:55:00,21.969999,22.03,21.969999,22.03,5734.0,SBLK.NYSE-4-HOUR-LAST-EXTERNAL
2022-01-28 21:00:00,22.469999,22.469999,22.469999,22.469999,102615.0,SBLK.NYSE-4-HOUR-LAST-EXTERNAL
2022-01-31 15:55:00,22.159999,22.208599,22.139999,22.179899,19298.0,SBLK.NYSE-4-HOUR-LAST-EXTERNAL
2022-01-31 19:55:00,22.479999,22.5,22.469999,22.4761,13439.0,SBLK.NYSE-4-HOUR-LAST-EXTERNAL
2022-01-31 21:00:00,22.239999,22.239999,22.239999,22.239999,70860.0,SBLK.NYSE-4-HOUR-LAST-EXTERNAL
2022-02-01 15:55:00,23.319999,23.3985,23.29,23.3092,21410.0,SBLK.NYSE-4-HOUR-LAST-EXTERNAL
2022-02-01 19:55:00,23.614099,23.649999,23.607799,23.639999,12017.0,SBLK.NYSE-4-HOUR-LAST-EXTERNAL
2022-02-01 21:00:00,23.87,23.87,23.87,23.87,113483.0,SBLK.NYSE-4-HOUR-LAST-EXTERNAL
2022-02-02 15:55:00,24.27,24.299999,24.239999,24.27,23142.0,SBLK.NYSE-4-HOUR-LAST-EXTERNAL
2022-02-02 19:55:00,23.909999,23.94,23.8999,23.94,11160.0,SBLK.NYSE-4-HOUR-LAST-EXTERNAL
2022-02-02 21:00:00,23.739999,23.739999,23.739999,23.739999,105425.0,SBLK.NYSE-4-HOUR-LAST-EXTERNAL
2022-02-03 15:55:00,23.739999,23.809999,23.735,23.7574,48024.0,SBLK.NYSE-4-HOUR-LAST-EXTERNAL
2022-02-03 19:55:00,23.079999,23.229999,23.079999,23.229999,27390.0,SBLK.NYSE-4-HOUR-LAST-EXTERNAL
2022-02-03 21:00:00,23.139999,23.139999,23.139999,23.139999,92115.0,SBLK.NYSE-4-HOUR-LAST-EXTERNAL
2022-02-04 15:55:00,23.514999,23.5312,23.489999,23.4901,11368.0,SBLK.NYSE-4-HOUR-LAST-EXTERNAL
2022-02-04 19:55:00,23.87,23.889999,23.86,23.885,11659.0,SBLK.NYSE-4-HOUR-LAST-EXTERNAL
2022-02-04 21:00:00,23.829999,23.829999,23.829999,23.829999,40215.0,SBLK.NYSE-4-HOUR-LAST-EXTERNAL
2022-02-07 15:55:00,25.26,25.438899,25.25,25.379999,45726.0,SBLK.NYSE-4-HOUR-LAST-EXTERNAL
2022-02-07 19:55:00,24.979999,25.078699,24.979999,25.0412,14612.0,SBLK.NYSE-4-HOUR-LAST-EXTERNAL
2022-02-07 21:00:00,24.95,24.95,24.95,24.95,71129.0,SBLK.NYSE-4-HOUR-LAST-EXTERNAL
2022-02-08 15:55:00,25.6991,25.7,25.239999,25.319999,177602.0,SBLK.NYSE-4-HOUR-LAST-EXTERNAL
2022-02-08 19:55:00,25.149999,25.17,25.11,25.129999,7531.0,SBLK.NYSE-4-HOUR-LAST-EXTERNAL
2022-02-08 21:00:00,25.18,25.18,25.18,25.18,193077.0,SBLK.NYSE-4-HOUR-LAST-EXTERNAL
2022-02-09 15:55:00,25.659999,25.78,25.59,25.754999,21405.0,SBLK.NYSE-4-HOUR-LAST-EXTERNAL
2022-02-09 19:55:00,26.25,26.274999,26.239999,26.25,18100.0,SBLK.NYSE-4-HOUR-LAST-EXTERNAL
2022-02-09 21:00:00,26.659999,26.659999,26.659999,26.659999,177280.0,SBLK.NYSE-4-HOUR-LAST-EXTERNAL
2022-02-10 15:55:00,27.319999,27.379999,27.26,27.36,50086.0,SBLK.NYSE-4-HOUR-LAST-EXTERNAL
2022-02-10 19:55:00,26.899999,26.92,26.79,26.819999,17952.0,SBLK.NYSE-4-HOUR-LAST-EXTERNAL
2022-02-10 21:00:00,26.78,26.78,26.78,26.78,89783.0,SBLK.NYSE-4-HOUR-LAST-EXTERNAL
2022-02-11 15:55:00,27.395,27.395,27.209999,27.28,33339.0,SBLK.NYSE-4-HOUR-LAST-EXTERNAL
2022-02-11 19:55:00,26.409999,26.534999,26.329999,26.459999,46051.0,SBLK.NYSE-4-HOUR-LAST-EXTERNAL
2022-02-11 21:00:00,26.43,26.43,26.43,26.43,98766.0,SBLK.NYSE-4-HOUR-LAST-EXTERNAL
2022-02-14 15:55:00,26.11,26.18,26.069999,26.145,15816.0,SBLK.NYSE-4-HOUR-LAST-EXTERNAL
2022-02-14 19:55:00,26.139999,26.209999,26.11,26.19,31687.0,SBLK.NYSE-4-HOUR-LAST-EXTERNAL
2022-02-14 21:00:00,26.28,26.28,26.28,26.28,59022.0,SBLK.NYSE-4-HOUR-LAST-EXTERNAL
2022-02-15 15:55:00,27.209999,27.27,27.18,27.209999,10545.0,SBLK.NYSE-4-HOUR-LAST-EXTERNAL
2022-02-15 19:55:00,27.159999,27.239999,27.159999,27.239999,9360.0,SBLK.NYSE-4-HOUR-LAST-EXTERNAL
2022-02-15 21:00:00,27.229999,27.229999,27.229999,27.229999,68178.0,SBLK.NYSE-4-HOUR-LAST-EXTERNAL
2022-02-16 15:55:00,27.3208,27.37,27.26,27.37,8297.0,SBLK.NYSE-4-HOUR-LAST-EXTERNAL
2022-02-16 19:55:00,27.459999,27.62,27.459999,27.6,32677.0,SBLK.NYSE-4-HOUR-LAST-EXTERNAL
2022-02-16 21:00:00,27.0,27.0,27.0,27.0,294973.0,SBLK.NYSE-4-HOUR-LAST-EXTERNAL
2022-02-17 15:55:00,29.5,29.6,29.489999,29.579999,99215.0,SBLK.NYSE-4-HOUR-LAST-EXTERNAL
2022-02-17 19:55:00,29.739999,29.78,29.659999,29.7444,33998.0,SBLK.NYSE-4-HOUR-LAST-EXTERNAL
2022-02-17 21:00:00,29.649999,29.649999,29.649999,29.649999,175470.0,SBLK.NYSE-4-HOUR-LAST-EXTERNAL
2022-02-18 15:55:00,31.26,31.36,30.965499,30.989999,136716.0,SBLK.NYSE-4-HOUR-LAST-EXTERNAL
2022-02-18 19:55:00,30.02,30.11,30.0,30.11,42685.0,SBLK.NYSE-4-HOUR-LAST-EXTERNAL
2022-02-18 21:00:00,29.36,29.36,29.36,29.36,307286.0,SBLK.NYSE-4-HOUR-LAST-EXTERNAL
2022-02-22 15:55:00,31.149999,31.229999,31.069999,31.225,46790.0,SBLK.NYSE-4-HOUR-LAST-EXTERNAL
2022-02-22 19:55:00,31.35,31.469999,31.319999,31.389999,36877.0,SBLK.NYSE-4-HOUR-LAST-EXTERNAL
2022-02-22 21:00:00,31.309999,31.309999,31.309999,31.309999,121453.0,SBLK.NYSE-4-HOUR-LAST-EXTERNAL
2022-02-23 15:55:00,30.559999,30.7896,30.549999,30.719999,26940.0,SBLK.NYSE-4-HOUR-LAST-EXTERNAL
2022-02-23 19:55:00,30.079999,30.149999,30.04,30.11,21527.0,SBLK.NYSE-4-HOUR-LAST-EXTERNAL
2022-02-23 21:00:00,30.25,30.25,30.25,30.25,96450.0,SBLK.NYSE-4-HOUR-LAST-EXTERNAL
2022-02-24 15:55:00,29.9199,30.139999,29.899999,30.129999,79136.0,SBLK.NYSE-4-HOUR-LAST-EXTERNAL
2022-02-24 19:55:00,29.709999,29.719999,29.52,29.59,20520.0,SBLK.NYSE-4-HOUR-LAST-EXTERNAL
2022-02-24 21:00:00,29.34,29.34,29.34,29.34,190603.0,SBLK.NYSE-4-HOUR-LAST-EXTERNAL
2022-02-25 15:55:00,31.504999,31.59,31.18,31.34,117724.0,SBLK.NYSE-4-HOUR-LAST-EXTERNAL
2022-02-25 19:55:00,31.618,31.639999,31.579999,31.584999,23283.0,SBLK.NYSE-4-HOUR-LAST-EXTERNAL
2022-02-25 21:00:00,31.76,31.76,31.76,31.76,112877.0,SBLK.NYSE-4-HOUR-LAST-EXTERNAL
2022-02-28 15:55:00,31.481,31.481,31.299999,31.379999,44278.0,SBLK.NYSE-4-HOUR-LAST-EXTERNAL
2022-02-28 19:55:00,29.969999,30.079999,29.969999,30.069999,51598.0,SBLK.NYSE-4-HOUR-LAST-EXTERNAL
2022-02-28 21:00:00,30.079999,30.079999,30.079999,30.079999,365165.0,SBLK.NYSE-4-HOUR-LAST-EXTERNAL
2022-03-01 15:55:00,27.5,27.532499,27.36,27.459999,33663.0,SBLK.NYSE-4-HOUR-LAST-EXTERNAL
2022-03-01 19:55:00,27.145,27.17,27.069999,27.145,27962.0,SBLK.NYSE-4-HOUR-LAST-EXTERNAL
2022-03-01 21:00:00,27.159999,27.159999,27.159999,27.159999,126332.0,SBLK.NYSE-4-HOUR-LAST-EXTERNAL
2022-03-02 15:55:00,29.59,29.649999,29.549999,29.62,72212.0,SBLK.NYSE-4-HOUR-LAST-EXTERNAL
2022-03-02 19:55:00,29.77,29.809999,29.719999,29.78,15838.0,SBLK.NYSE-4-HOUR-LAST-EXTERNAL
2022-03-02 21:00:00,29.86,29.86,29.86,29.86,115429.0,SBLK.NYSE-4-HOUR-LAST-EXTERNAL
2022-03-03 15:55:00,28.84,28.979999,28.75,28.93,83552.0,SBLK.NYSE-4-HOUR-LAST-EXTERNAL
2022-03-03 19:55:00,29.1837,29.19,29.1,29.102699,12515.0,SBLK.NYSE-4-HOUR-LAST-EXTERNAL
2022-03-03 21:00:00,28.989999,28.989999,28.989999,28.989999,108585.0,SBLK.NYSE-4-HOUR-LAST-EXTERNAL
2022-03-04 15:55:00,27.469999,27.54,27.399999,27.44,36619.0,SBLK.NYSE-4-HOUR-LAST-EXTERNAL
2022-03-04 19:55:00,28.239999,28.29,28.069999,28.069999,18593.0,SBLK.NYSE-4-HOUR-LAST-EXTERNAL
2022-03-04 21:00:00,28.27,28.27,28.27,28.27,126884.0,SBLK.NYSE-4-HOUR-LAST-EXTERNAL
2022-03-07 15:55:00,28.129999,28.27,28.129999,28.19,21698.0,SBLK.NYSE-4-HOUR-LAST-EXTERNAL
2022-03-07 19:55:00,27.8199,27.899999,27.8113,27.84,16180.0,SBLK.NYSE-4-HOUR-LAST-EXTERNAL
2022-03-07 21:00:00,27.709999,27.709999,27.709999,27.709999,87595.0,SBLK.NYSE-4-HOUR-LAST-EXTERNAL
2022-03-08 15:55:00,28.6,28.729999,28.51,28.68,111758.0,SBLK.NYSE-4-HOUR-LAST-EXTERNAL
2022-03-08 19:55:00,29.719999,29.799999,29.719999,29.787799,30020.0,SBLK.NYSE-4-HOUR-LAST-EXTERNAL
2022-03-08 21:00:00,29.649999,29.649999,29.649999,29.649999,130295.0,SBLK.NYSE-4-HOUR-LAST-EXTERNAL
2022-03-09 15:55:00,29.239,29.389999,29.239,29.382999,18475.0,SBLK.NYSE-4-HOUR-LAST-EXTERNAL
2022-03-09 19:55:00,28.524999,28.6,28.52,28.59,29161.0,SBLK.NYSE-4-HOUR-LAST-EXTERNAL
2022-03-09 21:00:00,28.959999,28.959999,28.959999,28.959999,228178.0,SBLK.NYSE-4-HOUR-LAST-EXTERNAL
2022-03-10 15:55:00,29.51,29.549999,29.399999,29.53,31703.0,SBLK.NYSE-4-HOUR-LAST-EXTERNAL
2022-03-10 19:55:00,29.9528,30.02,29.94,30.02,12744.0,SBLK.NYSE-4-HOUR-LAST-EXTERNAL
2022-03-10 21:00:00,29.92,29.92,29.92,29.92,83576.0,SBLK.NYSE-4-HOUR-LAST-EXTERNAL
2022-03-11 15:55:00,30.12,30.18,30.12,30.18,11356.0,SBLK.NYSE-4-HOUR-LAST-EXTERNAL
2022-03-11 19:55:00,30.2,30.219999,30.135,30.135,17236.0,SBLK.NYSE-4-HOUR-LAST-EXTERNAL
2022-03-11 21:00:00,30.129999,30.129999,30.129999,30.129999,76388.0,SBLK.NYSE-4-HOUR-LAST-EXTERNAL
2022-03-14 15:55:00,27.809999,27.85,27.7999,27.826099,23433.0,SBLK.NYSE-4-HOUR-LAST-EXTERNAL
2022-03-14 19:55:00,26.94,26.94,26.870199,26.899999,171404.0,SBLK.NYSE-4-HOUR-LAST-EXTERNAL
2022-03-15 15:55:00,26.37,26.37,26.209999,26.27,27203.0,SBLK.NYSE-4-HOUR-LAST-EXTERNAL
2022-03-15 19:55:00,26.86,26.875,26.834999,26.85,173887.0,SBLK.NYSE-4-HOUR-LAST-EXTERNAL
2022-03-16 15:55:00,27.9507,28.0,27.909999,27.959999,20315.0,SBLK.NYSE-4-HOUR-LAST-EXTERNAL
2022-03-16 19:55:00,28.219999,28.219999,28.11,28.18,72881.0,SBLK.NYSE-4-HOUR-LAST-EXTERNAL
2022-03-17 15:55:00,28.879999,28.889999,28.85,28.879999,4162.0,SBLK.NYSE-4-HOUR-LAST-EXTERNAL
2022-03-17 19:55:00,28.95,28.969999,28.879999,28.94,103220.0,SBLK.NYSE-4-HOUR-LAST-EXTERNAL
2022-03-18 15:55:00,29.34,29.45,29.34,29.424999,10690.0,SBLK.NYSE-4-HOUR-LAST-EXTERNAL
2022-03-18 19:55:00,29.329999,29.34,29.17,29.299999,153208.0,SBLK.NYSE-4-HOUR-LAST-EXTERNAL
2022-03-21 15:55:00,29.839899,29.93,29.839899,29.8899,23144.0,SBLK.NYSE-4-HOUR-LAST-EXTERNAL
2022-03-21 19:55:00,29.639999,29.659999,29.59,29.59,70616.0,SBLK.NYSE-4-HOUR-LAST-EXTERNAL
2022-03-22 15:55:00,28.944999,29.01,28.895,28.929899,19512.0,SBLK.NYSE-4-HOUR-LAST-EXTERNAL
2022-03-22 19:55:00,28.86,28.889999,28.809999,28.819999,109940.0,SBLK.NYSE-4-HOUR-LAST-EXTERNAL
2022-03-23 15:55:00,29.79,29.899999,29.7772,29.899999,38412.0,SBLK.NYSE-4-HOUR-LAST-EXTERNAL
2022-03-23 19:55:00,29.6,29.629999,29.51,29.61,105533.0,SBLK.NYSE-4-HOUR-LAST-EXTERNAL
2022-03-24 15:55:00,28.86,28.969999,28.85,28.94,23110.0,SBLK.NYSE-4-HOUR-LAST-EXTERNAL
2022-03-24 19:55:00,29.579999,29.6,29.53,29.559999,79059.0,SBLK.NYSE-4-HOUR-LAST-EXTERNAL
2022-03-25 15:55:00,29.379199,29.379999,29.329999,29.34,9979.0,SBLK.NYSE-4-HOUR-LAST-EXTERNAL
2022-03-25 19:55:00,29.34,29.42,29.329999,29.42,72738.0,SBLK.NYSE-4-HOUR-LAST-EXTERNAL
2022-03-28 15:55:00,29.409999,29.42,29.319999,29.34,28574.0,SBLK.NYSE-4-HOUR-LAST-EXTERNAL
2022-03-28 19:55:00,29.51,29.549999,29.42,29.5025,99315.0,SBLK.NYSE-4-HOUR-LAST-EXTERNAL
2022-03-29 15:55:00,29.049999,29.11,29.0,29.049999,19519.0,SBLK.NYSE-4-HOUR-LAST-EXTERNAL
2022-03-29 19:55:00,30.0,30.02,29.969999,30.0,131692.0,SBLK.NYSE-4-HOUR-LAST-EXTERNAL
2022-03-30 15:55:00,30.43,30.44,30.361999,30.379999,9111.0,SBLK.NYSE-4-HOUR-LAST-EXTERNAL
2022-03-30 19:55:00,29.809999,29.87,29.78,29.78,66578.0,SBLK.NYSE-4-HOUR-LAST-EXTERNAL
2022-03-31 15:55:00,29.989999,30.0,29.94,29.94,6707.0,SBLK.NYSE-4-HOUR-LAST-EXTERNAL
2022-03-31 19:55:00,29.829999,29.84,29.67,29.69,71188.0,SBLK.NYSE-4-HOUR-LAST-EXTERNAL
2022-04-01 15:55:00,30.389999,30.4097,30.34,30.37,7385.0,SBLK.NYSE-4-HOUR-LAST-EXTERNAL
2022-04-01 19:55:00,30.389999,30.389999,30.34,30.379999,78876.0,SBLK.NYSE-4-HOUR-LAST-EXTERNAL
2022-04-04 15:55:00,28.12,28.17,28.084999,28.1,27143.0,SBLK.NYSE-4-HOUR-LAST-EXTERNAL
2022-04-04 19:55:00,28.049999,28.079999,28.03,28.079099,133537.0,SBLK.NYSE-4-HOUR-LAST-EXTERNAL
2022-04-05 15:55:00,27.69,27.7,27.45,27.450399,101122.0,SBLK.NYSE-4-HOUR-LAST-EXTERNAL
2022-04-05 19:55:00,27.459999,27.489999,27.424999,27.479999,118933.0,SBLK.NYSE-4-HOUR-LAST-EXTERNAL
2022-04-06 15:55:00,26.9922,27.129999,26.95,27.076599,19642.0,SBLK.NYSE-4-HOUR-LAST-EXTERNAL
2022-04-06 19:55:00,26.36,26.37,26.25,26.309999,161833.0,SBLK.NYSE-4-HOUR-LAST-EXTERNAL
2022-04-07 15:55:00,26.379999,26.459999,26.379999,26.459999,10885.0,SBLK.NYSE-4-HOUR-LAST-EXTERNAL
2022-04-07 19:55:00,27.229999,27.2506,27.139999,27.184999,95066.0,SBLK.NYSE-4-HOUR-LAST-EXTERNAL
2022-04-08 15:55:00,28.28,28.359899,28.254999,28.274999,17049.0,SBLK.NYSE-4-HOUR-LAST-EXTERNAL
2022-04-08 19:55:00,28.27,28.309999,28.26,28.309999,83967.0,SBLK.NYSE-4-HOUR-LAST-EXTERNAL
2022-04-11 15:55:00,25.959999,26.049999,25.92,25.969999,27091.0,SBLK.NYSE-4-HOUR-LAST-EXTERNAL
2022-04-11 19:55:00,25.752,25.76,25.67,25.68,120494.0,SBLK.NYSE-4-HOUR-LAST-EXTERNAL
2022-04-12 15:55:00,26.545,26.579999,26.54,26.579999,11955.0,SBLK.NYSE-4-HOUR-LAST-EXTERNAL
2022-04-12 19:55:00,26.52,26.559999,26.504999,26.54,79718.0,SBLK.NYSE-4-HOUR-LAST-EXTERNAL
2022-04-13 15:55:00,27.575,27.6494,27.575,27.635,12588.0,SBLK.NYSE-4-HOUR-LAST-EXTERNAL
2022-04-13 19:55:00,28.159999,28.18,28.1,28.12,70446.0,SBLK.NYSE-4-HOUR-LAST-EXTERNAL
2022-04-14 15:55:00,30.165,30.325,30.165,30.278099,40985.0,SBLK.NYSE-4-HOUR-LAST-EXTERNAL
2022-04-14 19:55:00,30.475,30.5,30.409999,30.409999,153327.0,SBLK.NYSE-4-HOUR-LAST-EXTERNAL
2022-04-18 15:55:00,31.819999,31.960599,31.6709,31.913799,65164.0,SBLK.NYSE-4-HOUR-LAST-EXTERNAL
2022-04-18 19:55:00,31.629999,31.76,31.629999,31.739999,104894.0,SBLK.NYSE-4-HOUR-LAST-EXTERNAL
2022-04-19 15:55:00,31.729999,31.79,31.704999,31.79,15022.0,SBLK.NYSE-4-HOUR-LAST-EXTERNAL
2022-04-19 19:55:00,31.79,31.84,31.722,31.84,88096.0,SBLK.NYSE-4-HOUR-LAST-EXTERNAL
2022-04-20 15:55:00,30.329999,30.35,30.25,30.3201,24029.0,SBLK.NYSE-4-HOUR-LAST-EXTERNAL
2022-04-20 19:55:00,30.42,30.479999,30.36,30.479999,81712.0,SBLK.NYSE-4-HOUR-LAST-EXTERNAL
2022-04-21 15:55:00,31.1443,31.18,31.04,31.069999,22271.0,SBLK.NYSE-4-HOUR-LAST-EXTERNAL
2022-04-21 19:55:00,29.44,29.44,29.37,29.399999,66238.0,SBLK.NYSE-4-HOUR-LAST-EXTERNAL
2022-04-22 15:55:00,29.76,29.78,29.629999,29.655,13372.0,SBLK.NYSE-4-HOUR-LAST-EXTERNAL
2022-04-22 19:55:00,28.729999,28.75,28.659999,28.67,67699.0,SBLK.NYSE-4-HOUR-LAST-EXTERNAL
2022-04-25 15:55:00,25.7,26.09,25.68,25.84,153772.0,SBLK.NYSE-4-HOUR-LAST-EXTERNAL
2022-04-25 19:55:00,27.03,27.03,26.959999,26.979999,74133.0,SBLK.NYSE-4-HOUR-LAST-EXTERNAL
2022-04-26 15:55:00,27.625,27.68,27.569999,27.587799,25047.0,SBLK.NYSE-4-HOUR-LAST-EXTERNAL
2022-04-26 19:55:00,27.139999,27.17,27.0,27.02,60580.0,SBLK.NYSE-4-HOUR-LAST-EXTERNAL
2022-04-27 15:55:00,29.0233,29.129999,29.0233,29.09,7669.0,SBLK.NYSE-4-HOUR-LAST-EXTERNAL
2022-04-27 19:55:00,29.44,29.5,29.37,29.385,73985.0,SBLK.NYSE-4-HOUR-LAST-EXTERNAL
2022-04-28 15:55:00,28.299999,28.299999,28.209999,28.25,6579.0,SBLK.NYSE-4-HOUR-LAST-EXTERNAL
2022-04-28 19:55:00,29.01,29.02,28.979999,29.01,55498.0,SBLK.NYSE-4-HOUR-LAST-EXTERNAL
2022-04-29 15:55:00,28.799999,28.799999,28.659999,28.68,10313.0,SBLK.NYSE-4-HOUR-LAST-EXTERNAL
2022-04-29 19:55:00,28.2,28.216699,28.069999,28.1,138199.0,SBLK.NYSE-4-HOUR-LAST-EXTERNAL
2022-05-02 15:55:00,28.159999,28.2917,28.159999,28.27,3931.0,SBLK.NYSE-4-HOUR-LAST-EXTERNAL
2022-05-02 19:55:00,28.959999,28.9796,28.86,28.889999,99817.0,SBLK.NYSE-4-HOUR-LAST-EXTERNAL
2022-05-03 15:55:00,30.45,30.45,30.294799,30.37,11341.0,SBLK.NYSE-4-HOUR-LAST-EXTERNAL
2022-05-03 19:55:00,30.3208,30.337499,30.2,30.2,56986.0,SBLK.NYSE-4-HOUR-LAST-EXTERNAL
2022-05-04 15:55:00,30.379999,30.379999,30.299999,30.36,6549.0,SBLK.NYSE-4-HOUR-LAST-EXTERNAL
2022-05-04 19:55:00,31.0599,31.0599,30.969999,31.01,37541.0,SBLK.NYSE-4-HOUR-LAST-EXTERNAL
2022-05-05 15:55:00,29.899999,29.92,29.739999,29.809999,37604.0,SBLK.NYSE-4-HOUR-LAST-EXTERNAL
2022-05-05 19:55:00,30.659999,30.69,30.614999,30.69,48552.0,SBLK.NYSE-4-HOUR-LAST-EXTERNAL
2022-05-06 15:55:00,30.6,30.629999,30.54,30.565,4758.0,SBLK.NYSE-4-HOUR-LAST-EXTERNAL
2022-05-06 19:55:00,30.459999,30.479999,30.379999,30.389999,52089.0,SBLK.NYSE-4-HOUR-LAST-EXTERNAL
2022-05-09 15:55:00,28.0142,28.219999,27.959999,28.1,56781.0,SBLK.NYSE-4-HOUR-LAST-EXTERNAL
2022-05-09 19:55:00,27.569999,27.61,27.5,27.549999,109488.0,SBLK.NYSE-4-HOUR-LAST-EXTERNAL
2022-05-10 15:55:00,28.69,28.78,28.6,28.729999,20014.0,SBLK.NYSE-4-HOUR-LAST-EXTERNAL
2022-05-10 19:55:00,29.444999,29.459999,29.409999,29.42,46028.0,SBLK.NYSE-4-HOUR-LAST-EXTERNAL
2022-05-11 15:55:00,30.489999,30.489999,30.379999,30.475,14195.0,SBLK.NYSE-4-HOUR-LAST-EXTERNAL
2022-05-11 19:55:00,29.969999,29.989999,29.86,29.87,61766.0,SBLK.NYSE-4-HOUR-LAST-EXTERNAL
2022-05-12 15:55:00,28.04,28.12,28.02,28.062099,14364.0,SBLK.NYSE-4-HOUR-LAST-EXTERNAL
2022-05-12 19:55:00,28.159999,28.37,28.139999,28.37,78535.0,SBLK.NYSE-4-HOUR-LAST-EXTERNAL
2022-05-13 15:55:00,30.129999,30.284999,30.12,30.235,44939.0,SBLK.NYSE-4-HOUR-LAST-EXTERNAL
2022-05-13 19:55:00,29.889999,29.93,29.85,29.879999,56331.0,SBLK.NYSE-4-HOUR-LAST-EXTERNAL
2022-05-16 15:55:00,31.028699,31.028699,30.92,30.92,11044.0,SBLK.NYSE-4-HOUR-LAST-EXTERNAL
2022-05-16 19:55:00,31.03,31.04,30.92,31.0,67184.0,SBLK.NYSE-4-HOUR-LAST-EXTERNAL
2022-05-17 15:55:00,31.79,31.795,31.67,31.729999,13429.0,SBLK.NYSE-4-HOUR-LAST-EXTERNAL
2022-05-17 19:55:00,31.77,31.86,31.759,31.809999,82751.0,SBLK.NYSE-4-HOUR-LAST-EXTERNAL
2022-05-18 15:55:00,30.719999,30.799999,30.659999,30.77,14026.0,SBLK.NYSE-4-HOUR-LAST-EXTERNAL
2022-05-18 19:55:00,30.579999,30.659999,30.579999,30.649999,80381.0,SBLK.NYSE-4-HOUR-LAST-EXTERNAL
2022-05-19 15:55:00,32.310001,32.34,32.25,32.34,20403.0,SBLK.NYSE-4-HOUR-LAST-EXTERNAL
2022-05-19 19:55:00,32.299999,32.310001,32.161998,32.2,104896.0,SBLK.NYSE-4-HOUR-LAST-EXTERNAL
2022-05-20 15:55:00,32.229999,32.286098,32.185001,32.189998,14312.0,SBLK.NYSE-4-HOUR-LAST-EXTERNAL
2022-05-20 19:55:00,32.119998,32.119998,32.0,32.02,64467.0,SBLK.NYSE-4-HOUR-LAST-EXTERNAL
2022-05-23 15:55:00,32.880001,32.900001,32.759998,32.779998,33024.0,SBLK.NYSE-4-HOUR-LAST-EXTERNAL
2022-05-23 19:55:00,33.59,33.669998,33.569999,33.599998,137770.0,SBLK.NYSE-4-HOUR-LAST-EXTERNAL
2022-05-24 15:55:00,32.299999,32.43,32.240001,32.240001,25081.0,SBLK.NYSE-4-HOUR-LAST-EXTERNAL
2022-05-24 19:55:00,32.849998,32.935001,32.689998,32.759998,169270.0,SBLK.NYSE-4-HOUR-LAST-EXTERNAL
2022-05-25 15:55:00,32.159999,32.209999,32.099998,32.150001,18597.0,SBLK.NYSE-4-HOUR-LAST-EXTERNAL
2022-05-25 19:55:00,32.060001,32.130001,31.86,31.889999,226459.0,SBLK.NYSE-4-HOUR-LAST-EXTERNAL
2022-05-26 15:55:00,32.069999,32.159999,32.060001,32.150001,17958.0,SBLK.NYSE-4-HOUR-LAST-EXTERNAL
2022-05-26 19:55:00,32.569999,32.59,32.505001,32.548198,138155.0,SBLK.NYSE-4-HOUR-LAST-EXTERNAL
2022-05-27 15:55:00,31.9097,31.92,31.829999,31.899999,17055.0,SBLK.NYSE-4-HOUR-LAST-EXTERNAL
2022-05-27 19:55:00,32.380001,32.54,32.380001,32.54,93364.0,SBLK.NYSE-4-HOUR-LAST-EXTERNAL
2022-05-31 15:55:00,33.139999,33.139999,33.009998,33.053798,29386.0,SBLK.NYSE-4-HOUR-LAST-EXTERNAL
2022-05-31 19:55:00,32.689998,32.740001,32.650001,32.729999,94908.0,SBLK.NYSE-4-HOUR-LAST-EXTERNAL
2022-06-01 15:55:00,32.415,32.479999,32.415,32.45,18179.0,SBLK.NYSE-4-HOUR-LAST-EXTERNAL
2022-06-01 19:55:00,33.318801,33.384998,33.29,33.299999,120419.0,SBLK.NYSE-4-HOUR-LAST-EXTERNAL
2022-06-02 15:55:00,31.68,31.719999,31.639999,31.649999,18881.0,SBLK.NYSE-4-HOUR-LAST-EXTERNAL
2022-06-02 19:55:00,31.239999,31.26,31.19,31.25,111666.0,SBLK.NYSE-4-HOUR-LAST-EXTERNAL
2022-06-03 15:55:00,31.069999,31.28,31.069999,31.264999,12443.0,SBLK.NYSE-4-HOUR-LAST-EXTERNAL
2022-06-03 19:55:00,32.505001,32.54,32.470001,32.52,116876.0,SBLK.NYSE-4-HOUR-LAST-EXTERNAL
2022-06-06 15:55:00,32.310001,32.479999,32.310001,32.470001,19007.0,SBLK.NYSE-4-HOUR-LAST-EXTERNAL
2022-06-06 19:55:00,32.044998,32.119998,32.009998,32.049999,78401.0,SBLK.NYSE-4-HOUR-LAST-EXTERNAL
2022-06-07 15:55:00,31.139999,31.209999,31.139999,31.18,30977.0,SBLK.NYSE-4-HOUR-LAST-EXTERNAL
2022-06-07 19:55:00,31.6,31.709999,31.594999,31.69,135228.0,SBLK.NYSE-4-HOUR-LAST-EXTERNAL
2022-06-08 15:55:00,28.84,28.889999,28.75,28.799999,68313.0,SBLK.NYSE-4-HOUR-LAST-EXTERNAL
2022-06-08 19:55:00,28.354999,28.354999,28.264999,28.274999,251362.0,SBLK.NYSE-4-HOUR-LAST-EXTERNAL
2022-06-09 15:55:00,27.1,27.25,27.069999,27.2,62404.0,SBLK.NYSE-4-HOUR-LAST-EXTERNAL
2022-06-09 19:55:00,27.111499,27.1184,27.03,27.034999,173353.0,SBLK.NYSE-4-HOUR-LAST-EXTERNAL
2022-06-10 15:55:00,26.79,26.9354,26.761999,26.909999,30146.0,SBLK.NYSE-4-HOUR-LAST-EXTERNAL
2022-06-10 19:55:00,26.95,27.0,26.934999,26.95,83342.0,SBLK.NYSE-4-HOUR-LAST-EXTERNAL
2022-06-13 15:55:00,25.739999,25.816799,25.703599,25.78,14789.0,SBLK.NYSE-4-HOUR-LAST-EXTERNAL
2022-06-13 19:55:00,25.34,25.459999,25.34,25.42,102711.0,SBLK.NYSE-4-HOUR-LAST-EXTERNAL
2022-06-14 15:55:00,26.78,26.86,26.78,26.85,15785.0,SBLK.NYSE-4-HOUR-LAST-EXTERNAL
2022-06-14 19:55:00,26.318,26.379999,26.25,26.27,115026.0,SBLK.NYSE-4-HOUR-LAST-EXTERNAL
2022-06-15 15:55:00,26.59,26.659999,26.559999,26.639999,15889.0,SBLK.NYSE-4-HOUR-LAST-EXTERNAL
2022-06-15 19:55:00,26.78,26.858999,26.774999,26.85,53539.0,SBLK.NYSE-4-HOUR-LAST-EXTERNAL
2022-06-16 15:55:00,26.26,26.36,26.257499,26.34,10352.0,SBLK.NYSE-4-HOUR-LAST-EXTERNAL
2022-06-16 19:55:00,26.409999,26.53,26.385,26.52,171700.0,SBLK.NYSE-4-HOUR-LAST-EXTERNAL
2022-06-17 15:55:00,26.752799,26.78,26.68,26.754999,13300.0,SBLK.NYSE-4-HOUR-LAST-EXTERNAL
2022-06-17 19:55:00,26.76,26.844999,26.76,26.77,91950.0,SBLK.NYSE-4-HOUR-LAST-EXTERNAL
2022-06-21 15:55:00,26.54,26.61,26.53,26.569999,14779.0,SBLK.NYSE-4-HOUR-LAST-EXTERNAL
2022-06-21 19:55:00,27.0,27.01,26.94,26.959999,72918.0,SBLK.NYSE-4-HOUR-LAST-EXTERNAL
2022-06-22 15:55:00,24.424999,24.509799,24.379999,24.43,55261.0,SBLK.NYSE-4-HOUR-LAST-EXTERNAL
2022-06-22 19:55:00,24.094999,24.129999,24.02,24.02,157152.0,SBLK.NYSE-4-HOUR-LAST-EXTERNAL
2022-06-23 15:55:00,24.68,24.68,24.549999,24.579999,18124.0,SBLK.NYSE-4-HOUR-LAST-EXTERNAL
2022-06-23 19:55:00,25.055,25.139999,24.989999,25.129999,127502.0,SBLK.NYSE-4-HOUR-LAST-EXTERNAL
2022-06-24 15:55:00,24.6,24.6,24.545,24.59,21601.0,SBLK.NYSE-4-HOUR-LAST-EXTERNAL
2022-06-24 19:55:00,24.29,24.299999,24.19,24.229999,196365.0,SBLK.NYSE-4-HOUR-LAST-EXTERNAL
2022-06-27 15:55:00,25.4314,25.469999,25.364999,25.44,13172.0,SBLK.NYSE-4-HOUR-LAST-EXTERNAL
2022-06-27 19:55:00,25.985,25.995,25.94,25.969999,88678.0,SBLK.NYSE-4-HOUR-LAST-EXTERNAL
2022-06-28 15:55:00,25.1,25.18,25.069999,25.149999,16101.0,SBLK.NYSE-4-HOUR-LAST-EXTERNAL
2022-06-28 19:55:00,25.129999,25.129999,25.059999,25.059999,109519.0,SBLK.NYSE-4-HOUR-LAST-EXTERNAL
2022-06-29 15:55:00,24.659999,24.69,24.649999,24.659999,9532.0,SBLK.NYSE-4-HOUR-LAST-EXTERNAL
2022-06-29 19:55:00,24.815,24.924999,24.815,24.87,114227.0,SBLK.NYSE-4-HOUR-LAST-EXTERNAL
2022-06-30 15:55:00,25.129999,25.129999,25.03,25.069999,7400.0,SBLK.NYSE-4-HOUR-LAST-EXTERNAL
2022-06-30 19:55:00,24.93,24.989999,24.905,24.989999,98922.0,SBLK.NYSE-4-HOUR-LAST-EXTERNAL
2022-07-01 15:55:00,23.09,23.094999,23.0,23.09,50939.0,SBLK.NYSE-4-HOUR-LAST-EXTERNAL
2022-07-01 19:55:00,23.454999,23.459999,23.399999,23.409999,138896.0,SBLK.NYSE-4-HOUR-LAST-EXTERNAL
2022-07-05 15:55:00,22.44,22.479999,22.42,22.42,15348.0,SBLK.NYSE-4-HOUR-LAST-EXTERNAL
2022-07-05 19:55:00,22.53,22.559999,22.5,22.53,86451.0,SBLK.NYSE-4-HOUR-LAST-EXTERNAL
2022-07-06 15:55:00,20.729999,20.819999,20.719999,20.799999,21342.0,SBLK.NYSE-4-HOUR-LAST-EXTERNAL
2022-07-06 19:55:00,21.129999,21.159999,21.11,21.129999,156548.0,SBLK.NYSE-4-HOUR-LAST-EXTERNAL
2022-07-07 15:55:00,22.34,22.364999,22.318599,22.35,11787.0,SBLK.NYSE-4-HOUR-LAST-EXTERNAL
2022-07-07 19:55:00,22.51,22.565,22.495,22.52,139505.0,SBLK.NYSE-4-HOUR-LAST-EXTERNAL
2022-07-08 15:55:00,22.4318,22.5,22.42,22.489999,13848.0,SBLK.NYSE-4-HOUR-LAST-EXTERNAL
2022-07-08 19:55:00,22.45,22.495,22.44,22.459999,61873.0,SBLK.NYSE-4-HOUR-LAST-EXTERNAL
2022-07-11 15:55:00,22.209999,22.319999,22.209999,22.309999,6794.0,SBLK.NYSE-4-HOUR-LAST-EXTERNAL
2022-07-11 19:55:00,22.334999,22.379999,22.334999,22.34,72326.0,SBLK.NYSE-4-HOUR-LAST-EXTERNAL
2022-07-12 15:55:00,21.969999,21.989999,21.94,21.989999,4825.0,SBLK.NYSE-4-HOUR-LAST-EXTERNAL
2022-07-12 19:55:00,22.17,22.18,22.104099,22.18,63478.0,SBLK.NYSE-4-HOUR-LAST-EXTERNAL
2022-07-13 15:55:00,22.09,22.1,22.045,22.069999,7981.0,SBLK.NYSE-4-HOUR-LAST-EXTERNAL
2022-07-13 19:55:00,22.28,22.299999,22.26,22.28,53242.0,SBLK.NYSE-4-HOUR-LAST-EXTERNAL
2022-07-14 15:55:00,21.932699,21.932699,21.895,21.92,20952.0,SBLK.NYSE-4-HOUR-LAST-EXTERNAL
2022-07-14 19:55:00,22.42,22.44,22.4125,22.42,74498.0,SBLK.NYSE-4-HOUR-LAST-EXTERNAL
2022-07-15 15:55:00,23.12,23.2,23.094999,23.094999,29640.0,SBLK.NYSE-4-HOUR-LAST-EXTERNAL
2022-07-15 19:55:00,23.7698,23.78,23.729999,23.76,89355.0,SBLK.NYSE-4-HOUR-LAST-EXTERNAL
2022-07-18 15:55:00,24.548,24.549999,24.45,24.489999,24402.0,SBLK.NYSE-4-HOUR-LAST-EXTERNAL
2022-07-18 19:55:00,24.531799,24.54,24.459999,24.489999,96817.0,SBLK.NYSE-4-HOUR-LAST-EXTERNAL
2022-07-19 15:55:00,25.1,25.149999,25.09,25.149999,8185.0,SBLK.NYSE-4-HOUR-LAST-EXTERNAL
2022-07-19 19:55:00,25.399999,25.459999,25.385,25.44,90434.0,SBLK.NYSE-4-HOUR-LAST-EXTERNAL
2022-07-20 15:55:00,25.35,25.379999,25.322299,25.329999,13139.0,SBLK.NYSE-4-HOUR-LAST-EXTERNAL
2022-07-20 19:55:00,25.729999,25.75,25.659999,25.67,60718.0,SBLK.NYSE-4-HOUR-LAST-EXTERNAL
2022-07-21 15:55:00,25.8164,25.839899,25.78,25.79,9668.0,SBLK.NYSE-4-HOUR-LAST-EXTERNAL
2022-07-21 19:55:00,26.409999,26.43,26.37,26.409999,62747.0,SBLK.NYSE-4-HOUR-LAST-EXTERNAL
2022-07-22 15:55:00,25.819999,25.899999,25.809999,25.875,9127.0,SBLK.NYSE-4-HOUR-LAST-EXTERNAL
2022-07-22 19:55:00,25.399999,25.459999,25.399999,25.43,41543.0,SBLK.NYSE-4-HOUR-LAST-EXTERNAL
2022-07-25 15:55:00,25.79,25.79,25.774999,25.78,4546.0,SBLK.NYSE-4-HOUR-LAST-EXTERNAL
2022-07-25 19:55:00,25.399999,25.42,25.37,25.385,85278.0,SBLK.NYSE-4-HOUR-LAST-EXTERNAL
2022-07-26 15:55:00,25.34,25.37,25.329999,25.354999,7228.0,SBLK.NYSE-4-HOUR-LAST-EXTERNAL
2022-07-26 19:55:00,25.629999,25.67,25.6,25.62,37745.0,SBLK.NYSE-4-HOUR-LAST-EXTERNAL
2022-07-27 15:55:00,26.18,26.219999,26.17,26.18,3538.0,SBLK.NYSE-4-HOUR-LAST-EXTERNAL
2022-07-27 19:55:00,26.580099,26.61,26.549999,26.559999,50425.0,SBLK.NYSE-4-HOUR-LAST-EXTERNAL
2022-07-28 15:55:00,26.4165,26.43,26.389999,26.395,6253.0,SBLK.NYSE-4-HOUR-LAST-EXTERNAL
2022-07-28 19:55:00,26.03,26.059999,26.01,26.02,74202.0,SBLK.NYSE-4-HOUR-LAST-EXTERNAL
2022-07-29 15:55:00,25.650999,25.650999,25.59,25.629999,13340.0,SBLK.NYSE-4-HOUR-LAST-EXTERNAL
2022-07-29 19:55:00,26.049999,26.079999,26.02,26.024999,54305.0,SBLK.NYSE-4-HOUR-LAST-EXTERNAL
2022-08-01 15:55:00,26.78,26.7866,26.719999,26.739999,13295.0,SBLK.NYSE-4-HOUR-LAST-EXTERNAL
2022-08-01 19:55:00,27.12,27.12,27.0,27.01,89885.0,SBLK.NYSE-4-HOUR-LAST-EXTERNAL
2022-08-02 15:55:00,26.549999,26.576599,26.54,26.569999,10877.0,SBLK.NYSE-4-HOUR-LAST-EXTERNAL
2022-08-02 19:55:00,26.264999,26.319999,26.239999,26.309999,70669.0,SBLK.NYSE-4-HOUR-LAST-EXTERNAL
2022-08-03 15:55:00,25.337799,25.340499,25.29,25.29,16377.0,SBLK.NYSE-4-HOUR-LAST-EXTERNAL
2022-08-03 19:55:00,25.5,25.504999,25.3934,25.3934,64716.0,SBLK.NYSE-4-HOUR-LAST-EXTERNAL
2022-08-04 15:55:00,25.09,25.119899,25.049999,25.069999,12094.0,SBLK.NYSE-4-HOUR-LAST-EXTERNAL
2022-08-04 19:55:00,24.815,24.829999,24.76,24.76,108115.0,SBLK.NYSE-4-HOUR-LAST-EXTERNAL
2022-08-05 15:55:00,25.747499,25.77,25.711399,25.754999,19752.0,SBLK.NYSE-4-HOUR-LAST-EXTERNAL
2022-08-05 19:55:00,25.5,25.579999,25.4846,25.569999,99806.0,SBLK.NYSE-4-HOUR-LAST-EXTERNAL
2022-08-08 15:55:00,25.879999,25.899999,25.829999,25.86,33819.0,SBLK.NYSE-4-HOUR-LAST-EXTERNAL
2022-08-08 19:55:00,25.67,25.75,25.659999,25.7381,129665.0,SBLK.NYSE-4-HOUR-LAST-EXTERNAL
2022-08-09 15:55:00,25.989999,25.995,25.92,25.92,12725.0,SBLK.NYSE-4-HOUR-LAST-EXTERNAL
2022-08-09 19:55:00,26.079999,26.079999,26.0,26.0,95979.0,SBLK.NYSE-4-HOUR-LAST-EXTERNAL
2022-08-10 15:55:00,26.6,26.6,26.5272,26.53,8291.0,SBLK.NYSE-4-HOUR-LAST-EXTERNAL
2022-08-10 19:55:00,26.409999,26.42,26.395,26.399999,71494.0,SBLK.NYSE-4-HOUR-LAST-EXTERNAL
2022-08-11 15:55:00,27.1998,27.2,27.1,27.1,29003.0,SBLK.NYSE-4-HOUR-LAST-EXTERNAL
2022-08-11 19:55:00,26.879999,26.885,26.799999,26.799999,94443.0,SBLK.NYSE-4-HOUR-LAST-EXTERNAL
2022-08-12 15:55:00,26.54,26.549999,26.5,26.549999,18803.0,SBLK.NYSE-4-HOUR-LAST-EXTERNAL
2022-08-12 19:55:00,26.68,26.7,26.659999,26.659999,56038.0,SBLK.NYSE-4-HOUR-LAST-EXTERNAL
2022-08-15 15:55:00,25.75,25.78,25.67,25.735,45206.0,SBLK.NYSE-4-HOUR-LAST-EXTERNAL
2022-08-15 19:55:00,25.805,25.889999,25.805,25.819999,97004.0,SBLK.NYSE-4-HOUR-LAST-EXTERNAL
2022-08-16 15:55:00,25.649999,25.809999,25.639999,25.79,33285.0,SBLK.NYSE-4-HOUR-LAST-EXTERNAL
2022-08-16 19:55:00,25.9484,25.95,25.86,25.87,105781.0,SBLK.NYSE-4-HOUR-LAST-EXTERNAL
2022-08-17 15:55:00,25.569999,25.59,25.53,25.555,19200.0,SBLK.NYSE-4-HOUR-LAST-EXTERNAL
2022-08-17 19:55:00,25.764999,25.875,25.764999,25.829999,124300.0,SBLK.NYSE-4-HOUR-LAST-EXTERNAL
2022-08-18 15:55:00,25.680099,25.7,25.629999,25.639999,60010.0,SBLK.NYSE-4-HOUR-LAST-EXTERNAL
2022-08-18 19:55:00,25.78,25.78,25.739999,25.76,62428.0,SBLK.NYSE-4-HOUR-LAST-EXTERNAL
2022-08-19 15:55:00,24.905,24.905,24.864999,24.879999,17387.0,SBLK.NYSE-4-HOUR-LAST-EXTERNAL
2022-08-19 19:55:00,24.969999,25.02,24.959999,25.0,110246.0,SBLK.NYSE-4-HOUR-LAST-EXTERNAL
2022-08-22 15:55:00,24.93,24.969999,24.909999,24.969999,18223.0,SBLK.NYSE-4-HOUR-LAST-EXTERNAL
2022-08-22 19:55:00,25.334999,25.37,25.239999,25.26,147949.0,SBLK.NYSE-4-HOUR-LAST-EXTERNAL
2022-08-23 15:55:00,25.959899,25.959999,25.8715,25.878999,36590.0,SBLK.NYSE-4-HOUR-LAST-EXTERNAL
2022-08-23 19:55:00,25.709999,25.719999,25.655,25.7,205244.0,SBLK.NYSE-4-HOUR-LAST-EXTERNAL
2022-08-24 15:55:00,23.108999,23.129999,23.079999,23.09,32826.0,SBLK.NYSE-4-HOUR-LAST-EXTERNAL
2022-08-24 19:55:00,23.665,23.665,23.569999,23.579999,134306.0,SBLK.NYSE-4-HOUR-LAST-EXTERNAL
2022-08-25 15:55:00,22.949899,22.95,22.909999,22.92,24808.0,SBLK.NYSE-4-HOUR-LAST-EXTERNAL
2022-08-25 19:55:00,22.77,22.819999,22.754999,22.809999,178347.0,SBLK.NYSE-4-HOUR-LAST-EXTERNAL
2022-08-26 15:55:00,21.725,21.739999,21.67,21.68,46966.0,SBLK.NYSE-4-HOUR-LAST-EXTERNAL
2022-08-26 19:55:00,21.577499,21.579999,21.51,21.52,155582.0,SBLK.NYSE-4-HOUR-LAST-EXTERNAL
2022-08-29 15:55:00,20.959999,20.978399,20.947999,20.9577,15859.0,SBLK.NYSE-4-HOUR-LAST-EXTERNAL
2022-08-29 19:55:00,21.084999,21.12,21.059999,21.1093,262440.0,SBLK.NYSE-4-HOUR-LAST-EXTERNAL
2022-08-30 15:55:00,19.7,19.7301,19.68,19.7,14062.0,SBLK.NYSE-4-HOUR-LAST-EXTERNAL
2022-08-30 19:55:00,19.354999,19.37,19.319999,19.35,189341.0,SBLK.NYSE-4-HOUR-LAST-EXTERNAL
2022-08-31 15:55:00,19.53,19.565,19.479999,19.52,20879.0,SBLK.NYSE-4-HOUR-LAST-EXTERNAL
2022-08-31 19:55:00,19.6,19.604999,19.54,19.549999,123175.0,SBLK.NYSE-4-HOUR-LAST-EXTERNAL
2022-09-01 15:55:00,19.909999,19.909999,19.85,19.879999,15696.0,SBLK.NYSE-4-HOUR-LAST-EXTERNAL
2022-09-01 19:55:00,19.76,19.79,19.719999,19.739999,122202.0,SBLK.NYSE-4-HOUR-LAST-EXTERNAL
2022-09-02 15:55:00,19.745,19.75,19.7,19.709999,11511.0,SBLK.NYSE-4-HOUR-LAST-EXTERNAL
2022-09-02 19:55:00,19.895,19.915,19.879999,19.909999,110142.0,SBLK.NYSE-4-HOUR-LAST-EXTERNAL
2022-09-06 15:55:00,19.245,19.25,19.159999,19.18,80199.0,SBLK.NYSE-4-HOUR-LAST-EXTERNAL
2022-09-06 19:55:00,19.149999,19.159999,19.129999,19.135,119621.0,SBLK.NYSE-4-HOUR-LAST-EXTERNAL
2022-09-07 15:55:00,18.919399,18.95,18.905,18.915,22355.0,SBLK.NYSE-4-HOUR-LAST-EXTERNAL
2022-09-07 19:55:00,18.979999,18.985,18.93,18.93,168455.0,SBLK.NYSE-4-HOUR-LAST-EXTERNAL
2022-09-08 15:55:00,19.35,19.45,19.35,19.429599,41144.0,SBLK.NYSE-4-HOUR-LAST-EXTERNAL
2022-09-08 19:55:00,19.629999,19.7,19.59,19.68,241801.0,SBLK.NYSE-4-HOUR-LAST-EXTERNAL
2022-09-09 15:55:00,20.37,20.4489,20.37,20.4489,29013.0,SBLK.NYSE-4-HOUR-LAST-EXTERNAL
2022-09-09 19:55:00,20.489999,20.495,20.45,20.469999,116394.0,SBLK.NYSE-4-HOUR-LAST-EXTERNAL
2022-09-12 15:55:00,20.86,20.87,20.829999,20.87,13783.0,SBLK.NYSE-4-HOUR-LAST-EXTERNAL
2022-09-12 19:55:00,20.909999,20.959999,20.899999,20.94,151912.0,SBLK.NYSE-4-HOUR-LAST-EXTERNAL
2022-09-13 15:55:00,21.256299,21.295,21.229999,21.295,29936.0,SBLK.NYSE-4-HOUR-LAST-EXTERNAL
2022-09-13 19:55:00,21.159999,21.184999,21.122999,21.145,85186.0,SBLK.NYSE-4-HOUR-LAST-EXTERNAL
2022-09-14 15:55:00,21.065,21.065,20.959999,20.969999,9527.0,SBLK.NYSE-4-HOUR-LAST-EXTERNAL
2022-09-14 19:55:00,20.909999,20.93,20.875,20.909999,96510.0,SBLK.NYSE-4-HOUR-LAST-EXTERNAL
2022-09-15 15:55:00,20.45,20.489999,20.409999,20.489999,14433.0,SBLK.NYSE-4-HOUR-LAST-EXTERNAL
2022-09-15 19:55:00,20.497999,20.54,20.4901,20.52,115683.0,SBLK.NYSE-4-HOUR-LAST-EXTERNAL
2022-09-16 15:55:00,19.579999,19.61,19.579999,19.61,11894.0,SBLK.NYSE-4-HOUR-LAST-EXTERNAL
2022-09-16 19:55:00,19.6,19.629999,19.569999,19.6,174462.0,SBLK.NYSE-4-HOUR-LAST-EXTERNAL
2022-09-19 15:55:00,18.959999,18.959999,18.881999,18.881999,22978.0,SBLK.NYSE-4-HOUR-LAST-EXTERNAL
2022-09-19 19:55:00,18.819999,18.84,18.799999,18.819999,107635.0,SBLK.NYSE-4-HOUR-LAST-EXTERNAL
2022-09-20 15:55:00,20.42,20.45,20.405,20.44,37109.0,SBLK.NYSE-4-HOUR-LAST-EXTERNAL
2022-09-20 19:55:00,20.694999,20.704999,20.639999,20.649999,178587.0,SBLK.NYSE-4-HOUR-LAST-EXTERNAL
2022-09-21 15:55:00,20.579999,20.61,20.569999,20.6,11550.0,SBLK.NYSE-4-HOUR-LAST-EXTERNAL
2022-09-21 19:55:00,20.219999,20.219999,20.17,20.17,92474.0,SBLK.NYSE-4-HOUR-LAST-EXTERNAL
2022-09-22 15:55:00,19.9591,19.989999,19.909999,19.94,26718.0,SBLK.NYSE-4-HOUR-LAST-EXTERNAL
2022-09-22 19:55:00,19.844999,19.844999,19.784999,19.79,63453.0,SBLK.NYSE-4-HOUR-LAST-EXTERNAL
2022-09-23 15:55:00,18.889999,18.92,18.87,18.8801,24142.0,SBLK.NYSE-4-HOUR-LAST-EXTERNAL
2022-09-23 19:55:00,19.01,19.1,19.004999,19.09,222641.0,SBLK.NYSE-4-HOUR-LAST-EXTERNAL
2022-09-26 15:55:00,18.86,18.879999,18.84,18.85,13813.0,SBLK.NYSE-4-HOUR-LAST-EXTERNAL
2022-09-26 19:55:00,18.51,18.51,18.45,18.454999,88249.0,SBLK.NYSE-4-HOUR-LAST-EXTERNAL
2022-09-27 15:55:00,18.7,18.754999,18.7,18.729999,16549.0,SBLK.NYSE-4-HOUR-LAST-EXTERNAL
2022-09-27 19:55:00,19.069999,19.09,19.04,19.049999,78964.0,SBLK.NYSE-4-HOUR-LAST-EXTERNAL
2022-09-28 15:55:00,18.35,18.42,18.340099,18.395,56918.0,SBLK.NYSE-4-HOUR-LAST-EXTERNAL
2022-09-28 19:55:00,18.215,18.215,18.17,18.179899,101201.0,SBLK.NYSE-4-HOUR-LAST-EXTERNAL
2022-09-29 15:55:00,17.2,17.215,17.12,17.139999,26893.0,SBLK.NYSE-4-HOUR-LAST-EXTERNAL
2022-09-29 19:55:00,17.165,17.18,17.149999,17.165,131705.0,SBLK.NYSE-4-HOUR-LAST-EXTERNAL
2022-09-30 15:55:00,17.68,17.69,17.67,17.6805,3889.0,SBLK.NYSE-4-HOUR-LAST-EXTERNAL
2022-09-30 19:55:00,17.54,17.54,17.479999,17.5,64579.0,SBLK.NYSE-4-HOUR-LAST-EXTERNAL
2022-10-03 15:55:00,18.049999,18.065,17.9983,17.9983,15154.0,SBLK.NYSE-4-HOUR-LAST-EXTERNAL
2022-10-03 19:55:00,17.979999,17.979999,17.94,17.944999,42625.0,SBLK.NYSE-4-HOUR-LAST-EXTERNAL
2022-10-04 15:55:00,18.67,18.719999,18.649999,18.709999,8997.0,SBLK.NYSE-4-HOUR-LAST-EXTERNAL
2022-10-04 19:55:00,18.954999,19.02,18.95,19.02,147885.0,SBLK.NYSE-4-HOUR-LAST-EXTERNAL
2022-10-05 15:55:00,18.888999,18.899999,18.888999,18.899999,8063.0,SBLK.NYSE-4-HOUR-LAST-EXTERNAL
2022-10-05 19:55:00,19.405,19.4179,19.389999,19.405,75741.0,SBLK.NYSE-4-HOUR-LAST-EXTERNAL
2022-10-06 15:55:00,19.7,19.704999,19.6,19.62,21350.0,SBLK.NYSE-4-HOUR-LAST-EXTERNAL
2022-10-06 19:55:00,19.469999,19.469999,19.409999,19.43,86604.0,SBLK.NYSE-4-HOUR-LAST-EXTERNAL
2022-10-07 15:55:00,19.9498,19.989999,19.9498,19.989999,8165.0,SBLK.NYSE-4-HOUR-LAST-EXTERNAL
2022-10-07 19:55:00,19.93,19.944999,19.909999,19.92,62537.0,SBLK.NYSE-4-HOUR-LAST-EXTERNAL
2022-10-10 15:55:00,19.444999,19.469999,19.43,19.444999,29021.0,SBLK.NYSE-4-HOUR-LAST-EXTERNAL
2022-10-10 19:55:00,19.27,19.309999,19.25,19.26,59014.0,SBLK.NYSE-4-HOUR-LAST-EXTERNAL
2022-10-11 15:55:00,19.799999,19.889999,19.797,19.879999,15581.0,SBLK.NYSE-4-HOUR-LAST-EXTERNAL
2022-10-11 19:55:00,19.594999,19.639999,19.59,19.59,54026.0,SBLK.NYSE-4-HOUR-LAST-EXTERNAL
2022-10-12 15:55:00,20.159999,20.159999,20.125,20.135,13740.0,SBLK.NYSE-4-HOUR-LAST-EXTERNAL
2022-10-12 19:55:00,20.1201,20.139999,20.09,20.11,75908.0,SBLK.NYSE-4-HOUR-LAST-EXTERNAL
2022-10-13 15:55:00,20.2,20.2,20.149999,20.18,9538.0,SBLK.NYSE-4-HOUR-LAST-EXTERNAL
2022-10-13 19:55:00,20.18,20.18,20.145,20.17,45583.0,SBLK.NYSE-4-HOUR-LAST-EXTERNAL
2022-10-14 15:55:00,20.379999,20.4381,20.375,20.409999,22742.0,SBLK.NYSE-4-HOUR-LAST-EXTERNAL
2022-10-14 19:55:00,20.475,20.485,20.42,20.424999,60987.0,SBLK.NYSE-4-HOUR-LAST-EXTERNAL
2022-10-17 15:55:00,19.78,19.869899,19.774999,19.809999,8782.0,SBLK.NYSE-4-HOUR-LAST-EXTERNAL
2022-10-17 19:55:00,19.719999,19.729999,19.694999,19.7,72931.0,SBLK.NYSE-4-HOUR-LAST-EXTERNAL
2022-10-18 15:55:00,20.415,20.42,20.395,20.399999,8233.0,SBLK.NYSE-4-HOUR-LAST-EXTERNAL
2022-10-18 19:55:00,20.43,20.45,20.389999,20.42,78810.0,SBLK.NYSE-4-HOUR-LAST-EXTERNAL
2022-10-19 15:55:00,19.559999,19.61,19.555,19.6084,6526.0,SBLK.NYSE-4-HOUR-LAST-EXTERNAL
2022-10-19 19:55:00,19.45,19.524999,19.444999,19.51,66220.0,SBLK.NYSE-4-HOUR-LAST-EXTERNAL
2022-10-20 15:55:00,19.0,19.0,18.92,18.920099,26104.0,SBLK.NYSE-4-HOUR-LAST-EXTERNAL
2022-10-20 19:55:00,18.782499,18.829999,18.764999,18.805,90032.0,SBLK.NYSE-4-HOUR-LAST-EXTERNAL
2022-10-21 15:55:00,19.209999,19.270399,19.209999,19.25,8445.0,SBLK.NYSE-4-HOUR-LAST-EXTERNAL
2022-10-21 19:55:00,19.29,19.29,19.219999,19.239999,77025.0,SBLK.NYSE-4-HOUR-LAST-EXTERNAL
2022-10-24 15:55:00,18.68,18.709999,18.68,18.7,14286.0,SBLK.NYSE-4-HOUR-LAST-EXTERNAL
2022-10-24 19:55:00,19.0,19.01,18.979999,18.989999,86407.0,SBLK.NYSE-4-HOUR-LAST-EXTERNAL
2022-10-25 15:55:00,18.86,18.879999,18.86,18.879999,5590.0,SBLK.NYSE-4-HOUR-LAST-EXTERNAL
2022-10-25 19:55:00,19.229999,19.25,19.219999,19.235,99437.0,SBLK.NYSE-4-HOUR-LAST-EXTERNAL
2022-10-26 15:55:00,19.329999,19.341199,19.319999,19.319999,3262.0,SBLK.NYSE-4-HOUR-LAST-EXTERNAL
2022-10-26 19:55:00,18.959999,18.979999,18.94,18.959999,88918.0,SBLK.NYSE-4-HOUR-LAST-EXTERNAL
2022-10-27 15:55:00,18.264999,18.29,18.254999,18.28,4415.0,SBLK.NYSE-4-HOUR-LAST-EXTERNAL
2022-10-27 19:55:00,17.844999,17.85,17.829999,17.85,73499.0,SBLK.NYSE-4-HOUR-LAST-EXTERNAL
2022-10-28 15:55:00,17.931699,17.934999,17.86,17.87,8339.0,SBLK.NYSE-4-HOUR-LAST-EXTERNAL
2022-10-28 19:55:00,17.68,17.694999,17.665,17.68,96149.0,SBLK.NYSE-4-HOUR-LAST-EXTERNAL
2022-10-31 15:55:00,17.3901,17.4125,17.27,17.2816,19835.0,SBLK.NYSE-4-HOUR-LAST-EXTERNAL
2022-10-31 19:55:00,17.424999,17.434999,17.405,17.424999,65967.0,SBLK.NYSE-4-HOUR-LAST-EXTERNAL
2022-11-01 15:55:00,17.77,17.775699,17.729999,17.76,15885.0,SBLK.NYSE-4-HOUR-LAST-EXTERNAL
2022-11-01 19:55:00,17.969999,17.969999,17.909999,17.92,83920.0,SBLK.NYSE-4-HOUR-LAST-EXTERNAL
2022-11-02 15:55:00,17.920499,17.920499,17.889999,17.909999,21541.0,SBLK.NYSE-4-HOUR-LAST-EXTERNAL
2022-11-02 19:55:00,17.639999,17.67,17.629999,17.639999,93404.0,SBLK.NYSE-4-HOUR-LAST-EXTERNAL
2022-11-03 15:55:00,17.75,17.75,17.709999,17.719999,4362.0,SBLK.NYSE-4-HOUR-LAST-EXTERNAL
2022-11-03 19:55:00,17.75,17.77,17.739999,17.754999,51640.0,SBLK.NYSE-4-HOUR-LAST-EXTERNAL
2022-11-04 15:55:00,19.139999,19.19,19.139999,19.159999,16641.0,SBLK.NYSE-4-HOUR-LAST-EXTERNAL
2022-11-04 19:55:00,19.434999,19.489999,19.42,19.45,104029.0,SBLK.NYSE-4-HOUR-LAST-EXTERNAL
2022-11-07 15:55:00,20.09,20.17,20.09,20.1,17894.0,SBLK.NYSE-4-HOUR-LAST-EXTERNAL
2022-11-07 19:55:00,19.924999,19.924999,19.899999,19.905,16286.0,SBLK.NYSE-4-HOUR-LAST-EXTERNAL
2022-11-07 21:00:00,19.94,19.94,19.94,19.94,68426.0,SBLK.NYSE-4-HOUR-LAST-EXTERNAL
2022-11-08 15:55:00,20.159999,20.194999,20.12,20.129999,38216.0,SBLK.NYSE-4-HOUR-LAST-EXTERNAL
2022-11-08 19:55:00,19.909999,19.94,19.898,19.899999,8168.0,SBLK.NYSE-4-HOUR-LAST-EXTERNAL
2022-11-08 21:00:00,19.93,19.93,19.93,19.93,59170.0,SBLK.NYSE-4-HOUR-LAST-EXTERNAL
2022-11-09 15:55:00,19.709999,19.809999,19.709999,19.799999,14355.0,SBLK.NYSE-4-HOUR-LAST-EXTERNAL
2022-11-09 19:55:00,19.7,19.75,19.7,19.75,9358.0,SBLK.NYSE-4-HOUR-LAST-EXTERNAL
2022-11-09 21:00:00,19.329999,19.329999,19.329999,19.329999,93726.0,SBLK.NYSE-4-HOUR-LAST-EXTERNAL
2022-11-10 15:55:00,19.94,19.969999,19.92,19.93,9274.0,SBLK.NYSE-4-HOUR-LAST-EXTERNAL
2022-11-10 19:55:00,19.895,19.92,19.86,19.92,23056.0,SBLK.NYSE-4-HOUR-LAST-EXTERNAL
2022-11-10 21:00:00,19.879999,19.879999,19.879999,19.879999,118012.0,SBLK.NYSE-4-HOUR-LAST-EXTERNAL
2022-11-11 15:55:00,21.069999,21.069999,20.87,20.8707,15073.0,SBLK.NYSE-4-HOUR-LAST-EXTERNAL
2022-11-11 19:55:00,21.01,21.03,21.004899,21.01,6785.0,SBLK.NYSE-4-HOUR-LAST-EXTERNAL
2022-11-11 21:00:00,21.0,21.0,21.0,21.0,106755.0,SBLK.NYSE-4-HOUR-LAST-EXTERNAL
2022-11-14 15:55:00,20.889999,20.899999,20.799999,20.829999,51988.0,SBLK.NYSE-4-HOUR-LAST-EXTERNAL
2022-11-14 19:55:00,20.721,20.721,20.684999,20.709999,24363.0,SBLK.NYSE-4-HOUR-LAST-EXTERNAL
2022-11-14 21:00:00,20.575,20.575,20.575,20.575,142428.0,SBLK.NYSE-4-HOUR-LAST-EXTERNAL
2022-11-15 15:55:00,20.360099,20.469999,20.28,20.299999,71867.0,SBLK.NYSE-4-HOUR-LAST-EXTERNAL
2022-11-15 19:55:00,20.26,20.299999,20.235,20.299999,18180.0,SBLK.NYSE-4-HOUR-LAST-EXTERNAL
2022-11-15 21:00:00,20.309999,20.309999,20.309999,20.309999,49916.0,SBLK.NYSE-4-HOUR-LAST-EXTERNAL
2022-11-16 15:55:00,19.719999,19.78,19.7,19.704999,16046.0,SBLK.NYSE-4-HOUR-LAST-EXTERNAL
2022-11-16 19:55:00,19.7,19.709999,19.659999,19.68,19849.0,SBLK.NYSE-4-HOUR-LAST-EXTERNAL
2022-11-16 21:00:00,19.639999,19.639999,19.639999,19.639999,169335.0,SBLK.NYSE-4-HOUR-LAST-EXTERNAL
2022-11-17 15:55:00,20.04,20.09,20.01,20.04,20395.0,SBLK.NYSE-4-HOUR-LAST-EXTERNAL
2022-11-17 19:55:00,19.475,19.5,19.469999,19.469999,15684.0,SBLK.NYSE-4-HOUR-LAST-EXTERNAL
2022-11-17 21:00:00,19.899999,19.899999,19.899999,19.899999,83835.0,SBLK.NYSE-4-HOUR-LAST-EXTERNAL
2022-11-18 15:55:00,19.799999,19.799999,19.7,19.76,28979.0,SBLK.NYSE-4-HOUR-LAST-EXTERNAL
2022-11-18 19:55:00,19.459999,19.486299,19.459999,19.469999,12961.0,SBLK.NYSE-4-HOUR-LAST-EXTERNAL
2022-11-18 21:00:00,19.53,19.53,19.53,19.53,144659.0,SBLK.NYSE-4-HOUR-LAST-EXTERNAL
2022-11-21 15:55:00,19.649999,19.709999,19.639999,19.655,7990.0,SBLK.NYSE-4-HOUR-LAST-EXTERNAL
2022-11-21 19:55:00,20.045,20.059999,20.03,20.049999,19652.0,SBLK.NYSE-4-HOUR-LAST-EXTERNAL
2022-11-21 21:00:00,20.2,20.2,20.2,20.2,69215.0,SBLK.NYSE-4-HOUR-LAST-EXTERNAL
2022-11-22 15:55:00,20.059999,20.159999,20.059999,20.139999,17701.0,SBLK.NYSE-4-HOUR-LAST-EXTERNAL
2022-11-22 19:55:00,20.024999,20.03,20.014999,20.02,12086.0,SBLK.NYSE-4-HOUR-LAST-EXTERNAL
2022-11-22 21:00:00,20.02,20.02,20.02,20.02,72876.0,SBLK.NYSE-4-HOUR-LAST-EXTERNAL
2022-11-23 15:55:00,19.915,19.93,19.889999,19.905,38605.0,SBLK.NYSE-4-HOUR-LAST-EXTERNAL
2022-11-23 19:55:00,20.0,20.018999,19.969999,19.969999,12050.0,SBLK.NYSE-4-HOUR-LAST-EXTERNAL
2022-11-23 21:00:00,20.2,20.2,20.2,20.2,45358.0,SBLK.NYSE-4-HOUR-LAST-EXTERNAL
2022-11-25 15:55:00,21.424999,21.461299,21.379999,21.389999,25908.0,SBLK.NYSE-4-HOUR-LAST-EXTERNAL
2022-11-25 18:00:00,21.5,21.53,21.329999,21.399999,8241.0,SBLK.NYSE-4-HOUR-LAST-EXTERNAL
2022-11-28 15:55:00,20.299999,20.34,20.219999,20.2297,40880.0,SBLK.NYSE-4-HOUR-LAST-EXTERNAL
2022-11-28 19:55:00,20.729999,20.729999,20.69,20.704999,35873.0,SBLK.NYSE-4-HOUR-LAST-EXTERNAL
2022-11-28 21:00:00,20.569999,20.569999,20.569999,20.569999,132695.0,SBLK.NYSE-4-HOUR-LAST-EXTERNAL
2022-11-29 15:55:00,19.7499,19.819999,19.742399,19.799999,15403.0,SBLK.NYSE-4-HOUR-LAST-EXTERNAL
2022-11-29 19:55:00,19.125,19.128999,19.1,19.11,13590.0,SBLK.NYSE-4-HOUR-LAST-EXTERNAL
2022-11-29 21:00:00,19.1,19.1,19.1,19.1,98545.0,SBLK.NYSE-4-HOUR-LAST-EXTERNAL
2022-11-30 15:55:00,18.9318,18.94,18.887699,18.889999,26178.0,SBLK.NYSE-4-HOUR-LAST-EXTERNAL
2022-11-30 19:55:00,19.17,19.18,19.139999,19.18,8590.0,SBLK.NYSE-4-HOUR-LAST-EXTERNAL
2022-11-30 21:00:00,19.25,19.25,19.25,19.25,68255.0,SBLK.NYSE-4-HOUR-LAST-EXTERNAL
2022-12-01 15:55:00,19.37,19.409999,19.34,19.389999,13924.0,SBLK.NYSE-4-HOUR-LAST-EXTERNAL
2022-12-01 19:55:00,18.725,18.725,18.7,18.719999,7851.0,SBLK.NYSE-4-HOUR-LAST-EXTERNAL
2022-12-01 21:00:00,18.61,18.61,18.61,18.61,49490.0,SBLK.NYSE-4-HOUR-LAST-EXTERNAL
2022-12-02 15:55:00,18.4783,18.5,18.459999,18.495,13517.0,SBLK.NYSE-4-HOUR-LAST-EXTERNAL
2022-12-02 19:55:00,18.709999,18.76,18.709999,18.76,9129.0,SBLK.NYSE-4-HOUR-LAST-EXTERNAL
2022-12-02 21:00:00,18.76,18.76,18.76,18.76,51482.0,SBLK.NYSE-4-HOUR-LAST-EXTERNAL
2022-12-05 15:55:00,19.299499,19.319999,19.25,19.319999,35738.0,SBLK.NYSE-4-HOUR-LAST-EXTERNAL
2022-12-05 19:55:00,18.989999,19.02,18.989999,19.01,5447.0,SBLK.NYSE-4-HOUR-LAST-EXTERNAL
2022-12-05 21:00:00,19.12,19.12,19.12,19.12,69888.0,SBLK.NYSE-4-HOUR-LAST-EXTERNAL
2022-12-06 15:55:00,18.985,19.01,18.969999,18.969999,18868.0,SBLK.NYSE-4-HOUR-LAST-EXTERNAL
2022-12-06 19:55:00,18.7,18.709999,18.68,18.69,10683.0,SBLK.NYSE-4-HOUR-LAST-EXTERNAL
2022-12-06 21:00:00,18.76,18.76,18.76,18.76,64356.0,SBLK.NYSE-4-HOUR-LAST-EXTERNAL
2022-12-07 15:55:00,18.489999,18.51,18.479999,18.5,10765.0,SBLK.NYSE-4-HOUR-LAST-EXTERNAL
2022-12-07 19:55:00,18.51,18.52,18.495,18.5058,10765.0,SBLK.NYSE-4-HOUR-LAST-EXTERNAL
2022-12-07 21:00:00,18.44,18.44,18.44,18.44,76571.0,SBLK.NYSE-4-HOUR-LAST-EXTERNAL
2022-12-08 15:55:00,18.959999,18.959999,18.909999,18.909999,4241.0,SBLK.NYSE-4-HOUR-LAST-EXTERNAL
2022-12-08 19:55:00,18.909999,18.92,18.889999,18.895,9301.0,SBLK.NYSE-4-HOUR-LAST-EXTERNAL
2022-12-08 21:00:00,18.889999,18.889999,18.889999,18.889999,49685.0,SBLK.NYSE-4-HOUR-LAST-EXTERNAL
2022-12-09 15:55:00,19.340099,19.389999,19.317699,19.34,46479.0,SBLK.NYSE-4-HOUR-LAST-EXTERNAL
2022-12-09 19:55:00,19.469999,19.479999,19.459999,19.459999,6879.0,SBLK.NYSE-4-HOUR-LAST-EXTERNAL
2022-12-09 21:00:00,19.51,19.51,19.51,19.51,80586.0,SBLK.NYSE-4-HOUR-LAST-EXTERNAL
2022-12-12 15:55:00,19.68,19.719999,19.68,19.709999,14394.0,SBLK.NYSE-4-HOUR-LAST-EXTERNAL
2022-12-12 19:55:00,19.6534,19.68,19.649999,19.659999,6406.0,SBLK.NYSE-4-HOUR-LAST-EXTERNAL
2022-12-12 21:00:00,19.739999,19.739999,19.739999,19.739999,115195.0,SBLK.NYSE-4-HOUR-LAST-EXTERNAL
2022-12-13 15:55:00,20.059999,20.059999,20.02,20.04,17096.0,SBLK.NYSE-4-HOUR-LAST-EXTERNAL
2022-12-13 19:55:00,20.004999,20.028299,19.989999,20.014999,29228.0,SBLK.NYSE-4-HOUR-LAST-EXTERNAL
2022-12-13 21:00:00,20.04,20.04,20.04,20.04,111864.0,SBLK.NYSE-4-HOUR-LAST-EXTERNAL
2022-12-14 15:55:00,20.1478,20.1478,20.069999,20.089899,14139.0,SBLK.NYSE-4-HOUR-LAST-EXTERNAL
2022-12-14 19:55:00,20.219999,20.239999,20.209999,20.2355,19702.0,SBLK.NYSE-4-HOUR-LAST-EXTERNAL
2022-12-14 21:00:00,20.25,20.25,20.25,20.25,42792.0,SBLK.NYSE-4-HOUR-LAST-EXTERNAL
2022-12-15 15:55:00,20.43,20.459999,20.43,20.454999,15466.0,SBLK.NYSE-4-HOUR-LAST-EXTERNAL
2022-12-15 19:55:00,20.459999,20.504999,20.459999,20.504999,16411.0,SBLK.NYSE-4-HOUR-LAST-EXTERNAL
2022-12-15 21:00:00,20.569999,20.569999,20.569999,20.569999,121810.0,SBLK.NYSE-4-HOUR-LAST-EXTERNAL
2022-12-16 15:55:00,19.739999,19.839899,19.729999,19.825,20682.0,SBLK.NYSE-4-HOUR-LAST-EXTERNAL
2022-12-16 19:55:00,19.549999,19.549999,19.524999,19.531,17650.0,SBLK.NYSE-4-HOUR-LAST-EXTERNAL
2022-12-16 21:00:00,19.54,19.54,19.54,19.54,106443.0,SBLK.NYSE-4-HOUR-LAST-EXTERNAL
2022-12-19 15:55:00,18.744899,18.77,18.739999,18.739999,8165.0,SBLK.NYSE-4-HOUR-LAST-EXTERNAL
2022-12-19 19:55:00,18.479999,18.4859,18.459999,18.479999,8553.0,SBLK.NYSE-4-HOUR-LAST-EXTERNAL
2022-12-19 21:00:00,18.54,18.54,18.54,18.54,65081.0,SBLK.NYSE-4-HOUR-LAST-EXTERNAL
2022-12-20 15:55:00,18.989999,19.0,18.95,18.9745,11985.0,SBLK.NYSE-4-HOUR-LAST-EXTERNAL
2022-12-20 19:55:00,19.329999,19.329999,19.299999,19.3148,10477.0,SBLK.NYSE-4-HOUR-LAST-EXTERNAL
2022-12-20 21:00:00,19.36,19.36,19.36,19.36,53205.0,SBLK.NYSE-4-HOUR-LAST-EXTERNAL
2022-12-21 15:55:00,20.45,20.604999,20.399999,20.6,68393.0,SBLK.NYSE-4-HOUR-LAST-EXTERNAL
2022-12-21 19:55:00,20.51,20.51,20.479999,20.485,11170.0,SBLK.NYSE-4-HOUR-LAST-EXTERNAL
2022-12-21 21:00:00,20.54,20.54,20.54,20.54,63736.0,SBLK.NYSE-4-HOUR-LAST-EXTERNAL
2022-12-22 15:55:00,20.209499,20.219999,20.059999,20.059999,30027.0,SBLK.NYSE-4-HOUR-LAST-EXTERNAL
2022-12-22 19:55:00,19.9326,19.95,19.92,19.95,11247.0,SBLK.NYSE-4-HOUR-LAST-EXTERNAL
2022-12-22 21:00:00,20.229999,20.229999,20.229999,20.229999,75292.0,SBLK.NYSE-4-HOUR-LAST-EXTERNAL
2022-12-23 15:55:00,20.469999,20.479999,20.43,20.469999,9687.0,SBLK.NYSE-4-HOUR-LAST-EXTERNAL
2022-12-23 19:55:00,20.5167,20.527,20.489999,20.489999,15679.0,SBLK.NYSE-4-HOUR-LAST-EXTERNAL
2022-12-23 21:00:00,20.36,20.36,20.36,20.36,46658.0,SBLK.NYSE-4-HOUR-LAST-EXTERNAL
2022-12-27 15:55:00,20.28,20.28,20.219999,20.239999,12789.0,SBLK.NYSE-4-HOUR-LAST-EXTERNAL
2022-12-27 19:55:00,20.204999,20.209999,20.19,20.2,14209.0,SBLK.NYSE-4-HOUR-LAST-EXTERNAL
2022-12-27 21:00:00,20.209999,20.209999,20.209999,20.209999,40982.0,SBLK.NYSE-4-HOUR-LAST-EXTERNAL
2022-12-28 15:55:00,19.709999,19.7399,19.69,19.735,17182.0,SBLK.NYSE-4-HOUR-LAST-EXTERNAL
2022-12-28 19:55:00,19.579999,19.579999,19.51,19.52,18815.0,SBLK.NYSE-4-HOUR-LAST-EXTERNAL
2022-12-28 21:00:00,19.479999,19.479999,19.479999,19.479999,55359.0,SBLK.NYSE-4-HOUR-LAST-EXTERNAL
2022-12-29 15:55:00,19.969999,19.9797,19.954999,19.9631,7980.0,SBLK.NYSE-4-HOUR-LAST-EXTERNAL
2022-12-29 19:55:00,19.76,19.78,19.739999,19.754899,11630.0,SBLK.NYSE-4-HOUR-LAST-EXTERNAL
2022-12-29 21:00:00,19.68,19.68,19.68,19.68,53984.0,SBLK.NYSE-4-HOUR-LAST-EXTERNAL
2022-12-30 15:55:00,19.014999,19.0382,18.979999,19.0,64124.0,SBLK.NYSE-4-HOUR-LAST-EXTERNAL
2022-12-30 19:55:00,19.239999,19.249399,19.219999,19.239999,9788.0,SBLK.NYSE-4-HOUR-LAST-EXTERNAL
2022-12-30 21:00:00,19.229999,19.229999,19.229999,19.229999,70960.0,SBLK.NYSE-4-HOUR-LAST-EXTERNAL
2023-01-03 15:55:00,18.79,18.8901,18.76,18.8901,96922.0,SBLK.NYSE-4-HOUR-LAST-EXTERNAL
2023-01-03 19:55:00,18.67,18.67,18.649999,18.649999,4871.0,SBLK.NYSE-4-HOUR-LAST-EXTERNAL
2023-01-03 21:00:00,18.459999,18.459999,18.459999,18.459999,192113.0,SBLK.NYSE-4-HOUR-LAST-EXTERNAL
2023-01-04 15:55:00,18.364999,18.388999,18.354999,18.3672,11983.0,SBLK.NYSE-4-HOUR-LAST-EXTERNAL
2023-01-04 19:55:00,18.334999,18.379999,18.325,18.379999,11915.0,SBLK.NYSE-4-HOUR-LAST-EXTERNAL
2023-01-04 21:00:00,18.37,18.37,18.37,18.37,94326.0,SBLK.NYSE-4-HOUR-LAST-EXTERNAL
2023-01-05 15:55:00,18.389999,18.415,18.389999,18.389999,7548.0,SBLK.NYSE-4-HOUR-LAST-EXTERNAL
2023-01-05 19:55:00,18.45,18.5,18.45,18.469999,16482.0,SBLK.NYSE-4-HOUR-LAST-EXTERNAL
2023-01-05 21:00:00,18.45,18.45,18.45,18.45,90736.0,SBLK.NYSE-4-HOUR-LAST-EXTERNAL
2023-01-06 15:55:00,18.954999,18.969999,18.94,18.969999,5685.0,SBLK.NYSE-4-HOUR-LAST-EXTERNAL
2023-01-06 19:55:00,19.565,19.625799,19.565,19.62,19209.0,SBLK.NYSE-4-HOUR-LAST-EXTERNAL
2023-01-06 21:00:00,19.6,19.6,19.6,19.6,66407.0,SBLK.NYSE-4-HOUR-LAST-EXTERNAL
2023-01-09 15:55:00,19.989999,20.049999,19.979999,20.030099,14705.0,SBLK.NYSE-4-HOUR-LAST-EXTERNAL
2023-01-09 19:55:00,20.065,20.065,19.954999,19.954999,20700.0,SBLK.NYSE-4-HOUR-LAST-EXTERNAL
2023-01-09 21:00:00,19.899999,19.899999,19.899999,19.899999,79992.0,SBLK.NYSE-4-HOUR-LAST-EXTERNAL
2023-01-10 15:55:00,20.079999,20.2,20.079999,20.18,18775.0,SBLK.NYSE-4-HOUR-LAST-EXTERNAL
2023-01-10 19:55:00,20.53,20.569999,20.53,20.53,13935.0,SBLK.NYSE-4-HOUR-LAST-EXTERNAL
2023-01-10 21:00:00,20.649999,20.649999,20.649999,20.649999,76558.0,SBLK.NYSE-4-HOUR-LAST-EXTERNAL
2023-01-11 15:55:00,20.504999,20.6,20.504999,20.59,9471.0,SBLK.NYSE-4-HOUR-LAST-EXTERNAL
2023-01-11 19:55:00,20.219999,20.25,20.214199,20.239999,6108.0,SBLK.NYSE-4-HOUR-LAST-EXTERNAL
2023-01-11 21:00:00,20.44,20.44,20.44,20.44,59275.0,SBLK.NYSE-4-HOUR-LAST-EXTERNAL
2023-01-12 15:55:00,20.7,20.739999,20.68,20.7,14557.0,SBLK.NYSE-4-HOUR-LAST-EXTERNAL
2023-01-12 19:55:00,20.995,21.004999,20.970399,21.004999,18293.0,SBLK.NYSE-4-HOUR-LAST-EXTERNAL
2023-01-12 21:00:00,21.02,21.02,21.02,21.02,56183.0,SBLK.NYSE-4-HOUR-LAST-EXTERNAL
2023-01-13 15:55:00,20.87,20.899999,20.854999,20.889999,14041.0,SBLK.NYSE-4-HOUR-LAST-EXTERNAL
2023-01-13 19:55:00,20.8073,20.809999,20.7901,20.799999,7762.0,SBLK.NYSE-4-HOUR-LAST-EXTERNAL
2023-01-13 21:00:00,20.799999,20.799999,20.799999,20.799999,46265.0,SBLK.NYSE-4-HOUR-LAST-EXTERNAL
2023-01-17 15:55:00,21.630199,21.665,21.62,21.659999,19175.0,SBLK.NYSE-4-HOUR-LAST-EXTERNAL
2023-01-17 19:55:00,21.93,21.934999,21.879999,21.889999,16427.0,SBLK.NYSE-4-HOUR-LAST-EXTERNAL
2023-01-17 21:00:00,21.95,21.95,21.95,21.95,74399.0,SBLK.NYSE-4-HOUR-LAST-EXTERNAL
2023-01-18 15:55:00,22.079999,22.114999,22.049999,22.069999,66522.0,SBLK.NYSE-4-HOUR-LAST-EXTERNAL
2023-01-18 19:55:00,21.815,21.829999,21.739999,21.739999,30831.0,SBLK.NYSE-4-HOUR-LAST-EXTERNAL
2023-01-18 21:00:00,21.729999,21.729999,21.729999,21.729999,71034.0,SBLK.NYSE-4-HOUR-LAST-EXTERNAL
2023-01-19 15:55:00,21.1926,21.225,21.19,21.219999,24009.0,SBLK.NYSE-4-HOUR-LAST-EXTERNAL
2023-01-19 19:55:00,21.76,21.774999,21.76,21.77,2651.0,SBLK.NYSE-4-HOUR-LAST-EXTERNAL
2023-01-19 21:00:00,21.84,21.84,21.84,21.84,49862.0,SBLK.NYSE-4-HOUR-LAST-EXTERNAL
2023-01-20 15:55:00,22.125,22.125,22.0699,22.0699,11658.0,SBLK.NYSE-4-HOUR-LAST-EXTERNAL
2023-01-20 19:55:00,22.45,22.479999,22.434999,22.472499,18144.0,SBLK.NYSE-4-HOUR-LAST-EXTERNAL
2023-01-20 21:00:00,22.45,22.45,22.45,22.45,95270.0,SBLK.NYSE-4-HOUR-LAST-EXTERNAL
2023-01-23 15:55:00,21.92,21.92,21.86,21.889999,25858.0,SBLK.NYSE-4-HOUR-LAST-EXTERNAL
2023-01-23 19:55:00,21.745,21.7791,21.739999,21.774999,17579.0,SBLK.NYSE-4-HOUR-LAST-EXTERNAL
2023-01-23 21:00:00,21.86,21.86,21.86,21.86,58212.0,SBLK.NYSE-4-HOUR-LAST-EXTERNAL
2023-01-24 15:55:00,21.69,21.7,21.67,21.68,9075.0,SBLK.NYSE-4-HOUR-LAST-EXTERNAL
2023-01-24 19:55:00,21.42,21.44,21.399999,21.409999,49984.0,SBLK.NYSE-4-HOUR-LAST-EXTERNAL
2023-01-24 21:00:00,21.469999,21.469999,21.469999,21.469999,44330.0,SBLK.NYSE-4-HOUR-LAST-EXTERNAL
2023-01-25 15:55:00,21.889999,21.969999,21.885,21.9309,42116.0,SBLK.NYSE-4-HOUR-LAST-EXTERNAL
2023-01-25 19:55:00,22.11,22.125,22.109899,22.125,5006.0,SBLK.NYSE-4-HOUR-LAST-EXTERNAL
2023-01-25 21:00:00,22.209999,22.209999,22.209999,22.209999,55250.0,SBLK.NYSE-4-HOUR-LAST-EXTERNAL
2023-01-26 15:55:00,21.879999,21.93,21.864999,21.93,21054.0,SBLK.NYSE-4-HOUR-LAST-EXTERNAL
2023-01-26 19:55:00,21.954999,22.014999,21.951299,22.014999,18012.0,SBLK.NYSE-4-HOUR-LAST-EXTERNAL
2023-01-26 21:00:00,22.11,22.11,22.11,22.11,37889.0,SBLK.NYSE-4-HOUR-LAST-EXTERNAL
2023-01-27 15:55:00,22.7,22.77,22.69,22.765499,30783.0,SBLK.NYSE-4-HOUR-LAST-EXTERNAL
2023-01-27 19:55:00,23.259,23.29,23.239999,23.289899,34737.0,SBLK.NYSE-4-HOUR-LAST-EXTERNAL
2023-01-27 21:00:00,23.389999,23.389999,23.389999,23.389999,56385.0,SBLK.NYSE-4-HOUR-LAST-EXTERNAL
2023-01-30 15:55:00,22.975,22.979999,22.95,22.979999,18040.0,SBLK.NYSE-4-HOUR-LAST-EXTERNAL
2023-01-30 19:55:00,22.8099,22.8099,22.774,22.784999,17663.0,SBLK.NYSE-4-HOUR-LAST-EXTERNAL
2023-01-30 21:00:00,22.649999,22.649999,22.649999,22.649999,56620.0,SBLK.NYSE-4-HOUR-LAST-EXTERNAL
2023-01-31 15:55:00,22.6,22.61,22.559999,22.559999,9284.0,SBLK.NYSE-4-HOUR-LAST-EXTERNAL
2023-01-31 19:55:00,22.469999,22.479999,22.465,22.469999,7755.0,SBLK.NYSE-4-HOUR-LAST-EXTERNAL
2023-01-31 21:00:00,22.719999,22.719999,22.719999,22.719999,39989.0,SBLK.NYSE-4-HOUR-LAST-EXTERNAL
2023-02-01 15:55:00,22.379999,22.389999,22.344999,22.344999,5508.0,SBLK.NYSE-4-HOUR-LAST-EXTERNAL
2023-02-01 19:55:00,22.729999,22.729999,22.639999,22.659999,14657.0,SBLK.NYSE-4-HOUR-LAST-EXTERNAL
2023-02-01 21:00:00,22.559999,22.559999,22.559999,22.559999,57655.0,SBLK.NYSE-4-HOUR-LAST-EXTERNAL
2023-02-02 15:55:00,22.579999,22.579999,22.504999,22.514999,16232.0,SBLK.NYSE-4-HOUR-LAST-EXTERNAL
2023-02-02 19:55:00,22.049999,22.049999,22.01,22.01,14014.0,SBLK.NYSE-4-HOUR-LAST-EXTERNAL
2023-02-02 21:00:00,22.129999,22.129999,22.129999,22.129999,63386.0,SBLK.NYSE-4-HOUR-LAST-EXTERNAL
2023-02-03 15:55:00,22.219999,22.2264,22.149999,22.18,9634.0,SBLK.NYSE-4-HOUR-LAST-EXTERNAL
2023-02-03 19:55:00,22.2133,22.229999,22.184999,22.219999,9663.0,SBLK.NYSE-4-HOUR-LAST-EXTERNAL
2023-02-03 21:00:00,22.18,22.18,22.18,22.18,47165.0,SBLK.NYSE-4-HOUR-LAST-EXTERNAL
2023-02-06 15:55:00,22.25,22.26,22.229999,22.229999,6850.0,SBLK.NYSE-4-HOUR-LAST-EXTERNAL
2023-02-06 19:55:00,22.26,22.274999,22.26,22.27,5886.0,SBLK.NYSE-4-HOUR-LAST-EXTERNAL
2023-02-06 21:00:00,22.319999,22.319999,22.319999,22.319999,20881.0,SBLK.NYSE-4-HOUR-LAST-EXTERNAL
2023-02-07 15:55:00,22.424999,22.479999,22.399999,22.415,9893.0,SBLK.NYSE-4-HOUR-LAST-EXTERNAL
2023-02-07 19:55:00,22.59,22.61,22.584999,22.6,8375.0,SBLK.NYSE-4-HOUR-LAST-EXTERNAL
2023-02-07 21:00:00,22.719999,22.719999,22.719999,22.719999,32273.0,SBLK.NYSE-4-HOUR-LAST-EXTERNAL
2023-02-08 15:55:00,23.0,23.02,22.989999,23.02,9267.0,SBLK.NYSE-4-HOUR-LAST-EXTERNAL
2023-02-08 19:55:00,23.12,23.18,23.114999,23.174999,7231.0,SBLK.NYSE-4-HOUR-LAST-EXTERNAL
2023-02-08 21:00:00,23.09,23.09,23.09,23.09,44844.0,SBLK.NYSE-4-HOUR-LAST-EXTERNAL
2023-02-09 15:55:00,23.209999,23.35,23.19,23.35,12720.0,SBLK.NYSE-4-HOUR-LAST-EXTERNAL
2023-02-09 19:55:00,23.149999,23.149999,23.145,23.149999,3807.0,SBLK.NYSE-4-HOUR-LAST-EXTERNAL
2023-02-09 21:00:00,23.2,23.2,23.2,23.2,40242.0,SBLK.NYSE-4-HOUR-LAST-EXTERNAL
2023-02-10 15:55:00,22.61,22.629999,22.549999,22.629999,14413.0,SBLK.NYSE-4-HOUR-LAST-EXTERNAL
2023-02-10 19:55:00,22.809999,22.829999,22.809999,22.827499,10492.0,SBLK.NYSE-4-HOUR-LAST-EXTERNAL
2023-02-10 21:00:00,22.909999,22.909999,22.909999,22.909999,46046.0,SBLK.NYSE-4-HOUR-LAST-EXTERNAL
2023-02-13 15:55:00,22.639999,22.659999,22.6305,22.639999,7645.0,SBLK.NYSE-4-HOUR-LAST-EXTERNAL
2023-02-13 19:55:00,22.969999,22.969999,22.93,22.93,13712.0,SBLK.NYSE-4-HOUR-LAST-EXTERNAL
2023-02-13 21:00:00,22.819999,22.819999,22.819999,22.819999,49472.0,SBLK.NYSE-4-HOUR-LAST-EXTERNAL
2023-02-14 15:55:00,22.399999,22.524999,22.389999,22.524999,12154.0,SBLK.NYSE-4-HOUR-LAST-EXTERNAL
2023-02-14 19:55:00,22.59,22.6,22.579999,22.6,6983.0,SBLK.NYSE-4-HOUR-LAST-EXTERNAL
2023-02-14 21:00:00,22.569999,22.569999,22.569999,22.569999,43375.0,SBLK.NYSE-4-HOUR-LAST-EXTERNAL
2023-02-15 15:55:00,22.2961,22.2961,22.219999,22.219999,7461.0,SBLK.NYSE-4-HOUR-LAST-EXTERNAL
2023-02-15 19:55:00,22.43,22.43,22.42,22.4279,3212.0,SBLK.NYSE-4-HOUR-LAST-EXTERNAL
2023-02-15 21:00:00,22.6,22.6,22.6,22.6,54674.0,SBLK.NYSE-4-HOUR-LAST-EXTERNAL
2023-02-16 15:55:00,22.559999,22.565,22.489999,22.489999,18445.0,SBLK.NYSE-4-HOUR-LAST-EXTERNAL
2023-02-16 19:55:00,22.6,22.639999,22.6,22.629999,9531.0,SBLK.NYSE-4-HOUR-LAST-EXTERNAL
2023-02-16 21:00:00,22.569999,22.569999,22.569999,22.569999,70169.0,SBLK.NYSE-4-HOUR-LAST-EXTERNAL
2023-02-17 15:55:00,21.978099,21.989999,21.87,21.989999,12314.0,SBLK.NYSE-4-HOUR-LAST-EXTERNAL
2023-02-17 19:55:00,21.795,21.835699,21.7901,21.829999,11435.0,SBLK.NYSE-4-HOUR-LAST-EXTERNAL
2023-02-17 21:00:00,21.62,21.62,21.62,21.62,85915.0,SBLK.NYSE-4-HOUR-LAST-EXTERNAL
2023-02-21 15:55:00,22.87,22.885,22.819999,22.879999,14040.0,SBLK.NYSE-4-HOUR-LAST-EXTERNAL
2023-02-21 19:55:00,21.995,22.03,21.983999,22.01,33513.0,SBLK.NYSE-4-HOUR-LAST-EXTERNAL
2023-02-21 21:00:00,22.03,22.03,22.03,22.03,47948.0,SBLK.NYSE-4-HOUR-LAST-EXTERNAL
2023-02-22 15:55:00,22.659799,22.68,22.61,22.6662,15548.0,SBLK.NYSE-4-HOUR-LAST-EXTERNAL
2023-02-22 19:55:00,22.94,22.95,22.891799,22.92,23473.0,SBLK.NYSE-4-HOUR-LAST-EXTERNAL
2023-02-22 21:00:00,22.93,22.93,22.93,22.93,70272.0,SBLK.NYSE-4-HOUR-LAST-EXTERNAL
2023-02-23 15:55:00,23.9547,24.0,23.909999,23.954999,32047.0,SBLK.NYSE-4-HOUR-LAST-EXTERNAL
2023-02-23 19:55:00,24.18,24.190099,24.149999,24.17,16707.0,SBLK.NYSE-4-HOUR-LAST-EXTERNAL
2023-02-23 21:00:00,24.399999,24.399999,24.399999,24.399999,215726.0,SBLK.NYSE-4-HOUR-LAST-EXTERNAL
2023-02-24 15:55:00,24.719999,24.7283,24.639999,24.68,23482.0,SBLK.NYSE-4-HOUR-LAST-EXTERNAL
2023-02-24 19:55:00,24.719999,24.739999,24.7,24.735,13355.0,SBLK.NYSE-4-HOUR-LAST-EXTERNAL
2023-02-24 21:00:00,24.579999,24.579999,24.579999,24.579999,97673.0,SBLK.NYSE-4-HOUR-LAST-EXTERNAL
2023-02-27 15:55:00,23.739999,23.781499,23.7,23.75,43286.0,SBLK.NYSE-4-HOUR-LAST-EXTERNAL
2023-02-27 19:55:00,23.844999,23.9388,23.844999,23.93,22408.0,SBLK.NYSE-4-HOUR-LAST-EXTERNAL
2023-02-27 21:00:00,23.969999,23.969999,23.969999,23.969999,113211.0,SBLK.NYSE-4-HOUR-LAST-EXTERNAL
2023-02-28 15:55:00,24.504999,24.59,24.489999,24.51,23433.0,SBLK.NYSE-4-HOUR-LAST-EXTERNAL
2023-02-28 19:55:00,24.399999,24.469999,24.379999,24.444999,26201.0,SBLK.NYSE-4-HOUR-LAST-EXTERNAL
2023-02-28 21:00:00,24.51,24.51,24.51,24.51,165142.0,SBLK.NYSE-4-HOUR-LAST-EXTERNAL
2023-03-01 15:55:00,24.819999,24.829999,24.770099,24.829999,7903.0,SBLK.NYSE-4-HOUR-LAST-EXTERNAL
2023-03-01 19:55:00,24.069999,24.135,24.069999,24.12,13097.0,SBLK.NYSE-4-HOUR-LAST-EXTERNAL
2023-03-01 21:00:00,24.04,24.04,24.04,24.04,57491.0,SBLK.NYSE-4-HOUR-LAST-EXTERNAL
2023-03-02 15:55:00,23.559999,23.59,23.537599,23.559999,8300.0,SBLK.NYSE-4-HOUR-LAST-EXTERNAL
2023-03-02 19:55:00,23.160999,23.185499,23.12,23.185499,20038.0,SBLK.NYSE-4-HOUR-LAST-EXTERNAL
2023-03-02 21:00:00,23.139999,23.139999,23.139999,23.139999,48923.0,SBLK.NYSE-4-HOUR-LAST-EXTERNAL
2023-03-03 15:55:00,23.413499,23.441499,23.36,23.364999,23516.0,SBLK.NYSE-4-HOUR-LAST-EXTERNAL
2023-03-03 19:55:00,23.559999,23.565,23.5,23.559999,46766.0,SBLK.NYSE-4-HOUR-LAST-EXTERNAL
2023-03-03 21:00:00,23.729999,23.729999,23.729999,23.729999,203848.0,SBLK.NYSE-4-HOUR-LAST-EXTERNAL
2023-03-06 15:55:00,23.109699,23.139999,23.0921,23.12,6888.0,SBLK.NYSE-4-HOUR-LAST-EXTERNAL
2023-03-06 19:55:00,22.979999,22.979999,22.95,22.95,7614.0,SBLK.NYSE-4-HOUR-LAST-EXTERNAL
2023-03-06 21:00:00,22.92,22.92,22.92,22.92,59925.0,SBLK.NYSE-4-HOUR-LAST-EXTERNAL
2023-03-07 15:55:00,22.624,22.67,22.62,22.628999,16024.0,SBLK.NYSE-4-HOUR-LAST-EXTERNAL
2023-03-07 19:55:00,22.639999,22.659999,22.61,22.659999,12362.0,SBLK.NYSE-4-HOUR-LAST-EXTERNAL
2023-03-07 21:00:00,22.639999,22.639999,22.639999,22.639999,149322.0,SBLK.NYSE-4-HOUR-LAST-EXTERNAL
2023-03-08 15:55:00,23.03,23.04,23.01,23.03,6850.0,SBLK.NYSE-4-HOUR-LAST-EXTERNAL
2023-03-08 19:55:00,22.85,22.86,22.830099,22.85,6270.0,SBLK.NYSE-4-HOUR-LAST-EXTERNAL
2023-03-08 21:00:00,23.12,23.12,23.12,23.12,54431.0,SBLK.NYSE-4-HOUR-LAST-EXTERNAL
2023-03-09 15:55:00,22.04,22.04,21.9125,21.94,61450.0,SBLK.NYSE-4-HOUR-LAST-EXTERNAL
2023-03-09 19:55:00,21.875,21.895,21.87,21.895,12701.0,SBLK.NYSE-4-HOUR-LAST-EXTERNAL
2023-03-09 21:00:00,21.649999,21.649999,21.649999,21.649999,85018.0,SBLK.NYSE-4-HOUR-LAST-EXTERNAL
2023-03-10 15:55:00,22.02,22.04,22.0,22.02,7273.0,SBLK.NYSE-4-HOUR-LAST-EXTERNAL
2023-03-10 19:55:00,21.819999,21.84,21.784999,21.784999,13465.0,SBLK.NYSE-4-HOUR-LAST-EXTERNAL
2023-03-10 21:00:00,21.68,21.68,21.68,21.68,85991.0,SBLK.NYSE-4-HOUR-LAST-EXTERNAL
2023-03-13 15:55:00,21.54,21.59,21.53,21.59,6206.0,SBLK.NYSE-4-HOUR-LAST-EXTERNAL
2023-03-13 19:55:00,21.379999,21.409999,21.3507,21.379999,67441.0,SBLK.NYSE-4-HOUR-LAST-EXTERNAL
2023-03-14 15:55:00,22.774999,22.799999,22.75,22.76,11038.0,SBLK.NYSE-4-HOUR-LAST-EXTERNAL
2023-03-14 19:55:00,22.468,22.53,22.450099,22.51,59930.0,SBLK.NYSE-4-HOUR-LAST-EXTERNAL
2023-03-15 15:55:00,22.059999,22.11,21.92,21.92,105573.0,SBLK.NYSE-4-HOUR-LAST-EXTERNAL
2023-03-15 19:55:00,21.04,21.129999,21.021999,21.12,79037.0,SBLK.NYSE-4-HOUR-LAST-EXTERNAL
2023-03-16 15:55:00,21.049999,21.136299,21.049999,21.129999,11222.0,SBLK.NYSE-4-HOUR-LAST-EXTERNAL
2023-03-16 19:55:00,21.364999,21.434999,21.364999,21.385,60266.0,SBLK.NYSE-4-HOUR-LAST-EXTERNAL
2023-03-17 15:55:00,20.61,20.614999,20.53,20.534999,21608.0,SBLK.NYSE-4-HOUR-LAST-EXTERNAL
2023-03-17 19:55:00,20.409999,20.469999,20.409999,20.459999,58550.0,SBLK.NYSE-4-HOUR-LAST-EXTERNAL
2023-03-20 15:55:00,20.317499,20.317499,20.28,20.28,5547.0,SBLK.NYSE-4-HOUR-LAST-EXTERNAL
2023-03-20 19:55:00,20.25,20.319999,20.25,20.319999,144632.0,SBLK.NYSE-4-HOUR-LAST-EXTERNAL
2023-03-21 15:55:00,20.85,20.879999,20.844999,20.86,6523.0,SBLK.NYSE-4-HOUR-LAST-EXTERNAL
2023-03-21 19:55:00,20.94,20.94,20.879999,20.895,50479.0,SBLK.NYSE-4-HOUR-LAST-EXTERNAL
2023-03-22 15:55:00,20.701299,20.709999,20.67,20.67,2583.0,SBLK.NYSE-4-HOUR-LAST-EXTERNAL
2023-03-22 19:55:00,20.434999,20.434999,20.37,20.37,32824.0,SBLK.NYSE-4-HOUR-LAST-EXTERNAL
2023-03-23 15:55:00,21.024999,21.0296,21.000099,21.004999,10883.0,SBLK.NYSE-4-HOUR-LAST-EXTERNAL
2023-03-23 19:55:00,21.125,21.155,21.1,21.11,27284.0,SBLK.NYSE-4-HOUR-LAST-EXTERNAL
2023-03-24 15:55:00,21.159999,21.18,21.155,21.18,2909.0,SBLK.NYSE-4-HOUR-LAST-EXTERNAL
2023-03-24 19:55:00,21.264999,21.329999,21.264999,21.309999,59392.0,SBLK.NYSE-4-HOUR-LAST-EXTERNAL
2023-03-27 15:55:00,20.45,20.489999,20.449899,20.489999,6456.0,SBLK.NYSE-4-HOUR-LAST-EXTERNAL
2023-03-27 19:55:00,20.76,20.764999,20.704999,20.725,39441.0,SBLK.NYSE-4-HOUR-LAST-EXTERNAL
2023-03-28 15:55:00,20.51,20.5142,20.469999,20.504999,33639.0,SBLK.NYSE-4-HOUR-LAST-EXTERNAL
2023-03-28 19:55:00,20.489999,20.52,20.4652,20.489999,48305.0,SBLK.NYSE-4-HOUR-LAST-EXTERNAL
2023-03-29 15:55:00,21.04,21.069999,21.04,21.069999,8393.0,SBLK.NYSE-4-HOUR-LAST-EXTERNAL
2023-03-29 19:55:00,20.995,20.995,20.93,20.934999,45893.0,SBLK.NYSE-4-HOUR-LAST-EXTERNAL
2023-03-30 15:55:00,20.745,20.76,20.735,20.735,2485.0,SBLK.NYSE-4-HOUR-LAST-EXTERNAL
2023-03-30 19:55:00,20.7,20.729999,20.68,20.684999,31629.0,SBLK.NYSE-4-HOUR-LAST-EXTERNAL
2023-03-31 15:55:00,20.915,20.92,20.879999,20.889999,7300.0,SBLK.NYSE-4-HOUR-LAST-EXTERNAL
2023-03-31 19:55:00,21.12,21.149999,21.100099,21.125,61075.0,SBLK.NYSE-4-HOUR-LAST-EXTERNAL
2023-04-03 15:55:00,20.658899,20.739999,20.649999,20.729999,19441.0,SBLK.NYSE-4-HOUR-LAST-EXTERNAL
2023-04-03 19:55:00,20.665,20.7,20.665,20.69,35924.0,SBLK.NYSE-4-HOUR-LAST-EXTERNAL
2023-04-04 15:55:00,20.819999,20.819999,20.795,20.805,4286.0,SBLK.NYSE-4-HOUR-LAST-EXTERNAL
2023-04-04 19:55:00,21.014999,21.03,21.0,21.03,34359.0,SBLK.NYSE-4-HOUR-LAST-EXTERNAL
2023-04-05 15:55:00,20.62,20.629999,20.61,20.62,10921.0,SBLK.NYSE-4-HOUR-LAST-EXTERNAL
2023-04-05 19:55:00,20.704999,20.704999,20.649999,20.677299,97057.0,SBLK.NYSE-4-HOUR-LAST-EXTERNAL
2023-04-06 15:55:00,20.555,20.629999,20.555,20.62,8660.0,SBLK.NYSE-4-HOUR-LAST-EXTERNAL
2023-04-06 19:55:00,20.659999,20.69,20.659999,20.67,36159.0,SBLK.NYSE-4-HOUR-LAST-EXTERNAL
2023-04-10 15:55:00,21.04,21.069999,21.04,21.0627,3969.0,SBLK.NYSE-4-HOUR-LAST-EXTERNAL
2023-04-10 19:55:00,21.219999,21.254999,21.209999,21.219999,52765.0,SBLK.NYSE-4-HOUR-LAST-EXTERNAL
2023-04-11 15:55:00,21.628499,21.629899,21.61,21.62,4489.0,SBLK.NYSE-4-HOUR-LAST-EXTERNAL
2023-04-11 19:55:00,21.52,21.545,21.495,21.51,42972.0,SBLK.NYSE-4-HOUR-LAST-EXTERNAL
2023-04-12 15:55:00,21.61,21.614999,21.604999,21.61,3891.0,SBLK.NYSE-4-HOUR-LAST-EXTERNAL
2023-04-12 19:55:00,21.61,21.629999,21.584999,21.62,30118.0,SBLK.NYSE-4-HOUR-LAST-EXTERNAL
2023-04-13 15:55:00,21.989999,21.989999,21.989999,21.989999,746.0,SBLK.NYSE-4-HOUR-LAST-EXTERNAL
2023-04-13 19:55:00,22.079999,22.087799,22.04,22.069999,55733.0,SBLK.NYSE-4-HOUR-LAST-EXTERNAL
2023-04-14 15:55:00,22.0694,22.069999,22.0694,22.069999,1740.0,SBLK.NYSE-4-HOUR-LAST-EXTERNAL
2023-04-14 19:55:00,22.204999,22.215,22.159999,22.159999,67278.0,SBLK.NYSE-4-HOUR-LAST-EXTERNAL
2023-04-17 15:55:00,22.129999,22.1301,22.125,22.125,2412.0,SBLK.NYSE-4-HOUR-LAST-EXTERNAL
2023-04-17 19:55:00,22.225,22.237499,22.19,22.19,32329.0,SBLK.NYSE-4-HOUR-LAST-EXTERNAL
2023-04-18 15:55:00,22.25,22.26,22.239999,22.26,8342.0,SBLK.NYSE-4-HOUR-LAST-EXTERNAL
2023-04-18 19:55:00,22.245,22.27,22.229999,22.229999,68781.0,SBLK.NYSE-4-HOUR-LAST-EXTERNAL
2023-04-19 15:55:00,20.92,20.989999,20.909999,20.92,17771.0,SBLK.NYSE-4-HOUR-LAST-EXTERNAL
2023-04-19 19:55:00,21.159999,21.19,21.125,21.149999,67345.0,SBLK.NYSE-4-HOUR-LAST-EXTERNAL
2023-04-20 15:55:00,21.159999,21.169799,21.149999,21.169799,2039.0,SBLK.NYSE-4-HOUR-LAST-EXTERNAL
2023-04-20 19:55:00,21.129999,21.145,21.049999,21.075,36330.0,SBLK.NYSE-4-HOUR-LAST-EXTERNAL
2023-04-21 15:55:00,20.809999,20.85,20.809999,20.84,2649.0,SBLK.NYSE-4-HOUR-LAST-EXTERNAL
2023-04-21 19:55:00,20.729999,20.735,20.7,20.715,27820.0,SBLK.NYSE-4-HOUR-LAST-EXTERNAL
2023-04-24 15:55:00,21.2,21.2,21.11,21.12,11188.0,SBLK.NYSE-4-HOUR-LAST-EXTERNAL
2023-04-24 19:55:00,21.2,21.2,21.17,21.2,39551.0,SBLK.NYSE-4-HOUR-LAST-EXTERNAL
2023-04-25 15:55:00,21.129999,21.129999,21.059999,21.069999,4538.0,SBLK.NYSE-4-HOUR-LAST-EXTERNAL
2023-04-25 19:55:00,20.795,20.819999,20.78,20.809999,64785.0,SBLK.NYSE-4-HOUR-LAST-EXTERNAL
2023-04-26 15:55:00,20.739999,20.799999,20.739999,20.79,8685.0,SBLK.NYSE-4-HOUR-LAST-EXTERNAL
2023-04-26 19:55:00,20.67,20.69,20.67,20.68,23710.0,SBLK.NYSE-4-HOUR-LAST-EXTERNAL
