2022-01-03 15:55:00,174.75,175.020004,174.619995,174.820007,9116.0,TTWO.NYSE-4-HOUR-LAST-EXTERNAL
2022-01-03 19:55:00,177.460006,177.505004,177.345001,177.399993,11033.0,TTWO.NYSE-4-HOUR-LAST-EXTERNAL
2022-01-03 21:00:00,178.61,178.61,178.61,178.61,74327.0,TTWO.NYSE-4-HOUR-LAST-EXTERNAL
2022-01-04 15:55:00,175.884994,176.235,175.690002,176.119995,8730.0,TTWO.NYSE-4-HOUR-LAST-EXTERNAL
2022-01-04 19:55:00,181.199996,181.410003,181.139999,181.399993,8371.0,TTWO.NYSE-4-HOUR-LAST-EXTERNAL
2022-01-04 21:00:00,181.899993,181.899993,181.899993,181.899993,107201.0,TTWO.NYSE-4-HOUR-LAST-EXTERNAL
2022-01-05 15:55:00,174.100006,174.919998,174.100006,174.9057,14512.0,TTWO.NYSE-4-HOUR-LAST-EXTERNAL
2022-01-05 19:55:00,171.86,172.375,171.86,172.210006,13040.0,TTWO.NYSE-4-HOUR-LAST-EXTERNAL
2022-01-05 21:00:00,171.850006,171.850006,171.850006,171.850006,168454.0,TTWO.NYSE-4-HOUR-LAST-EXTERNAL
2022-01-06 15:55:00,170.330001,170.960006,170.330001,170.580001,5748.0,TTWO.NYSE-4-HOUR-LAST-EXTERNAL
2022-01-06 19:55:00,167.059997,167.139999,166.919998,167.0,11359.0,TTWO.NYSE-4-HOUR-LAST-EXTERNAL
2022-01-06 21:00:00,164.61,164.61,164.61,164.61,228560.0,TTWO.NYSE-4-HOUR-LAST-EXTERNAL
2022-01-07 15:55:00,163.470001,163.619995,163.460006,163.460006,7392.0,TTWO.NYSE-4-HOUR-LAST-EXTERNAL
2022-01-07 19:55:00,165.380004,165.475006,165.300003,165.410003,8111.0,TTWO.NYSE-4-HOUR-LAST-EXTERNAL
2022-01-07 21:00:00,164.600006,164.600006,164.600006,164.600006,74477.0,TTWO.NYSE-4-HOUR-LAST-EXTERNAL
2022-01-10 15:55:00,142.520004,142.699996,142.095001,142.125,86653.0,TTWO.NYSE-4-HOUR-LAST-EXTERNAL
2022-01-10 19:55:00,140.244995,140.600006,140.009994,140.130004,50297.0,TTWO.NYSE-4-HOUR-LAST-EXTERNAL
2022-01-10 21:00:00,142.990005,142.990005,142.990005,142.990005,463607.0,TTWO.NYSE-4-HOUR-LAST-EXTERNAL
2022-01-11 15:55:00,143.119995,143.630004,143.070007,143.505004,62407.0,TTWO.NYSE-4-HOUR-LAST-EXTERNAL
2022-01-11 19:55:00,148.492492,148.770004,148.460006,148.649993,50551.0,TTWO.NYSE-4-HOUR-LAST-EXTERNAL
2022-01-11 21:00:00,148.419998,148.419998,148.419998,148.419998,213758.0,TTWO.NYSE-4-HOUR-LAST-EXTERNAL
2022-01-12 15:55:00,153.669998,154.179992,153.530395,154.100006,40757.0,TTWO.NYSE-4-HOUR-LAST-EXTERNAL
2022-01-12 19:55:00,156.0,156.369995,155.990005,156.190002,12342.0,TTWO.NYSE-4-HOUR-LAST-EXTERNAL
2022-01-12 21:00:00,156.059997,156.059997,156.059997,156.059997,220100.0,TTWO.NYSE-4-HOUR-LAST-EXTERNAL
2022-01-13 15:55:00,154.61,155.339996,154.61,154.960006,23509.0,TTWO.NYSE-4-HOUR-LAST-EXTERNAL
2022-01-13 19:55:00,155.559997,155.690002,155.520004,155.645004,15673.0,TTWO.NYSE-4-HOUR-LAST-EXTERNAL
2022-01-13 21:00:00,154.830001,154.830001,154.830001,154.830001,200896.0,TTWO.NYSE-4-HOUR-LAST-EXTERNAL
2022-01-14 15:55:00,150.929992,151.199996,150.25,150.300003,22754.0,TTWO.NYSE-4-HOUR-LAST-EXTERNAL
2022-01-14 19:55:00,152.369995,152.559997,152.134994,152.160003,31142.0,TTWO.NYSE-4-HOUR-LAST-EXTERNAL
2022-01-14 21:00:00,152.580001,152.580001,152.580001,152.580001,212459.0,TTWO.NYSE-4-HOUR-LAST-EXTERNAL
2022-01-18 15:55:00,160.100006,160.279998,158.927902,159.218994,52119.0,TTWO.NYSE-4-HOUR-LAST-EXTERNAL
2022-01-18 19:55:00,155.440002,155.520004,154.910003,154.910003,28684.0,TTWO.NYSE-4-HOUR-LAST-EXTERNAL
2022-01-18 21:00:00,154.039993,154.039993,154.039993,154.039993,327216.0,TTWO.NYSE-4-HOUR-LAST-EXTERNAL
2022-01-19 15:55:00,163.630004,164.459899,163.559997,163.949996,89551.0,TTWO.NYSE-4-HOUR-LAST-EXTERNAL
2022-01-19 19:55:00,165.61,165.919998,165.300003,165.440002,27045.0,TTWO.NYSE-4-HOUR-LAST-EXTERNAL
2022-01-19 21:00:00,163.36,163.36,163.36,163.36,232973.0,TTWO.NYSE-4-HOUR-LAST-EXTERNAL
2022-01-20 15:55:00,167.550003,167.869995,167.190704,167.429992,13674.0,TTWO.NYSE-4-HOUR-LAST-EXTERNAL
2022-01-20 19:55:00,165.779998,165.86,165.452499,165.452499,10790.0,TTWO.NYSE-4-HOUR-LAST-EXTERNAL
2022-01-20 20:55:00,164.25,164.580001,163.949996,164.460006,146346.0,TTWO.NYSE-4-HOUR-LAST-EXTERNAL
2022-01-21 15:55:00,166.389999,166.429992,166.029998,166.240005,14382.0,TTWO.NYSE-4-HOUR-LAST-EXTERNAL
2022-01-21 19:55:00,166.0,166.339996,165.779998,165.899993,47587.0,TTWO.NYSE-4-HOUR-LAST-EXTERNAL
2022-01-21 20:55:00,164.619995,165.169998,164.61,164.740005,175509.0,TTWO.NYSE-4-HOUR-LAST-EXTERNAL
2022-01-24 15:55:00,159.630004,159.630004,158.949996,158.949996,21022.0,TTWO.NYSE-4-HOUR-LAST-EXTERNAL
2022-01-24 19:55:00,162.570007,162.949996,162.039993,162.949996,17917.0,TTWO.NYSE-4-HOUR-LAST-EXTERNAL
2022-01-24 21:00:00,164.990005,164.990005,164.990005,164.990005,157766.0,TTWO.NYSE-4-HOUR-LAST-EXTERNAL
2022-01-25 15:55:00,161.060195,161.240005,160.380004,160.619995,28933.0,TTWO.NYSE-4-HOUR-LAST-EXTERNAL
2022-01-25 19:55:00,161.190002,161.61,161.175003,161.529998,25711.0,TTWO.NYSE-4-HOUR-LAST-EXTERNAL
2022-01-25 21:00:00,158.389999,158.389999,158.389999,158.389999,95829.0,TTWO.NYSE-4-HOUR-LAST-EXTERNAL
2022-01-26 15:55:00,158.261596,159.300003,158.179992,158.740005,13369.0,TTWO.NYSE-4-HOUR-LAST-EXTERNAL
2022-01-26 19:55:00,157.625,158.279998,157.559997,158.009994,125525.0,TTWO.NYSE-4-HOUR-LAST-EXTERNAL
2022-01-26 20:55:00,158.160003,158.330001,157.520004,158.029998,223721.0,TTWO.NYSE-4-HOUR-LAST-EXTERNAL
2022-01-27 15:55:00,156.619995,157.559997,156.619995,157.343307,29334.0,TTWO.NYSE-4-HOUR-LAST-EXTERNAL
2022-01-27 19:55:00,156.779998,157.130004,156.720001,156.889999,9865.0,TTWO.NYSE-4-HOUR-LAST-EXTERNAL
2022-01-27 21:00:00,157.25,157.25,157.25,157.25,129159.0,TTWO.NYSE-4-HOUR-LAST-EXTERNAL
2022-01-28 15:55:00,155.960006,155.960006,155.395004,155.414993,26893.0,TTWO.NYSE-4-HOUR-LAST-EXTERNAL
2022-01-28 19:55:00,156.589996,157.320007,156.580001,157.225006,15567.0,TTWO.NYSE-4-HOUR-LAST-EXTERNAL
2022-01-28 21:00:00,158.740005,158.740005,158.740005,158.740005,129206.0,TTWO.NYSE-4-HOUR-LAST-EXTERNAL
2022-01-31 15:55:00,162.119995,162.460006,162.11,162.350006,26137.0,TTWO.NYSE-4-HOUR-LAST-EXTERNAL
2022-01-31 19:55:00,162.059997,162.350006,162.059997,162.244995,15884.0,TTWO.NYSE-4-HOUR-LAST-EXTERNAL
2022-01-31 21:00:00,163.339996,163.339996,163.339996,163.339996,168179.0,TTWO.NYSE-4-HOUR-LAST-EXTERNAL
2022-02-01 15:55:00,158.889999,159.309997,158.820007,159.259994,13189.0,TTWO.NYSE-4-HOUR-LAST-EXTERNAL
2022-02-01 19:55:00,159.220001,159.429992,159.214996,159.25,7834.0,TTWO.NYSE-4-HOUR-LAST-EXTERNAL
2022-02-01 21:00:00,160.25,160.25,160.25,160.25,103405.0,TTWO.NYSE-4-HOUR-LAST-EXTERNAL
2022-02-02 15:55:00,165.566497,165.820007,165.089996,165.279998,19718.0,TTWO.NYSE-4-HOUR-LAST-EXTERNAL
2022-02-02 19:55:00,165.089996,165.214996,164.880004,165.0,7826.0,TTWO.NYSE-4-HOUR-LAST-EXTERNAL
2022-02-02 21:00:00,165.050003,165.050003,165.050003,165.050003,203312.0,TTWO.NYSE-4-HOUR-LAST-EXTERNAL
2022-02-03 15:55:00,165.4066,165.410003,164.529998,164.820007,11656.0,TTWO.NYSE-4-HOUR-LAST-EXTERNAL
2022-02-03 19:55:00,163.309906,163.429992,163.309906,163.384994,4246.0,TTWO.NYSE-4-HOUR-LAST-EXTERNAL
2022-02-03 21:00:00,163.020004,163.020004,163.020004,163.020004,185626.0,TTWO.NYSE-4-HOUR-LAST-EXTERNAL
2022-02-04 15:55:00,170.585006,171.880004,170.524993,171.690002,89626.0,TTWO.NYSE-4-HOUR-LAST-EXTERNAL
2022-02-04 19:55:00,175.035003,175.208999,174.880004,175.089996,31742.0,TTWO.NYSE-4-HOUR-LAST-EXTERNAL
2022-02-04 21:00:00,175.0,175.0,175.0,175.0,375120.0,TTWO.NYSE-4-HOUR-LAST-EXTERNAL
2022-02-07 15:55:00,175.639999,175.869995,175.279998,175.794998,24115.0,TTWO.NYSE-4-HOUR-LAST-EXTERNAL
2022-02-07 19:55:00,175.714996,175.820007,175.36,175.419998,12986.0,TTWO.NYSE-4-HOUR-LAST-EXTERNAL
2022-02-07 21:00:00,175.100006,175.100006,175.100006,175.100006,209093.0,TTWO.NYSE-4-HOUR-LAST-EXTERNAL
2022-02-08 15:55:00,173.289993,174.479995,173.089996,174.149993,52798.0,TTWO.NYSE-4-HOUR-LAST-EXTERNAL
2022-02-08 19:55:00,172.350097,172.5,172.010101,172.095001,21255.0,TTWO.NYSE-4-HOUR-LAST-EXTERNAL
2022-02-08 21:00:00,172.199996,172.199996,172.199996,172.199996,150747.0,TTWO.NYSE-4-HOUR-LAST-EXTERNAL
2022-02-09 15:55:00,170.649993,170.850006,170.589996,170.729995,12878.0,TTWO.NYSE-4-HOUR-LAST-EXTERNAL
2022-02-09 19:55:00,172.080001,172.100006,171.830001,171.839996,14435.0,TTWO.NYSE-4-HOUR-LAST-EXTERNAL
2022-02-09 21:00:00,172.339996,172.339996,172.339996,172.339996,103285.0,TTWO.NYSE-4-HOUR-LAST-EXTERNAL
2022-02-10 15:55:00,176.5,176.600006,176.240005,176.240005,25273.0,TTWO.NYSE-4-HOUR-LAST-EXTERNAL
2022-02-10 19:55:00,173.601898,173.601898,173.350006,173.490005,10253.0,TTWO.NYSE-4-HOUR-LAST-EXTERNAL
2022-02-10 21:00:00,173.149993,173.149993,173.149993,173.149993,85474.0,TTWO.NYSE-4-HOUR-LAST-EXTERNAL
2022-02-11 15:55:00,174.25,174.25,173.75,173.865005,16602.0,TTWO.NYSE-4-HOUR-LAST-EXTERNAL
2022-02-11 19:55:00,172.130004,172.179992,171.960006,172.130004,12923.0,TTWO.NYSE-4-HOUR-LAST-EXTERNAL
2022-02-11 21:00:00,171.479995,171.479995,171.479995,171.479995,110773.0,TTWO.NYSE-4-HOUR-LAST-EXTERNAL
2022-02-14 15:55:00,170.589996,170.789993,170.490005,170.550003,7225.0,TTWO.NYSE-4-HOUR-LAST-EXTERNAL
2022-02-14 19:55:00,167.589996,168.130004,167.589996,167.970001,14501.0,TTWO.NYSE-4-HOUR-LAST-EXTERNAL
2022-02-14 21:00:00,167.070007,167.070007,167.070007,167.070007,77664.0,TTWO.NYSE-4-HOUR-LAST-EXTERNAL
2022-02-15 15:55:00,169.654998,169.779998,169.470001,169.729995,12443.0,TTWO.NYSE-4-HOUR-LAST-EXTERNAL
2022-02-15 19:55:00,170.039993,170.559997,170.039993,170.520004,10411.0,TTWO.NYSE-4-HOUR-LAST-EXTERNAL
2022-02-15 21:00:00,168.929992,168.929992,168.929992,168.929992,175837.0,TTWO.NYSE-4-HOUR-LAST-EXTERNAL
2022-02-16 15:55:00,165.36,165.904998,165.039993,165.904998,13774.0,TTWO.NYSE-4-HOUR-LAST-EXTERNAL
2022-02-16 19:55:00,165.889999,166.414993,165.880004,166.309997,7640.0,TTWO.NYSE-4-HOUR-LAST-EXTERNAL
2022-02-16 21:00:00,166.089996,166.089996,166.089996,166.089996,94940.0,TTWO.NYSE-4-HOUR-LAST-EXTERNAL
2022-02-17 15:55:00,165.179992,165.479995,165.179992,165.479995,7540.0,TTWO.NYSE-4-HOUR-LAST-EXTERNAL
2022-02-17 19:55:00,163.009994,163.020004,162.800003,162.820007,8018.0,TTWO.NYSE-4-HOUR-LAST-EXTERNAL
2022-02-17 21:00:00,162.130004,162.130004,162.130004,162.130004,118194.0,TTWO.NYSE-4-HOUR-LAST-EXTERNAL
2022-02-18 15:55:00,160.979995,160.979995,160.535003,160.759994,20785.0,TTWO.NYSE-4-HOUR-LAST-EXTERNAL
2022-02-18 19:55:00,160.309997,160.619995,160.289993,160.449996,20783.0,TTWO.NYSE-4-HOUR-LAST-EXTERNAL
2022-02-18 21:00:00,158.5,158.5,158.5,158.5,115544.0,TTWO.NYSE-4-HOUR-LAST-EXTERNAL
2022-02-22 15:55:00,158.029998,158.190002,158.0,158.059997,7785.0,TTWO.NYSE-4-HOUR-LAST-EXTERNAL
2022-02-22 19:55:00,158.800003,159.080001,158.774993,158.899993,11688.0,TTWO.NYSE-4-HOUR-LAST-EXTERNAL
2022-02-22 21:00:00,158.279998,158.279998,158.279998,158.279998,77733.0,TTWO.NYSE-4-HOUR-LAST-EXTERNAL
2022-02-23 15:55:00,158.270004,158.539993,158.190002,158.460006,11544.0,TTWO.NYSE-4-HOUR-LAST-EXTERNAL
2022-02-23 19:55:00,158.520004,158.649993,158.399993,158.5,10946.0,TTWO.NYSE-4-HOUR-LAST-EXTERNAL
2022-02-23 21:00:00,157.820007,157.820007,157.820007,157.820007,174246.0,TTWO.NYSE-4-HOUR-LAST-EXTERNAL
2022-02-24 15:55:00,159.688003,159.820007,159.339996,159.660003,11653.0,TTWO.NYSE-4-HOUR-LAST-EXTERNAL
2022-02-24 19:55:00,160.690002,160.740005,160.410003,160.630004,10240.0,TTWO.NYSE-4-HOUR-LAST-EXTERNAL
2022-02-24 21:00:00,163.380004,163.380004,163.380004,163.380004,148557.0,TTWO.NYSE-4-HOUR-LAST-EXTERNAL
2022-02-25 15:55:00,161.889999,162.380004,161.889999,162.139999,9313.0,TTWO.NYSE-4-HOUR-LAST-EXTERNAL
2022-02-25 19:55:00,163.240005,163.509994,163.059997,163.509994,18182.0,TTWO.NYSE-4-HOUR-LAST-EXTERNAL
2022-02-25 21:00:00,165.279998,165.279998,165.279998,165.279998,140026.0,TTWO.NYSE-4-HOUR-LAST-EXTERNAL
2022-02-28 15:55:00,162.470001,162.619995,162.139999,162.139999,13702.0,TTWO.NYSE-4-HOUR-LAST-EXTERNAL
2022-02-28 19:55:00,161.589996,162.089996,161.589996,161.899993,19182.0,TTWO.NYSE-4-HOUR-LAST-EXTERNAL
2022-02-28 21:00:00,162.0,162.0,162.0,162.0,163978.0,TTWO.NYSE-4-HOUR-LAST-EXTERNAL
2022-03-01 15:55:00,160.350006,160.690002,160.350006,160.550003,16827.0,TTWO.NYSE-4-HOUR-LAST-EXTERNAL
2022-03-01 19:55:00,159.880004,159.970001,159.800003,159.889999,11012.0,TTWO.NYSE-4-HOUR-LAST-EXTERNAL
2022-03-01 21:00:00,159.800003,159.800003,159.800003,159.800003,112146.0,TTWO.NYSE-4-HOUR-LAST-EXTERNAL
2022-03-02 15:55:00,160.869995,161.309997,160.725006,161.184997,22353.0,TTWO.NYSE-4-HOUR-LAST-EXTERNAL
2022-03-02 19:55:00,160.490005,160.559997,160.449996,160.490005,7699.0,TTWO.NYSE-4-HOUR-LAST-EXTERNAL
2022-03-02 21:00:00,160.86,160.86,160.86,160.86,160989.0,TTWO.NYSE-4-HOUR-LAST-EXTERNAL
2022-03-03 15:55:00,158.130004,158.184692,157.998992,158.0,22393.0,TTWO.NYSE-4-HOUR-LAST-EXTERNAL
2022-03-03 19:55:00,157.660003,157.740005,157.580001,157.668792,6712.0,TTWO.NYSE-4-HOUR-LAST-EXTERNAL
2022-03-03 21:00:00,158.199996,158.199996,158.199996,158.199996,76411.0,TTWO.NYSE-4-HOUR-LAST-EXTERNAL
2022-03-04 15:55:00,157.929992,157.940002,157.259994,157.779998,41505.0,TTWO.NYSE-4-HOUR-LAST-EXTERNAL
2022-03-04 19:55:00,156.690002,156.960006,156.649993,156.914993,42913.0,TTWO.NYSE-4-HOUR-LAST-EXTERNAL
2022-03-04 21:00:00,158.009994,158.009994,158.009994,158.009994,237175.0,TTWO.NYSE-4-HOUR-LAST-EXTERNAL
2022-03-07 15:55:00,158.160003,158.309997,158.059997,158.259994,7633.0,TTWO.NYSE-4-HOUR-LAST-EXTERNAL
2022-03-07 19:55:00,160.509994,160.660003,160.270004,160.410003,16046.0,TTWO.NYSE-4-HOUR-LAST-EXTERNAL
2022-03-07 21:00:00,158.0,158.0,158.0,158.0,138582.0,TTWO.NYSE-4-HOUR-LAST-EXTERNAL
2022-03-08 15:55:00,155.539993,156.524993,155.479995,156.179992,16247.0,TTWO.NYSE-4-HOUR-LAST-EXTERNAL
2022-03-08 19:55:00,157.5,158.0,157.490005,157.759994,29379.0,TTWO.NYSE-4-HOUR-LAST-EXTERNAL
2022-03-08 21:00:00,156.100006,156.100006,156.100006,156.100006,100217.0,TTWO.NYSE-4-HOUR-LAST-EXTERNAL
2022-03-09 15:55:00,160.070007,160.205001,159.639999,160.020004,13204.0,TTWO.NYSE-4-HOUR-LAST-EXTERNAL
2022-03-09 19:55:00,158.589996,158.720001,158.589996,158.61,4798.0,TTWO.NYSE-4-HOUR-LAST-EXTERNAL
2022-03-09 21:00:00,158.320007,158.320007,158.320007,158.320007,208234.0,TTWO.NYSE-4-HOUR-LAST-EXTERNAL
2022-03-10 15:55:00,155.684997,155.850006,155.509994,155.690002,13701.0,TTWO.NYSE-4-HOUR-LAST-EXTERNAL
2022-03-10 19:55:00,157.25,157.449996,157.229995,157.399993,15872.0,TTWO.NYSE-4-HOUR-LAST-EXTERNAL
2022-03-10 21:00:00,158.289993,158.289993,158.289993,158.289993,129949.0,TTWO.NYSE-4-HOUR-LAST-EXTERNAL
2022-03-11 15:55:00,156.0,156.070007,155.710006,155.710006,11596.0,TTWO.NYSE-4-HOUR-LAST-EXTERNAL
2022-03-11 19:55:00,154.440002,154.529495,154.425003,154.509994,6443.0,TTWO.NYSE-4-HOUR-LAST-EXTERNAL
2022-03-11 21:00:00,153.490005,153.490005,153.490005,153.490005,96636.0,TTWO.NYSE-4-HOUR-LAST-EXTERNAL
2022-03-14 15:55:00,145.160003,145.169998,144.589996,144.690002,59213.0,TTWO.NYSE-4-HOUR-LAST-EXTERNAL
2022-03-14 19:55:00,142.369995,142.490005,141.740005,141.809997,256304.0,TTWO.NYSE-4-HOUR-LAST-EXTERNAL
2022-03-15 15:55:00,139.0,139.449996,139.0,139.449996,37791.0,TTWO.NYSE-4-HOUR-LAST-EXTERNAL
2022-03-15 19:55:00,143.380004,143.380004,142.820007,142.880004,161932.0,TTWO.NYSE-4-HOUR-LAST-EXTERNAL
2022-03-16 15:55:00,144.919998,145.089996,144.845001,144.949996,5288.0,TTWO.NYSE-4-HOUR-LAST-EXTERNAL
2022-03-16 19:55:00,148.509994,148.809997,148.395004,148.800003,94109.0,TTWO.NYSE-4-HOUR-LAST-EXTERNAL
2022-03-17 15:55:00,148.770004,148.880004,148.720001,148.880004,6725.0,TTWO.NYSE-4-HOUR-LAST-EXTERNAL
2022-03-17 19:55:00,149.479995,149.649993,149.320007,149.5,107521.0,TTWO.NYSE-4-HOUR-LAST-EXTERNAL
2022-03-18 15:55:00,152.529998,152.869995,152.529998,152.710006,6608.0,TTWO.NYSE-4-HOUR-LAST-EXTERNAL
2022-03-18 19:55:00,151.050003,151.479995,151.039993,151.369995,172852.0,TTWO.NYSE-4-HOUR-LAST-EXTERNAL
2022-03-21 15:55:00,151.759994,152.085006,151.759994,152.009994,6256.0,TTWO.NYSE-4-HOUR-LAST-EXTERNAL
2022-03-21 19:55:00,150.960006,151.240005,150.839996,151.220001,94155.0,TTWO.NYSE-4-HOUR-LAST-EXTERNAL
2022-03-22 15:55:00,153.600006,153.660003,153.25,153.369995,6129.0,TTWO.NYSE-4-HOUR-LAST-EXTERNAL
2022-03-22 19:55:00,152.660003,152.660003,152.229995,152.279998,130923.0,TTWO.NYSE-4-HOUR-LAST-EXTERNAL
2022-03-23 15:55:00,152.384994,152.384994,152.199996,152.225006,9105.0,TTWO.NYSE-4-HOUR-LAST-EXTERNAL
2022-03-23 19:55:00,149.850006,149.910003,149.330001,149.389999,88736.0,TTWO.NYSE-4-HOUR-LAST-EXTERNAL
2022-03-24 15:55:00,149.820007,149.979995,149.746902,149.970001,6203.0,TTWO.NYSE-4-HOUR-LAST-EXTERNAL
2022-03-24 19:55:00,150.509994,150.649993,150.389999,150.5,104193.0,TTWO.NYSE-4-HOUR-LAST-EXTERNAL
2022-03-25 15:55:00,149.690002,149.770004,149.389999,149.389999,6690.0,TTWO.NYSE-4-HOUR-LAST-EXTERNAL
2022-03-25 19:55:00,154.070007,154.539993,154.070007,154.5,134923.0,TTWO.NYSE-4-HOUR-LAST-EXTERNAL
2022-03-28 15:55:00,155.0,155.020004,154.61,154.830001,11302.0,TTWO.NYSE-4-HOUR-LAST-EXTERNAL
2022-03-28 19:55:00,156.779998,156.910003,156.440002,156.460006,108175.0,TTWO.NYSE-4-HOUR-LAST-EXTERNAL
2022-03-29 15:55:00,158.330001,158.404998,158.208602,158.375,10720.0,TTWO.NYSE-4-HOUR-LAST-EXTERNAL
2022-03-29 19:55:00,158.350006,158.669998,158.190002,158.660003,146961.0,TTWO.NYSE-4-HOUR-LAST-EXTERNAL
2022-03-30 15:55:00,158.550003,158.699996,158.5,158.679992,6207.0,TTWO.NYSE-4-HOUR-LAST-EXTERNAL
2022-03-30 19:55:00,155.929992,156.169998,155.800003,156.070007,106465.0,TTWO.NYSE-4-HOUR-LAST-EXTERNAL
2022-03-31 15:55:00,157.285003,157.285003,157.169998,157.240005,4914.0,TTWO.NYSE-4-HOUR-LAST-EXTERNAL
2022-03-31 19:55:00,153.720001,154.179992,153.660003,153.809997,111558.0,TTWO.NYSE-4-HOUR-LAST-EXTERNAL
2022-04-01 15:55:00,152.880004,153.160003,152.86,153.160003,4266.0,TTWO.NYSE-4-HOUR-LAST-EXTERNAL
2022-04-01 19:55:00,151.869995,152.179992,151.809997,151.839996,85908.0,TTWO.NYSE-4-HOUR-LAST-EXTERNAL
2022-04-04 15:55:00,155.282897,155.300003,155.059997,155.059997,7001.0,TTWO.NYSE-4-HOUR-LAST-EXTERNAL
2022-04-04 19:55:00,154.160003,154.550003,154.11,154.270004,132367.0,TTWO.NYSE-4-HOUR-LAST-EXTERNAL
2022-04-05 15:55:00,153.5,153.5,153.210006,153.36,5654.0,TTWO.NYSE-4-HOUR-LAST-EXTERNAL
2022-04-05 19:55:00,151.679992,151.910003,151.649993,151.850006,85775.0,TTWO.NYSE-4-HOUR-LAST-EXTERNAL
2022-04-06 15:55:00,148.61,148.630004,147.800003,147.800003,25427.0,TTWO.NYSE-4-HOUR-LAST-EXTERNAL
2022-04-06 19:55:00,147.179992,147.240005,146.835006,147.240005,117942.0,TTWO.NYSE-4-HOUR-LAST-EXTERNAL
2022-04-07 15:55:00,143.029998,143.369995,142.945007,143.320007,20954.0,TTWO.NYSE-4-HOUR-LAST-EXTERNAL
2022-04-07 19:55:00,143.520004,143.559997,143.289993,143.479995,85890.0,TTWO.NYSE-4-HOUR-LAST-EXTERNAL
2022-04-08 15:55:00,142.309997,142.309997,142.020004,142.059997,7615.0,TTWO.NYSE-4-HOUR-LAST-EXTERNAL
2022-04-08 19:55:00,141.429992,141.559997,141.029998,141.300003,121941.0,TTWO.NYSE-4-HOUR-LAST-EXTERNAL
2022-04-11 15:55:00,141.0,141.0,140.5,140.559997,7994.0,TTWO.NYSE-4-HOUR-LAST-EXTERNAL
2022-04-11 19:55:00,140.449996,140.61,140.350006,140.61,56550.0,TTWO.NYSE-4-HOUR-LAST-EXTERNAL
2022-04-12 15:55:00,142.039993,142.039993,141.449996,141.5,18011.0,TTWO.NYSE-4-HOUR-LAST-EXTERNAL
2022-04-12 19:55:00,138.160003,138.389999,137.960006,138.389999,114539.0,TTWO.NYSE-4-HOUR-LAST-EXTERNAL
2022-04-13 15:55:00,139.035003,139.259994,138.839996,139.100006,15541.0,TTWO.NYSE-4-HOUR-LAST-EXTERNAL
2022-04-13 19:55:00,138.869995,139.009994,138.804992,138.899993,76640.0,TTWO.NYSE-4-HOUR-LAST-EXTERNAL
2022-04-14 15:55:00,138.619995,138.830001,138.570007,138.660003,19857.0,TTWO.NYSE-4-HOUR-LAST-EXTERNAL
2022-04-14 19:55:00,138.425003,138.429992,137.845001,137.899993,120728.0,TTWO.NYSE-4-HOUR-LAST-EXTERNAL
2022-04-18 15:55:00,134.600006,134.789993,134.5755,134.61,11284.0,TTWO.NYSE-4-HOUR-LAST-EXTERNAL
2022-04-18 19:55:00,135.520004,135.740005,135.429992,135.740005,113798.0,TTWO.NYSE-4-HOUR-LAST-EXTERNAL
2022-04-19 15:55:00,139.970001,139.970001,139.589996,139.779998,19618.0,TTWO.NYSE-4-HOUR-LAST-EXTERNAL
2022-04-19 19:55:00,140.520004,140.550003,140.089996,140.339996,116393.0,TTWO.NYSE-4-HOUR-LAST-EXTERNAL
2022-04-20 15:55:00,139.729995,139.919998,139.729995,139.895004,9909.0,TTWO.NYSE-4-HOUR-LAST-EXTERNAL
2022-04-20 19:55:00,137.429992,137.570007,137.320007,137.330001,83049.0,TTWO.NYSE-4-HOUR-LAST-EXTERNAL
2022-04-21 15:55:00,134.449996,134.449996,133.949996,134.154998,26204.0,TTWO.NYSE-4-HOUR-LAST-EXTERNAL
2022-04-21 19:55:00,131.75,131.850006,131.369995,131.619995,114662.0,TTWO.NYSE-4-HOUR-LAST-EXTERNAL
2022-04-22 15:55:00,133.059997,133.130004,132.380004,132.490005,36663.0,TTWO.NYSE-4-HOUR-LAST-EXTERNAL
2022-04-22 19:55:00,136.320007,136.690002,136.240005,136.399993,336315.0,TTWO.NYSE-4-HOUR-LAST-EXTERNAL
2022-04-25 15:55:00,131.759994,131.789993,131.539993,131.600006,9696.0,TTWO.NYSE-4-HOUR-LAST-EXTERNAL
2022-04-25 19:55:00,132.869995,133.0,132.759994,132.919998,138632.0,TTWO.NYSE-4-HOUR-LAST-EXTERNAL
2022-04-26 15:55:00,126.699996,126.769996,126.495002,126.569999,35253.0,TTWO.NYSE-4-HOUR-LAST-EXTERNAL
2022-04-26 19:55:00,125.11,125.440002,124.879997,125.010002,265205.0,TTWO.NYSE-4-HOUR-LAST-EXTERNAL
2022-04-27 15:55:00,121.910003,122.650001,121.855003,122.650001,17592.0,TTWO.NYSE-4-HOUR-LAST-EXTERNAL
2022-04-27 19:55:00,121.68,121.849998,121.510002,121.599998,325221.0,TTWO.NYSE-4-HOUR-LAST-EXTERNAL
2022-04-28 15:55:00,121.949996,121.988998,121.690002,121.779998,9434.0,TTWO.NYSE-4-HOUR-LAST-EXTERNAL
2022-04-28 19:55:00,123.0,123.230003,122.889999,123.230003,137174.0,TTWO.NYSE-4-HOUR-LAST-EXTERNAL
2022-04-29 15:55:00,122.279197,122.36,121.989997,121.989997,7026.0,TTWO.NYSE-4-HOUR-LAST-EXTERNAL
2022-04-29 19:55:00,119.339996,119.559997,119.120002,119.480003,141491.0,TTWO.NYSE-4-HOUR-LAST-EXTERNAL
2022-05-02 15:55:00,120.733497,120.930999,120.650001,120.870002,7959.0,TTWO.NYSE-4-HOUR-LAST-EXTERNAL
2022-05-02 19:55:00,121.629997,121.989997,121.629997,121.940002,115983.0,TTWO.NYSE-4-HOUR-LAST-EXTERNAL
2022-05-03 15:55:00,122.419998,122.495002,122.279998,122.279998,8085.0,TTWO.NYSE-4-HOUR-LAST-EXTERNAL
2022-05-03 19:55:00,121.510002,121.650001,121.29,121.349998,147018.0,TTWO.NYSE-4-HOUR-LAST-EXTERNAL
2022-05-04 15:55:00,121.370002,121.370002,121.089996,121.2173,16304.0,TTWO.NYSE-4-HOUR-LAST-EXTERNAL
2022-05-04 19:55:00,124.535003,124.959999,124.410003,124.79,124713.0,TTWO.NYSE-4-HOUR-LAST-EXTERNAL
2022-05-05 15:55:00,119.900001,119.900001,119.5513,119.650001,5486.0,TTWO.NYSE-4-HOUR-LAST-EXTERNAL
2022-05-05 19:55:00,120.120002,120.300003,119.919998,120.300003,113771.0,TTWO.NYSE-4-HOUR-LAST-EXTERNAL
2022-05-06 15:55:00,116.18,116.349998,116.0,116.099998,20227.0,TTWO.NYSE-4-HOUR-LAST-EXTERNAL
2022-05-06 19:55:00,114.400001,114.43,114.209999,114.339996,163582.0,TTWO.NYSE-4-HOUR-LAST-EXTERNAL
2022-05-09 15:55:00,107.035003,107.910003,106.910003,107.889999,35778.0,TTWO.NYSE-4-HOUR-LAST-EXTERNAL
2022-05-09 19:55:00,105.330001,106.260002,105.319999,106.18,339097.0,TTWO.NYSE-4-HOUR-LAST-EXTERNAL
2022-05-10 15:55:00,104.050003,104.135002,103.370002,103.970001,26523.0,TTWO.NYSE-4-HOUR-LAST-EXTERNAL
2022-05-10 19:55:00,103.510002,103.779998,103.349998,103.589996,238811.0,TTWO.NYSE-4-HOUR-LAST-EXTERNAL
2022-05-11 15:55:00,108.18,108.300003,108.04,108.209999,31264.0,TTWO.NYSE-4-HOUR-LAST-EXTERNAL
2022-05-11 19:55:00,105.214996,105.459999,105.150001,105.269996,207352.0,TTWO.NYSE-4-HOUR-LAST-EXTERNAL
2022-05-12 15:55:00,106.599998,106.760002,106.489997,106.730003,16514.0,TTWO.NYSE-4-HOUR-LAST-EXTERNAL
2022-05-12 19:55:00,105.949996,106.239997,105.79,106.239997,131353.0,TTWO.NYSE-4-HOUR-LAST-EXTERNAL
2022-05-13 15:55:00,110.379997,110.440002,110.230003,110.440002,17837.0,TTWO.NYSE-4-HOUR-LAST-EXTERNAL
2022-05-13 19:55:00,110.349998,110.349998,109.75,109.93,272468.0,TTWO.NYSE-4-HOUR-LAST-EXTERNAL
2022-05-16 15:55:00,109.529998,109.580001,109.330001,109.375,19256.0,TTWO.NYSE-4-HOUR-LAST-EXTERNAL
2022-05-16 19:55:00,109.839996,110.309997,109.75,110.230003,371713.0,TTWO.NYSE-4-HOUR-LAST-EXTERNAL
2022-05-17 15:55:00,121.059997,121.660003,120.839996,121.61,54435.0,TTWO.NYSE-4-HOUR-LAST-EXTERNAL
2022-05-17 19:55:00,123.059997,123.29,122.720001,123.11,324879.0,TTWO.NYSE-4-HOUR-LAST-EXTERNAL
2022-05-18 15:55:00,122.809997,122.855003,122.379997,122.620002,23709.0,TTWO.NYSE-4-HOUR-LAST-EXTERNAL
2022-05-18 19:55:00,122.940002,123.129997,122.809997,123.04,402036.0,TTWO.NYSE-4-HOUR-LAST-EXTERNAL
2022-05-19 15:55:00,125.669998,126.069999,125.559997,126.069999,32167.0,TTWO.NYSE-4-HOUR-LAST-EXTERNAL
2022-05-19 19:55:00,120.019996,120.129997,119.669998,119.730003,363087.0,TTWO.NYSE-4-HOUR-LAST-EXTERNAL
2022-05-20 15:55:00,119.190002,119.230003,118.949996,119.025001,43183.0,TTWO.NYSE-4-HOUR-LAST-EXTERNAL
2022-05-20 19:55:00,116.470001,116.559997,114.919998,116.0,1697255.0,TTWO.NYSE-4-HOUR-LAST-EXTERNAL
2022-05-23 15:55:00,121.779998,122.0,121.75,121.79,14982.0,TTWO.NYSE-4-HOUR-LAST-EXTERNAL
2022-05-23 19:55:00,123.489997,123.709999,123.309997,123.644996,350839.0,TTWO.NYSE-4-HOUR-LAST-EXTERNAL
2022-05-24 15:55:00,124.614997,124.614997,124.099998,124.29,80767.0,TTWO.NYSE-4-HOUR-LAST-EXTERNAL
2022-05-24 19:55:00,122.589996,122.720001,122.470001,122.620002,227328.0,TTWO.NYSE-4-HOUR-LAST-EXTERNAL
2022-05-25 15:55:00,120.819999,121.129997,120.819999,120.959999,15214.0,TTWO.NYSE-4-HOUR-LAST-EXTERNAL
2022-05-25 19:55:00,122.11,122.184997,121.910003,122.069999,154592.0,TTWO.NYSE-4-HOUR-LAST-EXTERNAL
2022-05-26 15:55:00,121.850502,122.139999,121.830001,121.959999,23425.0,TTWO.NYSE-4-HOUR-LAST-EXTERNAL
2022-05-26 19:55:00,123.400001,123.449996,123.065002,123.309997,189531.0,TTWO.NYSE-4-HOUR-LAST-EXTERNAL
2022-05-27 15:55:00,127.300003,127.480003,126.970001,126.970001,25497.0,TTWO.NYSE-4-HOUR-LAST-EXTERNAL
2022-05-27 19:55:00,125.739997,126.0,125.720001,125.760002,180298.0,TTWO.NYSE-4-HOUR-LAST-EXTERNAL
2022-05-31 15:55:00,126.160003,126.169998,125.849998,125.855003,13267.0,TTWO.NYSE-4-HOUR-LAST-EXTERNAL
2022-05-31 19:55:00,124.620002,124.684997,124.440002,124.550003,164357.0,TTWO.NYSE-4-HOUR-LAST-EXTERNAL
2022-06-01 15:55:00,123.879997,124.019996,123.529998,123.724998,14059.0,TTWO.NYSE-4-HOUR-LAST-EXTERNAL
2022-06-01 19:55:00,125.0625,125.139999,124.589996,124.614997,136149.0,TTWO.NYSE-4-HOUR-LAST-EXTERNAL
2022-06-02 15:55:00,126.970001,127.010002,126.819999,126.959999,12437.0,TTWO.NYSE-4-HOUR-LAST-EXTERNAL
2022-06-02 19:55:00,128.669998,129.070007,128.619995,129.050003,201787.0,TTWO.NYSE-4-HOUR-LAST-EXTERNAL
2022-06-03 15:55:00,127.459999,127.93,127.459999,127.849998,7988.0,TTWO.NYSE-4-HOUR-LAST-EXTERNAL
2022-06-03 19:55:00,127.050003,127.120002,126.819999,126.980003,109562.0,TTWO.NYSE-4-HOUR-LAST-EXTERNAL
2022-06-06 15:55:00,127.529998,127.741996,127.529998,127.620002,9512.0,TTWO.NYSE-4-HOUR-LAST-EXTERNAL
2022-06-06 19:55:00,126.940002,127.080001,126.769996,127.019996,178618.0,TTWO.NYSE-4-HOUR-LAST-EXTERNAL
2022-06-07 15:55:00,132.11,132.160003,132.029998,132.095001,16157.0,TTWO.NYSE-4-HOUR-LAST-EXTERNAL
2022-06-07 19:55:00,131.679992,131.759994,131.529998,131.649993,121863.0,TTWO.NYSE-4-HOUR-LAST-EXTERNAL
2022-06-08 15:55:00,131.600006,131.740005,131.470001,131.479995,6564.0,TTWO.NYSE-4-HOUR-LAST-EXTERNAL
2022-06-08 19:55:00,131.460006,131.619995,131.350006,131.419998,94333.0,TTWO.NYSE-4-HOUR-LAST-EXTERNAL
2022-06-09 15:55:00,132.0,132.160003,131.669998,131.690002,21684.0,TTWO.NYSE-4-HOUR-LAST-EXTERNAL
2022-06-09 19:55:00,129.630004,129.649993,129.169998,129.220001,120853.0,TTWO.NYSE-4-HOUR-LAST-EXTERNAL
2022-06-10 15:55:00,127.550003,128.089996,127.449996,127.900001,21169.0,TTWO.NYSE-4-HOUR-LAST-EXTERNAL
2022-06-10 19:55:00,128.550003,128.565002,127.959999,127.959999,137392.0,TTWO.NYSE-4-HOUR-LAST-EXTERNAL
2022-06-13 15:55:00,124.834999,125.129997,124.693702,125.089996,32764.0,TTWO.NYSE-4-HOUR-LAST-EXTERNAL
2022-06-13 19:55:00,123.510002,123.510002,122.959999,123.190002,170168.0,TTWO.NYSE-4-HOUR-LAST-EXTERNAL
2022-06-14 15:55:00,121.910003,122.0,121.580001,121.668197,17078.0,TTWO.NYSE-4-HOUR-LAST-EXTERNAL
2022-06-14 19:55:00,121.650001,121.720001,121.36,121.370002,143071.0,TTWO.NYSE-4-HOUR-LAST-EXTERNAL
2022-06-15 15:55:00,124.639999,125.010002,124.614997,124.949996,6566.0,TTWO.NYSE-4-HOUR-LAST-EXTERNAL
2022-06-15 19:55:00,126.160003,126.269996,125.985,126.160003,99422.0,TTWO.NYSE-4-HOUR-LAST-EXTERNAL
2022-06-16 15:55:00,122.919998,123.050003,122.739997,123.029998,8799.0,TTWO.NYSE-4-HOUR-LAST-EXTERNAL
2022-06-16 19:55:00,124.779998,124.940002,124.669998,124.86,157179.0,TTWO.NYSE-4-HOUR-LAST-EXTERNAL
2022-06-17 15:55:00,124.849998,125.279998,124.819999,125.225601,8155.0,TTWO.NYSE-4-HOUR-LAST-EXTERNAL
2022-06-17 19:55:00,125.650001,126.069999,125.639999,125.779998,228739.0,TTWO.NYSE-4-HOUR-LAST-EXTERNAL
2022-06-21 15:55:00,127.510002,127.720001,127.444999,127.632499,14491.0,TTWO.NYSE-4-HOUR-LAST-EXTERNAL
2022-06-21 19:55:00,128.809997,128.830001,128.539993,128.830001,165079.0,TTWO.NYSE-4-HOUR-LAST-EXTERNAL
2022-06-22 15:55:00,128.789993,128.839996,128.304992,128.410003,8993.0,TTWO.NYSE-4-HOUR-LAST-EXTERNAL
2022-06-22 19:55:00,129.089996,129.11,128.550003,128.570007,130606.0,TTWO.NYSE-4-HOUR-LAST-EXTERNAL
2022-06-23 15:55:00,130.570007,130.75,130.479995,130.5,11829.0,TTWO.NYSE-4-HOUR-LAST-EXTERNAL
2022-06-23 19:55:00,130.354995,130.36,130.020004,130.029998,132809.0,TTWO.NYSE-4-HOUR-LAST-EXTERNAL
2022-06-24 15:55:00,132.449996,132.669998,132.289993,132.669998,9420.0,TTWO.NYSE-4-HOUR-LAST-EXTERNAL
2022-06-24 19:55:00,133.919998,133.919998,133.520004,133.619995,229627.0,TTWO.NYSE-4-HOUR-LAST-EXTERNAL
2022-06-27 15:55:00,130.630004,130.630004,130.339996,130.520004,10177.0,TTWO.NYSE-4-HOUR-LAST-EXTERNAL
2022-06-27 19:55:00,128.580001,129.350006,128.580001,129.169998,210024.0,TTWO.NYSE-4-HOUR-LAST-EXTERNAL
2022-06-28 15:55:00,127.150001,127.269996,126.980003,127.269996,9471.0,TTWO.NYSE-4-HOUR-LAST-EXTERNAL
2022-06-28 19:55:00,126.470001,126.470001,126.050003,126.18,109381.0,TTWO.NYSE-4-HOUR-LAST-EXTERNAL
2022-06-29 15:55:00,124.18,124.222,124.069999,124.194999,6173.0,TTWO.NYSE-4-HOUR-LAST-EXTERNAL
2022-06-29 19:55:00,125.069999,125.580001,125.069999,125.54,162079.0,TTWO.NYSE-4-HOUR-LAST-EXTERNAL
2022-06-30 15:55:00,123.708,124.260002,123.613998,124.220001,16766.0,TTWO.NYSE-4-HOUR-LAST-EXTERNAL
2022-06-30 19:55:00,122.36,122.569999,122.239997,122.519996,145374.0,TTWO.NYSE-4-HOUR-LAST-EXTERNAL
2022-07-01 15:55:00,122.889999,123.059997,122.889999,123.059997,12296.0,TTWO.NYSE-4-HOUR-LAST-EXTERNAL
2022-07-01 19:55:00,124.569999,124.970001,124.54,124.839996,81768.0,TTWO.NYSE-4-HOUR-LAST-EXTERNAL
2022-07-05 15:55:00,126.5,126.54,126.29,126.300003,11559.0,TTWO.NYSE-4-HOUR-LAST-EXTERNAL
2022-07-05 19:55:00,127.019996,127.129997,126.900001,127.010002,105882.0,TTWO.NYSE-4-HOUR-LAST-EXTERNAL
2022-07-06 15:55:00,125.779998,126.04,125.722503,126.04,6468.0,TTWO.NYSE-4-HOUR-LAST-EXTERNAL
2022-07-06 19:55:00,125.419998,125.669998,125.410003,125.614997,78482.0,TTWO.NYSE-4-HOUR-LAST-EXTERNAL
2022-07-07 15:55:00,126.675003,126.709999,126.379997,126.555,9418.0,TTWO.NYSE-4-HOUR-LAST-EXTERNAL
2022-07-07 19:55:00,126.75,126.900001,126.720001,126.819999,111374.0,TTWO.NYSE-4-HOUR-LAST-EXTERNAL
2022-07-08 15:55:00,125.349998,125.569999,125.349998,125.5,12103.0,TTWO.NYSE-4-HOUR-LAST-EXTERNAL
2022-07-08 19:55:00,124.93,125.069999,124.839996,124.93,130094.0,TTWO.NYSE-4-HOUR-LAST-EXTERNAL
2022-07-11 15:55:00,123.709999,123.730003,123.510002,123.510002,8813.0,TTWO.NYSE-4-HOUR-LAST-EXTERNAL
2022-07-11 19:55:00,122.809997,122.919998,122.519996,122.720001,118581.0,TTWO.NYSE-4-HOUR-LAST-EXTERNAL
2022-07-12 15:55:00,122.559997,122.758003,122.430999,122.550003,29592.0,TTWO.NYSE-4-HOUR-LAST-EXTERNAL
2022-07-12 19:55:00,121.989997,122.04,121.79,122.0,140409.0,TTWO.NYSE-4-HOUR-LAST-EXTERNAL
2022-07-13 15:55:00,118.86,118.949996,118.805,118.830001,6184.0,TTWO.NYSE-4-HOUR-LAST-EXTERNAL
2022-07-13 19:55:00,121.25,121.43,121.099998,121.120002,109089.0,TTWO.NYSE-4-HOUR-LAST-EXTERNAL
2022-07-14 15:55:00,120.6772,120.779998,120.559997,120.779998,4963.0,TTWO.NYSE-4-HOUR-LAST-EXTERNAL
2022-07-14 19:55:00,122.464996,122.79,122.349998,122.75,172993.0,TTWO.NYSE-4-HOUR-LAST-EXTERNAL
2022-07-15 15:55:00,124.589996,124.68,124.589996,124.589996,3843.0,TTWO.NYSE-4-HOUR-LAST-EXTERNAL
2022-07-15 19:55:00,123.519996,123.849998,123.5,123.849998,113292.0,TTWO.NYSE-4-HOUR-LAST-EXTERNAL
2022-07-18 15:55:00,125.900001,126.04,125.849998,125.989997,4461.0,TTWO.NYSE-4-HOUR-LAST-EXTERNAL
2022-07-18 19:55:00,123.599998,123.720001,123.449996,123.660003,78937.0,TTWO.NYSE-4-HOUR-LAST-EXTERNAL
2022-07-19 15:55:00,126.68,126.855003,126.639999,126.805,18029.0,TTWO.NYSE-4-HOUR-LAST-EXTERNAL
2022-07-19 19:55:00,126.879997,127.105003,126.86,126.959999,127943.0,TTWO.NYSE-4-HOUR-LAST-EXTERNAL
2022-07-20 15:55:00,129.330001,129.339996,129.259994,129.270004,3888.0,TTWO.NYSE-4-HOUR-LAST-EXTERNAL
2022-07-20 19:55:00,129.869995,130.059997,129.809997,130.0,104245.0,TTWO.NYSE-4-HOUR-LAST-EXTERNAL
2022-07-21 15:55:00,131.139999,131.369995,131.139999,131.264999,13166.0,TTWO.NYSE-4-HOUR-LAST-EXTERNAL
2022-07-21 19:55:00,132.199996,132.350006,132.190002,132.259994,102280.0,TTWO.NYSE-4-HOUR-LAST-EXTERNAL
2022-07-22 15:55:00,131.570007,131.570007,131.369995,131.479995,4838.0,TTWO.NYSE-4-HOUR-LAST-EXTERNAL
2022-07-22 19:55:00,130.229995,130.410003,130.205001,130.380004,54377.0,TTWO.NYSE-4-HOUR-LAST-EXTERNAL
2022-07-25 15:55:00,130.380004,130.460006,130.220001,130.460006,4260.0,TTWO.NYSE-4-HOUR-LAST-EXTERNAL
2022-07-25 19:55:00,130.839996,130.869995,130.740005,130.800003,81118.0,TTWO.NYSE-4-HOUR-LAST-EXTERNAL
2022-07-26 15:55:00,131.0,131.0,130.910003,130.910003,40328.0,TTWO.NYSE-4-HOUR-LAST-EXTERNAL
2022-07-26 19:55:00,131.139999,131.210006,130.955001,131.080001,140415.0,TTWO.NYSE-4-HOUR-LAST-EXTERNAL
2022-07-27 15:55:00,130.75,131.179992,130.75,130.854995,13059.0,TTWO.NYSE-4-HOUR-LAST-EXTERNAL
2022-07-27 19:55:00,130.520004,130.669998,130.479995,130.559997,120931.0,TTWO.NYSE-4-HOUR-LAST-EXTERNAL
2022-07-28 15:55:00,131.649993,131.759994,131.429992,131.429992,8592.0,TTWO.NYSE-4-HOUR-LAST-EXTERNAL
2022-07-28 19:55:00,130.25,130.470001,130.139999,130.350006,249262.0,TTWO.NYSE-4-HOUR-LAST-EXTERNAL
2022-07-29 15:55:00,131.550003,131.550003,131.279998,131.375,5493.0,TTWO.NYSE-4-HOUR-LAST-EXTERNAL
2022-07-29 19:55:00,132.669998,132.880004,132.649993,132.729995,142568.0,TTWO.NYSE-4-HOUR-LAST-EXTERNAL
2022-08-01 15:55:00,130.044998,130.320007,130.029998,130.229995,15188.0,TTWO.NYSE-4-HOUR-LAST-EXTERNAL
2022-08-01 19:55:00,127.089996,127.61,127.069999,127.569999,120459.0,TTWO.NYSE-4-HOUR-LAST-EXTERNAL
2022-08-02 15:55:00,127.569999,127.760002,127.569999,127.68,13654.0,TTWO.NYSE-4-HOUR-LAST-EXTERNAL
2022-08-02 19:55:00,126.629997,126.745002,126.580001,126.660003,123925.0,TTWO.NYSE-4-HOUR-LAST-EXTERNAL
2022-08-03 15:55:00,128.830001,129.175003,128.770004,129.175003,11842.0,TTWO.NYSE-4-HOUR-LAST-EXTERNAL
2022-08-03 19:55:00,129.580001,129.880004,129.550003,129.839996,166899.0,TTWO.NYSE-4-HOUR-LAST-EXTERNAL
2022-08-04 15:55:00,128.259994,128.580001,128.220001,128.440002,42393.0,TTWO.NYSE-4-HOUR-LAST-EXTERNAL
2022-08-04 19:55:00,127.440002,127.599998,127.36,127.389999,202172.0,TTWO.NYSE-4-HOUR-LAST-EXTERNAL
2022-08-05 15:55:00,125.589996,125.620002,125.279998,125.375,14875.0,TTWO.NYSE-4-HOUR-LAST-EXTERNAL
2022-08-05 19:55:00,126.919998,127.260002,126.919998,127.160003,222041.0,TTWO.NYSE-4-HOUR-LAST-EXTERNAL
2022-08-08 15:55:00,127.779998,127.910003,127.68,127.690002,13272.0,TTWO.NYSE-4-HOUR-LAST-EXTERNAL
2022-08-08 19:55:00,125.5,125.639999,125.330001,125.5,254787.0,TTWO.NYSE-4-HOUR-LAST-EXTERNAL
2022-08-09 15:55:00,121.93,122.080001,121.879997,121.934997,31660.0,TTWO.NYSE-4-HOUR-LAST-EXTERNAL
2022-08-09 19:55:00,121.080001,121.089996,120.43,120.769996,421343.0,TTWO.NYSE-4-HOUR-LAST-EXTERNAL
2022-08-10 15:55:00,124.413696,124.769996,124.389999,124.639999,27440.0,TTWO.NYSE-4-HOUR-LAST-EXTERNAL
2022-08-10 19:55:00,123.940002,123.970001,123.690002,123.779998,221671.0,TTWO.NYSE-4-HOUR-LAST-EXTERNAL
2022-08-11 15:55:00,121.925003,122.129997,121.690002,121.690002,21138.0,TTWO.NYSE-4-HOUR-LAST-EXTERNAL
2022-08-11 19:55:00,120.769996,120.774002,120.510002,120.709999,186596.0,TTWO.NYSE-4-HOUR-LAST-EXTERNAL
2022-08-12 15:55:00,121.279998,121.330001,121.050003,121.150001,18392.0,TTWO.NYSE-4-HOUR-LAST-EXTERNAL
2022-08-12 19:55:00,122.949996,123.160003,122.910003,123.139999,118787.0,TTWO.NYSE-4-HOUR-LAST-EXTERNAL
2022-08-15 15:55:00,128.425003,128.449996,128.095001,128.294998,44427.0,TTWO.NYSE-4-HOUR-LAST-EXTERNAL
2022-08-15 19:55:00,127.260002,127.379997,127.230003,127.379997,175973.0,TTWO.NYSE-4-HOUR-LAST-EXTERNAL
2022-08-16 15:55:00,133.619995,133.699996,133.479995,133.699996,21582.0,TTWO.NYSE-4-HOUR-LAST-EXTERNAL
2022-08-16 19:55:00,136.895004,137.020004,136.550003,136.570007,226451.0,TTWO.NYSE-4-HOUR-LAST-EXTERNAL
2022-08-17 15:55:00,132.740005,132.779998,132.440002,132.440002,13967.0,TTWO.NYSE-4-HOUR-LAST-EXTERNAL
2022-08-17 19:55:00,132.899993,133.050003,132.809997,133.0,190269.0,TTWO.NYSE-4-HOUR-LAST-EXTERNAL
2022-08-18 15:55:00,131.864196,132.089996,131.864196,131.990005,14522.0,TTWO.NYSE-4-HOUR-LAST-EXTERNAL
2022-08-18 19:55:00,130.389999,130.477493,130.369995,130.470001,134294.0,TTWO.NYSE-4-HOUR-LAST-EXTERNAL
2022-08-19 15:55:00,128.649993,128.679992,128.559997,128.570007,5571.0,TTWO.NYSE-4-HOUR-LAST-EXTERNAL
2022-08-19 19:55:00,127.870002,127.980003,127.699996,127.730003,96474.0,TTWO.NYSE-4-HOUR-LAST-EXTERNAL
2022-08-22 15:55:00,125.419998,125.620002,125.319999,125.592498,11662.0,TTWO.NYSE-4-HOUR-LAST-EXTERNAL
2022-08-22 19:55:00,125.246002,125.389999,125.120002,125.29,112754.0,TTWO.NYSE-4-HOUR-LAST-EXTERNAL
2022-08-23 15:55:00,124.510002,124.625,124.43,124.580001,7543.0,TTWO.NYSE-4-HOUR-LAST-EXTERNAL
2022-08-23 19:55:00,124.324996,124.370002,124.190002,124.370002,98880.0,TTWO.NYSE-4-HOUR-LAST-EXTERNAL
2022-08-24 15:55:00,125.190002,125.239997,125.129997,125.205001,6077.0,TTWO.NYSE-4-HOUR-LAST-EXTERNAL
2022-08-24 19:55:00,123.444999,123.444999,123.160003,123.319999,113541.0,TTWO.NYSE-4-HOUR-LAST-EXTERNAL
2022-08-25 15:55:00,124.449996,124.639999,124.400001,124.629997,5605.0,TTWO.NYSE-4-HOUR-LAST-EXTERNAL
2022-08-25 19:55:00,125.385002,125.480003,125.339996,125.459999,89573.0,TTWO.NYSE-4-HOUR-LAST-EXTERNAL
2022-08-26 15:55:00,128.61,128.625,127.93,127.985,22912.0,TTWO.NYSE-4-HOUR-LAST-EXTERNAL
2022-08-26 19:55:00,127.309997,127.529998,127.29,127.459999,194128.0,TTWO.NYSE-4-HOUR-LAST-EXTERNAL
2022-08-29 15:55:00,124.004997,124.019996,123.730003,123.75,9862.0,TTWO.NYSE-4-HOUR-LAST-EXTERNAL
2022-08-29 19:55:00,123.260002,123.330001,122.849998,122.900001,156899.0,TTWO.NYSE-4-HOUR-LAST-EXTERNAL
2022-08-30 15:55:00,122.940002,122.989997,122.669998,122.705001,15376.0,TTWO.NYSE-4-HOUR-LAST-EXTERNAL
2022-08-30 19:55:00,122.910003,123.25,122.830001,123.080001,104001.0,TTWO.NYSE-4-HOUR-LAST-EXTERNAL
2022-08-31 15:55:00,123.339996,123.470001,123.339996,123.379997,7809.0,TTWO.NYSE-4-HOUR-LAST-EXTERNAL
2022-08-31 19:55:00,123.260002,123.260002,122.389999,122.550003,203011.0,TTWO.NYSE-4-HOUR-LAST-EXTERNAL
2022-09-01 15:55:00,118.415,118.419998,118.239997,118.389999,13271.0,TTWO.NYSE-4-HOUR-LAST-EXTERNAL
2022-09-01 19:55:00,120.434997,120.839996,120.434997,120.699996,159247.0,TTWO.NYSE-4-HOUR-LAST-EXTERNAL
2022-09-02 15:55:00,121.209999,121.260002,120.955001,121.260002,13580.0,TTWO.NYSE-4-HOUR-LAST-EXTERNAL
2022-09-02 19:55:00,118.760002,118.858001,118.419998,118.620002,80266.0,TTWO.NYSE-4-HOUR-LAST-EXTERNAL
2022-09-06 15:55:00,120.379997,120.709999,120.334999,120.378196,27805.0,TTWO.NYSE-4-HOUR-LAST-EXTERNAL
2022-09-06 19:55:00,119.36,119.550003,119.169998,119.529998,112324.0,TTWO.NYSE-4-HOUR-LAST-EXTERNAL
2022-09-07 15:55:00,119.735,119.735,119.459999,119.635002,5280.0,TTWO.NYSE-4-HOUR-LAST-EXTERNAL
2022-09-07 19:55:00,120.599998,120.629997,120.410003,120.550003,75472.0,TTWO.NYSE-4-HOUR-LAST-EXTERNAL
2022-09-08 15:55:00,119.720001,119.720001,119.36,119.36,8349.0,TTWO.NYSE-4-HOUR-LAST-EXTERNAL
2022-09-08 19:55:00,120.36,120.620002,120.36,120.580001,116415.0,TTWO.NYSE-4-HOUR-LAST-EXTERNAL
2022-09-09 15:55:00,126.830001,127.279998,126.830001,127.244903,11570.0,TTWO.NYSE-4-HOUR-LAST-EXTERNAL
2022-09-09 19:55:00,127.669998,127.919998,127.662002,127.769996,162021.0,TTWO.NYSE-4-HOUR-LAST-EXTERNAL
2022-09-12 15:55:00,129.300003,129.36,128.809997,128.839996,11546.0,TTWO.NYSE-4-HOUR-LAST-EXTERNAL
2022-09-12 19:55:00,129.289993,129.570007,129.289993,129.559997,125703.0,TTWO.NYSE-4-HOUR-LAST-EXTERNAL
2022-09-13 15:55:00,128.714996,128.729995,127.845001,128.0,21678.0,TTWO.NYSE-4-HOUR-LAST-EXTERNAL
2022-09-13 19:55:00,127.120002,127.309997,126.919998,127.019996,96631.0,TTWO.NYSE-4-HOUR-LAST-EXTERNAL
2022-09-14 15:55:00,126.830001,126.934997,126.75,126.86,5099.0,TTWO.NYSE-4-HOUR-LAST-EXTERNAL
2022-09-14 19:55:00,128.229995,128.36,128.044998,128.160003,97662.0,TTWO.NYSE-4-HOUR-LAST-EXTERNAL
2022-09-15 15:55:00,128.539993,128.595001,128.410003,128.595001,4188.0,TTWO.NYSE-4-HOUR-LAST-EXTERNAL
2022-09-15 19:55:00,128.699996,128.710006,128.419998,128.419998,119710.0,TTWO.NYSE-4-HOUR-LAST-EXTERNAL
2022-09-16 15:55:00,125.230003,125.300003,124.989997,125.194999,13543.0,TTWO.NYSE-4-HOUR-LAST-EXTERNAL
2022-09-16 19:55:00,124.105003,124.230003,123.970001,124.190002,179427.0,TTWO.NYSE-4-HOUR-LAST-EXTERNAL
2022-09-19 15:55:00,123.379997,123.379997,122.894996,123.099998,16106.0,TTWO.NYSE-4-HOUR-LAST-EXTERNAL
2022-09-19 19:55:00,125.04,125.319999,124.959999,125.190002,230848.0,TTWO.NYSE-4-HOUR-LAST-EXTERNAL
2022-09-20 15:55:00,123.074996,123.18,123.069999,123.099998,6721.0,TTWO.NYSE-4-HOUR-LAST-EXTERNAL
2022-09-20 19:55:00,122.059997,122.065002,121.599998,121.669998,147298.0,TTWO.NYSE-4-HOUR-LAST-EXTERNAL
2022-09-21 15:55:00,119.620002,119.809997,119.580001,119.769996,8495.0,TTWO.NYSE-4-HOUR-LAST-EXTERNAL
2022-09-21 19:55:00,118.319999,118.319999,117.919998,117.949996,116653.0,TTWO.NYSE-4-HOUR-LAST-EXTERNAL
2022-09-22 15:55:00,115.824996,115.870002,115.690002,115.809997,17434.0,TTWO.NYSE-4-HOUR-LAST-EXTERNAL
2022-09-22 19:55:00,115.379997,115.389999,114.720001,114.739997,119104.0,TTWO.NYSE-4-HOUR-LAST-EXTERNAL
2022-09-23 15:55:00,108.300003,108.300003,108.099998,108.199996,15324.0,TTWO.NYSE-4-HOUR-LAST-EXTERNAL
2022-09-23 19:55:00,110.199996,110.410003,110.010002,110.370002,188934.0,TTWO.NYSE-4-HOUR-LAST-EXTERNAL
2022-09-26 15:55:00,107.105003,107.247001,106.949996,106.949996,155445.0,TTWO.NYSE-4-HOUR-LAST-EXTERNAL
2022-09-26 19:55:00,109.875,109.889999,109.5,109.589996,173396.0,TTWO.NYSE-4-HOUR-LAST-EXTERNAL
2022-09-27 15:55:00,109.849998,110.059997,109.830001,109.93,8678.0,TTWO.NYSE-4-HOUR-LAST-EXTERNAL
2022-09-27 19:55:00,109.809997,109.974998,109.79,109.940002,100364.0,TTWO.NYSE-4-HOUR-LAST-EXTERNAL
2022-09-28 15:55:00,112.470001,112.519996,112.300003,112.349998,14873.0,TTWO.NYSE-4-HOUR-LAST-EXTERNAL
2022-09-28 19:55:00,114.519996,114.599998,114.139999,114.190002,155075.0,TTWO.NYSE-4-HOUR-LAST-EXTERNAL
2022-09-29 15:55:00,111.555,111.699996,111.555,111.595001,6137.0,TTWO.NYSE-4-HOUR-LAST-EXTERNAL
2022-09-29 19:55:00,108.644996,108.769996,108.400001,108.639999,214714.0,TTWO.NYSE-4-HOUR-LAST-EXTERNAL
2022-09-30 15:55:00,111.419998,111.644996,111.400001,111.550003,18757.0,TTWO.NYSE-4-HOUR-LAST-EXTERNAL
2022-09-30 19:55:00,109.269996,109.269996,108.889999,109.0,134762.0,TTWO.NYSE-4-HOUR-LAST-EXTERNAL
2022-10-03 15:55:00,112.970001,113.038597,112.712501,112.809402,23818.0,TTWO.NYSE-4-HOUR-LAST-EXTERNAL
2022-10-03 19:55:00,113.404998,113.419998,113.165,113.36,109967.0,TTWO.NYSE-4-HOUR-LAST-EXTERNAL
2022-10-04 15:55:00,116.440002,116.79,116.379997,116.68,8531.0,TTWO.NYSE-4-HOUR-LAST-EXTERNAL
2022-10-04 19:55:00,116.68,116.720001,116.510002,116.589996,132524.0,TTWO.NYSE-4-HOUR-LAST-EXTERNAL
2022-10-05 15:55:00,115.035003,115.059997,114.940002,115.019996,7618.0,TTWO.NYSE-4-HOUR-LAST-EXTERNAL
2022-10-05 19:55:00,117.190002,117.336799,117.144996,117.300003,138446.0,TTWO.NYSE-4-HOUR-LAST-EXTERNAL
2022-10-06 15:55:00,120.535003,120.714996,120.260002,120.345001,23341.0,TTWO.NYSE-4-HOUR-LAST-EXTERNAL
2022-10-06 19:55:00,121.150001,121.529998,121.150001,121.379997,181635.0,TTWO.NYSE-4-HOUR-LAST-EXTERNAL
2022-10-07 15:55:00,120.36,120.629997,120.29,120.315803,34455.0,TTWO.NYSE-4-HOUR-LAST-EXTERNAL
2022-10-07 19:55:00,120.694999,120.845001,120.580001,120.739997,163997.0,TTWO.NYSE-4-HOUR-LAST-EXTERNAL
2022-10-10 15:55:00,119.120002,119.199996,118.959999,119.029998,8960.0,TTWO.NYSE-4-HOUR-LAST-EXTERNAL
2022-10-10 19:55:00,118.135002,118.135002,117.910003,117.949996,91755.0,TTWO.NYSE-4-HOUR-LAST-EXTERNAL
2022-10-11 15:55:00,115.459999,115.544998,115.415,115.415,6527.0,TTWO.NYSE-4-HOUR-LAST-EXTERNAL
2022-10-11 19:55:00,115.069999,115.209999,115.050003,115.050003,108784.0,TTWO.NYSE-4-HOUR-LAST-EXTERNAL
2022-10-12 15:55:00,118.199996,118.199996,118.044998,118.150001,7426.0,TTWO.NYSE-4-HOUR-LAST-EXTERNAL
2022-10-12 19:55:00,116.699996,116.769996,116.529998,116.54,123427.0,TTWO.NYSE-4-HOUR-LAST-EXTERNAL
2022-10-13 15:55:00,117.400001,117.550003,117.069999,117.169998,30321.0,TTWO.NYSE-4-HOUR-LAST-EXTERNAL
2022-10-13 19:55:00,119.175003,119.239997,118.779998,118.809997,147764.0,TTWO.NYSE-4-HOUR-LAST-EXTERNAL
2022-10-14 15:55:00,118.614997,118.769996,118.54,118.54,10983.0,TTWO.NYSE-4-HOUR-LAST-EXTERNAL
2022-10-14 19:55:00,118.069999,118.080001,117.690002,117.839996,151002.0,TTWO.NYSE-4-HOUR-LAST-EXTERNAL
2022-10-17 15:55:00,119.379997,119.379997,119.089996,119.129997,12525.0,TTWO.NYSE-4-HOUR-LAST-EXTERNAL
2022-10-17 19:55:00,117.900001,117.93,117.699996,117.910003,105764.0,TTWO.NYSE-4-HOUR-LAST-EXTERNAL
2022-10-18 15:55:00,120.099998,120.338996,119.940002,120.338996,4242.0,TTWO.NYSE-4-HOUR-LAST-EXTERNAL
2022-10-18 19:55:00,121.059997,121.36,120.940002,121.29,74929.0,TTWO.NYSE-4-HOUR-LAST-EXTERNAL
2022-10-19 15:55:00,121.364997,121.449996,121.25,121.319999,6376.0,TTWO.NYSE-4-HOUR-LAST-EXTERNAL
2022-10-19 19:55:00,122.230003,122.629997,122.199996,122.559997,139381.0,TTWO.NYSE-4-HOUR-LAST-EXTERNAL
2022-10-20 15:55:00,126.699996,126.769996,126.340499,126.425003,19879.0,TTWO.NYSE-4-HOUR-LAST-EXTERNAL
2022-10-20 19:55:00,124.220001,124.269996,123.849998,123.910003,71302.0,TTWO.NYSE-4-HOUR-LAST-EXTERNAL
2022-10-21 15:55:00,124.199996,124.389999,124.050003,124.328598,8707.0,TTWO.NYSE-4-HOUR-LAST-EXTERNAL
2022-10-21 19:55:00,125.639999,125.694999,125.470001,125.529998,89771.0,TTWO.NYSE-4-HOUR-LAST-EXTERNAL
2022-10-24 15:55:00,123.794998,124.084999,123.794998,123.989997,10908.0,TTWO.NYSE-4-HOUR-LAST-EXTERNAL
2022-10-24 19:55:00,122.919998,123.163597,122.910003,123.120002,120601.0,TTWO.NYSE-4-HOUR-LAST-EXTERNAL
2022-10-25 15:55:00,124.599998,124.650001,124.529998,124.54,6814.0,TTWO.NYSE-4-HOUR-LAST-EXTERNAL
2022-10-25 19:55:00,124.839996,125.11,124.800003,125.029998,113656.0,TTWO.NYSE-4-HOUR-LAST-EXTERNAL
2022-10-26 15:55:00,124.896598,125.410003,124.896598,125.389999,6090.0,TTWO.NYSE-4-HOUR-LAST-EXTERNAL
2022-10-26 19:55:00,123.900001,123.919998,123.519996,123.599998,89855.0,TTWO.NYSE-4-HOUR-LAST-EXTERNAL
2022-10-27 15:55:00,123.415,123.559997,123.069999,123.129997,12101.0,TTWO.NYSE-4-HOUR-LAST-EXTERNAL
2022-10-27 19:55:00,122.559997,122.779998,122.309997,122.769996,153006.0,TTWO.NYSE-4-HOUR-LAST-EXTERNAL
2022-10-28 15:55:00,122.489997,122.589996,122.334999,122.410003,9738.0,TTWO.NYSE-4-HOUR-LAST-EXTERNAL
2022-10-28 19:55:00,123.949996,124.11,123.79,124.029998,131365.0,TTWO.NYSE-4-HOUR-LAST-EXTERNAL
2022-10-31 15:55:00,120.330001,120.389999,119.510002,119.709999,19107.0,TTWO.NYSE-4-HOUR-LAST-EXTERNAL
2022-10-31 19:55:00,118.569999,118.599998,118.419998,118.449996,192463.0,TTWO.NYSE-4-HOUR-LAST-EXTERNAL
2022-11-01 15:55:00,118.985,119.260002,118.985,119.230003,9800.0,TTWO.NYSE-4-HOUR-LAST-EXTERNAL
2022-11-01 19:55:00,116.419998,116.529998,116.300003,116.309997,143810.0,TTWO.NYSE-4-HOUR-LAST-EXTERNAL
2022-11-02 15:55:00,115.720001,115.93,115.680999,115.93,13938.0,TTWO.NYSE-4-HOUR-LAST-EXTERNAL
2022-11-02 19:55:00,113.800003,113.915,113.510002,113.54,194255.0,TTWO.NYSE-4-HOUR-LAST-EXTERNAL
2022-11-03 15:55:00,111.629997,111.697502,111.620002,111.68,10832.0,TTWO.NYSE-4-HOUR-LAST-EXTERNAL
2022-11-03 19:55:00,111.559997,111.564201,111.224998,111.319999,105095.0,TTWO.NYSE-4-HOUR-LAST-EXTERNAL
2022-11-04 15:55:00,108.910003,109.059997,108.639999,108.639999,13785.0,TTWO.NYSE-4-HOUR-LAST-EXTERNAL
2022-11-04 19:55:00,108.980003,109.165,107.75,108.519996,678847.0,TTWO.NYSE-4-HOUR-LAST-EXTERNAL
2022-11-07 15:55:00,107.955001,108.279998,107.819999,108.209999,46466.0,TTWO.NYSE-4-HOUR-LAST-EXTERNAL
2022-11-07 19:55:00,108.86,108.870002,108.709999,108.815002,32576.0,TTWO.NYSE-4-HOUR-LAST-EXTERNAL
2022-11-07 21:00:00,108.400001,108.400001,108.400001,108.400001,356663.0,TTWO.NYSE-4-HOUR-LAST-EXTERNAL
2022-11-08 15:55:00,94.459999,94.635803,94.400001,94.559997,192259.0,TTWO.NYSE-4-HOUR-LAST-EXTERNAL
2022-11-08 19:55:00,93.129997,93.510002,92.580001,92.644996,155140.0,TTWO.NYSE-4-HOUR-LAST-EXTERNAL
2022-11-08 21:00:00,93.569999,93.569999,93.569999,93.569999,511830.0,TTWO.NYSE-4-HOUR-LAST-EXTERNAL
2022-11-09 15:55:00,93.459999,93.459999,92.980003,93.190002,46534.0,TTWO.NYSE-4-HOUR-LAST-EXTERNAL
2022-11-09 19:55:00,94.504997,94.779998,94.504997,94.760002,122595.0,TTWO.NYSE-4-HOUR-LAST-EXTERNAL
2022-11-09 21:00:00,94.089996,94.089996,94.089996,94.089996,208741.0,TTWO.NYSE-4-HOUR-LAST-EXTERNAL
2022-11-10 15:55:00,98.550003,98.605003,98.319999,98.535003,13554.0,TTWO.NYSE-4-HOUR-LAST-EXTERNAL
2022-11-10 19:55:00,97.870002,98.0,97.79,97.870002,25051.0,TTWO.NYSE-4-HOUR-LAST-EXTERNAL
2022-11-10 21:00:00,98.569999,98.569999,98.569999,98.569999,225873.0,TTWO.NYSE-4-HOUR-LAST-EXTERNAL
2022-11-11 15:55:00,101.339996,101.535003,101.199996,101.350502,30554.0,TTWO.NYSE-4-HOUR-LAST-EXTERNAL
2022-11-11 19:55:00,102.834999,103.059997,102.834999,103.04,30477.0,TTWO.NYSE-4-HOUR-LAST-EXTERNAL
2022-11-11 21:00:00,102.25,102.25,102.25,102.25,318299.0,TTWO.NYSE-4-HOUR-LAST-EXTERNAL
2022-11-14 15:55:00,103.055,103.300003,103.029998,103.235,18802.0,TTWO.NYSE-4-HOUR-LAST-EXTERNAL
2022-11-14 19:55:00,100.889999,101.029998,100.849998,100.910003,42955.0,TTWO.NYSE-4-HOUR-LAST-EXTERNAL
2022-11-14 21:00:00,99.879997,99.879997,99.879997,99.879997,296016.0,TTWO.NYSE-4-HOUR-LAST-EXTERNAL
2022-11-15 15:55:00,102.900001,103.089996,102.800003,102.940002,16105.0,TTWO.NYSE-4-HOUR-LAST-EXTERNAL
2022-11-15 19:55:00,100.230003,100.739997,100.214996,100.614997,19465.0,TTWO.NYSE-4-HOUR-LAST-EXTERNAL
2022-11-15 21:00:00,101.029998,101.029998,101.029998,101.029998,198767.0,TTWO.NYSE-4-HOUR-LAST-EXTERNAL
2022-11-16 15:55:00,101.875999,102.089996,101.870002,101.987098,16414.0,TTWO.NYSE-4-HOUR-LAST-EXTERNAL
2022-11-16 19:55:00,101.519996,101.544998,101.419998,101.54,14958.0,TTWO.NYSE-4-HOUR-LAST-EXTERNAL
2022-11-16 21:00:00,100.809997,100.809997,100.809997,100.809997,315411.0,TTWO.NYSE-4-HOUR-LAST-EXTERNAL
2022-11-17 15:55:00,98.760002,98.775001,98.589996,98.589996,9780.0,TTWO.NYSE-4-HOUR-LAST-EXTERNAL
2022-11-17 19:55:00,99.480003,99.504997,99.309997,99.379997,10988.0,TTWO.NYSE-4-HOUR-LAST-EXTERNAL
2022-11-17 21:00:00,99.660003,99.660003,99.660003,99.660003,145488.0,TTWO.NYSE-4-HOUR-LAST-EXTERNAL
2022-11-18 15:55:00,99.569999,99.648399,99.160003,99.264999,18540.0,TTWO.NYSE-4-HOUR-LAST-EXTERNAL
2022-11-18 19:55:00,98.919998,98.970001,98.779998,98.839996,14828.0,TTWO.NYSE-4-HOUR-LAST-EXTERNAL
2022-11-18 21:00:00,98.769996,98.769996,98.769996,98.769996,195591.0,TTWO.NYSE-4-HOUR-LAST-EXTERNAL
2022-11-21 15:55:00,97.699996,97.75,97.5,97.620002,25200.0,TTWO.NYSE-4-HOUR-LAST-EXTERNAL
2022-11-21 19:55:00,97.330001,97.339996,97.120002,97.160003,16550.0,TTWO.NYSE-4-HOUR-LAST-EXTERNAL
2022-11-21 21:00:00,97.43,97.43,97.43,97.43,176093.0,TTWO.NYSE-4-HOUR-LAST-EXTERNAL
2022-11-22 15:55:00,98.779998,98.879997,98.675003,98.86,9999.0,TTWO.NYSE-4-HOUR-LAST-EXTERNAL
2022-11-22 19:55:00,99.559997,99.599998,99.504997,99.580001,8512.0,TTWO.NYSE-4-HOUR-LAST-EXTERNAL
2022-11-22 21:00:00,100.29,100.29,100.29,100.29,110479.0,TTWO.NYSE-4-HOUR-LAST-EXTERNAL
2022-11-23 15:55:00,102.309997,102.309997,102.010002,102.019996,21741.0,TTWO.NYSE-4-HOUR-LAST-EXTERNAL
2022-11-23 19:55:00,102.830001,102.919998,102.830001,102.900001,4354.0,TTWO.NYSE-4-HOUR-LAST-EXTERNAL
2022-11-23 21:00:00,103.150001,103.150001,103.150001,103.150001,156610.0,TTWO.NYSE-4-HOUR-LAST-EXTERNAL
2022-11-25 15:55:00,103.43,103.43,103.050003,103.18,17173.0,TTWO.NYSE-4-HOUR-LAST-EXTERNAL
2022-11-25 18:00:00,102.629997,102.629997,102.400001,102.629997,3612.0,TTWO.NYSE-4-HOUR-LAST-EXTERNAL
2022-11-28 15:55:00,101.86,102.160003,101.849998,102.160003,32325.0,TTWO.NYSE-4-HOUR-LAST-EXTERNAL
2022-11-28 19:55:00,101.245002,101.279998,101.129997,101.150001,13191.0,TTWO.NYSE-4-HOUR-LAST-EXTERNAL
2022-11-28 21:00:00,101.260002,101.260002,101.260002,101.260002,118258.0,TTWO.NYSE-4-HOUR-LAST-EXTERNAL
2022-11-29 15:55:00,101.069999,101.194999,101.019996,101.190002,12738.0,TTWO.NYSE-4-HOUR-LAST-EXTERNAL
2022-11-29 19:55:00,101.245002,101.410003,101.190002,101.410003,12090.0,TTWO.NYSE-4-HOUR-LAST-EXTERNAL
2022-11-29 21:00:00,101.349998,101.349998,101.349998,101.349998,143754.0,TTWO.NYSE-4-HOUR-LAST-EXTERNAL
2022-11-30 15:55:00,101.875,101.985,101.68,101.68,12796.0,TTWO.NYSE-4-HOUR-LAST-EXTERNAL
2022-11-30 19:55:00,104.529998,104.684997,104.440002,104.684997,11144.0,TTWO.NYSE-4-HOUR-LAST-EXTERNAL
2022-11-30 21:00:00,105.690002,105.690002,105.690002,105.690002,201602.0,TTWO.NYSE-4-HOUR-LAST-EXTERNAL
2022-12-01 15:55:00,105.349998,105.870002,105.349998,105.870002,12247.0,TTWO.NYSE-4-HOUR-LAST-EXTERNAL
2022-12-01 19:55:00,105.900001,105.974998,105.754997,105.870002,40899.0,TTWO.NYSE-4-HOUR-LAST-EXTERNAL
2022-12-01 21:00:00,106.400001,106.400001,106.400001,106.400001,119995.0,TTWO.NYSE-4-HOUR-LAST-EXTERNAL
2022-12-02 15:55:00,106.879997,106.894996,106.620002,106.824996,16700.0,TTWO.NYSE-4-HOUR-LAST-EXTERNAL
2022-12-02 19:55:00,108.415,108.635002,108.415,108.519996,19820.0,TTWO.NYSE-4-HOUR-LAST-EXTERNAL
2022-12-02 21:00:00,108.760002,108.760002,108.760002,108.760002,157078.0,TTWO.NYSE-4-HOUR-LAST-EXTERNAL
2022-12-05 15:55:00,109.5,109.800003,109.470001,109.607902,41818.0,TTWO.NYSE-4-HOUR-LAST-EXTERNAL
2022-12-05 19:55:00,106.889999,107.0009,106.870002,106.959999,16843.0,TTWO.NYSE-4-HOUR-LAST-EXTERNAL
2022-12-05 21:00:00,106.980003,106.980003,106.980003,106.980003,152909.0,TTWO.NYSE-4-HOUR-LAST-EXTERNAL
2022-12-06 15:55:00,102.864997,102.919998,102.230003,102.230003,70151.0,TTWO.NYSE-4-HOUR-LAST-EXTERNAL
2022-12-06 19:55:00,102.254997,102.279998,101.934997,101.934997,29444.0,TTWO.NYSE-4-HOUR-LAST-EXTERNAL
2022-12-06 21:00:00,101.269996,101.269996,101.269996,101.269996,150737.0,TTWO.NYSE-4-HOUR-LAST-EXTERNAL
2022-12-07 15:55:00,101.279998,101.379997,101.160003,101.220001,4198.0,TTWO.NYSE-4-HOUR-LAST-EXTERNAL
2022-12-07 19:55:00,99.042999,99.120002,98.989997,99.069999,16090.0,TTWO.NYSE-4-HOUR-LAST-EXTERNAL
2022-12-07 21:00:00,99.489997,99.489997,99.489997,99.489997,127732.0,TTWO.NYSE-4-HOUR-LAST-EXTERNAL
2022-12-08 15:55:00,99.669998,99.875,99.580001,99.809997,7439.0,TTWO.NYSE-4-HOUR-LAST-EXTERNAL
2022-12-08 19:55:00,100.75,100.769996,100.569999,100.639999,17791.0,TTWO.NYSE-4-HOUR-LAST-EXTERNAL
2022-12-08 21:00:00,100.79,100.79,100.79,100.79,99069.0,TTWO.NYSE-4-HOUR-LAST-EXTERNAL
2022-12-09 15:55:00,100.889999,101.169998,100.779998,101.169998,12787.0,TTWO.NYSE-4-HOUR-LAST-EXTERNAL
2022-12-09 19:55:00,102.065002,102.120002,101.86,101.93,20831.0,TTWO.NYSE-4-HOUR-LAST-EXTERNAL
2022-12-09 21:00:00,102.059997,102.059997,102.059997,102.059997,146305.0,TTWO.NYSE-4-HOUR-LAST-EXTERNAL
2022-12-12 15:55:00,100.709999,100.839996,100.660003,100.785003,10994.0,TTWO.NYSE-4-HOUR-LAST-EXTERNAL
2022-12-12 19:55:00,102.220001,102.410003,102.139999,102.199996,21329.0,TTWO.NYSE-4-HOUR-LAST-EXTERNAL
2022-12-12 21:00:00,102.61,102.61,102.61,102.61,193115.0,TTWO.NYSE-4-HOUR-LAST-EXTERNAL
2022-12-13 15:55:00,104.059997,104.400001,103.580001,104.29,15260.0,TTWO.NYSE-4-HOUR-LAST-EXTERNAL
2022-12-13 19:55:00,104.373298,104.470001,104.319999,104.464996,7990.0,TTWO.NYSE-4-HOUR-LAST-EXTERNAL
2022-12-13 21:00:00,104.550003,104.550003,104.550003,104.550003,214255.0,TTWO.NYSE-4-HOUR-LAST-EXTERNAL
2022-12-14 15:55:00,105.959999,106.059997,105.831497,105.980003,16122.0,TTWO.NYSE-4-HOUR-LAST-EXTERNAL
2022-12-14 19:55:00,105.269996,105.364997,104.949996,105.339996,58514.0,TTWO.NYSE-4-HOUR-LAST-EXTERNAL
2022-12-14 21:00:00,104.809997,104.809997,104.809997,104.809997,126678.0,TTWO.NYSE-4-HOUR-LAST-EXTERNAL
2022-12-15 15:55:00,101.474998,101.510002,101.279998,101.455001,14613.0,TTWO.NYSE-4-HOUR-LAST-EXTERNAL
2022-12-15 19:55:00,101.569999,101.769996,101.489997,101.75,17485.0,TTWO.NYSE-4-HOUR-LAST-EXTERNAL
2022-12-15 21:00:00,101.660003,101.660003,101.660003,101.660003,164830.0,TTWO.NYSE-4-HOUR-LAST-EXTERNAL
2022-12-16 15:55:00,100.68,100.86,100.599998,100.819999,15448.0,TTWO.NYSE-4-HOUR-LAST-EXTERNAL
2022-12-16 19:55:00,100.970001,101.309997,100.970001,101.309997,14165.0,TTWO.NYSE-4-HOUR-LAST-EXTERNAL
2022-12-16 21:00:00,100.760002,100.760002,100.760002,100.760002,303523.0,TTWO.NYSE-4-HOUR-LAST-EXTERNAL
2022-12-19 15:55:00,98.985,98.985,98.650001,98.785003,26924.0,TTWO.NYSE-4-HOUR-LAST-EXTERNAL
2022-12-19 19:55:00,98.849998,98.879997,98.510002,98.760002,145991.0,TTWO.NYSE-4-HOUR-LAST-EXTERNAL
2022-12-19 21:00:00,98.589996,98.589996,98.589996,98.589996,208634.0,TTWO.NYSE-4-HOUR-LAST-EXTERNAL
2022-12-20 15:55:00,99.059997,99.059997,98.54,98.61,75349.0,TTWO.NYSE-4-HOUR-LAST-EXTERNAL
2022-12-20 19:55:00,98.084999,98.230003,97.970001,98.230003,21877.0,TTWO.NYSE-4-HOUR-LAST-EXTERNAL
2022-12-20 21:00:00,98.11,98.11,98.11,98.11,193895.0,TTWO.NYSE-4-HOUR-LAST-EXTERNAL
2022-12-21 15:55:00,98.300003,98.36,98.160003,98.305,12249.0,TTWO.NYSE-4-HOUR-LAST-EXTERNAL
2022-12-21 19:55:00,99.199996,99.209999,98.970001,99.034896,12884.0,TTWO.NYSE-4-HOUR-LAST-EXTERNAL
2022-12-21 21:00:00,99.879997,99.879997,99.879997,99.879997,112396.0,TTWO.NYSE-4-HOUR-LAST-EXTERNAL
2022-12-22 15:55:00,98.175003,98.184997,98.089996,98.144996,5040.0,TTWO.NYSE-4-HOUR-LAST-EXTERNAL
2022-12-22 19:55:00,97.949996,98.209999,97.900001,98.169998,25228.0,TTWO.NYSE-4-HOUR-LAST-EXTERNAL
2022-12-22 21:00:00,99.269996,99.269996,99.269996,99.269996,85623.0,TTWO.NYSE-4-HOUR-LAST-EXTERNAL
2022-12-23 15:55:00,99.415,99.419998,99.065002,99.190002,16015.0,TTWO.NYSE-4-HOUR-LAST-EXTERNAL
2022-12-23 19:55:00,99.459999,99.474998,99.457496,99.474998,2101.0,TTWO.NYSE-4-HOUR-LAST-EXTERNAL
2022-12-23 21:00:00,99.830001,99.830001,99.830001,99.830001,73379.0,TTWO.NYSE-4-HOUR-LAST-EXTERNAL
2022-12-27 15:55:00,99.355003,99.355003,99.165,99.29,11216.0,TTWO.NYSE-4-HOUR-LAST-EXTERNAL
2022-12-27 19:55:00,99.11,99.205001,99.069999,99.169998,6480.0,TTWO.NYSE-4-HOUR-LAST-EXTERNAL
2022-12-27 21:00:00,99.379997,99.379997,99.379997,99.379997,92091.0,TTWO.NYSE-4-HOUR-LAST-EXTERNAL
2022-12-28 15:55:00,99.04,99.04,98.839996,98.879997,22884.0,TTWO.NYSE-4-HOUR-LAST-EXTERNAL
2022-12-28 19:55:00,99.143302,99.143302,99.029998,99.069999,4938.0,TTWO.NYSE-4-HOUR-LAST-EXTERNAL
2022-12-28 21:00:00,99.690002,99.690002,99.690002,99.690002,378408.0,TTWO.NYSE-4-HOUR-LAST-EXTERNAL
2022-12-29 15:55:00,101.940002,102.089996,101.919998,102.069999,12116.0,TTWO.NYSE-4-HOUR-LAST-EXTERNAL
2022-12-29 19:55:00,101.410003,101.419998,101.349998,101.389999,7793.0,TTWO.NYSE-4-HOUR-LAST-EXTERNAL
2022-12-29 21:00:00,101.339996,101.339996,101.339996,101.339996,144484.0,TTWO.NYSE-4-HOUR-LAST-EXTERNAL
2022-12-30 15:55:00,102.470001,102.550003,102.410003,102.480003,19514.0,TTWO.NYSE-4-HOUR-LAST-EXTERNAL
2022-12-30 19:55:00,103.080001,103.129997,102.959999,103.019996,20488.0,TTWO.NYSE-4-HOUR-LAST-EXTERNAL
2022-12-30 21:00:00,104.129997,104.129997,104.129997,104.129997,155531.0,TTWO.NYSE-4-HOUR-LAST-EXTERNAL
2023-01-03 15:55:00,103.434997,104.029998,103.43,104.029998,17332.0,TTWO.NYSE-4-HOUR-LAST-EXTERNAL
2023-01-03 19:55:00,102.913597,102.989997,102.769996,102.79,9413.0,TTWO.NYSE-4-HOUR-LAST-EXTERNAL
2023-01-03 21:00:00,103.11,103.11,103.11,103.11,121425.0,TTWO.NYSE-4-HOUR-LAST-EXTERNAL
2023-01-04 15:55:00,106.319999,106.644996,106.29,106.580001,13748.0,TTWO.NYSE-4-HOUR-LAST-EXTERNAL
2023-01-04 19:55:00,106.550003,106.800003,106.510002,106.760002,7645.0,TTWO.NYSE-4-HOUR-LAST-EXTERNAL
2023-01-04 21:00:00,106.769996,106.769996,106.769996,106.769996,102030.0,TTWO.NYSE-4-HOUR-LAST-EXTERNAL
2023-01-05 15:55:00,105.910003,106.04,105.79,105.839996,11613.0,TTWO.NYSE-4-HOUR-LAST-EXTERNAL
2023-01-05 19:55:00,106.449996,106.519996,106.150001,106.169998,12801.0,TTWO.NYSE-4-HOUR-LAST-EXTERNAL
2023-01-05 21:00:00,105.959999,105.959999,105.959999,105.959999,88659.0,TTWO.NYSE-4-HOUR-LAST-EXTERNAL
2023-01-06 15:55:00,104.309997,104.5,104.1529,104.339996,38958.0,TTWO.NYSE-4-HOUR-LAST-EXTERNAL
2023-01-06 19:55:00,104.735,104.870002,104.629997,104.660003,14522.0,TTWO.NYSE-4-HOUR-LAST-EXTERNAL
2023-01-06 21:00:00,104.75,104.75,104.75,104.75,107913.0,TTWO.NYSE-4-HOUR-LAST-EXTERNAL
2023-01-09 15:55:00,106.879997,106.894996,106.589996,106.61,15644.0,TTWO.NYSE-4-HOUR-LAST-EXTERNAL
2023-01-09 19:55:00,106.43,106.43,106.080001,106.105003,25132.0,TTWO.NYSE-4-HOUR-LAST-EXTERNAL
2023-01-09 21:00:00,105.099998,105.099998,105.099998,105.099998,113018.0,TTWO.NYSE-4-HOUR-LAST-EXTERNAL
2023-01-10 15:55:00,105.93,106.25,105.93,106.114997,11038.0,TTWO.NYSE-4-HOUR-LAST-EXTERNAL
2023-01-10 19:55:00,106.449996,106.489997,106.370002,106.489997,6193.0,TTWO.NYSE-4-HOUR-LAST-EXTERNAL
2023-01-10 21:00:00,105.529998,105.529998,105.529998,105.529998,134984.0,TTWO.NYSE-4-HOUR-LAST-EXTERNAL
2023-01-11 15:55:00,106.025001,106.050003,105.880096,105.980003,6686.0,TTWO.NYSE-4-HOUR-LAST-EXTERNAL
2023-01-11 19:55:00,104.870002,105.114997,104.79,105.099998,33721.0,TTWO.NYSE-4-HOUR-LAST-EXTERNAL
2023-01-11 21:00:00,105.260002,105.260002,105.260002,105.260002,133379.0,TTWO.NYSE-4-HOUR-LAST-EXTERNAL
2023-01-12 15:55:00,103.815002,104.089996,103.690002,103.870002,20422.0,TTWO.NYSE-4-HOUR-LAST-EXTERNAL
2023-01-12 19:55:00,104.330001,104.370002,104.209999,104.370002,9341.0,TTWO.NYSE-4-HOUR-LAST-EXTERNAL
2023-01-12 21:00:00,104.29,104.29,104.29,104.29,120431.0,TTWO.NYSE-4-HOUR-LAST-EXTERNAL
2023-01-13 15:55:00,103.464996,103.650001,103.349998,103.415,17382.0,TTWO.NYSE-4-HOUR-LAST-EXTERNAL
2023-01-13 19:55:00,104.690002,104.720001,104.650001,104.650001,8643.0,TTWO.NYSE-4-HOUR-LAST-EXTERNAL
2023-01-13 21:00:00,105.029998,105.029998,105.029998,105.029998,104042.0,TTWO.NYSE-4-HOUR-LAST-EXTERNAL
2023-01-17 15:55:00,104.190002,104.279998,104.069999,104.199996,24706.0,TTWO.NYSE-4-HOUR-LAST-EXTERNAL
2023-01-17 19:55:00,104.769996,104.769996,104.635002,104.660003,12781.0,TTWO.NYSE-4-HOUR-LAST-EXTERNAL
2023-01-17 21:00:00,104.54,104.54,104.54,104.54,136359.0,TTWO.NYSE-4-HOUR-LAST-EXTERNAL
2023-01-18 15:55:00,104.065002,104.419998,104.050003,104.389999,11846.0,TTWO.NYSE-4-HOUR-LAST-EXTERNAL
2023-01-18 19:55:00,103.569999,103.86,103.529998,103.849998,14231.0,TTWO.NYSE-4-HOUR-LAST-EXTERNAL
2023-01-18 21:00:00,103.220001,103.220001,103.220001,103.220001,113136.0,TTWO.NYSE-4-HOUR-LAST-EXTERNAL
2023-01-19 15:55:00,102.434997,102.434997,102.260002,102.269996,15091.0,TTWO.NYSE-4-HOUR-LAST-EXTERNAL
2023-01-19 19:55:00,103.029998,103.29,102.970001,103.019996,27215.0,TTWO.NYSE-4-HOUR-LAST-EXTERNAL
2023-01-19 21:00:00,102.260002,102.260002,102.260002,102.260002,105510.0,TTWO.NYSE-4-HOUR-LAST-EXTERNAL
2023-01-20 15:55:00,105.315002,105.449996,105.305999,105.43,8959.0,TTWO.NYSE-4-HOUR-LAST-EXTERNAL
2023-01-20 19:55:00,106.089996,106.150001,106.044998,106.150001,5765.0,TTWO.NYSE-4-HOUR-LAST-EXTERNAL
2023-01-20 21:00:00,106.589996,106.589996,106.589996,106.589996,144552.0,TTWO.NYSE-4-HOUR-LAST-EXTERNAL
2023-01-23 15:55:00,109.434997,109.580001,109.349998,109.555,21776.0,TTWO.NYSE-4-HOUR-LAST-EXTERNAL
2023-01-23 19:55:00,110.239997,110.269996,110.139999,110.260002,11177.0,TTWO.NYSE-4-HOUR-LAST-EXTERNAL
2023-01-23 21:00:00,110.665,110.665,110.665,110.665,99777.0,TTWO.NYSE-4-HOUR-LAST-EXTERNAL
2023-01-24 15:55:00,110.144996,110.169998,109.910003,109.970001,11036.0,TTWO.NYSE-4-HOUR-LAST-EXTERNAL
2023-01-24 19:55:00,111.449996,111.510002,111.419998,111.503303,9048.0,TTWO.NYSE-4-HOUR-LAST-EXTERNAL
2023-01-24 21:00:00,111.269996,111.269996,111.269996,111.269996,133341.0,TTWO.NYSE-4-HOUR-LAST-EXTERNAL
2023-01-25 15:55:00,109.660003,109.915,109.644996,109.849998,11289.0,TTWO.NYSE-4-HOUR-LAST-EXTERNAL
2023-01-25 19:55:00,110.379997,110.459999,110.319999,110.319999,15399.0,TTWO.NYSE-4-HOUR-LAST-EXTERNAL
2023-01-25 21:00:00,110.699996,110.699996,110.699996,110.699996,269336.0,TTWO.NYSE-4-HOUR-LAST-EXTERNAL
2023-01-26 15:55:00,111.010002,111.080001,110.900001,111.050003,12008.0,TTWO.NYSE-4-HOUR-LAST-EXTERNAL
2023-01-26 19:55:00,111.019996,111.105003,111.019996,111.099998,16742.0,TTWO.NYSE-4-HOUR-LAST-EXTERNAL
2023-01-26 21:00:00,111.889999,111.889999,111.889999,111.889999,102659.0,TTWO.NYSE-4-HOUR-LAST-EXTERNAL
2023-01-27 15:55:00,113.889999,114.220001,113.868301,114.220001,7713.0,TTWO.NYSE-4-HOUR-LAST-EXTERNAL
2023-01-27 19:55:00,114.569999,114.709999,114.5,114.620002,13733.0,TTWO.NYSE-4-HOUR-LAST-EXTERNAL
2023-01-27 21:00:00,114.279998,114.279998,114.279998,114.279998,187386.0,TTWO.NYSE-4-HOUR-LAST-EXTERNAL
2023-01-30 15:55:00,113.525001,113.709999,113.525001,113.690002,11554.0,TTWO.NYSE-4-HOUR-LAST-EXTERNAL
2023-01-30 19:55:00,113.345001,113.519996,113.330001,113.519996,11325.0,TTWO.NYSE-4-HOUR-LAST-EXTERNAL
2023-01-30 21:00:00,112.660003,112.660003,112.660003,112.660003,100585.0,TTWO.NYSE-4-HOUR-LAST-EXTERNAL
2023-01-31 15:55:00,113.220001,113.29,113.150001,113.239997,4933.0,TTWO.NYSE-4-HOUR-LAST-EXTERNAL
2023-01-31 19:55:00,113.349998,113.370002,113.269996,113.269996,19270.0,TTWO.NYSE-4-HOUR-LAST-EXTERNAL
2023-01-31 21:00:00,113.230003,113.230003,113.230003,113.230003,173525.0,TTWO.NYSE-4-HOUR-LAST-EXTERNAL
2023-02-01 15:55:00,109.964996,109.964996,109.301002,109.370002,41823.0,TTWO.NYSE-4-HOUR-LAST-EXTERNAL
2023-02-01 19:55:00,111.885002,111.93,111.449996,111.480003,46085.0,TTWO.NYSE-4-HOUR-LAST-EXTERNAL
2023-02-01 21:00:00,112.25,112.25,112.25,112.25,143378.0,TTWO.NYSE-4-HOUR-LAST-EXTERNAL
2023-02-02 15:55:00,114.169998,114.349998,113.794998,113.849998,48743.0,TTWO.NYSE-4-HOUR-LAST-EXTERNAL
2023-02-02 19:55:00,113.54,113.54,113.245002,113.314903,14751.0,TTWO.NYSE-4-HOUR-LAST-EXTERNAL
2023-02-02 21:00:00,114.720001,114.720001,114.720001,114.720001,208891.0,TTWO.NYSE-4-HOUR-LAST-EXTERNAL
2023-02-03 15:55:00,111.760002,111.839996,111.480003,111.665,16482.0,TTWO.NYSE-4-HOUR-LAST-EXTERNAL
2023-02-03 19:55:00,110.279998,110.319999,109.940002,110.18,42856.0,TTWO.NYSE-4-HOUR-LAST-EXTERNAL
2023-02-03 21:00:00,109.279998,109.279998,109.279998,109.279998,262276.0,TTWO.NYSE-4-HOUR-LAST-EXTERNAL
2023-02-06 15:55:00,105.785003,106.0,105.720001,106.0,26889.0,TTWO.NYSE-4-HOUR-LAST-EXTERNAL
2023-02-06 19:55:00,105.349998,105.464996,105.230003,105.410003,27733.0,TTWO.NYSE-4-HOUR-LAST-EXTERNAL
2023-02-06 21:00:00,105.559997,105.559997,105.559997,105.559997,440669.0,TTWO.NYSE-4-HOUR-LAST-EXTERNAL
2023-02-07 15:55:00,110.978302,111.889999,110.919998,111.79,61368.0,TTWO.NYSE-4-HOUR-LAST-EXTERNAL
2023-02-07 19:55:00,112.285003,112.889999,112.279998,112.830001,42899.0,TTWO.NYSE-4-HOUR-LAST-EXTERNAL
2023-02-07 21:00:00,113.849998,113.849998,113.849998,113.849998,210913.0,TTWO.NYSE-4-HOUR-LAST-EXTERNAL
2023-02-08 15:55:00,112.709999,112.720001,112.519996,112.61,22578.0,TTWO.NYSE-4-HOUR-LAST-EXTERNAL
2023-02-08 19:55:00,111.319999,111.54,111.239997,111.470001,27025.0,TTWO.NYSE-4-HOUR-LAST-EXTERNAL
2023-02-08 21:00:00,110.449996,110.449996,110.449996,110.449996,219989.0,TTWO.NYSE-4-HOUR-LAST-EXTERNAL
2023-02-09 15:55:00,112.669998,112.875,112.510002,112.595001,24801.0,TTWO.NYSE-4-HOUR-LAST-EXTERNAL
2023-02-09 19:55:00,111.285003,111.319999,111.160003,111.160003,13288.0,TTWO.NYSE-4-HOUR-LAST-EXTERNAL
2023-02-09 21:00:00,110.879997,110.879997,110.879997,110.879997,194884.0,TTWO.NYSE-4-HOUR-LAST-EXTERNAL
2023-02-10 15:55:00,109.629997,109.75,109.519996,109.720001,21156.0,TTWO.NYSE-4-HOUR-LAST-EXTERNAL
2023-02-10 19:55:00,110.845001,110.889999,110.800003,110.879997,7918.0,TTWO.NYSE-4-HOUR-LAST-EXTERNAL
2023-02-10 21:00:00,111.099998,111.099998,111.099998,111.099998,167748.0,TTWO.NYSE-4-HOUR-LAST-EXTERNAL
2023-02-13 15:55:00,111.319999,111.480003,111.318,111.385002,37482.0,TTWO.NYSE-4-HOUR-LAST-EXTERNAL
2023-02-13 19:55:00,111.735,111.769996,111.629997,111.75,10701.0,TTWO.NYSE-4-HOUR-LAST-EXTERNAL
2023-02-13 21:00:00,111.379997,111.379997,111.379997,111.379997,159650.0,TTWO.NYSE-4-HOUR-LAST-EXTERNAL
2023-02-14 15:55:00,109.129997,109.349998,109.065002,109.139999,8526.0,TTWO.NYSE-4-HOUR-LAST-EXTERNAL
2023-02-14 19:55:00,111.04,111.18,111.029998,111.136199,8759.0,TTWO.NYSE-4-HOUR-LAST-EXTERNAL
2023-02-14 21:00:00,112.089996,112.089996,112.089996,112.089996,209708.0,TTWO.NYSE-4-HOUR-LAST-EXTERNAL
2023-02-15 15:55:00,113.959999,113.959999,113.68,113.760002,11602.0,TTWO.NYSE-4-HOUR-LAST-EXTERNAL
2023-02-15 19:55:00,115.440002,115.480003,115.29,115.294998,13241.0,TTWO.NYSE-4-HOUR-LAST-EXTERNAL
2023-02-15 21:00:00,115.949996,115.949996,115.949996,115.949996,176567.0,TTWO.NYSE-4-HOUR-LAST-EXTERNAL
2023-02-16 15:55:00,114.339996,114.339996,114.160003,114.205001,6450.0,TTWO.NYSE-4-HOUR-LAST-EXTERNAL
2023-02-16 19:55:00,113.235,113.470001,113.230003,113.379997,19011.0,TTWO.NYSE-4-HOUR-LAST-EXTERNAL
2023-02-16 21:00:00,112.519996,112.519996,112.519996,112.519996,155647.0,TTWO.NYSE-4-HOUR-LAST-EXTERNAL
2023-02-17 15:55:00,111.18,111.510002,111.154998,111.510002,13122.0,TTWO.NYSE-4-HOUR-LAST-EXTERNAL
2023-02-17 19:55:00,112.29,112.334999,112.230003,112.334999,14543.0,TTWO.NYSE-4-HOUR-LAST-EXTERNAL
2023-02-17 21:00:00,112.510002,112.510002,112.510002,112.510002,105075.0,TTWO.NYSE-4-HOUR-LAST-EXTERNAL
2023-02-21 15:55:00,111.675003,111.709999,111.339996,111.379997,18306.0,TTWO.NYSE-4-HOUR-LAST-EXTERNAL
2023-02-21 19:55:00,112.86,112.86,112.669998,112.809997,10687.0,TTWO.NYSE-4-HOUR-LAST-EXTERNAL
2023-02-21 21:00:00,112.019996,112.019996,112.019996,112.019996,183498.0,TTWO.NYSE-4-HOUR-LAST-EXTERNAL
2023-02-22 15:55:00,111.455001,111.635002,111.455001,111.559997,7177.0,TTWO.NYSE-4-HOUR-LAST-EXTERNAL
2023-02-22 19:55:00,111.135002,111.135002,110.889999,110.889999,8526.0,TTWO.NYSE-4-HOUR-LAST-EXTERNAL
2023-02-22 21:00:00,111.239997,111.239997,111.239997,111.239997,164283.0,TTWO.NYSE-4-HOUR-LAST-EXTERNAL
2023-02-23 15:55:00,109.548202,109.819999,109.548202,109.800003,14903.0,TTWO.NYSE-4-HOUR-LAST-EXTERNAL
2023-02-23 19:55:00,110.385002,110.459999,110.370002,110.404998,9080.0,TTWO.NYSE-4-HOUR-LAST-EXTERNAL
2023-02-23 21:00:00,110.370002,110.370002,110.370002,110.370002,109964.0,TTWO.NYSE-4-HOUR-LAST-EXTERNAL
2023-02-24 15:55:00,108.160003,108.720001,108.120002,108.720001,26898.0,TTWO.NYSE-4-HOUR-LAST-EXTERNAL
2023-02-24 19:55:00,109.014999,109.150001,109.014999,109.144996,10568.0,TTWO.NYSE-4-HOUR-LAST-EXTERNAL
2023-02-24 21:00:00,109.300003,109.300003,109.300003,109.300003,120933.0,TTWO.NYSE-4-HOUR-LAST-EXTERNAL
2023-02-27 15:55:00,109.75,109.819999,109.599998,109.819999,6279.0,TTWO.NYSE-4-HOUR-LAST-EXTERNAL
2023-02-27 19:55:00,110.014999,110.099998,110.0,110.019996,9868.0,TTWO.NYSE-4-HOUR-LAST-EXTERNAL
2023-02-27 21:00:00,110.080001,110.080001,110.080001,110.080001,85040.0,TTWO.NYSE-4-HOUR-LAST-EXTERNAL
2023-02-28 15:55:00,109.230796,109.467498,109.230796,109.425003,4453.0,TTWO.NYSE-4-HOUR-LAST-EXTERNAL
2023-02-28 19:55:00,110.209999,110.209999,110.055,110.055,10669.0,TTWO.NYSE-4-HOUR-LAST-EXTERNAL
2023-02-28 21:00:00,109.550003,109.550003,109.550003,109.550003,178029.0,TTWO.NYSE-4-HOUR-LAST-EXTERNAL
2023-03-01 15:55:00,109.209999,109.209999,109.050003,109.150001,10321.0,TTWO.NYSE-4-HOUR-LAST-EXTERNAL
2023-03-01 19:55:00,108.68,108.769996,108.660003,108.720001,5018.0,TTWO.NYSE-4-HOUR-LAST-EXTERNAL
2023-03-01 21:00:00,108.699996,108.699996,108.699996,108.699996,83777.0,TTWO.NYSE-4-HOUR-LAST-EXTERNAL
2023-03-02 15:55:00,111.900001,112.139999,111.855003,112.0,41767.0,TTWO.NYSE-4-HOUR-LAST-EXTERNAL
2023-03-02 19:55:00,114.260002,114.629997,114.220001,114.629997,23639.0,TTWO.NYSE-4-HOUR-LAST-EXTERNAL
2023-03-02 21:00:00,115.279998,115.279998,115.279998,115.279998,312260.0,TTWO.NYSE-4-HOUR-LAST-EXTERNAL
2023-03-03 15:55:00,115.949996,116.160003,115.949996,116.114997,15425.0,TTWO.NYSE-4-HOUR-LAST-EXTERNAL
2023-03-03 19:55:00,116.535003,116.544998,116.444999,116.525001,28122.0,TTWO.NYSE-4-HOUR-LAST-EXTERNAL
2023-03-03 21:00:00,116.699996,116.699996,116.699996,116.699996,213406.0,TTWO.NYSE-4-HOUR-LAST-EXTERNAL
2023-03-06 15:55:00,118.54,118.739997,118.370002,118.510002,24962.0,TTWO.NYSE-4-HOUR-LAST-EXTERNAL
2023-03-06 19:55:00,116.934997,116.980003,116.735,116.75,9513.0,TTWO.NYSE-4-HOUR-LAST-EXTERNAL
2023-03-06 21:00:00,115.709999,115.709999,115.709999,115.709999,93879.0,TTWO.NYSE-4-HOUR-LAST-EXTERNAL
2023-03-07 15:55:00,117.580001,117.669998,117.069999,117.300003,58873.0,TTWO.NYSE-4-HOUR-LAST-EXTERNAL
2023-03-07 19:55:00,117.29,117.319999,117.230003,117.309997,15318.0,TTWO.NYSE-4-HOUR-LAST-EXTERNAL
2023-03-07 21:00:00,116.879997,116.879997,116.879997,116.879997,160453.0,TTWO.NYSE-4-HOUR-LAST-EXTERNAL
2023-03-08 15:55:00,116.510002,116.660003,116.43,116.559997,8103.0,TTWO.NYSE-4-HOUR-LAST-EXTERNAL
2023-03-08 19:55:00,115.964996,116.055,115.93,115.959999,5652.0,TTWO.NYSE-4-HOUR-LAST-EXTERNAL
2023-03-08 21:00:00,116.309997,116.309997,116.309997,116.309997,74949.0,TTWO.NYSE-4-HOUR-LAST-EXTERNAL
2023-03-09 15:55:00,116.459999,116.550003,116.239997,116.400001,7335.0,TTWO.NYSE-4-HOUR-LAST-EXTERNAL
2023-03-09 19:55:00,113.599998,113.620002,113.43,113.470001,9709.0,TTWO.NYSE-4-HOUR-LAST-EXTERNAL
2023-03-09 21:00:00,112.959999,112.959999,112.959999,112.959999,90126.0,TTWO.NYSE-4-HOUR-LAST-EXTERNAL
2023-03-10 15:55:00,111.334999,111.830001,111.334999,111.75,7074.0,TTWO.NYSE-4-HOUR-LAST-EXTERNAL
2023-03-10 19:55:00,111.25,111.425003,111.069999,111.11,15651.0,TTWO.NYSE-4-HOUR-LAST-EXTERNAL
2023-03-10 21:00:00,110.580001,110.580001,110.580001,110.580001,95736.0,TTWO.NYSE-4-HOUR-LAST-EXTERNAL
2023-03-13 15:55:00,111.190002,111.470001,111.150001,111.370002,13756.0,TTWO.NYSE-4-HOUR-LAST-EXTERNAL
2023-03-13 19:55:00,111.690002,111.730003,111.29,111.319999,80401.0,TTWO.NYSE-4-HOUR-LAST-EXTERNAL
2023-03-14 15:55:00,115.169998,115.279998,115.150001,115.160003,9984.0,TTWO.NYSE-4-HOUR-LAST-EXTERNAL
2023-03-14 19:55:00,113.569999,113.900001,113.569999,113.800003,106844.0,TTWO.NYSE-4-HOUR-LAST-EXTERNAL
2023-03-15 15:55:00,113.300003,113.339996,113.194999,113.194999,4519.0,TTWO.NYSE-4-HOUR-LAST-EXTERNAL
2023-03-15 19:55:00,112.79,113.319999,112.769996,113.319999,98177.0,TTWO.NYSE-4-HOUR-LAST-EXTERNAL
2023-03-16 15:55:00,113.709999,113.800003,113.68,113.68,9290.0,TTWO.NYSE-4-HOUR-LAST-EXTERNAL
2023-03-16 19:55:00,115.160003,115.625,115.139999,115.569999,180127.0,TTWO.NYSE-4-HOUR-LAST-EXTERNAL
2023-03-17 15:55:00,115.269996,115.349998,115.18,115.349998,14247.0,TTWO.NYSE-4-HOUR-LAST-EXTERNAL
2023-03-17 19:55:00,116.190002,116.29,115.93,116.279998,347846.0,TTWO.NYSE-4-HOUR-LAST-EXTERNAL
2023-03-20 15:55:00,116.339996,116.449996,116.199996,116.440002,9129.0,TTWO.NYSE-4-HOUR-LAST-EXTERNAL
2023-03-20 19:55:00,116.389999,116.529998,116.0,116.319999,276160.0,TTWO.NYSE-4-HOUR-LAST-EXTERNAL
2023-03-21 15:55:00,116.900001,117.0,116.900001,116.989997,3498.0,TTWO.NYSE-4-HOUR-LAST-EXTERNAL
2023-03-21 19:55:00,118.870002,118.870002,118.449996,118.599998,119541.0,TTWO.NYSE-4-HOUR-LAST-EXTERNAL
2023-03-22 15:55:00,116.400001,116.5,116.25,116.279998,12417.0,TTWO.NYSE-4-HOUR-LAST-EXTERNAL
2023-03-22 19:55:00,114.059997,114.069999,113.510002,113.559997,104911.0,TTWO.NYSE-4-HOUR-LAST-EXTERNAL
2023-03-23 15:55:00,117.925003,118.0,117.589996,117.699996,38901.0,TTWO.NYSE-4-HOUR-LAST-EXTERNAL
2023-03-23 19:55:00,117.775001,117.959999,117.370002,117.440002,155573.0,TTWO.NYSE-4-HOUR-LAST-EXTERNAL
2023-03-24 15:55:00,117.730003,117.974998,117.730003,117.800003,4958.0,TTWO.NYSE-4-HOUR-LAST-EXTERNAL
2023-03-24 19:55:00,117.75,118.139999,117.669998,118.129997,72645.0,TTWO.NYSE-4-HOUR-LAST-EXTERNAL
2023-03-27 15:55:00,116.319999,116.370002,116.139999,116.209999,7295.0,TTWO.NYSE-4-HOUR-LAST-EXTERNAL
2023-03-27 19:55:00,117.529998,117.569999,116.839996,116.959999,149082.0,TTWO.NYSE-4-HOUR-LAST-EXTERNAL
2023-03-28 15:55:00,115.569999,115.68,115.569999,115.599998,6007.0,TTWO.NYSE-4-HOUR-LAST-EXTERNAL
2023-03-28 19:55:00,115.5,115.599998,115.410003,115.550003,90998.0,TTWO.NYSE-4-HOUR-LAST-EXTERNAL
2023-03-29 15:55:00,116.150001,116.209999,116.080001,116.209999,6743.0,TTWO.NYSE-4-HOUR-LAST-EXTERNAL
2023-03-29 19:55:00,116.595001,116.68,116.480003,116.68,56394.0,TTWO.NYSE-4-HOUR-LAST-EXTERNAL
2023-03-30 15:55:00,116.970001,117.089996,116.919998,116.980003,9847.0,TTWO.NYSE-4-HOUR-LAST-EXTERNAL
2023-03-30 19:55:00,116.514999,116.650001,116.480003,116.61,64989.0,TTWO.NYSE-4-HOUR-LAST-EXTERNAL
2023-03-31 15:55:00,119.260002,119.279998,119.169998,119.260002,6996.0,TTWO.NYSE-4-HOUR-LAST-EXTERNAL
2023-03-31 19:55:00,119.019996,119.43,118.989997,119.319999,127367.0,TTWO.NYSE-4-HOUR-LAST-EXTERNAL
2023-04-03 15:55:00,118.870002,118.970001,118.870002,118.919998,5624.0,TTWO.NYSE-4-HOUR-LAST-EXTERNAL
2023-04-03 19:55:00,118.669998,118.79,118.589996,118.68,96115.0,TTWO.NYSE-4-HOUR-LAST-EXTERNAL
2023-04-04 15:55:00,120.260002,120.300003,120.190002,120.235,7150.0,TTWO.NYSE-4-HOUR-LAST-EXTERNAL
2023-04-04 19:55:00,121.779998,121.800003,121.519996,121.669998,136712.0,TTWO.NYSE-4-HOUR-LAST-EXTERNAL
2023-04-05 15:55:00,119.809997,120.0,119.769996,120.0,11041.0,TTWO.NYSE-4-HOUR-LAST-EXTERNAL
2023-04-05 19:55:00,121.120002,121.139999,120.86,120.970001,106832.0,TTWO.NYSE-4-HOUR-LAST-EXTERNAL
2023-04-06 15:55:00,119.29,119.349998,119.29,119.309997,4209.0,TTWO.NYSE-4-HOUR-LAST-EXTERNAL
2023-04-06 19:55:00,118.940002,119.010002,118.93,119.0,125397.0,TTWO.NYSE-4-HOUR-LAST-EXTERNAL
2023-04-10 15:55:00,120.04,120.120002,119.989997,119.995002,11309.0,TTWO.NYSE-4-HOUR-LAST-EXTERNAL
2023-04-10 19:55:00,121.089996,121.205001,120.959999,121.029998,105772.0,TTWO.NYSE-4-HOUR-LAST-EXTERNAL
2023-04-11 15:55:00,120.985,120.985,120.840103,120.870002,9729.0,TTWO.NYSE-4-HOUR-LAST-EXTERNAL
2023-04-11 19:55:00,120.68,120.79,120.319999,120.400001,121671.0,TTWO.NYSE-4-HOUR-LAST-EXTERNAL
2023-04-12 15:55:00,120.815002,120.925003,120.815002,120.915,4240.0,TTWO.NYSE-4-HOUR-LAST-EXTERNAL
2023-04-12 19:55:00,119.669998,119.699996,119.510002,119.699996,80434.0,TTWO.NYSE-4-HOUR-LAST-EXTERNAL
2023-04-13 15:55:00,121.940002,122.165,121.940002,122.165,6401.0,TTWO.NYSE-4-HOUR-LAST-EXTERNAL
2023-04-13 19:55:00,121.839996,122.019996,121.839996,122.019996,82530.0,TTWO.NYSE-4-HOUR-LAST-EXTERNAL
2023-04-14 15:55:00,122.690002,122.690002,122.529998,122.605003,6736.0,TTWO.NYSE-4-HOUR-LAST-EXTERNAL
2023-04-14 19:55:00,122.849998,123.209999,122.849998,123.099998,123802.0,TTWO.NYSE-4-HOUR-LAST-EXTERNAL
2023-04-17 15:55:00,123.639999,123.644996,123.519996,123.559997,4439.0,TTWO.NYSE-4-HOUR-LAST-EXTERNAL
2023-04-17 19:55:00,124.370002,124.5,124.349998,124.400001,101150.0,TTWO.NYSE-4-HOUR-LAST-EXTERNAL
2023-04-18 15:55:00,123.805,123.849998,123.690002,123.690002,8183.0,TTWO.NYSE-4-HOUR-LAST-EXTERNAL
2023-04-18 19:55:00,124.29,124.449996,124.199996,124.29,100272.0,TTWO.NYSE-4-HOUR-LAST-EXTERNAL
2023-04-19 15:55:00,123.555,123.669998,123.529998,123.669998,5499.0,TTWO.NYSE-4-HOUR-LAST-EXTERNAL
2023-04-19 19:55:00,123.0,123.379997,123.0,123.349998,102911.0,TTWO.NYSE-4-HOUR-LAST-EXTERNAL
2023-04-20 15:55:00,124.5,124.760002,124.474998,124.68,8971.0,TTWO.NYSE-4-HOUR-LAST-EXTERNAL
2023-04-20 19:55:00,125.069999,125.300003,125.069999,125.169998,118316.0,TTWO.NYSE-4-HOUR-LAST-EXTERNAL
2023-04-21 15:55:00,124.904998,125.160003,124.889999,125.099998,6176.0,TTWO.NYSE-4-HOUR-LAST-EXTERNAL
2023-04-21 19:55:00,125.029998,125.11,124.980003,124.989997,77835.0,TTWO.NYSE-4-HOUR-LAST-EXTERNAL
2023-04-24 15:55:00,125.300003,125.419898,125.235,125.36,14617.0,TTWO.NYSE-4-HOUR-LAST-EXTERNAL
2023-04-24 19:55:00,127.669998,128.0,127.620002,127.800003,236790.0,TTWO.NYSE-4-HOUR-LAST-EXTERNAL
2023-04-25 15:55:00,127.730003,128.020004,127.730003,127.949996,23680.0,TTWO.NYSE-4-HOUR-LAST-EXTERNAL
2023-04-25 19:55:00,127.339996,127.339996,126.944999,127.019996,163198.0,TTWO.NYSE-4-HOUR-LAST-EXTERNAL
2023-04-26 15:55:00,122.885002,122.980003,122.739997,122.75,25143.0,TTWO.NYSE-4-HOUR-LAST-EXTERNAL
2023-04-26 19:55:00,121.209999,121.730003,121.190002,121.589996,209828.0,TTWO.NYSE-4-HOUR-LAST-EXTERNAL
