2022-01-03 15:55:00,247.440002,247.779998,247.25,247.779998,21959.0,UNP.NYSE-5-MINUTE-LAST-EXTERNAL
2022-01-03 19:55:00,247.789993,247.789993,247.460006,247.460006,13976.0,UNP.NYSE-5-MINUTE-LAST-EXTERNAL
2022-01-03 21:00:00,247.770004,247.770004,247.770004,247.770004,162106.0,UNP.NYSE-5-MINUTE-LAST-EXTERNAL
2022-01-04 15:55:00,254.029998,254.345001,253.75,253.970001,22891.0,UNP.NYSE-5-MINUTE-LAST-EXTERNAL
2022-01-04 19:55:00,251.399993,251.399993,251.119995,251.149993,25194.0,UNP.NYSE-5-MINUTE-LAST-EXTERNAL
2022-01-04 21:00:00,252.029998,252.029998,252.029998,252.029998,240154.0,UNP.NYSE-5-MINUTE-LAST-EXTERNAL
2022-01-05 15:55:00,253.989105,253.990005,253.5,253.770004,14753.0,UNP.NYSE-5-MINUTE-LAST-EXTERNAL
2022-01-05 19:55:00,253.410003,253.639999,253.270004,253.5,15400.0,UNP.NYSE-5-MINUTE-LAST-EXTERNAL
2022-01-05 21:00:00,252.789993,252.789993,252.789993,252.789993,167218.0,UNP.NYSE-5-MINUTE-LAST-EXTERNAL
2022-01-06 15:55:00,253.119995,253.25,252.577606,252.669998,31694.0,UNP.NYSE-5-MINUTE-LAST-EXTERNAL
2022-01-06 19:55:00,254.134994,254.25,253.949996,254.024993,28112.0,UNP.NYSE-5-MINUTE-LAST-EXTERNAL
2022-01-06 21:00:00,253.490005,253.490005,253.490005,253.490005,243085.0,UNP.NYSE-5-MINUTE-LAST-EXTERNAL
2022-01-07 15:55:00,254.350006,254.36,253.880004,254.068099,30298.0,UNP.NYSE-5-MINUTE-LAST-EXTERNAL
2022-01-07 19:55:00,255.699996,255.835006,255.699996,255.779998,13897.0,UNP.NYSE-5-MINUTE-LAST-EXTERNAL
2022-01-07 21:00:00,254.779998,254.779998,254.779998,254.779998,187472.0,UNP.NYSE-5-MINUTE-LAST-EXTERNAL
2022-01-10 15:55:00,249.589996,250.309997,249.490005,250.179992,35907.0,UNP.NYSE-5-MINUTE-LAST-EXTERNAL
2022-01-10 19:55:00,249.130004,249.380004,249.050003,249.130004,41300.0,UNP.NYSE-5-MINUTE-LAST-EXTERNAL
2022-01-10 21:00:00,250.279998,250.279998,250.279998,250.279998,321700.0,UNP.NYSE-5-MINUTE-LAST-EXTERNAL
2022-01-11 15:55:00,246.460006,246.679992,246.100006,246.149993,31185.0,UNP.NYSE-5-MINUTE-LAST-EXTERNAL
2022-01-11 19:55:00,246.020004,246.289993,246.020004,246.220001,14917.0,UNP.NYSE-5-MINUTE-LAST-EXTERNAL
2022-01-11 21:00:00,246.419998,246.419998,246.419998,246.419998,250852.0,UNP.NYSE-5-MINUTE-LAST-EXTERNAL
2022-01-12 15:55:00,248.350006,248.690002,248.300003,248.520004,16854.0,UNP.NYSE-5-MINUTE-LAST-EXTERNAL
2022-01-12 19:55:00,247.570007,247.600006,247.449996,247.460006,29512.0,UNP.NYSE-5-MINUTE-LAST-EXTERNAL
2022-01-12 21:00:00,247.0,247.0,247.0,247.0,224392.0,UNP.NYSE-5-MINUTE-LAST-EXTERNAL
2022-01-13 15:55:00,247.660003,247.850006,247.350006,247.850006,40578.0,UNP.NYSE-5-MINUTE-LAST-EXTERNAL
2022-01-13 19:55:00,247.979995,248.348999,247.970092,248.279998,19176.0,UNP.NYSE-5-MINUTE-LAST-EXTERNAL
2022-01-13 21:00:00,247.619995,247.619995,247.619995,247.619995,201550.0,UNP.NYSE-5-MINUTE-LAST-EXTERNAL
2022-01-14 15:55:00,245.580001,245.966094,245.5,245.949996,14081.0,UNP.NYSE-5-MINUTE-LAST-EXTERNAL
2022-01-14 19:55:00,245.869995,245.979995,245.809997,245.809997,9545.0,UNP.NYSE-5-MINUTE-LAST-EXTERNAL
2022-01-14 21:00:00,246.270004,246.270004,246.270004,246.270004,327948.0,UNP.NYSE-5-MINUTE-LAST-EXTERNAL
2022-01-18 15:55:00,240.779998,241.039993,240.660003,240.705001,37006.0,UNP.NYSE-5-MINUTE-LAST-EXTERNAL
2022-01-18 19:55:00,238.330001,239.059997,238.320007,239.0,48197.0,UNP.NYSE-5-MINUTE-LAST-EXTERNAL
2022-01-18 21:00:00,238.039993,238.039993,238.039993,238.039993,369340.0,UNP.NYSE-5-MINUTE-LAST-EXTERNAL
2022-01-19 15:55:00,239.270004,239.679992,239.005004,239.490005,50116.0,UNP.NYSE-5-MINUTE-LAST-EXTERNAL
2022-01-19 19:55:00,240.039993,240.070007,239.910003,239.910003,37493.0,UNP.NYSE-5-MINUTE-LAST-EXTERNAL
2022-01-19 21:00:00,239.490005,239.490005,239.490005,239.490005,293121.0,UNP.NYSE-5-MINUTE-LAST-EXTERNAL
2022-01-20 15:55:00,245.020004,245.199996,244.399993,244.608093,29893.0,UNP.NYSE-5-MINUTE-LAST-EXTERNAL
2022-01-20 19:55:00,244.620605,244.850006,244.589996,244.789993,32398.0,UNP.NYSE-5-MINUTE-LAST-EXTERNAL
2022-01-20 21:00:00,242.070007,242.070007,242.070007,242.070007,291497.0,UNP.NYSE-5-MINUTE-LAST-EXTERNAL
2022-01-21 15:55:00,248.300003,248.820007,248.0,248.240005,33368.0,UNP.NYSE-5-MINUTE-LAST-EXTERNAL
2022-01-21 19:55:00,248.535003,248.619995,247.800003,247.809997,33374.0,UNP.NYSE-5-MINUTE-LAST-EXTERNAL
2022-01-21 21:00:00,246.330001,246.330001,246.330001,246.330001,391005.0,UNP.NYSE-5-MINUTE-LAST-EXTERNAL
2022-01-24 15:55:00,240.839996,240.910003,239.990005,240.175003,42618.0,UNP.NYSE-5-MINUTE-LAST-EXTERNAL
2022-01-24 19:55:00,240.520004,241.699996,240.419998,241.582504,32644.0,UNP.NYSE-5-MINUTE-LAST-EXTERNAL
2022-01-24 21:00:00,245.100006,245.100006,245.100006,245.100006,382927.0,UNP.NYSE-5-MINUTE-LAST-EXTERNAL
2022-01-25 15:55:00,243.328399,243.720001,242.649993,242.830001,24488.0,UNP.NYSE-5-MINUTE-LAST-EXTERNAL
2022-01-25 19:55:00,245.490005,245.669998,245.320007,245.404998,31121.0,UNP.NYSE-5-MINUTE-LAST-EXTERNAL
2022-01-25 21:00:00,244.119995,244.119995,244.119995,244.119995,250160.0,UNP.NYSE-5-MINUTE-LAST-EXTERNAL
2022-01-26 15:55:00,246.830001,247.199996,246.554992,246.910003,22921.0,UNP.NYSE-5-MINUTE-LAST-EXTERNAL
2022-01-26 19:55:00,244.520004,245.630004,244.440002,245.630004,36456.0,UNP.NYSE-5-MINUTE-LAST-EXTERNAL
2022-01-26 21:00:00,244.880004,244.880004,244.880004,244.880004,227804.0,UNP.NYSE-5-MINUTE-LAST-EXTERNAL
2022-01-27 15:55:00,248.020004,248.505004,247.660003,248.089996,22872.0,UNP.NYSE-5-MINUTE-LAST-EXTERNAL
2022-01-27 19:55:00,244.0,244.289993,243.600006,244.139999,24259.0,UNP.NYSE-5-MINUTE-LAST-EXTERNAL
2022-01-27 21:00:00,244.589996,244.589996,244.589996,244.589996,119660.0,UNP.NYSE-5-MINUTE-LAST-EXTERNAL
2022-01-28 15:55:00,241.259994,241.789993,240.990005,241.789993,17619.0,UNP.NYSE-5-MINUTE-LAST-EXTERNAL
2022-01-28 19:55:00,243.949996,244.139999,243.820007,243.949996,21206.0,UNP.NYSE-5-MINUTE-LAST-EXTERNAL
2022-01-28 21:00:00,245.929992,245.929992,245.929992,245.929992,245902.0,UNP.NYSE-5-MINUTE-LAST-EXTERNAL
2022-01-31 15:55:00,245.199996,245.36,244.5,244.850006,28393.0,UNP.NYSE-5-MINUTE-LAST-EXTERNAL
2022-01-31 19:55:00,243.845001,244.009994,243.820007,243.878402,14606.0,UNP.NYSE-5-MINUTE-LAST-EXTERNAL
2022-01-31 21:00:00,244.550003,244.550003,244.550003,244.550003,179018.0,UNP.NYSE-5-MINUTE-LAST-EXTERNAL
2022-02-01 15:55:00,245.300003,245.580001,244.929992,245.270004,26647.0,UNP.NYSE-5-MINUTE-LAST-EXTERNAL
2022-02-01 19:55:00,245.300003,245.440002,245.300003,245.425003,19990.0,UNP.NYSE-5-MINUTE-LAST-EXTERNAL
2022-02-01 21:00:00,246.710006,246.710006,246.710006,246.710006,153573.0,UNP.NYSE-5-MINUTE-LAST-EXTERNAL
2022-02-02 15:55:00,249.570007,249.852493,249.509994,249.639999,20194.0,UNP.NYSE-5-MINUTE-LAST-EXTERNAL
2022-02-02 19:55:00,250.669998,250.75,250.550003,250.604202,11658.0,UNP.NYSE-5-MINUTE-LAST-EXTERNAL
2022-02-02 21:00:00,251.259994,251.259994,251.259994,251.259994,198005.0,UNP.NYSE-5-MINUTE-LAST-EXTERNAL
2022-02-03 15:55:00,251.565002,251.61,251.130004,251.270004,26597.0,UNP.NYSE-5-MINUTE-LAST-EXTERNAL
2022-02-03 19:55:00,246.574996,246.740005,246.520492,246.630004,26274.0,UNP.NYSE-5-MINUTE-LAST-EXTERNAL
2022-02-03 21:00:00,244.350006,244.350006,244.350006,244.350006,382592.0,UNP.NYSE-5-MINUTE-LAST-EXTERNAL
2022-02-04 15:55:00,242.190002,242.289993,241.895004,241.899993,39495.0,UNP.NYSE-5-MINUTE-LAST-EXTERNAL
2022-02-04 19:55:00,243.324996,243.509994,243.324996,243.509994,16532.0,UNP.NYSE-5-MINUTE-LAST-EXTERNAL
2022-02-04 21:00:00,242.389999,242.389999,242.389999,242.389999,173311.0,UNP.NYSE-5-MINUTE-LAST-EXTERNAL
2022-02-07 15:55:00,242.210006,242.399993,241.875,242.11,14963.0,UNP.NYSE-5-MINUTE-LAST-EXTERNAL
2022-02-07 19:55:00,241.910003,242.199996,241.774993,242.100006,27056.0,UNP.NYSE-5-MINUTE-LAST-EXTERNAL
2022-02-07 21:00:00,241.149993,241.149993,241.149993,241.149993,248996.0,UNP.NYSE-5-MINUTE-LAST-EXTERNAL
2022-02-08 15:55:00,244.285003,244.399993,243.850006,243.850006,30048.0,UNP.NYSE-5-MINUTE-LAST-EXTERNAL
2022-02-08 19:55:00,243.074996,243.104995,242.839996,242.955001,13138.0,UNP.NYSE-5-MINUTE-LAST-EXTERNAL
2022-02-08 21:00:00,242.949996,242.949996,242.949996,242.949996,300601.0,UNP.NYSE-5-MINUTE-LAST-EXTERNAL
2022-02-09 15:55:00,245.039993,245.460006,244.970596,245.285003,57595.0,UNP.NYSE-5-MINUTE-LAST-EXTERNAL
2022-02-09 19:55:00,246.080001,246.300003,246.080001,246.149993,13387.0,UNP.NYSE-5-MINUTE-LAST-EXTERNAL
2022-02-09 21:00:00,246.490005,246.490005,246.490005,246.490005,130943.0,UNP.NYSE-5-MINUTE-LAST-EXTERNAL
2022-02-10 15:55:00,245.524993,245.524993,244.970001,245.2117,33286.0,UNP.NYSE-5-MINUTE-LAST-EXTERNAL
2022-02-10 19:55:00,241.9915,242.198394,241.910003,242.020004,11442.0,UNP.NYSE-5-MINUTE-LAST-EXTERNAL
2022-02-10 21:00:00,242.119995,242.119995,242.119995,242.119995,182424.0,UNP.NYSE-5-MINUTE-LAST-EXTERNAL
2022-02-11 15:55:00,243.550003,243.720001,243.300003,243.410003,17972.0,UNP.NYSE-5-MINUTE-LAST-EXTERNAL
2022-02-11 19:55:00,238.130004,238.309997,238.039993,238.220001,25990.0,UNP.NYSE-5-MINUTE-LAST-EXTERNAL
2022-02-11 21:00:00,238.809997,238.809997,238.809997,238.809997,234250.0,UNP.NYSE-5-MINUTE-LAST-EXTERNAL
2022-02-14 15:55:00,238.699996,239.009994,238.449996,238.589996,35906.0,UNP.NYSE-5-MINUTE-LAST-EXTERNAL
2022-02-14 19:55:00,242.050003,242.139999,241.690002,242.11,22549.0,UNP.NYSE-5-MINUTE-LAST-EXTERNAL
2022-02-14 21:00:00,242.550003,242.550003,242.550003,242.550003,211396.0,UNP.NYSE-5-MINUTE-LAST-EXTERNAL
2022-02-15 15:55:00,248.75,249.139999,248.5,249.018707,44468.0,UNP.NYSE-5-MINUTE-LAST-EXTERNAL
2022-02-15 19:55:00,249.509994,249.86,249.449996,249.785003,27969.0,UNP.NYSE-5-MINUTE-LAST-EXTERNAL
2022-02-15 21:00:00,249.320007,249.320007,249.320007,249.320007,295301.0,UNP.NYSE-5-MINUTE-LAST-EXTERNAL
2022-02-16 15:55:00,249.434997,249.585006,249.149993,249.554992,39783.0,UNP.NYSE-5-MINUTE-LAST-EXTERNAL
2022-02-16 19:55:00,253.649993,253.904998,253.630004,253.880004,47695.0,UNP.NYSE-5-MINUTE-LAST-EXTERNAL
2022-02-16 21:00:00,253.809997,253.809997,253.809997,253.809997,242965.0,UNP.NYSE-5-MINUTE-LAST-EXTERNAL
2022-02-17 15:55:00,250.854995,251.179992,250.854995,251.024993,16411.0,UNP.NYSE-5-MINUTE-LAST-EXTERNAL
2022-02-17 19:55:00,251.490005,251.61,251.235,251.289993,13324.0,UNP.NYSE-5-MINUTE-LAST-EXTERNAL
2022-02-17 21:00:00,250.990005,250.990005,250.990005,250.990005,188824.0,UNP.NYSE-5-MINUTE-LAST-EXTERNAL
2022-02-18 15:55:00,253.270004,253.270004,252.669998,252.669998,42343.0,UNP.NYSE-5-MINUTE-LAST-EXTERNAL
2022-02-18 19:55:00,252.25,252.550003,252.160003,252.410003,18919.0,UNP.NYSE-5-MINUTE-LAST-EXTERNAL
2022-02-18 21:00:00,251.190002,251.190002,251.190002,251.190002,210370.0,UNP.NYSE-5-MINUTE-LAST-EXTERNAL
2022-02-22 15:55:00,249.080001,249.080001,248.639999,249.009994,20760.0,UNP.NYSE-5-MINUTE-LAST-EXTERNAL
2022-02-22 19:55:00,247.589996,248.039993,247.570007,247.639999,46937.0,UNP.NYSE-5-MINUTE-LAST-EXTERNAL
2022-02-22 21:00:00,246.270004,246.270004,246.270004,246.270004,201759.0,UNP.NYSE-5-MINUTE-LAST-EXTERNAL
2022-02-23 15:55:00,246.880004,246.904998,246.460006,246.550003,34427.0,UNP.NYSE-5-MINUTE-LAST-EXTERNAL
2022-02-23 19:55:00,245.059997,245.279296,244.820007,244.919998,19988.0,UNP.NYSE-5-MINUTE-LAST-EXTERNAL
2022-02-23 21:00:00,244.820007,244.820007,244.820007,244.820007,214701.0,UNP.NYSE-5-MINUTE-LAST-EXTERNAL
2022-02-24 15:55:00,241.080001,241.100006,240.020004,240.570007,46484.0,UNP.NYSE-5-MINUTE-LAST-EXTERNAL
2022-02-24 19:55:00,239.960006,240.029998,239.720001,240.029998,22553.0,UNP.NYSE-5-MINUTE-LAST-EXTERNAL
2022-02-24 21:00:00,242.089996,242.089996,242.089996,242.089996,304802.0,UNP.NYSE-5-MINUTE-LAST-EXTERNAL
2022-02-25 15:55:00,245.779998,246.429992,245.509994,245.779998,100449.0,UNP.NYSE-5-MINUTE-LAST-EXTERNAL
2022-02-25 19:55:00,246.440002,246.929992,246.389999,246.679992,20347.0,UNP.NYSE-5-MINUTE-LAST-EXTERNAL
2022-02-25 21:00:00,246.410003,246.410003,246.410003,246.410003,128747.0,UNP.NYSE-5-MINUTE-LAST-EXTERNAL
2022-02-28 15:55:00,244.910003,245.156997,244.684997,245.100006,16587.0,UNP.NYSE-5-MINUTE-LAST-EXTERNAL
2022-02-28 19:55:00,243.039993,243.240005,242.970001,242.970001,37572.0,UNP.NYSE-5-MINUTE-LAST-EXTERNAL
2022-02-28 21:00:00,245.949996,245.949996,245.949996,245.949996,246184.0,UNP.NYSE-5-MINUTE-LAST-EXTERNAL
2022-03-01 15:55:00,243.539993,243.740005,243.240005,243.539993,19235.0,UNP.NYSE-5-MINUTE-LAST-EXTERNAL
2022-03-01 19:55:00,242.449996,242.770004,242.399993,242.759994,22494.0,UNP.NYSE-5-MINUTE-LAST-EXTERNAL
2022-03-01 21:00:00,242.429992,242.429992,242.429992,242.429992,170900.0,UNP.NYSE-5-MINUTE-LAST-EXTERNAL
2022-03-02 15:55:00,248.339996,248.839996,248.240005,248.710006,27949.0,UNP.NYSE-5-MINUTE-LAST-EXTERNAL
2022-03-02 19:55:00,251.460006,251.800003,251.320007,251.800003,44562.0,UNP.NYSE-5-MINUTE-LAST-EXTERNAL
2022-03-02 21:00:00,252.369995,252.369995,252.369995,252.369995,289970.0,UNP.NYSE-5-MINUTE-LAST-EXTERNAL
2022-03-03 15:55:00,260.345001,260.799987,260.179992,260.279998,38361.0,UNP.NYSE-5-MINUTE-LAST-EXTERNAL
2022-03-03 19:55:00,256.454986,256.454986,255.830001,255.975006,152392.0,UNP.NYSE-5-MINUTE-LAST-EXTERNAL
2022-03-03 21:00:00,255.460006,255.460006,255.460006,255.460006,482387.0,UNP.NYSE-5-MINUTE-LAST-EXTERNAL
2022-03-04 15:55:00,257.970001,259.019989,257.910003,258.859985,110104.0,UNP.NYSE-5-MINUTE-LAST-EXTERNAL
2022-03-04 19:55:00,263.829986,264.059997,263.130004,263.23001,40733.0,UNP.NYSE-5-MINUTE-LAST-EXTERNAL
2022-03-04 21:00:00,264.630004,264.630004,264.630004,264.630004,313061.0,UNP.NYSE-5-MINUTE-LAST-EXTERNAL
2022-03-07 15:55:00,268.98999,269.23999,268.53189,268.570007,51099.0,UNP.NYSE-5-MINUTE-LAST-EXTERNAL
2022-03-07 19:55:00,262.519989,263.130004,262.519989,263.0,31869.0,UNP.NYSE-5-MINUTE-LAST-EXTERNAL
2022-03-07 21:00:00,261.459991,261.459991,261.459991,261.459991,250124.0,UNP.NYSE-5-MINUTE-LAST-EXTERNAL
2022-03-08 15:55:00,255.910003,256.73001,255.729995,256.019989,184530.0,UNP.NYSE-5-MINUTE-LAST-EXTERNAL
2022-03-08 19:55:00,256.804992,257.079986,256.200012,256.410003,50649.0,UNP.NYSE-5-MINUTE-LAST-EXTERNAL
2022-03-08 21:00:00,253.470001,253.470001,253.470001,253.470001,313219.0,UNP.NYSE-5-MINUTE-LAST-EXTERNAL
2022-03-09 15:55:00,254.369995,254.720001,254.220001,254.410003,21699.0,UNP.NYSE-5-MINUTE-LAST-EXTERNAL
2022-03-09 19:55:00,251.660003,251.884994,251.539993,251.667098,31181.0,UNP.NYSE-5-MINUTE-LAST-EXTERNAL
2022-03-09 21:00:00,253.669998,253.669998,253.669998,253.669998,269715.0,UNP.NYSE-5-MINUTE-LAST-EXTERNAL
2022-03-10 15:55:00,257.760009,257.950012,257.160003,257.529998,37792.0,UNP.NYSE-5-MINUTE-LAST-EXTERNAL
2022-03-10 19:55:00,259.519989,259.779998,259.48999,259.600006,33552.0,UNP.NYSE-5-MINUTE-LAST-EXTERNAL
2022-03-10 21:00:00,259.649993,259.649993,259.649993,259.649993,206863.0,UNP.NYSE-5-MINUTE-LAST-EXTERNAL
2022-03-11 15:55:00,261.48999,261.709991,261.320007,261.584991,47073.0,UNP.NYSE-5-MINUTE-LAST-EXTERNAL
2022-03-11 19:55:00,262.040008,262.200012,261.950012,262.149993,21876.0,UNP.NYSE-5-MINUTE-LAST-EXTERNAL
2022-03-11 21:00:00,261.519989,261.519989,261.519989,261.519989,328232.0,UNP.NYSE-5-MINUTE-LAST-EXTERNAL
2022-03-14 15:55:00,260.529998,260.529998,259.850006,260.149993,19698.0,UNP.NYSE-5-MINUTE-LAST-EXTERNAL
2022-03-14 19:55:00,257.040008,257.850006,257.040008,257.660003,263186.0,UNP.NYSE-5-MINUTE-LAST-EXTERNAL
2022-03-15 15:55:00,259.644989,259.709991,258.790008,259.179992,37268.0,UNP.NYSE-5-MINUTE-LAST-EXTERNAL
2022-03-15 19:55:00,260.350006,260.350006,259.959991,260.290008,170977.0,UNP.NYSE-5-MINUTE-LAST-EXTERNAL
2022-03-16 15:55:00,262.970001,263.135009,262.640014,262.73001,73219.0,UNP.NYSE-5-MINUTE-LAST-EXTERNAL
2022-03-16 19:55:00,263.459991,264.299987,263.459991,264.299987,210933.0,UNP.NYSE-5-MINUTE-LAST-EXTERNAL
2022-03-17 15:55:00,259.459991,259.790008,259.269989,259.359985,23260.0,UNP.NYSE-5-MINUTE-LAST-EXTERNAL
2022-03-17 19:55:00,263.839996,263.98001,263.170013,263.519989,301593.0,UNP.NYSE-5-MINUTE-LAST-EXTERNAL
2022-03-18 15:55:00,261.100006,261.529998,261.100006,261.48999,14550.0,UNP.NYSE-5-MINUTE-LAST-EXTERNAL
2022-03-18 19:55:00,260.98999,261.630004,260.910003,261.529998,392463.0,UNP.NYSE-5-MINUTE-LAST-EXTERNAL
2022-03-21 15:55:00,264.5,264.718811,264.201385,264.299987,59863.0,UNP.NYSE-5-MINUTE-LAST-EXTERNAL
2022-03-21 19:55:00,264.470001,264.779998,264.200012,264.510009,257298.0,UNP.NYSE-5-MINUTE-LAST-EXTERNAL
2022-03-22 15:55:00,265.450012,265.529998,265.309997,265.420013,104204.0,UNP.NYSE-5-MINUTE-LAST-EXTERNAL
2022-03-22 19:55:00,265.950012,266.089996,265.549987,265.940002,236863.0,UNP.NYSE-5-MINUTE-LAST-EXTERNAL
2022-03-23 15:55:00,267.359985,267.410003,266.869995,266.929992,18861.0,UNP.NYSE-5-MINUTE-LAST-EXTERNAL
2022-03-23 19:55:00,267.869995,268.049987,267.529998,267.559997,141621.0,UNP.NYSE-5-MINUTE-LAST-EXTERNAL
2022-03-24 15:55:00,269.890014,269.994995,269.644989,269.970001,47216.0,UNP.NYSE-5-MINUTE-LAST-EXTERNAL
2022-03-24 19:55:00,269.915008,270.23999,269.769989,270.23999,161935.0,UNP.NYSE-5-MINUTE-LAST-EXTERNAL
2022-03-25 15:55:00,271.649993,271.670013,271.399993,271.524108,13191.0,UNP.NYSE-5-MINUTE-LAST-EXTERNAL
2022-03-25 19:55:00,272.825012,273.579986,272.820007,273.380004,235056.0,UNP.NYSE-5-MINUTE-LAST-EXTERNAL
2022-03-28 15:55:00,272.350006,272.519989,272.23999,272.23999,16186.0,UNP.NYSE-5-MINUTE-LAST-EXTERNAL
2022-03-28 19:55:00,274.589996,275.399993,274.48999,275.339996,179884.0,UNP.NYSE-5-MINUTE-LAST-EXTERNAL
2022-03-29 15:55:00,272.549987,272.700012,272.48999,272.565002,21850.0,UNP.NYSE-5-MINUTE-LAST-EXTERNAL
2022-03-29 19:55:00,273.579986,273.809997,273.470001,273.589996,170697.0,UNP.NYSE-5-MINUTE-LAST-EXTERNAL
2022-03-30 15:55:00,275.619995,275.709991,275.160003,275.369995,21244.0,UNP.NYSE-5-MINUTE-LAST-EXTERNAL
2022-03-30 19:55:00,276.040008,276.75,276.040008,276.75,185265.0,UNP.NYSE-5-MINUTE-LAST-EXTERNAL
2022-03-31 15:55:00,277.970001,278.179992,277.940002,278.130004,14361.0,UNP.NYSE-5-MINUTE-LAST-EXTERNAL
2022-03-31 19:55:00,274.660003,274.690002,273.209991,273.209991,507267.0,UNP.NYSE-5-MINUTE-LAST-EXTERNAL
2022-04-01 15:55:00,262.910003,263.019989,261.73999,261.875,70539.0,UNP.NYSE-5-MINUTE-LAST-EXTERNAL
2022-04-01 19:55:00,259.429992,259.959991,259.279998,259.959991,416319.0,UNP.NYSE-5-MINUTE-LAST-EXTERNAL
2022-04-04 15:55:00,256.609985,257.190002,256.609985,257.010009,25465.0,UNP.NYSE-5-MINUTE-LAST-EXTERNAL
2022-04-04 19:55:00,257.420013,257.850006,256.915008,257.700012,280203.0,UNP.NYSE-5-MINUTE-LAST-EXTERNAL
2022-04-05 15:55:00,254.679992,254.679992,254.195007,254.304992,19542.0,UNP.NYSE-5-MINUTE-LAST-EXTERNAL
2022-04-05 19:55:00,252.039993,252.199996,251.675994,252.199996,310308.0,UNP.NYSE-5-MINUTE-LAST-EXTERNAL
2022-04-06 15:55:00,243.990005,245.262496,243.970001,244.570007,55704.0,UNP.NYSE-5-MINUTE-LAST-EXTERNAL
2022-04-06 19:55:00,242.36,242.990005,242.0,242.949996,497507.0,UNP.NYSE-5-MINUTE-LAST-EXTERNAL
2022-04-07 15:55:00,241.089996,241.350006,240.979995,241.149993,29747.0,UNP.NYSE-5-MINUTE-LAST-EXTERNAL
2022-04-07 19:55:00,245.0,245.089996,244.679992,244.800003,307898.0,UNP.NYSE-5-MINUTE-LAST-EXTERNAL
2022-04-08 15:55:00,244.039993,244.350006,243.649993,244.259994,35578.0,UNP.NYSE-5-MINUTE-LAST-EXTERNAL
2022-04-08 19:55:00,241.839996,242.199996,241.619995,242.179992,233304.0,UNP.NYSE-5-MINUTE-LAST-EXTERNAL
2022-04-11 15:55:00,240.289993,240.414993,240.059997,240.115005,23004.0,UNP.NYSE-5-MINUTE-LAST-EXTERNAL
2022-04-11 19:55:00,242.770004,243.350006,242.660003,243.139999,182674.0,UNP.NYSE-5-MINUTE-LAST-EXTERNAL
2022-04-12 15:55:00,245.695007,246.039993,245.695007,245.830001,15515.0,UNP.NYSE-5-MINUTE-LAST-EXTERNAL
2022-04-12 19:55:00,244.800003,245.25,244.779998,245.059997,217644.0,UNP.NYSE-5-MINUTE-LAST-EXTERNAL
2022-04-13 15:55:00,245.395004,245.429992,245.130004,245.309997,22937.0,UNP.NYSE-5-MINUTE-LAST-EXTERNAL
2022-04-13 19:55:00,244.570007,244.729995,244.149993,244.660003,242031.0,UNP.NYSE-5-MINUTE-LAST-EXTERNAL
2022-04-14 15:55:00,246.460006,246.740005,246.429992,246.695007,17936.0,UNP.NYSE-5-MINUTE-LAST-EXTERNAL
2022-04-14 19:55:00,246.559997,246.669998,245.839996,246.229995,197728.0,UNP.NYSE-5-MINUTE-LAST-EXTERNAL
2022-04-18 15:55:00,241.535003,242.139999,241.535003,242.139999,23734.0,UNP.NYSE-5-MINUTE-LAST-EXTERNAL
2022-04-18 19:55:00,241.699996,242.169998,241.679992,242.169998,277414.0,UNP.NYSE-5-MINUTE-LAST-EXTERNAL
2022-04-19 15:55:00,245.020004,245.039993,244.86,244.929992,10825.0,UNP.NYSE-5-MINUTE-LAST-EXTERNAL
2022-04-19 19:55:00,245.714996,245.960006,245.380004,245.729995,157420.0,UNP.NYSE-5-MINUTE-LAST-EXTERNAL
2022-04-20 15:55:00,248.490005,248.919998,248.490005,248.830001,31596.0,UNP.NYSE-5-MINUTE-LAST-EXTERNAL
2022-04-20 19:55:00,247.589996,247.630004,247.139495,247.440002,197002.0,UNP.NYSE-5-MINUTE-LAST-EXTERNAL
2022-04-21 15:55:00,244.744995,245.25,244.710006,244.852905,17611.0,UNP.NYSE-5-MINUTE-LAST-EXTERNAL
2022-04-21 19:55:00,244.779998,244.809997,244.330001,244.369995,201667.0,UNP.NYSE-5-MINUTE-LAST-EXTERNAL
2022-04-22 15:55:00,237.220001,237.410003,237.050003,237.330001,50461.0,UNP.NYSE-5-MINUTE-LAST-EXTERNAL
2022-04-22 19:55:00,234.619995,234.86,234.199996,234.309997,427056.0,UNP.NYSE-5-MINUTE-LAST-EXTERNAL
2022-04-25 15:55:00,231.25,231.86,231.25,231.729995,49178.0,UNP.NYSE-5-MINUTE-LAST-EXTERNAL
2022-04-25 19:55:00,236.529998,236.619995,235.929992,236.490005,264013.0,UNP.NYSE-5-MINUTE-LAST-EXTERNAL
2022-04-26 15:55:00,235.139999,235.139999,234.929992,235.0,17563.0,UNP.NYSE-5-MINUTE-LAST-EXTERNAL
2022-04-26 19:55:00,233.975006,234.159103,233.429992,233.429992,174218.0,UNP.NYSE-5-MINUTE-LAST-EXTERNAL
2022-04-27 15:55:00,236.800003,236.850006,236.139999,236.210006,22728.0,UNP.NYSE-5-MINUTE-LAST-EXTERNAL
2022-04-27 19:55:00,237.089996,237.36,236.649993,236.779998,207967.0,UNP.NYSE-5-MINUTE-LAST-EXTERNAL
2022-04-28 15:55:00,238.619995,238.630004,238.380004,238.410003,21693.0,UNP.NYSE-5-MINUTE-LAST-EXTERNAL
2022-04-28 19:55:00,239.210006,239.350006,238.970001,239.149993,224893.0,UNP.NYSE-5-MINUTE-LAST-EXTERNAL
2022-04-29 15:55:00,237.850006,237.970001,237.36,237.485,20595.0,UNP.NYSE-5-MINUTE-LAST-EXTERNAL
2022-04-29 19:55:00,234.36,234.550003,233.839996,234.330001,307795.0,UNP.NYSE-5-MINUTE-LAST-EXTERNAL
2022-05-02 15:55:00,234.785003,235.5,234.630004,235.369995,55652.0,UNP.NYSE-5-MINUTE-LAST-EXTERNAL
2022-05-02 19:55:00,232.759994,232.940002,232.509994,232.809997,140162.0,UNP.NYSE-5-MINUTE-LAST-EXTERNAL
2022-05-03 15:55:00,232.630004,232.779998,232.490005,232.669998,13687.0,UNP.NYSE-5-MINUTE-LAST-EXTERNAL
2022-05-03 19:55:00,232.649993,232.649993,231.889999,232.029998,135943.0,UNP.NYSE-5-MINUTE-LAST-EXTERNAL
2022-05-04 15:55:00,233.470001,233.559997,233.389999,233.479995,25143.0,UNP.NYSE-5-MINUTE-LAST-EXTERNAL
2022-05-04 19:55:00,236.880004,237.119995,236.600006,237.029998,254617.0,UNP.NYSE-5-MINUTE-LAST-EXTERNAL
2022-05-05 15:55:00,229.789993,230.475006,229.789993,230.320007,28542.0,UNP.NYSE-5-MINUTE-LAST-EXTERNAL
2022-05-05 19:55:00,231.0,231.740005,230.899993,231.675003,210828.0,UNP.NYSE-5-MINUTE-LAST-EXTERNAL
2022-05-06 15:55:00,227.940002,228.070007,227.449996,227.649993,30106.0,UNP.NYSE-5-MINUTE-LAST-EXTERNAL
2022-05-06 19:55:00,229.543502,229.779998,229.350006,229.649993,170782.0,UNP.NYSE-5-MINUTE-LAST-EXTERNAL
2022-05-09 15:55:00,226.375,226.690002,226.339996,226.470001,13221.0,UNP.NYSE-5-MINUTE-LAST-EXTERNAL
2022-05-09 19:55:00,224.820007,225.660003,224.800003,225.190002,187057.0,UNP.NYSE-5-MINUTE-LAST-EXTERNAL
2022-05-10 15:55:00,220.904998,221.289993,220.452499,221.029998,43453.0,UNP.NYSE-5-MINUTE-LAST-EXTERNAL
2022-05-10 19:55:00,223.229995,223.289993,222.429992,222.580001,224439.0,UNP.NYSE-5-MINUTE-LAST-EXTERNAL
2022-05-11 15:55:00,225.970001,226.039993,225.690002,225.919998,8984.0,UNP.NYSE-5-MINUTE-LAST-EXTERNAL
2022-05-11 19:55:00,223.975006,224.25,223.710006,223.929992,148635.0,UNP.NYSE-5-MINUTE-LAST-EXTERNAL
2022-05-12 15:55:00,223.919998,223.940002,223.220397,223.220397,25827.0,UNP.NYSE-5-MINUTE-LAST-EXTERNAL
2022-05-12 19:55:00,225.169998,226.070007,224.899993,225.929992,192500.0,UNP.NYSE-5-MINUTE-LAST-EXTERNAL
2022-05-13 15:55:00,231.279998,231.470001,231.0,231.440002,19931.0,UNP.NYSE-5-MINUTE-LAST-EXTERNAL
2022-05-13 19:55:00,230.729995,230.824996,230.539993,230.789993,193597.0,UNP.NYSE-5-MINUTE-LAST-EXTERNAL
2022-05-16 15:55:00,229.899993,230.345001,229.899993,230.130004,19667.0,UNP.NYSE-5-MINUTE-LAST-EXTERNAL
2022-05-16 19:55:00,228.014999,228.080001,227.565002,227.889999,145306.0,UNP.NYSE-5-MINUTE-LAST-EXTERNAL
2022-05-17 15:55:00,231.139999,231.240005,231.039993,231.199996,19077.0,UNP.NYSE-5-MINUTE-LAST-EXTERNAL
2022-05-17 19:55:00,232.169998,232.25,231.910003,232.149993,163311.0,UNP.NYSE-5-MINUTE-LAST-EXTERNAL
2022-05-18 15:55:00,226.179992,226.380004,226.109695,226.240005,14199.0,UNP.NYSE-5-MINUTE-LAST-EXTERNAL
2022-05-18 19:55:00,224.479995,225.160003,224.440002,225.160003,209122.0,UNP.NYSE-5-MINUTE-LAST-EXTERNAL
2022-05-19 15:55:00,218.130004,218.149993,216.970001,217.770004,58728.0,UNP.NYSE-5-MINUTE-LAST-EXTERNAL
2022-05-19 19:55:00,216.502502,216.789993,216.229995,216.380004,275535.0,UNP.NYSE-5-MINUTE-LAST-EXTERNAL
2022-05-20 15:55:00,212.300003,212.559997,212.149993,212.320007,37590.0,UNP.NYSE-5-MINUTE-LAST-EXTERNAL
2022-05-20 19:55:00,213.354995,213.61,213.039993,213.580001,164053.0,UNP.NYSE-5-MINUTE-LAST-EXTERNAL
2022-05-23 15:55:00,216.149993,216.199996,215.960006,215.964996,25602.0,UNP.NYSE-5-MINUTE-LAST-EXTERNAL
2022-05-23 19:55:00,216.410003,216.899993,216.240798,216.899993,178840.0,UNP.NYSE-5-MINUTE-LAST-EXTERNAL
2022-05-24 15:55:00,215.190002,215.559997,215.160507,215.309997,13120.0,UNP.NYSE-5-MINUTE-LAST-EXTERNAL
2022-05-24 19:55:00,216.630004,217.339996,216.550003,217.190002,130827.0,UNP.NYSE-5-MINUTE-LAST-EXTERNAL
2022-05-25 15:55:00,217.119995,217.455001,217.119995,217.199996,17456.0,UNP.NYSE-5-MINUTE-LAST-EXTERNAL
2022-05-25 19:55:00,217.460006,217.669998,217.304992,217.570007,118795.0,UNP.NYSE-5-MINUTE-LAST-EXTERNAL
2022-05-26 15:55:00,221.36,221.619995,221.320007,221.600006,10823.0,UNP.NYSE-5-MINUTE-LAST-EXTERNAL
2022-05-26 19:55:00,221.460006,221.520004,221.169998,221.289993,117130.0,UNP.NYSE-5-MINUTE-LAST-EXTERNAL
2022-05-27 15:55:00,221.414993,221.432098,221.179992,221.240005,11347.0,UNP.NYSE-5-MINUTE-LAST-EXTERNAL
2022-05-27 19:55:00,222.240005,222.559997,222.240005,222.449996,119176.0,UNP.NYSE-5-MINUTE-LAST-EXTERNAL
2022-05-31 15:55:00,220.479995,220.914993,220.479995,220.86,26807.0,UNP.NYSE-5-MINUTE-LAST-EXTERNAL
2022-05-31 19:55:00,219.869995,220.580001,219.449996,219.880004,249723.0,UNP.NYSE-5-MINUTE-LAST-EXTERNAL
2022-06-01 15:55:00,220.150604,220.199996,219.970001,220.009994,13964.0,UNP.NYSE-5-MINUTE-LAST-EXTERNAL
2022-06-01 19:55:00,221.86,221.86,221.199996,221.210006,145070.0,UNP.NYSE-5-MINUTE-LAST-EXTERNAL
2022-06-02 15:55:00,223.104995,223.229904,222.770004,222.899993,11367.0,UNP.NYSE-5-MINUTE-LAST-EXTERNAL
2022-06-02 19:55:00,225.589996,225.889999,225.259994,225.369995,171655.0,UNP.NYSE-5-MINUTE-LAST-EXTERNAL
2022-06-03 15:55:00,222.270004,222.939407,222.220001,222.929992,30198.0,UNP.NYSE-5-MINUTE-LAST-EXTERNAL
2022-06-03 19:55:00,224.460006,224.539993,223.919998,224.0,146040.0,UNP.NYSE-5-MINUTE-LAST-EXTERNAL
2022-06-06 15:55:00,225.535003,225.679992,225.350006,225.509994,10439.0,UNP.NYSE-5-MINUTE-LAST-EXTERNAL
2022-06-06 19:55:00,225.300003,225.449996,225.020004,225.070007,125100.0,UNP.NYSE-5-MINUTE-LAST-EXTERNAL
2022-06-07 15:55:00,227.169998,227.195007,226.309997,226.509994,32254.0,UNP.NYSE-5-MINUTE-LAST-EXTERNAL
2022-06-07 19:55:00,228.845001,229.059997,228.699996,228.729995,180658.0,UNP.NYSE-5-MINUTE-LAST-EXTERNAL
2022-06-08 15:55:00,222.570007,222.699996,222.479995,222.699996,9506.0,UNP.NYSE-5-MINUTE-LAST-EXTERNAL
2022-06-08 19:55:00,221.399993,221.759994,221.389999,221.625396,150055.0,UNP.NYSE-5-MINUTE-LAST-EXTERNAL
2022-06-09 15:55:00,221.449996,221.589996,221.369995,221.419998,7551.0,UNP.NYSE-5-MINUTE-LAST-EXTERNAL
2022-06-09 19:55:00,217.320007,217.460006,216.679992,216.699996,145880.0,UNP.NYSE-5-MINUTE-LAST-EXTERNAL
2022-06-10 15:55:00,211.160003,211.61,211.059997,211.445007,17472.0,UNP.NYSE-5-MINUTE-LAST-EXTERNAL
2022-06-10 19:55:00,211.720001,211.869995,211.0,211.009994,178356.0,UNP.NYSE-5-MINUTE-LAST-EXTERNAL
2022-06-13 15:55:00,206.550003,206.653594,206.100006,206.630004,23144.0,UNP.NYSE-5-MINUTE-LAST-EXTERNAL
2022-06-13 19:55:00,208.0,208.550003,207.949996,208.240005,218139.0,UNP.NYSE-5-MINUTE-LAST-EXTERNAL
2022-06-14 15:55:00,208.820007,209.039993,208.804992,208.910003,11802.0,UNP.NYSE-5-MINUTE-LAST-EXTERNAL
2022-06-14 19:55:00,208.460006,208.820007,208.330001,208.740005,173307.0,UNP.NYSE-5-MINUTE-LAST-EXTERNAL
2022-06-15 15:55:00,208.960006,209.149993,208.845001,208.929992,19689.0,UNP.NYSE-5-MINUTE-LAST-EXTERNAL
2022-06-15 19:55:00,209.800003,210.119995,209.720001,209.899993,134125.0,UNP.NYSE-5-MINUTE-LAST-EXTERNAL
2022-06-16 15:55:00,208.350006,208.729995,208.339996,208.725006,19521.0,UNP.NYSE-5-MINUTE-LAST-EXTERNAL
2022-06-16 19:55:00,207.639999,208.419998,207.429992,208.419998,183303.0,UNP.NYSE-5-MINUTE-LAST-EXTERNAL
2022-06-17 15:55:00,207.820007,208.070007,207.589996,207.880004,17314.0,UNP.NYSE-5-MINUTE-LAST-EXTERNAL
2022-06-17 19:55:00,206.559997,207.065002,206.419998,206.449996,290550.0,UNP.NYSE-5-MINUTE-LAST-EXTERNAL
2022-06-21 15:55:00,210.449996,210.619995,210.429992,210.429992,14164.0,UNP.NYSE-5-MINUTE-LAST-EXTERNAL
2022-06-21 19:55:00,209.835006,209.835006,209.300003,209.529998,149460.0,UNP.NYSE-5-MINUTE-LAST-EXTERNAL
2022-06-22 15:55:00,210.210006,210.470001,209.970001,210.0,16408.0,UNP.NYSE-5-MINUTE-LAST-EXTERNAL
2022-06-22 19:55:00,209.729995,209.740005,208.889999,208.889999,144639.0,UNP.NYSE-5-MINUTE-LAST-EXTERNAL
2022-06-23 15:55:00,209.339996,209.539993,209.169998,209.389999,80377.0,UNP.NYSE-5-MINUTE-LAST-EXTERNAL
2022-06-23 19:55:00,209.425003,209.850006,209.300003,209.690002,102717.0,UNP.NYSE-5-MINUTE-LAST-EXTERNAL
2022-06-24 15:55:00,217.630004,217.630004,217.259994,217.399993,16870.0,UNP.NYSE-5-MINUTE-LAST-EXTERNAL
2022-06-24 19:55:00,215.660003,215.889999,215.309997,215.889999,227981.0,UNP.NYSE-5-MINUTE-LAST-EXTERNAL
2022-06-27 15:55:00,214.259994,214.320007,214.100006,214.186996,11580.0,UNP.NYSE-5-MINUTE-LAST-EXTERNAL
2022-06-27 19:55:00,213.470001,213.929992,213.460006,213.910003,138920.0,UNP.NYSE-5-MINUTE-LAST-EXTERNAL
2022-06-28 15:55:00,215.380004,215.509994,215.240005,215.339996,29468.0,UNP.NYSE-5-MINUTE-LAST-EXTERNAL
2022-06-28 19:55:00,213.774993,213.774993,213.149993,213.440002,138175.0,UNP.NYSE-5-MINUTE-LAST-EXTERNAL
2022-06-29 15:55:00,212.990005,212.990005,212.550003,212.764999,12075.0,UNP.NYSE-5-MINUTE-LAST-EXTERNAL
2022-06-29 19:55:00,213.039993,213.410003,212.919998,212.990005,165175.0,UNP.NYSE-5-MINUTE-LAST-EXTERNAL
2022-06-30 15:55:00,211.669998,211.869995,211.61,211.785003,21588.0,UNP.NYSE-5-MINUTE-LAST-EXTERNAL
2022-06-30 19:55:00,212.449996,213.419998,212.309997,213.259994,165243.0,UNP.NYSE-5-MINUTE-LAST-EXTERNAL
2022-07-01 15:55:00,213.169998,213.399993,213.139999,213.389999,13762.0,UNP.NYSE-5-MINUTE-LAST-EXTERNAL
2022-07-01 19:55:00,215.050003,215.300003,214.929992,215.25,102244.0,UNP.NYSE-5-MINUTE-LAST-EXTERNAL
2022-07-05 15:55:00,209.800003,210.078994,209.664993,209.699996,9433.0,UNP.NYSE-5-MINUTE-LAST-EXTERNAL
2022-07-05 19:55:00,210.039993,210.210006,209.820007,210.190002,153903.0,UNP.NYSE-5-MINUTE-LAST-EXTERNAL
2022-07-06 15:55:00,207.889999,208.195007,207.800003,208.195007,17182.0,UNP.NYSE-5-MINUTE-LAST-EXTERNAL
2022-07-06 19:55:00,209.440002,209.720001,209.279998,209.699996,125845.0,UNP.NYSE-5-MINUTE-LAST-EXTERNAL
2022-07-07 15:55:00,210.744995,210.919998,210.729995,210.830001,9650.0,UNP.NYSE-5-MINUTE-LAST-EXTERNAL
2022-07-07 19:55:00,212.529998,212.725006,212.529998,212.639999,97655.0,UNP.NYSE-5-MINUTE-LAST-EXTERNAL
2022-07-08 15:55:00,207.820007,208.059997,207.779998,207.975006,28311.0,UNP.NYSE-5-MINUTE-LAST-EXTERNAL
2022-07-08 19:55:00,209.770004,209.934997,209.630004,209.690002,131657.0,UNP.NYSE-5-MINUTE-LAST-EXTERNAL
2022-07-11 15:55:00,210.139999,210.220001,209.975006,210.179992,18556.0,UNP.NYSE-5-MINUTE-LAST-EXTERNAL
2022-07-11 19:55:00,209.470001,210.020004,209.419998,209.940002,128535.0,UNP.NYSE-5-MINUTE-LAST-EXTERNAL
2022-07-12 15:55:00,205.725006,206.220001,205.639999,206.220001,32466.0,UNP.NYSE-5-MINUTE-LAST-EXTERNAL
2022-07-12 19:55:00,206.429992,206.630004,206.300003,206.61,175268.0,UNP.NYSE-5-MINUTE-LAST-EXTERNAL
2022-07-13 15:55:00,206.619995,206.75,206.559997,206.595001,13177.0,UNP.NYSE-5-MINUTE-LAST-EXTERNAL
2022-07-13 19:55:00,206.994995,207.244995,206.539993,206.634994,101626.0,UNP.NYSE-5-MINUTE-LAST-EXTERNAL
2022-07-14 15:55:00,205.050003,205.350006,204.929992,205.210006,12978.0,UNP.NYSE-5-MINUTE-LAST-EXTERNAL
2022-07-14 19:55:00,205.759994,205.970001,205.440002,205.5,185832.0,UNP.NYSE-5-MINUTE-LAST-EXTERNAL
2022-07-15 15:55:00,208.940002,209.134994,208.850006,208.889999,12016.0,UNP.NYSE-5-MINUTE-LAST-EXTERNAL
2022-07-15 19:55:00,208.979995,209.389999,208.789993,209.080001,245891.0,UNP.NYSE-5-MINUTE-LAST-EXTERNAL
2022-07-18 15:55:00,212.479995,212.695007,212.479995,212.600006,16079.0,UNP.NYSE-5-MINUTE-LAST-EXTERNAL
2022-07-18 19:55:00,210.279998,210.449996,210.089996,210.320007,92451.0,UNP.NYSE-5-MINUTE-LAST-EXTERNAL
2022-07-19 15:55:00,214.990005,215.408493,214.990005,215.408493,11441.0,UNP.NYSE-5-MINUTE-LAST-EXTERNAL
2022-07-19 19:55:00,216.910003,217.279998,216.669998,216.669998,157566.0,UNP.NYSE-5-MINUTE-LAST-EXTERNAL
2022-07-20 15:55:00,216.119995,216.25,216.0,216.070007,12913.0,UNP.NYSE-5-MINUTE-LAST-EXTERNAL
2022-07-20 19:55:00,214.940002,214.949996,214.089996,214.460006,297106.0,UNP.NYSE-5-MINUTE-LAST-EXTERNAL
2022-07-21 15:55:00,212.559997,212.615005,212.369995,212.380004,21627.0,UNP.NYSE-5-MINUTE-LAST-EXTERNAL
2022-07-21 19:55:00,211.824996,211.929992,211.559997,211.839996,242499.0,UNP.NYSE-5-MINUTE-LAST-EXTERNAL
2022-07-22 15:55:00,212.625,212.824996,212.520004,212.690002,16296.0,UNP.NYSE-5-MINUTE-LAST-EXTERNAL
2022-07-22 19:55:00,212.899002,213.460006,212.884994,213.460006,172654.0,UNP.NYSE-5-MINUTE-LAST-EXTERNAL
2022-07-25 15:55:00,216.429992,216.429992,216.149993,216.235,16083.0,UNP.NYSE-5-MINUTE-LAST-EXTERNAL
2022-07-25 19:55:00,217.235,217.570007,217.210006,217.440002,129538.0,UNP.NYSE-5-MINUTE-LAST-EXTERNAL
2022-07-26 15:55:00,216.244995,216.580001,216.179992,216.339996,17410.0,UNP.NYSE-5-MINUTE-LAST-EXTERNAL
2022-07-26 19:55:00,216.339996,216.389999,215.809997,216.039993,105263.0,UNP.NYSE-5-MINUTE-LAST-EXTERNAL
2022-07-27 15:55:00,218.020004,218.035003,217.828292,217.940002,11765.0,UNP.NYSE-5-MINUTE-LAST-EXTERNAL
2022-07-27 19:55:00,220.339996,220.410003,219.789993,219.850006,116114.0,UNP.NYSE-5-MINUTE-LAST-EXTERNAL
2022-07-28 15:55:00,221.36,221.710006,221.25,221.354995,24614.0,UNP.NYSE-5-MINUTE-LAST-EXTERNAL
2022-07-28 19:55:00,223.440002,223.889999,223.339996,223.75,142970.0,UNP.NYSE-5-MINUTE-LAST-EXTERNAL
2022-07-29 15:55:00,227.160003,227.190002,227.104995,227.119995,10324.0,UNP.NYSE-5-MINUTE-LAST-EXTERNAL
2022-07-29 19:55:00,227.690002,227.690002,227.220001,227.419998,173167.0,UNP.NYSE-5-MINUTE-LAST-EXTERNAL
2022-08-01 15:55:00,226.820007,227.050003,226.710006,226.940002,26862.0,UNP.NYSE-5-MINUTE-LAST-EXTERNAL
2022-08-01 19:55:00,227.11,227.240005,226.820007,227.125,110839.0,UNP.NYSE-5-MINUTE-LAST-EXTERNAL
2022-08-02 15:55:00,222.509994,222.520004,222.25,222.380004,15902.0,UNP.NYSE-5-MINUTE-LAST-EXTERNAL
2022-08-02 19:55:00,222.380004,222.550003,222.320007,222.550003,149503.0,UNP.NYSE-5-MINUTE-LAST-EXTERNAL
2022-08-03 15:55:00,225.520004,225.550003,225.235,225.270004,20326.0,UNP.NYSE-5-MINUTE-LAST-EXTERNAL
2022-08-03 19:55:00,226.11,226.160003,225.369995,225.410003,143249.0,UNP.NYSE-5-MINUTE-LAST-EXTERNAL
2022-08-04 15:55:00,228.304992,228.505004,228.020004,228.505004,28684.0,UNP.NYSE-5-MINUTE-LAST-EXTERNAL
2022-08-04 19:55:00,227.289993,227.429992,227.080001,227.350006,90222.0,UNP.NYSE-5-MINUTE-LAST-EXTERNAL
2022-08-05 15:55:00,227.240005,227.300003,227.029998,227.070007,10573.0,UNP.NYSE-5-MINUTE-LAST-EXTERNAL
2022-08-05 19:55:00,228.539993,228.779998,228.460006,228.619995,71287.0,UNP.NYSE-5-MINUTE-LAST-EXTERNAL
2022-08-08 15:55:00,228.720001,228.910003,228.570007,228.800003,13322.0,UNP.NYSE-5-MINUTE-LAST-EXTERNAL
2022-08-08 19:55:00,228.335006,228.335006,227.789993,227.850006,117675.0,UNP.NYSE-5-MINUTE-LAST-EXTERNAL
2022-08-09 15:55:00,229.36,229.36,229.11,229.139999,9268.0,UNP.NYSE-5-MINUTE-LAST-EXTERNAL
2022-08-09 19:55:00,228.380004,228.570007,228.220001,228.490005,100915.0,UNP.NYSE-5-MINUTE-LAST-EXTERNAL
2022-08-10 15:55:00,235.244995,235.244995,234.770004,234.880004,20543.0,UNP.NYSE-5-MINUTE-LAST-EXTERNAL
2022-08-10 19:55:00,235.740005,235.830001,235.440002,235.679992,107657.0,UNP.NYSE-5-MINUTE-LAST-EXTERNAL
2022-08-11 15:55:00,241.369995,241.440002,241.119995,241.369995,42538.0,UNP.NYSE-5-MINUTE-LAST-EXTERNAL
2022-08-11 19:55:00,239.369995,239.460006,239.139999,239.369995,170053.0,UNP.NYSE-5-MINUTE-LAST-EXTERNAL
2022-08-12 15:55:00,239.300003,239.440002,239.300003,239.345001,11556.0,UNP.NYSE-5-MINUTE-LAST-EXTERNAL
2022-08-12 19:55:00,239.61,240.039993,239.419998,239.880004,165807.0,UNP.NYSE-5-MINUTE-LAST-EXTERNAL
2022-08-15 15:55:00,237.839996,238.009994,237.647003,237.647003,19252.0,UNP.NYSE-5-MINUTE-LAST-EXTERNAL
2022-08-15 19:55:00,237.884994,238.25,237.619995,238.179992,153559.0,UNP.NYSE-5-MINUTE-LAST-EXTERNAL
2022-08-16 15:55:00,240.585006,240.75,240.520004,240.690002,12719.0,UNP.NYSE-5-MINUTE-LAST-EXTERNAL
2022-08-16 19:55:00,241.578903,241.589996,241.240005,241.380004,145918.0,UNP.NYSE-5-MINUTE-LAST-EXTERNAL
2022-08-17 15:55:00,238.395004,238.440002,238.330001,238.380004,11752.0,UNP.NYSE-5-MINUTE-LAST-EXTERNAL
2022-08-17 19:55:00,240.815002,241.080001,240.740005,240.899993,112372.0,UNP.NYSE-5-MINUTE-LAST-EXTERNAL
2022-08-18 15:55:00,240.889999,240.970001,240.701004,240.820007,11201.0,UNP.NYSE-5-MINUTE-LAST-EXTERNAL
2022-08-18 19:55:00,241.720001,241.970001,241.619995,241.940002,128366.0,UNP.NYSE-5-MINUTE-LAST-EXTERNAL
2022-08-19 15:55:00,239.5,239.509994,239.235,239.320007,9588.0,UNP.NYSE-5-MINUTE-LAST-EXTERNAL
2022-08-19 19:55:00,238.529998,238.690002,238.399993,238.449996,104312.0,UNP.NYSE-5-MINUTE-LAST-EXTERNAL
2022-08-22 15:55:00,237.160003,237.270004,237.050003,237.160003,13817.0,UNP.NYSE-5-MINUTE-LAST-EXTERNAL
2022-08-22 19:55:00,237.589996,237.600006,237.270004,237.544998,106462.0,UNP.NYSE-5-MINUTE-LAST-EXTERNAL
2022-08-23 15:55:00,237.820007,237.820007,237.520004,237.520004,13103.0,UNP.NYSE-5-MINUTE-LAST-EXTERNAL
2022-08-23 19:55:00,237.789993,237.970001,237.649993,237.649993,84289.0,UNP.NYSE-5-MINUTE-LAST-EXTERNAL
2022-08-24 15:55:00,238.889999,238.960006,238.729995,238.740005,53924.0,UNP.NYSE-5-MINUTE-LAST-EXTERNAL
2022-08-24 19:55:00,238.520004,238.520004,238.190002,238.350006,113327.0,UNP.NYSE-5-MINUTE-LAST-EXTERNAL
2022-08-25 15:55:00,238.229995,238.36,238.11,238.300003,9369.0,UNP.NYSE-5-MINUTE-LAST-EXTERNAL
2022-08-25 19:55:00,238.520004,239.169998,238.5,239.139999,113116.0,UNP.NYSE-5-MINUTE-LAST-EXTERNAL
2022-08-26 15:55:00,234.770004,234.770004,234.145004,234.145004,15505.0,UNP.NYSE-5-MINUTE-LAST-EXTERNAL
2022-08-26 19:55:00,231.11,231.695007,231.080001,231.320007,131335.0,UNP.NYSE-5-MINUTE-LAST-EXTERNAL
2022-08-29 15:55:00,231.949996,232.190002,231.940002,232.160003,19321.0,UNP.NYSE-5-MINUTE-LAST-EXTERNAL
2022-08-29 19:55:00,233.059997,233.059997,232.399993,232.509994,146573.0,UNP.NYSE-5-MINUTE-LAST-EXTERNAL
2022-08-30 15:55:00,226.25,226.279998,226.059997,226.257507,20616.0,UNP.NYSE-5-MINUTE-LAST-EXTERNAL
2022-08-30 19:55:00,224.710006,225.380004,224.520004,225.320007,230619.0,UNP.NYSE-5-MINUTE-LAST-EXTERNAL
2022-08-31 15:55:00,225.690002,225.929992,225.589996,225.839996,11523.0,UNP.NYSE-5-MINUTE-LAST-EXTERNAL
2022-08-31 19:55:00,224.979995,225.020004,224.270004,224.520004,152221.0,UNP.NYSE-5-MINUTE-LAST-EXTERNAL
2022-09-01 15:55:00,225.529998,225.5708,225.259994,225.464996,25433.0,UNP.NYSE-5-MINUTE-LAST-EXTERNAL
2022-09-01 19:55:00,225.320007,226.190002,225.270004,225.990005,129550.0,UNP.NYSE-5-MINUTE-LAST-EXTERNAL
2022-09-02 15:55:00,227.419998,227.529998,227.369995,227.5,8686.0,UNP.NYSE-5-MINUTE-LAST-EXTERNAL
2022-09-02 19:55:00,223.955001,224.169998,223.630004,224.009994,106885.0,UNP.NYSE-5-MINUTE-LAST-EXTERNAL
2022-09-06 15:55:00,229.240005,229.380004,229.11,229.149993,7545.0,UNP.NYSE-5-MINUTE-LAST-EXTERNAL
2022-09-06 19:55:00,227.720001,228.199996,227.25,227.979995,212286.0,UNP.NYSE-5-MINUTE-LAST-EXTERNAL
2022-09-07 15:55:00,228.809997,228.880004,228.5,228.5,16825.0,UNP.NYSE-5-MINUTE-LAST-EXTERNAL
2022-09-07 19:55:00,228.854995,228.889999,228.429992,228.789993,172041.0,UNP.NYSE-5-MINUTE-LAST-EXTERNAL
2022-09-08 15:55:00,228.839996,229.059997,228.839996,229.005004,13510.0,UNP.NYSE-5-MINUTE-LAST-EXTERNAL
2022-09-08 19:55:00,230.060104,230.460006,229.9552,230.320007,113658.0,UNP.NYSE-5-MINUTE-LAST-EXTERNAL
2022-09-09 15:55:00,231.919998,232.020004,231.850006,231.889999,8264.0,UNP.NYSE-5-MINUTE-LAST-EXTERNAL
2022-09-09 19:55:00,232.220001,232.25,231.660003,231.699996,182773.0,UNP.NYSE-5-MINUTE-LAST-EXTERNAL
2022-09-12 15:55:00,233.210006,233.330001,232.839996,233.259994,18881.0,UNP.NYSE-5-MINUTE-LAST-EXTERNAL
2022-09-12 19:55:00,233.940002,234.210006,233.800003,234.190002,161839.0,UNP.NYSE-5-MINUTE-LAST-EXTERNAL
2022-09-13 15:55:00,229.054992,229.100006,228.744995,228.820007,22571.0,UNP.NYSE-5-MINUTE-LAST-EXTERNAL
2022-09-13 19:55:00,226.339996,226.869995,226.065002,226.169998,177441.0,UNP.NYSE-5-MINUTE-LAST-EXTERNAL
2022-09-14 15:55:00,216.179992,216.539993,215.005004,215.089996,62013.0,UNP.NYSE-5-MINUTE-LAST-EXTERNAL
2022-09-14 19:55:00,217.910003,218.130004,217.570007,217.949996,323357.0,UNP.NYSE-5-MINUTE-LAST-EXTERNAL
2022-09-15 15:55:00,222.464996,222.509994,221.759994,222.070007,27147.0,UNP.NYSE-5-MINUTE-LAST-EXTERNAL
2022-09-15 19:55:00,218.5,218.649993,218.160003,218.36,202045.0,UNP.NYSE-5-MINUTE-LAST-EXTERNAL
2022-09-16 15:55:00,209.994995,210.139999,209.865005,210.139999,32641.0,UNP.NYSE-5-MINUTE-LAST-EXTERNAL
2022-09-16 19:55:00,211.86,212.220001,211.820007,211.850006,317156.0,UNP.NYSE-5-MINUTE-LAST-EXTERNAL
2022-09-19 15:55:00,213.544998,213.615005,213.154998,213.214996,15981.0,UNP.NYSE-5-MINUTE-LAST-EXTERNAL
2022-09-19 19:55:00,216.0,216.220001,215.800003,216.190002,150409.0,UNP.NYSE-5-MINUTE-LAST-EXTERNAL
2022-09-20 15:55:00,213.100006,213.330001,213.039993,213.25,11998.0,UNP.NYSE-5-MINUTE-LAST-EXTERNAL
2022-09-20 19:55:00,213.160003,213.410003,213.134994,213.259994,165168.0,UNP.NYSE-5-MINUTE-LAST-EXTERNAL
2022-09-21 15:55:00,216.0,216.115005,215.934997,216.009994,10324.0,UNP.NYSE-5-MINUTE-LAST-EXTERNAL
2022-09-21 19:55:00,212.330001,212.339996,211.759994,211.759994,112075.0,UNP.NYSE-5-MINUTE-LAST-EXTERNAL
2022-09-22 15:55:00,209.940002,210.050003,209.479995,209.580001,10350.0,UNP.NYSE-5-MINUTE-LAST-EXTERNAL
2022-09-22 19:55:00,209.779907,209.830001,208.970001,208.990005,208481.0,UNP.NYSE-5-MINUTE-LAST-EXTERNAL
2022-09-23 15:55:00,204.720001,205.009994,204.720001,204.964996,17622.0,UNP.NYSE-5-MINUTE-LAST-EXTERNAL
2022-09-23 19:55:00,203.804992,204.119995,203.339996,203.990005,166565.0,UNP.NYSE-5-MINUTE-LAST-EXTERNAL
2022-09-26 15:55:00,200.875,201.429992,200.854995,201.225006,15624.0,UNP.NYSE-5-MINUTE-LAST-EXTERNAL
2022-09-26 19:55:00,201.869995,201.869995,200.779998,201.029998,258192.0,UNP.NYSE-5-MINUTE-LAST-EXTERNAL
2022-09-27 15:55:00,198.380004,198.399993,198.139999,198.259994,47794.0,UNP.NYSE-5-MINUTE-LAST-EXTERNAL
2022-09-27 19:55:00,197.279998,197.429992,196.960006,197.220001,400257.0,UNP.NYSE-5-MINUTE-LAST-EXTERNAL
2022-09-28 15:55:00,201.36,201.5,201.119995,201.270004,22193.0,UNP.NYSE-5-MINUTE-LAST-EXTERNAL
2022-09-28 19:55:00,202.804992,202.86,201.690002,201.899993,307554.0,UNP.NYSE-5-MINUTE-LAST-EXTERNAL
2022-09-29 15:55:00,199.889999,200.0083,199.699996,199.75,12742.0,UNP.NYSE-5-MINUTE-LAST-EXTERNAL
2022-09-29 19:55:00,199.0,199.440002,198.869995,199.190002,140157.0,UNP.NYSE-5-MINUTE-LAST-EXTERNAL
2022-09-30 15:55:00,197.179992,197.304794,197.169006,197.220001,18248.0,UNP.NYSE-5-MINUTE-LAST-EXTERNAL
2022-09-30 19:55:00,195.070007,195.11,194.729995,195.029998,300398.0,UNP.NYSE-5-MINUTE-LAST-EXTERNAL
2022-10-03 15:55:00,199.539993,199.589996,199.339996,199.419998,14056.0,UNP.NYSE-5-MINUTE-LAST-EXTERNAL
2022-10-03 19:55:00,200.259994,200.380004,199.979995,200.309997,220141.0,UNP.NYSE-5-MINUTE-LAST-EXTERNAL
2022-10-04 15:55:00,203.710006,203.899993,203.589996,203.880004,12837.0,UNP.NYSE-5-MINUTE-LAST-EXTERNAL
2022-10-04 19:55:00,205.25,205.399993,205.009994,205.389999,212961.0,UNP.NYSE-5-MINUTE-LAST-EXTERNAL
2022-10-05 15:55:00,200.024993,200.270004,200.014999,200.190002,15546.0,UNP.NYSE-5-MINUTE-LAST-EXTERNAL
2022-10-05 19:55:00,200.544998,200.770004,200.309997,200.770004,203994.0,UNP.NYSE-5-MINUTE-LAST-EXTERNAL
2022-10-06 15:55:00,200.979995,201.089996,200.25,200.339996,20582.0,UNP.NYSE-5-MINUTE-LAST-EXTERNAL
2022-10-06 19:55:00,198.380004,198.509994,198.070007,198.220001,178930.0,UNP.NYSE-5-MINUTE-LAST-EXTERNAL
2022-10-07 15:55:00,195.619995,195.699996,195.440002,195.589996,10000.0,UNP.NYSE-5-MINUTE-LAST-EXTERNAL
2022-10-07 19:55:00,195.039993,195.830001,194.990005,195.639999,346464.0,UNP.NYSE-5-MINUTE-LAST-EXTERNAL
2022-10-10 15:55:00,195.449996,195.520004,195.220001,195.279998,10020.0,UNP.NYSE-5-MINUTE-LAST-EXTERNAL
2022-10-10 19:55:00,194.25,194.270004,193.960006,194.050003,246259.0,UNP.NYSE-5-MINUTE-LAST-EXTERNAL
2022-10-11 15:55:00,194.289993,194.399993,194.195007,194.320007,10023.0,UNP.NYSE-5-MINUTE-LAST-EXTERNAL
2022-10-11 19:55:00,192.559997,192.809997,192.399993,192.619995,176512.0,UNP.NYSE-5-MINUTE-LAST-EXTERNAL
2022-10-12 15:55:00,194.375,194.615005,194.369995,194.574996,18830.0,UNP.NYSE-5-MINUTE-LAST-EXTERNAL
2022-10-12 19:55:00,192.429992,192.429992,191.919998,192.009994,163686.0,UNP.NYSE-5-MINUTE-LAST-EXTERNAL
2022-10-13 15:55:00,194.589996,194.800003,194.330001,194.550003,18457.0,UNP.NYSE-5-MINUTE-LAST-EXTERNAL
2022-10-13 19:55:00,197.160003,197.179992,196.699996,196.830001,192216.0,UNP.NYSE-5-MINUTE-LAST-EXTERNAL
2022-10-14 15:55:00,194.25,194.399993,194.065002,194.065002,13941.0,UNP.NYSE-5-MINUTE-LAST-EXTERNAL
2022-10-14 19:55:00,194.229995,194.229995,193.595001,194.089996,208848.0,UNP.NYSE-5-MINUTE-LAST-EXTERNAL
2022-10-17 15:55:00,199.0,199.005004,198.585006,198.720001,33088.0,UNP.NYSE-5-MINUTE-LAST-EXTERNAL
2022-10-17 19:55:00,199.039993,199.100006,198.399993,198.639999,182093.0,UNP.NYSE-5-MINUTE-LAST-EXTERNAL
2022-10-18 15:55:00,200.240005,200.259994,199.964996,200.050003,19929.0,UNP.NYSE-5-MINUTE-LAST-EXTERNAL
2022-10-18 19:55:00,201.315002,201.800003,201.259994,201.729995,114084.0,UNP.NYSE-5-MINUTE-LAST-EXTERNAL
2022-10-19 15:55:00,201.220001,201.235,200.820007,200.820007,11223.0,UNP.NYSE-5-MINUTE-LAST-EXTERNAL
2022-10-19 19:55:00,200.070007,200.225006,199.839996,200.11,155128.0,UNP.NYSE-5-MINUTE-LAST-EXTERNAL
2022-10-20 15:55:00,191.048202,191.070007,190.660003,190.770004,52400.0,UNP.NYSE-5-MINUTE-LAST-EXTERNAL
2022-10-20 19:55:00,186.929992,187.054992,186.130004,186.419998,465582.0,UNP.NYSE-5-MINUTE-LAST-EXTERNAL
2022-10-21 15:55:00,187.024597,187.699996,187.0,187.699996,31803.0,UNP.NYSE-5-MINUTE-LAST-EXTERNAL
2022-10-21 19:55:00,190.199996,190.559997,190.089996,190.559997,334875.0,UNP.NYSE-5-MINUTE-LAST-EXTERNAL
2022-10-24 15:55:00,194.460006,194.675003,194.460006,194.649993,24013.0,UNP.NYSE-5-MINUTE-LAST-EXTERNAL
2022-10-24 19:55:00,193.36,193.589996,193.259994,193.529998,136098.0,UNP.NYSE-5-MINUTE-LAST-EXTERNAL
2022-10-25 15:55:00,194.085006,194.169998,193.809997,193.809997,27063.0,UNP.NYSE-5-MINUTE-LAST-EXTERNAL
2022-10-25 19:55:00,194.649993,194.889999,194.449996,194.649993,192020.0,UNP.NYSE-5-MINUTE-LAST-EXTERNAL
2022-10-26 15:55:00,197.440002,197.5,197.139999,197.458099,30776.0,UNP.NYSE-5-MINUTE-LAST-EXTERNAL
2022-10-26 19:55:00,196.080001,196.300003,195.559997,195.830001,244607.0,UNP.NYSE-5-MINUTE-LAST-EXTERNAL
2022-10-27 15:55:00,198.179992,198.270004,197.940002,198.100006,11452.0,UNP.NYSE-5-MINUTE-LAST-EXTERNAL
2022-10-27 19:55:00,195.899993,196.059997,195.580001,196.020004,178511.0,UNP.NYSE-5-MINUTE-LAST-EXTERNAL
2022-10-28 15:55:00,195.850006,195.899993,195.61,195.699996,22528.0,UNP.NYSE-5-MINUTE-LAST-EXTERNAL
2022-10-28 19:55:00,198.464996,198.839996,198.339996,198.619995,322579.0,UNP.NYSE-5-MINUTE-LAST-EXTERNAL
2022-10-31 15:55:00,198.080001,198.399993,197.589996,197.770004,30938.0,UNP.NYSE-5-MINUTE-LAST-EXTERNAL
2022-10-31 19:55:00,197.175003,197.36,197.050003,197.11,206325.0,UNP.NYSE-5-MINUTE-LAST-EXTERNAL
2022-11-01 15:55:00,195.345001,195.5,195.210006,195.225006,49914.0,UNP.NYSE-5-MINUTE-LAST-EXTERNAL
2022-11-01 19:55:00,196.820007,196.929992,196.725006,196.75,239304.0,UNP.NYSE-5-MINUTE-LAST-EXTERNAL
2022-11-02 15:55:00,197.895004,198.059997,197.690002,197.720001,13462.0,UNP.NYSE-5-MINUTE-LAST-EXTERNAL
2022-11-02 19:55:00,192.419998,192.779998,192.199996,192.470001,251800.0,UNP.NYSE-5-MINUTE-LAST-EXTERNAL
2022-11-03 15:55:00,194.169998,194.259994,194.119995,194.220001,10530.0,UNP.NYSE-5-MINUTE-LAST-EXTERNAL
2022-11-03 19:55:00,193.740005,193.789901,193.190002,193.220001,383326.0,UNP.NYSE-5-MINUTE-LAST-EXTERNAL
2022-11-04 15:55:00,195.589996,195.669998,195.259994,195.259994,17229.0,UNP.NYSE-5-MINUTE-LAST-EXTERNAL
2022-11-04 19:55:00,197.169998,197.300003,196.570007,196.789993,413728.0,UNP.NYSE-5-MINUTE-LAST-EXTERNAL
2022-11-07 15:55:00,196.179992,196.270004,196.089996,196.139999,25670.0,UNP.NYSE-5-MINUTE-LAST-EXTERNAL
2022-11-07 19:55:00,197.039993,197.11,196.830001,196.830001,33008.0,UNP.NYSE-5-MINUTE-LAST-EXTERNAL
2022-11-07 21:00:00,196.300003,196.300003,196.300003,196.300003,386723.0,UNP.NYSE-5-MINUTE-LAST-EXTERNAL
2022-11-08 15:55:00,200.289993,200.460006,200.160003,200.350006,17725.0,UNP.NYSE-5-MINUTE-LAST-EXTERNAL
2022-11-08 19:55:00,203.809997,204.309906,203.779998,204.009902,40243.0,UNP.NYSE-5-MINUTE-LAST-EXTERNAL
2022-11-08 21:00:00,204.009994,204.009994,204.009994,204.009994,402382.0,UNP.NYSE-5-MINUTE-LAST-EXTERNAL
2022-11-09 15:55:00,202.740005,203.020004,202.470001,202.889999,60927.0,UNP.NYSE-5-MINUTE-LAST-EXTERNAL
2022-11-09 19:55:00,202.544998,202.580001,202.304992,202.309997,63727.0,UNP.NYSE-5-MINUTE-LAST-EXTERNAL
2022-11-09 21:00:00,203.410003,203.410003,203.410003,203.410003,417181.0,UNP.NYSE-5-MINUTE-LAST-EXTERNAL
2022-11-10 15:55:00,211.664993,211.940002,211.619995,211.800003,35367.0,UNP.NYSE-5-MINUTE-LAST-EXTERNAL
2022-11-10 19:55:00,212.619995,212.869995,212.550003,212.841293,33118.0,UNP.NYSE-5-MINUTE-LAST-EXTERNAL
2022-11-10 21:00:00,212.990005,212.990005,212.990005,212.990005,425805.0,UNP.NYSE-5-MINUTE-LAST-EXTERNAL
2022-11-11 15:55:00,218.434997,218.470001,217.600006,217.949996,98099.0,UNP.NYSE-5-MINUTE-LAST-EXTERNAL
2022-11-11 19:55:00,218.350006,218.660003,218.339996,218.529998,51873.0,UNP.NYSE-5-MINUTE-LAST-EXTERNAL
2022-11-11 21:00:00,217.5,217.5,217.5,217.5,296691.0,UNP.NYSE-5-MINUTE-LAST-EXTERNAL
2022-11-14 15:55:00,221.039993,221.039993,220.595001,220.804992,38876.0,UNP.NYSE-5-MINUTE-LAST-EXTERNAL
2022-11-14 19:55:00,219.505004,219.669998,219.449996,219.619995,49049.0,UNP.NYSE-5-MINUTE-LAST-EXTERNAL
2022-11-14 21:00:00,216.949996,216.949996,216.949996,216.949996,273206.0,UNP.NYSE-5-MINUTE-LAST-EXTERNAL
2022-11-15 15:55:00,214.820007,215.119995,214.550003,214.720001,54588.0,UNP.NYSE-5-MINUTE-LAST-EXTERNAL
2022-11-15 19:55:00,210.774993,211.36,210.710006,211.100006,70913.0,UNP.NYSE-5-MINUTE-LAST-EXTERNAL
2022-11-15 21:00:00,210.660003,210.660003,210.660003,210.660003,391781.0,UNP.NYSE-5-MINUTE-LAST-EXTERNAL
2022-11-16 15:55:00,212.595001,212.740005,212.410003,212.470001,17032.0,UNP.NYSE-5-MINUTE-LAST-EXTERNAL
2022-11-16 19:55:00,211.979995,212.070007,211.880004,212.050003,19253.0,UNP.NYSE-5-MINUTE-LAST-EXTERNAL
2022-11-16 21:00:00,212.270004,212.270004,212.270004,212.270004,378516.0,UNP.NYSE-5-MINUTE-LAST-EXTERNAL
2022-11-17 15:55:00,207.300003,207.899993,207.149993,207.830001,40709.0,UNP.NYSE-5-MINUTE-LAST-EXTERNAL
2022-11-17 19:55:00,208.789993,209.115005,208.740005,209.054992,23603.0,UNP.NYSE-5-MINUTE-LAST-EXTERNAL
2022-11-17 21:00:00,209.820007,209.820007,209.820007,209.820007,480636.0,UNP.NYSE-5-MINUTE-LAST-EXTERNAL
2022-11-18 15:55:00,210.210006,210.289993,209.945007,210.107498,16084.0,UNP.NYSE-5-MINUTE-LAST-EXTERNAL
2022-11-18 19:55:00,210.964996,211.039993,210.929992,210.964996,22711.0,UNP.NYSE-5-MINUTE-LAST-EXTERNAL
2022-11-18 21:00:00,210.580001,210.580001,210.580001,210.580001,230721.0,UNP.NYSE-5-MINUTE-LAST-EXTERNAL
2022-11-21 15:55:00,210.809997,211.11,210.750106,211.0,27756.0,UNP.NYSE-5-MINUTE-LAST-EXTERNAL
2022-11-21 19:55:00,212.270004,212.389999,212.270004,212.270004,20669.0,UNP.NYSE-5-MINUTE-LAST-EXTERNAL
2022-11-21 21:00:00,212.270004,212.270004,212.270004,212.270004,153501.0,UNP.NYSE-5-MINUTE-LAST-EXTERNAL
2022-11-22 15:55:00,214.970001,215.320007,214.740005,214.779998,19061.0,UNP.NYSE-5-MINUTE-LAST-EXTERNAL
2022-11-22 19:55:00,213.205001,213.205001,213.039993,213.073806,12812.0,UNP.NYSE-5-MINUTE-LAST-EXTERNAL
2022-11-22 21:00:00,213.199996,213.199996,213.199996,213.199996,164508.0,UNP.NYSE-5-MINUTE-LAST-EXTERNAL
2022-11-23 15:55:00,211.690002,211.699996,211.574996,211.589996,16095.0,UNP.NYSE-5-MINUTE-LAST-EXTERNAL
2022-11-23 19:55:00,211.875,211.970001,211.820007,211.86,14965.0,UNP.NYSE-5-MINUTE-LAST-EXTERNAL
2022-11-23 21:00:00,212.520004,212.520004,212.520004,212.520004,137002.0,UNP.NYSE-5-MINUTE-LAST-EXTERNAL
2022-11-25 15:55:00,214.789993,214.975006,214.660003,214.839996,38769.0,UNP.NYSE-5-MINUTE-LAST-EXTERNAL
2022-11-25 18:00:00,213.330001,213.330001,213.330001,213.330001,8591.0,UNP.NYSE-5-MINUTE-LAST-EXTERNAL
2022-11-28 15:55:00,211.210006,211.309997,211.050003,211.074996,40672.0,UNP.NYSE-5-MINUTE-LAST-EXTERNAL
2022-11-28 19:55:00,208.244995,208.244995,207.990005,207.990005,23489.0,UNP.NYSE-5-MINUTE-LAST-EXTERNAL
2022-11-28 21:00:00,208.520004,208.520004,208.520004,208.520004,247673.0,UNP.NYSE-5-MINUTE-LAST-EXTERNAL
2022-11-29 15:55:00,210.869995,211.190002,210.850006,211.164993,27325.0,UNP.NYSE-5-MINUTE-LAST-EXTERNAL
2022-11-29 19:55:00,212.345001,212.5643,212.345001,212.505599,14358.0,UNP.NYSE-5-MINUTE-LAST-EXTERNAL
2022-11-29 21:00:00,212.770004,212.770004,212.770004,212.770004,168688.0,UNP.NYSE-5-MINUTE-LAST-EXTERNAL
2022-11-30 15:55:00,211.675003,211.964996,211.675003,211.779998,24159.0,UNP.NYSE-5-MINUTE-LAST-EXTERNAL
2022-11-30 19:55:00,216.11,216.490005,216.050003,216.490005,22922.0,UNP.NYSE-5-MINUTE-LAST-EXTERNAL
2022-11-30 21:00:00,217.429992,217.429992,217.429992,217.429992,382069.0,UNP.NYSE-5-MINUTE-LAST-EXTERNAL
2022-12-01 15:55:00,215.190002,215.669998,214.940002,215.5,29995.0,UNP.NYSE-5-MINUTE-LAST-EXTERNAL
2022-12-01 19:55:00,215.86,215.880004,215.770004,215.880004,15755.0,UNP.NYSE-5-MINUTE-LAST-EXTERNAL
2022-12-01 21:00:00,215.929992,215.929992,215.929992,215.929992,171402.0,UNP.NYSE-5-MINUTE-LAST-EXTERNAL
2022-12-02 15:55:00,214.766998,215.0,214.705001,214.880004,14608.0,UNP.NYSE-5-MINUTE-LAST-EXTERNAL
2022-12-02 19:55:00,214.850006,215.179992,214.850006,215.139999,26521.0,UNP.NYSE-5-MINUTE-LAST-EXTERNAL
2022-12-02 21:00:00,214.729995,214.729995,214.729995,214.729995,117369.0,UNP.NYSE-5-MINUTE-LAST-EXTERNAL
2022-12-05 15:55:00,211.470001,211.509994,211.289993,211.460006,12539.0,UNP.NYSE-5-MINUTE-LAST-EXTERNAL
2022-12-05 19:55:00,210.990005,211.149993,210.880004,211.085006,14909.0,UNP.NYSE-5-MINUTE-LAST-EXTERNAL
2022-12-05 21:00:00,211.059997,211.059997,211.059997,211.059997,156383.0,UNP.NYSE-5-MINUTE-LAST-EXTERNAL
2022-12-06 15:55:00,209.669998,209.779998,209.460006,209.690704,24132.0,UNP.NYSE-5-MINUTE-LAST-EXTERNAL
2022-12-06 19:55:00,209.259994,209.350006,209.149993,209.175003,22849.0,UNP.NYSE-5-MINUTE-LAST-EXTERNAL
2022-12-06 21:00:00,211.139999,211.139999,211.139999,211.139999,178822.0,UNP.NYSE-5-MINUTE-LAST-EXTERNAL
2022-12-07 15:55:00,214.070007,214.089996,213.839996,213.935897,38201.0,UNP.NYSE-5-MINUTE-LAST-EXTERNAL
2022-12-07 19:55:00,212.184997,212.369995,212.11,212.369995,25951.0,UNP.NYSE-5-MINUTE-LAST-EXTERNAL
2022-12-07 21:00:00,212.220001,212.220001,212.220001,212.220001,145330.0,UNP.NYSE-5-MINUTE-LAST-EXTERNAL
2022-12-08 15:55:00,214.460006,214.559997,214.330001,214.479995,11564.0,UNP.NYSE-5-MINUTE-LAST-EXTERNAL
2022-12-08 19:55:00,212.520004,212.580001,212.339996,212.339996,12268.0,UNP.NYSE-5-MINUTE-LAST-EXTERNAL
2022-12-08 21:00:00,213.029998,213.029998,213.029998,213.029998,107162.0,UNP.NYSE-5-MINUTE-LAST-EXTERNAL
2022-12-09 15:55:00,212.149993,212.270004,212.100006,212.130004,25014.0,UNP.NYSE-5-MINUTE-LAST-EXTERNAL
2022-12-09 19:55:00,212.279998,212.330001,212.149993,212.199996,13394.0,UNP.NYSE-5-MINUTE-LAST-EXTERNAL
2022-12-09 21:00:00,211.350006,211.350006,211.350006,211.350006,90163.0,UNP.NYSE-5-MINUTE-LAST-EXTERNAL
2022-12-12 15:55:00,212.020004,212.389999,211.929992,212.259994,30409.0,UNP.NYSE-5-MINUTE-LAST-EXTERNAL
2022-12-12 19:55:00,214.018997,214.160003,214.009994,214.039993,24973.0,UNP.NYSE-5-MINUTE-LAST-EXTERNAL
2022-12-12 21:00:00,215.830001,215.830001,215.830001,215.830001,161187.0,UNP.NYSE-5-MINUTE-LAST-EXTERNAL
2022-12-13 15:55:00,217.779998,217.86,217.429992,217.524993,21816.0,UNP.NYSE-5-MINUTE-LAST-EXTERNAL
2022-12-13 19:55:00,217.539993,217.563003,217.309997,217.419998,12113.0,UNP.NYSE-5-MINUTE-LAST-EXTERNAL
2022-12-13 21:00:00,218.020004,218.020004,218.020004,218.020004,177899.0,UNP.NYSE-5-MINUTE-LAST-EXTERNAL
2022-12-14 15:55:00,220.955001,221.050003,220.729995,221.014999,19790.0,UNP.NYSE-5-MINUTE-LAST-EXTERNAL
2022-12-14 19:55:00,217.759994,217.970001,217.309997,217.770004,19636.0,UNP.NYSE-5-MINUTE-LAST-EXTERNAL
2022-12-14 21:00:00,217.580001,217.580001,217.580001,217.580001,245479.0,UNP.NYSE-5-MINUTE-LAST-EXTERNAL
2022-12-15 15:55:00,213.25,213.270004,212.940002,213.100006,28577.0,UNP.NYSE-5-MINUTE-LAST-EXTERNAL
2022-12-15 19:55:00,211.830001,212.137893,211.729995,212.137893,21376.0,UNP.NYSE-5-MINUTE-LAST-EXTERNAL
2022-12-15 21:00:00,212.309997,212.309997,212.309997,212.309997,196541.0,UNP.NYSE-5-MINUTE-LAST-EXTERNAL
2022-12-16 15:55:00,208.220001,208.475006,208.169998,208.475006,15363.0,UNP.NYSE-5-MINUTE-LAST-EXTERNAL
2022-12-16 19:55:00,209.440002,209.845001,209.440002,209.699996,35066.0,UNP.NYSE-5-MINUTE-LAST-EXTERNAL
2022-12-16 21:00:00,210.210006,210.210006,210.210006,210.210006,200696.0,UNP.NYSE-5-MINUTE-LAST-EXTERNAL
2022-12-19 15:55:00,209.139999,209.240005,208.419998,208.449996,41169.0,UNP.NYSE-5-MINUTE-LAST-EXTERNAL
2022-12-19 19:55:00,205.464996,205.600006,205.259994,205.369995,30444.0,UNP.NYSE-5-MINUTE-LAST-EXTERNAL
2022-12-19 21:00:00,206.389999,206.389999,206.389999,206.389999,211926.0,UNP.NYSE-5-MINUTE-LAST-EXTERNAL
2022-12-20 15:55:00,205.365005,205.854995,205.365005,205.539993,27750.0,UNP.NYSE-5-MINUTE-LAST-EXTERNAL
2022-12-20 19:55:00,205.779998,205.820007,205.660003,205.735,25403.0,UNP.NYSE-5-MINUTE-LAST-EXTERNAL
2022-12-20 21:00:00,205.410003,205.410003,205.410003,205.410003,274052.0,UNP.NYSE-5-MINUTE-LAST-EXTERNAL
2022-12-21 15:55:00,208.270004,208.589996,208.214996,208.554992,18392.0,UNP.NYSE-5-MINUTE-LAST-EXTERNAL
2022-12-21 19:55:00,207.869995,208.139999,207.759994,208.100006,15015.0,UNP.NYSE-5-MINUTE-LAST-EXTERNAL
2022-12-21 21:00:00,208.419998,208.419998,208.419998,208.419998,172496.0,UNP.NYSE-5-MINUTE-LAST-EXTERNAL
2022-12-22 15:55:00,207.287704,207.350006,207.059997,207.095001,11824.0,UNP.NYSE-5-MINUTE-LAST-EXTERNAL
2022-12-22 19:55:00,206.5746,206.895004,206.550003,206.895004,16949.0,UNP.NYSE-5-MINUTE-LAST-EXTERNAL
2022-12-22 21:00:00,208.660003,208.660003,208.660003,208.660003,174285.0,UNP.NYSE-5-MINUTE-LAST-EXTERNAL
2022-12-23 15:55:00,209.895004,210.175003,209.779998,209.850006,10212.0,UNP.NYSE-5-MINUTE-LAST-EXTERNAL
2022-12-23 19:55:00,210.020004,210.169998,210.009994,210.130004,12142.0,UNP.NYSE-5-MINUTE-LAST-EXTERNAL
2022-12-23 21:00:00,209.910003,209.910003,209.910003,209.910003,100667.0,UNP.NYSE-5-MINUTE-LAST-EXTERNAL
2022-12-27 15:55:00,210.570007,210.627395,210.339996,210.339996,11965.0,UNP.NYSE-5-MINUTE-LAST-EXTERNAL
2022-12-27 19:55:00,210.330505,210.509994,210.279998,210.449996,13694.0,UNP.NYSE-5-MINUTE-LAST-EXTERNAL
2022-12-27 21:00:00,210.320007,210.320007,210.320007,210.320007,97941.0,UNP.NYSE-5-MINUTE-LAST-EXTERNAL
2022-12-28 15:55:00,209.264999,209.330001,209.080001,209.080001,6023.0,UNP.NYSE-5-MINUTE-LAST-EXTERNAL
2022-12-28 19:55:00,208.315002,208.369995,208.210006,208.264999,11881.0,UNP.NYSE-5-MINUTE-LAST-EXTERNAL
2022-12-28 21:00:00,206.869995,206.869995,206.869995,206.869995,91746.0,UNP.NYSE-5-MINUTE-LAST-EXTERNAL
2022-12-29 15:55:00,209.259994,209.493804,209.25,209.259994,14164.0,UNP.NYSE-5-MINUTE-LAST-EXTERNAL
2022-12-29 19:55:00,209.899993,209.899993,209.835006,209.850006,6180.0,UNP.NYSE-5-MINUTE-LAST-EXTERNAL
2022-12-29 21:00:00,209.220001,209.220001,209.220001,209.220001,96566.0,UNP.NYSE-5-MINUTE-LAST-EXTERNAL
2022-12-30 15:55:00,207.5,207.639999,207.294998,207.350006,11417.0,UNP.NYSE-5-MINUTE-LAST-EXTERNAL
2022-12-30 19:55:00,204.889999,205.020004,204.809997,205.0,13212.0,UNP.NYSE-5-MINUTE-LAST-EXTERNAL
2022-12-30 21:00:00,207.070007,207.070007,207.070007,207.070007,114661.0,UNP.NYSE-5-MINUTE-LAST-EXTERNAL
2023-01-03 15:55:00,206.36,206.910003,206.300003,206.910003,32196.0,UNP.NYSE-5-MINUTE-LAST-EXTERNAL
2023-01-03 19:55:00,206.339996,206.5,206.160003,206.410003,7326.0,UNP.NYSE-5-MINUTE-LAST-EXTERNAL
2023-01-03 21:00:00,207.580001,207.580001,207.580001,207.580001,113044.0,UNP.NYSE-5-MINUTE-LAST-EXTERNAL
2023-01-04 15:55:00,208.720001,208.919998,208.660003,208.809997,13420.0,UNP.NYSE-5-MINUTE-LAST-EXTERNAL
2023-01-04 19:55:00,209.009994,209.179992,208.949996,209.11,22165.0,UNP.NYSE-5-MINUTE-LAST-EXTERNAL
2023-01-04 21:00:00,209.240005,209.240005,209.240005,209.240005,108329.0,UNP.NYSE-5-MINUTE-LAST-EXTERNAL
2023-01-05 15:55:00,205.100006,205.380004,205.080001,205.259994,17877.0,UNP.NYSE-5-MINUTE-LAST-EXTERNAL
2023-01-05 19:55:00,205.720001,205.740005,205.309997,205.350006,18610.0,UNP.NYSE-5-MINUTE-LAST-EXTERNAL
2023-01-05 21:00:00,203.080001,203.080001,203.080001,203.080001,263357.0,UNP.NYSE-5-MINUTE-LAST-EXTERNAL
2023-01-06 15:55:00,210.729797,210.729797,210.320007,210.320007,39783.0,UNP.NYSE-5-MINUTE-LAST-EXTERNAL
2023-01-06 19:55:00,211.919998,212.050003,211.869995,211.949996,22806.0,UNP.NYSE-5-MINUTE-LAST-EXTERNAL
2023-01-06 21:00:00,212.009994,212.009994,212.009994,212.009994,324141.0,UNP.NYSE-5-MINUTE-LAST-EXTERNAL
2023-01-09 15:55:00,214.669998,214.669998,214.529998,214.554992,16968.0,UNP.NYSE-5-MINUTE-LAST-EXTERNAL
2023-01-09 19:55:00,213.089996,213.089996,212.630004,212.690002,19426.0,UNP.NYSE-5-MINUTE-LAST-EXTERNAL
2023-01-09 21:00:00,211.460006,211.460006,211.460006,211.460006,177273.0,UNP.NYSE-5-MINUTE-LAST-EXTERNAL
2023-01-10 15:55:00,211.259994,211.429992,211.100997,211.369995,11530.0,UNP.NYSE-5-MINUTE-LAST-EXTERNAL
2023-01-10 19:55:00,211.940002,211.990005,211.559997,211.645004,8448.0,UNP.NYSE-5-MINUTE-LAST-EXTERNAL
2023-01-10 21:00:00,212.279998,212.279998,212.279998,212.279998,100671.0,UNP.NYSE-5-MINUTE-LAST-EXTERNAL
2023-01-11 15:55:00,212.580001,212.61,212.279998,212.460006,15714.0,UNP.NYSE-5-MINUTE-LAST-EXTERNAL
2023-01-11 19:55:00,213.994995,214.059997,213.929992,214.059997,13643.0,UNP.NYSE-5-MINUTE-LAST-EXTERNAL
2023-01-11 21:00:00,214.259994,214.259994,214.259994,214.259994,173448.0,UNP.NYSE-5-MINUTE-LAST-EXTERNAL
2023-01-12 15:55:00,214.369995,214.899993,214.289993,214.520004,34647.0,UNP.NYSE-5-MINUTE-LAST-EXTERNAL
2023-01-12 19:55:00,214.800003,215.029998,214.699996,215.021697,12825.0,UNP.NYSE-5-MINUTE-LAST-EXTERNAL
2023-01-12 21:00:00,214.690002,214.690002,214.690002,214.690002,130691.0,UNP.NYSE-5-MINUTE-LAST-EXTERNAL
2023-01-13 15:55:00,212.943496,213.020004,212.619995,212.740005,19447.0,UNP.NYSE-5-MINUTE-LAST-EXTERNAL
2023-01-13 19:55:00,213.350006,213.460006,213.309997,213.429992,9706.0,UNP.NYSE-5-MINUTE-LAST-EXTERNAL
2023-01-13 21:00:00,213.229995,213.229995,213.229995,213.229995,152131.0,UNP.NYSE-5-MINUTE-LAST-EXTERNAL
2023-01-17 15:55:00,215.839996,216.309997,215.770004,216.210006,14210.0,UNP.NYSE-5-MINUTE-LAST-EXTERNAL
2023-01-17 19:55:00,214.389999,214.410003,214.179992,214.339996,13552.0,UNP.NYSE-5-MINUTE-LAST-EXTERNAL
2023-01-17 21:00:00,214.309997,214.309997,214.309997,214.309997,132390.0,UNP.NYSE-5-MINUTE-LAST-EXTERNAL
2023-01-18 15:55:00,215.279998,215.358398,214.940002,215.229995,13656.0,UNP.NYSE-5-MINUTE-LAST-EXTERNAL
2023-01-18 19:55:00,210.389999,210.389999,210.080001,210.164001,19890.0,UNP.NYSE-5-MINUTE-LAST-EXTERNAL
2023-01-18 21:00:00,209.479995,209.479995,209.479995,209.479995,222899.0,UNP.NYSE-5-MINUTE-LAST-EXTERNAL
2023-01-19 15:55:00,205.914993,206.309997,205.770004,206.270004,14358.0,UNP.NYSE-5-MINUTE-LAST-EXTERNAL
2023-01-19 19:55:00,206.600006,207.070007,206.580001,206.910003,24284.0,UNP.NYSE-5-MINUTE-LAST-EXTERNAL
2023-01-19 21:00:00,205.5,205.5,205.5,205.5,273922.0,UNP.NYSE-5-MINUTE-LAST-EXTERNAL
2023-01-20 15:55:00,205.75,205.869094,205.679992,205.789993,30549.0,UNP.NYSE-5-MINUTE-LAST-EXTERNAL
2023-01-20 19:55:00,206.889999,207.139999,206.889999,207.139999,23957.0,UNP.NYSE-5-MINUTE-LAST-EXTERNAL
2023-01-20 21:00:00,208.660003,208.660003,208.660003,208.660003,452409.0,UNP.NYSE-5-MINUTE-LAST-EXTERNAL
2023-01-23 15:55:00,211.139999,211.449996,211.065002,211.309997,40077.0,UNP.NYSE-5-MINUTE-LAST-EXTERNAL
2023-01-23 19:55:00,209.410003,209.690002,209.404998,209.690002,36086.0,UNP.NYSE-5-MINUTE-LAST-EXTERNAL
2023-01-23 21:00:00,210.130004,210.130004,210.130004,210.130004,214788.0,UNP.NYSE-5-MINUTE-LAST-EXTERNAL
2023-01-24 15:55:00,205.25,205.869995,205.009994,205.389999,53991.0,UNP.NYSE-5-MINUTE-LAST-EXTERNAL
2023-01-24 19:55:00,203.934997,204.050003,203.895004,203.970092,25130.0,UNP.NYSE-5-MINUTE-LAST-EXTERNAL
2023-01-24 21:00:00,203.179992,203.179992,203.179992,203.179992,385085.0,UNP.NYSE-5-MINUTE-LAST-EXTERNAL
2023-01-25 15:55:00,198.669998,198.960006,198.589996,198.940002,28645.0,UNP.NYSE-5-MINUTE-LAST-EXTERNAL
2023-01-25 19:55:00,199.899993,200.210006,199.86,200.164993,39107.0,UNP.NYSE-5-MINUTE-LAST-EXTERNAL
2023-01-25 21:00:00,200.119995,200.119995,200.119995,200.119995,187110.0,UNP.NYSE-5-MINUTE-LAST-EXTERNAL
2023-01-26 15:55:00,196.679992,197.25,196.449996,197.119995,48547.0,UNP.NYSE-5-MINUTE-LAST-EXTERNAL
2023-01-26 19:55:00,200.529998,200.949996,200.494995,200.815002,42948.0,UNP.NYSE-5-MINUTE-LAST-EXTERNAL
2023-01-26 21:00:00,201.479995,201.479995,201.479995,201.479995,187497.0,UNP.NYSE-5-MINUTE-LAST-EXTERNAL
2023-01-27 15:55:00,201.244995,201.425003,200.830001,201.380004,45775.0,UNP.NYSE-5-MINUTE-LAST-EXTERNAL
2023-01-27 19:55:00,202.779998,203.169998,202.764999,203.154998,44258.0,UNP.NYSE-5-MINUTE-LAST-EXTERNAL
2023-01-27 21:00:00,202.389999,202.389999,202.389999,202.389999,199868.0,UNP.NYSE-5-MINUTE-LAST-EXTERNAL
2023-01-30 15:55:00,203.214996,203.300003,203.029998,203.300003,8971.0,UNP.NYSE-5-MINUTE-LAST-EXTERNAL
2023-01-30 19:55:00,200.955001,201.229995,200.919998,201.145004,24261.0,UNP.NYSE-5-MINUTE-LAST-EXTERNAL
2023-01-30 21:00:00,200.199996,200.199996,200.199996,200.199996,212614.0,UNP.NYSE-5-MINUTE-LAST-EXTERNAL
2023-01-31 15:55:00,201.449996,201.559997,201.0,201.035003,28131.0,UNP.NYSE-5-MINUTE-LAST-EXTERNAL
2023-01-31 19:55:00,203.210006,203.210006,202.809997,202.884994,17753.0,UNP.NYSE-5-MINUTE-LAST-EXTERNAL
2023-01-31 21:00:00,204.190002,204.190002,204.190002,204.190002,156089.0,UNP.NYSE-5-MINUTE-LAST-EXTERNAL
2023-02-01 15:55:00,204.0,204.399993,203.919998,204.074996,26389.0,UNP.NYSE-5-MINUTE-LAST-EXTERNAL
2023-02-01 19:55:00,207.589996,207.770004,206.970001,207.300003,29176.0,UNP.NYSE-5-MINUTE-LAST-EXTERNAL
2023-02-01 21:00:00,207.929992,207.929992,207.929992,207.929992,191478.0,UNP.NYSE-5-MINUTE-LAST-EXTERNAL
2023-02-02 15:55:00,210.5,210.600006,210.259994,210.375,33752.0,UNP.NYSE-5-MINUTE-LAST-EXTERNAL
2023-02-02 19:55:00,213.990005,214.080001,213.365005,213.429992,32429.0,UNP.NYSE-5-MINUTE-LAST-EXTERNAL
2023-02-02 21:00:00,213.410003,213.410003,213.410003,213.410003,264881.0,UNP.NYSE-5-MINUTE-LAST-EXTERNAL
2023-02-03 15:55:00,212.309997,212.448501,212.020004,212.059997,24630.0,UNP.NYSE-5-MINUTE-LAST-EXTERNAL
2023-02-03 19:55:00,210.279998,210.339996,209.779998,209.906692,19718.0,UNP.NYSE-5-MINUTE-LAST-EXTERNAL
2023-02-03 21:00:00,210.289993,210.289993,210.289993,210.289993,136519.0,UNP.NYSE-5-MINUTE-LAST-EXTERNAL
2023-02-06 15:55:00,210.190002,210.339996,209.966598,210.070007,24702.0,UNP.NYSE-5-MINUTE-LAST-EXTERNAL
2023-02-06 19:55:00,209.259994,209.369995,209.2341,209.320007,10265.0,UNP.NYSE-5-MINUTE-LAST-EXTERNAL
2023-02-06 21:00:00,208.960006,208.960006,208.960006,208.960006,113724.0,UNP.NYSE-5-MINUTE-LAST-EXTERNAL
2023-02-07 15:55:00,207.889999,207.889999,207.119995,207.229995,10475.0,UNP.NYSE-5-MINUTE-LAST-EXTERNAL
2023-02-07 19:55:00,209.100006,209.179992,209.005004,209.065002,9033.0,UNP.NYSE-5-MINUTE-LAST-EXTERNAL
2023-02-07 21:00:00,209.039993,209.039993,209.039993,209.039993,127469.0,UNP.NYSE-5-MINUTE-LAST-EXTERNAL
2023-02-08 15:55:00,207.649993,207.8768,207.559997,207.589996,12424.0,UNP.NYSE-5-MINUTE-LAST-EXTERNAL
2023-02-08 19:55:00,206.979995,207.270004,206.839996,207.220001,14926.0,UNP.NYSE-5-MINUTE-LAST-EXTERNAL
2023-02-08 21:00:00,207.139999,207.139999,207.139999,207.139999,119397.0,UNP.NYSE-5-MINUTE-LAST-EXTERNAL
2023-02-09 15:55:00,205.410003,205.699996,205.36,205.589996,26875.0,UNP.NYSE-5-MINUTE-LAST-EXTERNAL
2023-02-09 19:55:00,203.625,203.779998,203.479995,203.779998,21676.0,UNP.NYSE-5-MINUTE-LAST-EXTERNAL
2023-02-09 21:00:00,202.809997,202.809997,202.809997,202.809997,147143.0,UNP.NYSE-5-MINUTE-LAST-EXTERNAL
2023-02-10 15:55:00,204.259994,204.309997,203.869995,203.990005,34028.0,UNP.NYSE-5-MINUTE-LAST-EXTERNAL
2023-02-10 19:55:00,205.240005,205.402999,205.149993,205.199996,16497.0,UNP.NYSE-5-MINUTE-LAST-EXTERNAL
2023-02-10 21:00:00,205.5,205.5,205.5,205.5,189421.0,UNP.NYSE-5-MINUTE-LAST-EXTERNAL
2023-02-13 15:55:00,208.220001,208.529998,208.220001,208.339996,21376.0,UNP.NYSE-5-MINUTE-LAST-EXTERNAL
2023-02-13 19:55:00,207.164993,207.270004,207.119995,207.270004,36783.0,UNP.NYSE-5-MINUTE-LAST-EXTERNAL
2023-02-13 21:00:00,206.050003,206.050003,206.050003,206.050003,262729.0,UNP.NYSE-5-MINUTE-LAST-EXTERNAL
2023-02-14 15:55:00,202.779998,203.115005,202.639999,203.020004,28371.0,UNP.NYSE-5-MINUTE-LAST-EXTERNAL
2023-02-14 19:55:00,204.125701,204.410003,204.029998,204.25,33292.0,UNP.NYSE-5-MINUTE-LAST-EXTERNAL
2023-02-14 21:00:00,204.029998,204.029998,204.029998,204.029998,155845.0,UNP.NYSE-5-MINUTE-LAST-EXTERNAL
2023-02-15 15:55:00,201.139999,201.479995,201.139999,201.210006,29056.0,UNP.NYSE-5-MINUTE-LAST-EXTERNAL
2023-02-15 19:55:00,202.070007,202.139999,201.854995,201.970001,19753.0,UNP.NYSE-5-MINUTE-LAST-EXTERNAL
2023-02-15 21:00:00,203.11,203.11,203.11,203.11,167638.0,UNP.NYSE-5-MINUTE-LAST-EXTERNAL
2023-02-16 15:55:00,202.615005,202.615005,202.199996,202.259994,16827.0,UNP.NYSE-5-MINUTE-LAST-EXTERNAL
2023-02-16 19:55:00,201.300003,201.479995,201.259994,201.259994,20362.0,UNP.NYSE-5-MINUTE-LAST-EXTERNAL
2023-02-16 21:00:00,200.520004,200.520004,200.520004,200.520004,258724.0,UNP.NYSE-5-MINUTE-LAST-EXTERNAL
2023-02-17 15:55:00,200.020004,200.125,199.740005,199.929992,31145.0,UNP.NYSE-5-MINUTE-LAST-EXTERNAL
2023-02-17 19:55:00,200.479995,200.529998,200.300003,200.350006,76539.0,UNP.NYSE-5-MINUTE-LAST-EXTERNAL
2023-02-17 21:00:00,201.589996,201.589996,201.589996,201.589996,550416.0,UNP.NYSE-5-MINUTE-LAST-EXTERNAL
2023-02-21 15:55:00,197.059997,197.059997,196.809997,196.809997,5152.0,UNP.NYSE-5-MINUTE-LAST-EXTERNAL
2023-02-21 19:55:00,194.86,194.86,194.399993,194.494995,39666.0,UNP.NYSE-5-MINUTE-LAST-EXTERNAL
2023-02-21 21:00:00,193.75,193.75,193.75,193.75,219990.0,UNP.NYSE-5-MINUTE-LAST-EXTERNAL
2023-02-22 15:55:00,192.080001,192.129898,191.664993,191.664993,63367.0,UNP.NYSE-5-MINUTE-LAST-EXTERNAL
2023-02-22 19:55:00,191.899993,191.955001,191.559997,191.585006,54436.0,UNP.NYSE-5-MINUTE-LAST-EXTERNAL
2023-02-22 21:00:00,191.380004,191.380004,191.380004,191.380004,259766.0,UNP.NYSE-5-MINUTE-LAST-EXTERNAL
2023-02-23 15:55:00,192.5,192.5,191.759994,191.759994,85588.0,UNP.NYSE-5-MINUTE-LAST-EXTERNAL
2023-02-23 19:55:00,192.809997,192.845001,192.630004,192.660003,27526.0,UNP.NYSE-5-MINUTE-LAST-EXTERNAL
2023-02-23 21:00:00,193.320007,193.320007,193.320007,193.320007,218452.0,UNP.NYSE-5-MINUTE-LAST-EXTERNAL
2023-02-24 15:55:00,191.589996,191.779998,191.529998,191.600006,26022.0,UNP.NYSE-5-MINUTE-LAST-EXTERNAL
2023-02-24 19:55:00,194.089996,194.585006,194.020004,194.369995,40251.0,UNP.NYSE-5-MINUTE-LAST-EXTERNAL
2023-02-24 21:00:00,194.020004,194.020004,194.020004,194.020004,133834.0,UNP.NYSE-5-MINUTE-LAST-EXTERNAL
2023-02-27 15:55:00,212.529998,212.600006,211.940002,212.520004,176398.0,UNP.NYSE-5-MINUTE-LAST-EXTERNAL
2023-02-27 19:55:00,212.449996,212.580001,212.199996,212.214996,83096.0,UNP.NYSE-5-MINUTE-LAST-EXTERNAL
2023-02-27 21:00:00,212.169998,212.169998,212.169998,212.169998,471705.0,UNP.NYSE-5-MINUTE-LAST-EXTERNAL
2023-02-28 15:55:00,208.940002,209.300003,208.869995,209.289993,63421.0,UNP.NYSE-5-MINUTE-LAST-EXTERNAL
2023-02-28 19:55:00,209.330001,209.330001,208.880004,208.929992,39244.0,UNP.NYSE-5-MINUTE-LAST-EXTERNAL
2023-02-28 21:00:00,207.279998,207.279998,207.279998,207.279998,456875.0,UNP.NYSE-5-MINUTE-LAST-EXTERNAL
2023-03-01 15:55:00,208.910003,209.240005,208.839996,209.070007,45929.0,UNP.NYSE-5-MINUTE-LAST-EXTERNAL
2023-03-01 19:55:00,207.880004,208.078506,207.779998,207.940002,14633.0,UNP.NYSE-5-MINUTE-LAST-EXTERNAL
2023-03-01 21:00:00,207.990005,207.990005,207.990005,207.990005,160704.0,UNP.NYSE-5-MINUTE-LAST-EXTERNAL
2023-03-02 15:55:00,208.210006,208.419998,208.149993,208.339996,16436.0,UNP.NYSE-5-MINUTE-LAST-EXTERNAL
2023-03-02 19:55:00,210.779998,211.130004,210.729995,211.070007,61816.0,UNP.NYSE-5-MINUTE-LAST-EXTERNAL
2023-03-02 21:00:00,211.36,211.36,211.36,211.36,234963.0,UNP.NYSE-5-MINUTE-LAST-EXTERNAL
2023-03-03 15:55:00,208.559997,208.679992,208.199996,208.259994,37053.0,UNP.NYSE-5-MINUTE-LAST-EXTERNAL
2023-03-03 19:55:00,208.86,208.867004,208.759994,208.789993,26930.0,UNP.NYSE-5-MINUTE-LAST-EXTERNAL
2023-03-03 21:00:00,209.36,209.36,209.36,209.36,309666.0,UNP.NYSE-5-MINUTE-LAST-EXTERNAL
2023-03-06 15:55:00,209.669998,209.770004,209.250503,209.250503,44013.0,UNP.NYSE-5-MINUTE-LAST-EXTERNAL
2023-03-06 19:55:00,208.779998,208.910003,208.630004,208.740005,18855.0,UNP.NYSE-5-MINUTE-LAST-EXTERNAL
2023-03-06 21:00:00,208.830001,208.830001,208.830001,208.830001,206495.0,UNP.NYSE-5-MINUTE-LAST-EXTERNAL
2023-03-07 15:55:00,206.179992,206.179992,205.899993,205.899993,25406.0,UNP.NYSE-5-MINUTE-LAST-EXTERNAL
2023-03-07 19:55:00,205.074996,205.240005,204.943801,205.235,23045.0,UNP.NYSE-5-MINUTE-LAST-EXTERNAL
2023-03-07 21:00:00,205.399993,205.399993,205.399993,205.399993,287673.0,UNP.NYSE-5-MINUTE-LAST-EXTERNAL
2023-03-08 15:55:00,203.529907,203.529907,202.899993,202.904998,29726.0,UNP.NYSE-5-MINUTE-LAST-EXTERNAL
2023-03-08 19:55:00,201.684997,201.699996,201.460006,201.625,34679.0,UNP.NYSE-5-MINUTE-LAST-EXTERNAL
2023-03-08 21:00:00,203.570007,203.570007,203.570007,203.570007,157639.0,UNP.NYSE-5-MINUTE-LAST-EXTERNAL
2023-03-09 15:55:00,203.559997,203.589996,203.009994,203.100006,34356.0,UNP.NYSE-5-MINUTE-LAST-EXTERNAL
2023-03-09 19:55:00,201.5,201.61,201.179992,201.179992,38544.0,UNP.NYSE-5-MINUTE-LAST-EXTERNAL
2023-03-09 21:00:00,199.570007,199.570007,199.570007,199.570007,199548.0,UNP.NYSE-5-MINUTE-LAST-EXTERNAL
2023-03-10 15:55:00,201.929992,203.080001,201.929992,203.080001,43762.0,UNP.NYSE-5-MINUTE-LAST-EXTERNAL
2023-03-10 19:55:00,197.520004,197.789993,197.240005,197.539993,30542.0,UNP.NYSE-5-MINUTE-LAST-EXTERNAL
2023-03-10 21:00:00,196.059997,196.059997,196.059997,196.059997,251223.0,UNP.NYSE-5-MINUTE-LAST-EXTERNAL
2023-03-13 15:55:00,197.399993,198.190002,197.25,198.089996,70329.0,UNP.NYSE-5-MINUTE-LAST-EXTERNAL
2023-03-13 19:55:00,195.149993,195.160003,194.850006,195.039993,144170.0,UNP.NYSE-5-MINUTE-LAST-EXTERNAL
2023-03-14 15:55:00,197.960006,198.020004,197.889999,197.970001,9515.0,UNP.NYSE-5-MINUTE-LAST-EXTERNAL
2023-03-14 19:55:00,194.410003,195.389999,194.389999,195.160003,254203.0,UNP.NYSE-5-MINUTE-LAST-EXTERNAL
2023-03-15 15:55:00,191.029998,191.179992,190.86,191.169998,22566.0,UNP.NYSE-5-MINUTE-LAST-EXTERNAL
2023-03-15 19:55:00,190.955001,192.160003,190.940002,192.149993,282475.0,UNP.NYSE-5-MINUTE-LAST-EXTERNAL
2023-03-16 15:55:00,190.809997,190.86,190.169998,190.199996,66844.0,UNP.NYSE-5-MINUTE-LAST-EXTERNAL
2023-03-16 19:55:00,193.270004,193.279998,192.809997,192.889999,349012.0,UNP.NYSE-5-MINUTE-LAST-EXTERNAL
2023-03-17 15:55:00,188.369995,188.529998,188.009994,188.149993,41602.0,UNP.NYSE-5-MINUTE-LAST-EXTERNAL
2023-03-17 19:55:00,189.830001,190.399993,189.210006,189.970001,1198609.0,UNP.NYSE-5-MINUTE-LAST-EXTERNAL
2023-03-20 15:55:00,190.300003,190.389999,190.0,190.044998,19835.0,UNP.NYSE-5-MINUTE-LAST-EXTERNAL
2023-03-20 19:55:00,189.929992,189.929992,189.580001,189.720001,135390.0,UNP.NYSE-5-MINUTE-LAST-EXTERNAL
2023-03-21 15:55:00,189.720001,189.740005,189.470001,189.684997,26157.0,UNP.NYSE-5-MINUTE-LAST-EXTERNAL
2023-03-21 19:55:00,189.699996,189.735,189.389999,189.559997,171844.0,UNP.NYSE-5-MINUTE-LAST-EXTERNAL
2023-03-22 15:55:00,188.544998,188.580001,188.264999,188.264999,32266.0,UNP.NYSE-5-MINUTE-LAST-EXTERNAL
2023-03-22 19:55:00,186.009994,186.029998,185.669998,185.710006,230487.0,UNP.NYSE-5-MINUTE-LAST-EXTERNAL
2023-03-23 15:55:00,187.699996,187.850799,187.570007,187.570007,19711.0,UNP.NYSE-5-MINUTE-LAST-EXTERNAL
2023-03-23 19:55:00,186.244995,186.270004,185.960006,186.190002,304429.0,UNP.NYSE-5-MINUTE-LAST-EXTERNAL
2023-03-24 15:55:00,185.7789,186.059997,185.639999,185.990005,33059.0,UNP.NYSE-5-MINUTE-LAST-EXTERNAL
2023-03-24 19:55:00,188.080001,188.559997,188.024993,188.520004,236362.0,UNP.NYSE-5-MINUTE-LAST-EXTERNAL
2023-03-27 15:55:00,191.419998,191.679992,191.309997,191.570007,19045.0,UNP.NYSE-5-MINUTE-LAST-EXTERNAL
2023-03-27 19:55:00,193.479995,193.5,193.149993,193.289993,376595.0,UNP.NYSE-5-MINUTE-LAST-EXTERNAL
2023-03-28 15:55:00,196.75,197.009994,196.75,196.904998,151807.0,UNP.NYSE-5-MINUTE-LAST-EXTERNAL
2023-03-28 19:55:00,196.429992,196.940002,196.429992,196.570007,213969.0,UNP.NYSE-5-MINUTE-LAST-EXTERNAL
2023-03-29 15:55:00,198.789993,198.929992,198.725006,198.919998,21812.0,UNP.NYSE-5-MINUTE-LAST-EXTERNAL
2023-03-29 19:55:00,199.539993,199.61,199.059997,199.089996,293864.0,UNP.NYSE-5-MINUTE-LAST-EXTERNAL
2023-03-30 15:55:00,199.350006,199.419998,199.160003,199.199996,12213.0,UNP.NYSE-5-MINUTE-LAST-EXTERNAL
2023-03-30 19:55:00,198.494995,198.660003,198.339996,198.399993,147240.0,UNP.NYSE-5-MINUTE-LAST-EXTERNAL
2023-03-31 15:55:00,200.660003,200.725006,200.539993,200.589996,13579.0,UNP.NYSE-5-MINUTE-LAST-EXTERNAL
2023-03-31 19:55:00,200.919998,201.365005,200.919998,201.160003,259563.0,UNP.NYSE-5-MINUTE-LAST-EXTERNAL
2023-04-03 15:55:00,198.850006,198.970001,198.779998,198.779998,11282.0,UNP.NYSE-5-MINUTE-LAST-EXTERNAL
2023-04-03 19:55:00,199.229995,199.570007,199.229995,199.479995,138675.0,UNP.NYSE-5-MINUTE-LAST-EXTERNAL
2023-04-04 15:55:00,195.779998,195.804992,195.379592,195.419998,38353.0,UNP.NYSE-5-MINUTE-LAST-EXTERNAL
2023-04-04 19:55:00,195.580001,195.889999,195.580001,195.880004,211470.0,UNP.NYSE-5-MINUTE-LAST-EXTERNAL
2023-04-05 15:55:00,194.509994,194.710006,194.509994,194.679992,19078.0,UNP.NYSE-5-MINUTE-LAST-EXTERNAL
2023-04-05 19:55:00,194.559997,194.604995,194.179992,194.210006,329969.0,UNP.NYSE-5-MINUTE-LAST-EXTERNAL
2023-04-06 15:55:00,197.029998,197.220001,197.0,197.089996,46167.0,UNP.NYSE-5-MINUTE-LAST-EXTERNAL
2023-04-06 19:55:00,198.399993,198.690002,198.345001,198.639999,189158.0,UNP.NYSE-5-MINUTE-LAST-EXTERNAL
2023-04-10 15:55:00,198.600006,198.600006,198.300003,198.404998,10018.0,UNP.NYSE-5-MINUTE-LAST-EXTERNAL
2023-04-10 19:55:00,197.910003,198.380004,197.880004,198.36,187837.0,UNP.NYSE-5-MINUTE-LAST-EXTERNAL
2023-04-11 15:55:00,199.0,199.090805,198.970001,199.090805,13231.0,UNP.NYSE-5-MINUTE-LAST-EXTERNAL
2023-04-11 19:55:00,198.779998,198.979995,198.595001,198.940002,202020.0,UNP.NYSE-5-MINUTE-LAST-EXTERNAL
2023-04-12 15:55:00,199.410003,199.539993,199.369995,199.399993,10472.0,UNP.NYSE-5-MINUTE-LAST-EXTERNAL
2023-04-12 19:55:00,198.419998,198.869995,198.320007,198.800003,151713.0,UNP.NYSE-5-MINUTE-LAST-EXTERNAL
2023-04-13 15:55:00,197.5,197.580001,197.460006,197.470001,20807.0,UNP.NYSE-5-MINUTE-LAST-EXTERNAL
2023-04-13 19:55:00,197.830001,197.940002,197.589996,197.910003,197872.0,UNP.NYSE-5-MINUTE-LAST-EXTERNAL
2023-04-14 15:55:00,198.580001,198.61,198.449996,198.61,14680.0,UNP.NYSE-5-MINUTE-LAST-EXTERNAL
2023-04-14 19:55:00,198.399993,198.664993,198.36,198.520004,99818.0,UNP.NYSE-5-MINUTE-LAST-EXTERNAL
2023-04-17 15:55:00,199.1707,199.274993,199.054992,199.054992,17109.0,UNP.NYSE-5-MINUTE-LAST-EXTERNAL
2023-04-17 19:55:00,200.059997,200.199996,199.960006,200.070007,168046.0,UNP.NYSE-5-MINUTE-LAST-EXTERNAL
2023-04-18 15:55:00,200.160003,200.160003,199.985,200.020004,14581.0,UNP.NYSE-5-MINUTE-LAST-EXTERNAL
2023-04-18 19:55:00,199.699996,199.850006,199.460006,199.460006,141310.0,UNP.NYSE-5-MINUTE-LAST-EXTERNAL
2023-04-19 15:55:00,199.925003,200.100006,199.86,200.029998,27318.0,UNP.NYSE-5-MINUTE-LAST-EXTERNAL
2023-04-19 19:55:00,202.044998,202.210006,201.994995,202.0,211812.0,UNP.NYSE-5-MINUTE-LAST-EXTERNAL
2023-04-20 15:55:00,203.690002,203.690002,203.289993,203.301193,32906.0,UNP.NYSE-5-MINUTE-LAST-EXTERNAL
2023-04-20 19:55:00,202.339996,202.710006,202.339996,202.669998,184735.0,UNP.NYSE-5-MINUTE-LAST-EXTERNAL
2023-04-21 15:55:00,199.695007,199.889999,199.619995,199.809997,36479.0,UNP.NYSE-5-MINUTE-LAST-EXTERNAL
2023-04-21 19:55:00,198.869995,198.960006,198.550003,198.889999,432822.0,UNP.NYSE-5-MINUTE-LAST-EXTERNAL
2023-04-24 15:55:00,200.61,200.61,200.300003,200.300003,12895.0,UNP.NYSE-5-MINUTE-LAST-EXTERNAL
2023-04-24 19:55:00,200.320007,200.440002,200.229995,200.320007,153201.0,UNP.NYSE-5-MINUTE-LAST-EXTERNAL
2023-04-25 15:55:00,195.61,195.660003,195.389999,195.570007,19742.0,UNP.NYSE-5-MINUTE-LAST-EXTERNAL
2023-04-25 19:55:00,194.690002,195.070007,194.639999,194.75,187704.0,UNP.NYSE-5-MINUTE-LAST-EXTERNAL
2023-04-26 15:55:00,193.164993,193.449996,193.164993,193.425003,21800.0,UNP.NYSE-5-MINUTE-LAST-EXTERNAL
2023-04-26 19:55:00,191.350006,191.660003,191.289993,191.419998,160249.0,UNP.NYSE-5-MINUTE-LAST-EXTERNAL
