2022-01-03 15:55:00,153.699996,153.800003,153.5,153.75,60833.0,UPRO.NYSE-4-HOUR-LAST-EXTERNAL
2022-01-03 19:55:00,154.925003,154.925003,154.720001,154.740005,15030.0,UPRO.NYSE-4-HOUR-LAST-EXTERNAL
2022-01-03 20:55:00,154.990005,155.339996,154.710006,155.289993,185647.0,UPRO.NYSE-4-HOUR-LAST-EXTERNAL
2022-01-04 15:55:00,155.710006,155.710006,155.009994,155.146804,255525.0,UPRO.NYSE-4-HOUR-LAST-EXTERNAL
2022-01-04 19:55:00,154.979995,154.985,154.839996,154.929992,31701.0,UPRO.NYSE-4-HOUR-LAST-EXTERNAL
2022-01-04 20:55:00,155.639999,155.649993,154.979904,155.070007,140079.0,UPRO.NYSE-4-HOUR-LAST-EXTERNAL
2022-01-05 15:55:00,154.720001,154.830001,154.559997,154.789993,56100.0,UPRO.NYSE-4-HOUR-LAST-EXTERNAL
2022-01-05 19:55:00,149.25,149.600006,149.190002,149.389999,47133.0,UPRO.NYSE-4-HOUR-LAST-EXTERNAL
2022-01-05 20:55:00,147.25,147.389999,146.050003,146.130004,245138.0,UPRO.NYSE-4-HOUR-LAST-EXTERNAL
2022-01-06 15:55:00,146.520004,147.199996,146.36,146.440002,137254.0,UPRO.NYSE-4-HOUR-LAST-EXTERNAL
2022-01-06 19:55:00,147.071197,147.320007,146.960006,147.080001,24884.0,UPRO.NYSE-4-HOUR-LAST-EXTERNAL
2022-01-06 20:55:00,145.520004,145.879898,144.899993,145.699996,221520.0,UPRO.NYSE-4-HOUR-LAST-EXTERNAL
2022-01-07 15:55:00,143.020004,143.559997,142.8302,143.309997,123836.0,UPRO.NYSE-4-HOUR-LAST-EXTERNAL
2022-01-07 19:55:00,145.339996,145.389999,145.160003,145.220001,46788.0,UPRO.NYSE-4-HOUR-LAST-EXTERNAL
2022-01-07 20:55:00,144.299896,144.549896,143.779998,143.949996,155315.0,UPRO.NYSE-4-HOUR-LAST-EXTERNAL
2022-01-10 15:55:00,136.029998,136.399993,135.529998,136.139999,139267.0,UPRO.NYSE-4-HOUR-LAST-EXTERNAL
2022-01-10 19:55:00,140.380004,141.199996,140.25,141.020004,70140.0,UPRO.NYSE-4-HOUR-LAST-EXTERNAL
2022-01-10 20:55:00,142.309997,143.619995,142.279998,143.389999,276625.0,UPRO.NYSE-4-HOUR-LAST-EXTERNAL
2022-01-11 15:55:00,141.287292,141.61,140.919998,141.440002,80296.0,UPRO.NYSE-4-HOUR-LAST-EXTERNAL
2022-01-11 19:55:00,146.580001,146.960006,146.470001,146.5,56502.0,UPRO.NYSE-4-HOUR-LAST-EXTERNAL
2022-01-11 20:55:00,146.559997,147.380004,146.550003,147.279998,216798.0,UPRO.NYSE-4-HOUR-LAST-EXTERNAL
2022-01-12 15:55:00,147.899993,148.429992,147.690002,148.190002,84079.0,UPRO.NYSE-4-HOUR-LAST-EXTERNAL
2022-01-12 19:55:00,148.419998,148.580001,148.339996,148.339996,22566.0,UPRO.NYSE-4-HOUR-LAST-EXTERNAL
2022-01-12 20:55:00,148.839996,149.020004,148.130004,148.559997,126534.0,UPRO.NYSE-4-HOUR-LAST-EXTERNAL
2022-01-13 15:55:00,73.519996,73.79,73.519996,73.739997,190322.0,UPRO.NYSE-4-HOUR-LAST-EXTERNAL
2022-01-13 19:55:00,72.419998,72.599998,72.419998,72.5,70060.0,UPRO.NYSE-4-HOUR-LAST-EXTERNAL
2022-01-13 21:00:00,71.169998,71.169998,71.169998,71.169998,363157.0,UPRO.NYSE-4-HOUR-LAST-EXTERNAL
2022-01-14 15:55:00,70.140701,70.319999,70.0,70.269996,114699.0,UPRO.NYSE-4-HOUR-LAST-EXTERNAL
2022-01-14 19:55:00,70.279998,70.379997,70.125,70.129997,79788.0,UPRO.NYSE-4-HOUR-LAST-EXTERNAL
2022-01-14 20:55:00,71.260002,71.349998,71.019996,71.220001,313126.0,UPRO.NYSE-4-HOUR-LAST-EXTERNAL
2022-01-18 15:55:00,67.910003,68.029998,67.800003,67.910003,103367.0,UPRO.NYSE-4-HOUR-LAST-EXTERNAL
2022-01-18 19:55:00,68.480003,68.529998,68.319999,68.330001,121026.0,UPRO.NYSE-4-HOUR-LAST-EXTERNAL
2022-01-18 20:55:00,66.980003,67.559997,66.919998,67.5,429631.0,UPRO.NYSE-4-HOUR-LAST-EXTERNAL
2022-01-19 15:55:00,67.209999,67.470001,67.139999,67.339996,197327.0,UPRO.NYSE-4-HOUR-LAST-EXTERNAL
2022-01-19 19:55:00,66.949996,67.18,66.870002,66.940002,59325.0,UPRO.NYSE-4-HOUR-LAST-EXTERNAL
2022-01-19 20:55:00,65.709999,65.760002,65.209999,65.379997,417328.0,UPRO.NYSE-4-HOUR-LAST-EXTERNAL
2022-01-20 15:55:00,68.150001,68.150001,67.988899,68.080001,62103.0,UPRO.NYSE-4-HOUR-LAST-EXTERNAL
2022-01-20 19:55:00,66.138801,66.239997,65.959999,66.0,92737.0,UPRO.NYSE-4-HOUR-LAST-EXTERNAL
2022-01-20 20:55:00,63.220001,63.409698,62.95,63.159999,893758.0,UPRO.NYSE-4-HOUR-LAST-EXTERNAL
2022-01-21 15:55:00,63.09,63.189998,62.569999,62.86,264019.0,UPRO.NYSE-4-HOUR-LAST-EXTERNAL
2022-01-21 19:55:00,60.729999,60.775001,60.229999,60.259998,325408.0,UPRO.NYSE-4-HOUR-LAST-EXTERNAL
2022-01-21 20:55:00,59.61,60.2,59.439998,59.459999,534624.0,UPRO.NYSE-4-HOUR-LAST-EXTERNAL
2022-01-24 15:55:00,56.2,56.27,55.54,55.669998,248605.0,UPRO.NYSE-4-HOUR-LAST-EXTERNAL
2022-01-24 19:55:00,55.77,56.419998,55.529998,56.299999,158766.0,UPRO.NYSE-4-HOUR-LAST-EXTERNAL
2022-01-24 20:55:00,59.900001,60.401199,59.474998,60.209999,766217.0,UPRO.NYSE-4-HOUR-LAST-EXTERNAL
2022-01-25 15:55:00,57.099998,57.224998,56.5,56.602699,195160.0,UPRO.NYSE-4-HOUR-LAST-EXTERNAL
2022-01-25 19:55:00,59.820098,60.134998,59.720001,60.049999,220769.0,UPRO.NYSE-4-HOUR-LAST-EXTERNAL
2022-01-25 20:55:00,57.689998,58.11,57.61,58.029998,419112.0,UPRO.NYSE-4-HOUR-LAST-EXTERNAL
2022-01-26 15:55:00,59.459999,59.918998,59.330001,59.853599,121718.0,UPRO.NYSE-4-HOUR-LAST-EXTERNAL
2022-01-26 19:55:00,58.694999,58.759998,58.299999,58.729999,521876.0,UPRO.NYSE-4-HOUR-LAST-EXTERNAL
2022-01-26 20:55:00,57.729999,58.0,57.150001,57.580001,517088.0,UPRO.NYSE-4-HOUR-LAST-EXTERNAL
2022-01-27 15:55:00,59.25,59.95,59.25,59.869998,189351.0,UPRO.NYSE-4-HOUR-LAST-EXTERNAL
2022-01-27 19:55:00,56.459999,56.779998,56.259998,56.61,172167.0,UPRO.NYSE-4-HOUR-LAST-EXTERNAL
2022-01-27 20:55:00,56.900001,57.069999,56.580001,56.7,314971.0,UPRO.NYSE-4-HOUR-LAST-EXTERNAL
2022-01-28 15:55:00,57.34,57.544998,56.959999,57.52,242041.0,UPRO.NYSE-4-HOUR-LAST-EXTERNAL
2022-01-28 19:55:00,58.2,58.659999,58.150001,58.580001,207607.0,UPRO.NYSE-4-HOUR-LAST-EXTERNAL
2022-01-28 20:55:00,60.45,60.889999,60.319999,60.880001,592624.0,UPRO.NYSE-4-HOUR-LAST-EXTERNAL
2022-01-31 15:55:00,62.259998,62.29,61.959999,62.229999,67048.0,UPRO.NYSE-4-HOUR-LAST-EXTERNAL
2022-01-31 19:55:00,63.36,63.509998,63.36,63.435001,38609.0,UPRO.NYSE-4-HOUR-LAST-EXTERNAL
2022-01-31 20:55:00,64.269996,64.330001,64.029998,64.129997,437420.0,UPRO.NYSE-4-HOUR-LAST-EXTERNAL
2022-02-01 15:55:00,63.900001,64.220001,63.900001,64.209899,139557.0,UPRO.NYSE-4-HOUR-LAST-EXTERNAL
2022-02-01 19:55:00,64.349998,64.43,64.230003,64.400001,41586.0,UPRO.NYSE-4-HOUR-LAST-EXTERNAL
2022-02-01 20:55:00,65.699996,65.75,65.440002,65.489997,442402.0,UPRO.NYSE-4-HOUR-LAST-EXTERNAL
2022-02-02 15:55:00,66.214996,66.43,66.190002,66.410003,55879.0,UPRO.NYSE-4-HOUR-LAST-EXTERNAL
2022-02-02 19:55:00,67.444999,67.444999,67.220001,67.239997,69810.0,UPRO.NYSE-4-HOUR-LAST-EXTERNAL
2022-02-02 20:55:00,67.5,67.710098,67.279998,67.349998,344293.0,UPRO.NYSE-4-HOUR-LAST-EXTERNAL
2022-02-03 15:55:00,65.11,65.231002,64.879997,64.970001,42370.0,UPRO.NYSE-4-HOUR-LAST-EXTERNAL
2022-02-03 19:55:00,63.240001,63.439998,63.240001,63.349998,80011.0,UPRO.NYSE-4-HOUR-LAST-EXTERNAL
2022-02-03 21:00:00,62.639999,62.639999,62.639999,62.639999,341581.0,UPRO.NYSE-4-HOUR-LAST-EXTERNAL
2022-02-04 15:55:00,61.959999,62.099998,61.759998,61.799999,161796.0,UPRO.NYSE-4-HOUR-LAST-EXTERNAL
2022-02-04 19:55:00,64.36,64.489997,64.339996,64.489997,64828.0,UPRO.NYSE-4-HOUR-LAST-EXTERNAL
2022-02-04 20:55:00,64.04,64.04,63.439998,63.5,295167.0,UPRO.NYSE-4-HOUR-LAST-EXTERNAL
2022-02-07 15:55:00,63.849998,64.0,63.79,63.939998,41050.0,UPRO.NYSE-4-HOUR-LAST-EXTERNAL
2022-02-07 19:55:00,64.019996,64.120002,63.959999,63.990001,63784.0,UPRO.NYSE-4-HOUR-LAST-EXTERNAL
2022-02-07 20:55:00,62.380001,62.86,62.27,62.86,335909.0,UPRO.NYSE-4-HOUR-LAST-EXTERNAL
2022-02-08 15:55:00,63.169998,63.2532,63.119998,63.139999,121896.0,UPRO.NYSE-4-HOUR-LAST-EXTERNAL
2022-02-08 19:55:00,63.599998,63.610099,63.380001,63.469898,74089.0,UPRO.NYSE-4-HOUR-LAST-EXTERNAL
2022-02-08 20:55:00,64.650001,64.824996,64.309997,64.389999,279134.0,UPRO.NYSE-4-HOUR-LAST-EXTERNAL
2022-02-09 15:55:00,66.701202,66.915,66.675003,66.912002,75730.0,UPRO.NYSE-4-HOUR-LAST-EXTERNAL
2022-02-09 19:55:00,67.04,67.065002,66.845001,66.855003,82995.0,UPRO.NYSE-4-HOUR-LAST-EXTERNAL
2022-02-09 20:55:00,67.114997,67.220001,66.940002,67.220001,237345.0,UPRO.NYSE-4-HOUR-LAST-EXTERNAL
2022-02-10 15:55:00,66.43,66.480003,66.154296,66.309997,234593.0,UPRO.NYSE-4-HOUR-LAST-EXTERNAL
2022-02-10 19:55:00,63.799999,63.960098,63.669998,63.849998,89669.0,UPRO.NYSE-4-HOUR-LAST-EXTERNAL
2022-02-10 20:55:00,63.209999,63.880001,63.209999,63.630001,364980.0,UPRO.NYSE-4-HOUR-LAST-EXTERNAL
2022-02-11 15:55:00,63.564998,63.669998,63.34,63.459999,85520.0,UPRO.NYSE-4-HOUR-LAST-EXTERNAL
2022-02-11 19:55:00,59.659999,60.09,59.659999,60.029998,312398.0,UPRO.NYSE-4-HOUR-LAST-EXTERNAL
2022-02-11 20:55:00,60.139999,60.6972,59.810001,59.84,344362.0,UPRO.NYSE-4-HOUR-LAST-EXTERNAL
2022-02-14 15:55:00,58.9831,59.139999,58.689998,58.77,145192.0,UPRO.NYSE-4-HOUR-LAST-EXTERNAL
2022-02-14 19:55:00,58.819999,58.970001,58.650001,58.889598,61387.0,UPRO.NYSE-4-HOUR-LAST-EXTERNAL
2022-02-14 21:00:00,59.259998,59.259998,59.259998,59.259998,270110.0,UPRO.NYSE-4-HOUR-LAST-EXTERNAL
2022-02-15 15:55:00,61.970001,62.023799,61.79,61.869998,57900.0,UPRO.NYSE-4-HOUR-LAST-EXTERNAL
2022-02-15 19:55:00,61.720001,61.838001,61.689998,61.79,19959.0,UPRO.NYSE-4-HOUR-LAST-EXTERNAL
2022-02-15 21:00:00,62.069999,62.069999,62.069999,62.069999,225654.0,UPRO.NYSE-4-HOUR-LAST-EXTERNAL
2022-02-16 15:55:00,60.95,60.95,60.724998,60.810001,48823.0,UPRO.NYSE-4-HOUR-LAST-EXTERNAL
2022-02-16 19:55:00,61.990001,62.299999,61.990001,62.299999,96833.0,UPRO.NYSE-4-HOUR-LAST-EXTERNAL
2022-02-16 21:00:00,62.310001,62.310001,62.310001,62.310001,225541.0,UPRO.NYSE-4-HOUR-LAST-EXTERNAL
2022-02-17 15:55:00,59.709999,59.939998,59.7,59.939998,122275.0,UPRO.NYSE-4-HOUR-LAST-EXTERNAL
2022-02-17 19:55:00,58.95,59.04,58.830001,58.840499,56056.0,UPRO.NYSE-4-HOUR-LAST-EXTERNAL
2022-02-17 21:00:00,58.36,58.36,58.36,58.36,356468.0,UPRO.NYSE-4-HOUR-LAST-EXTERNAL
2022-02-18 15:55:00,57.810001,57.875,57.590099,57.669998,56883.0,UPRO.NYSE-4-HOUR-LAST-EXTERNAL
2022-02-18 19:55:00,58.02,58.220001,57.909999,58.148799,118294.0,UPRO.NYSE-4-HOUR-LAST-EXTERNAL
2022-02-18 21:00:00,57.189998,57.189998,57.189998,57.189998,286881.0,UPRO.NYSE-4-HOUR-LAST-EXTERNAL
2022-02-22 15:55:00,56.439998,56.5,56.240001,56.4099,51710.0,UPRO.NYSE-4-HOUR-LAST-EXTERNAL
2022-02-22 19:55:00,55.789699,56.189998,55.789699,55.849998,167749.0,UPRO.NYSE-4-HOUR-LAST-EXTERNAL
2022-02-22 21:00:00,55.369998,55.369998,55.369998,55.369998,377836.0,UPRO.NYSE-4-HOUR-LAST-EXTERNAL
2022-02-23 15:55:00,54.805,54.956199,54.59,54.77,128908.0,UPRO.NYSE-4-HOUR-LAST-EXTERNAL
2022-02-23 19:55:00,52.93,53.169998,52.849998,53.0,95279.0,UPRO.NYSE-4-HOUR-LAST-EXTERNAL
2022-02-23 21:00:00,52.29,52.29,52.29,52.29,740259.0,UPRO.NYSE-4-HOUR-LAST-EXTERNAL
2022-02-24 15:55:00,50.630001,50.859001,50.389999,50.5,193279.0,UPRO.NYSE-4-HOUR-LAST-EXTERNAL
2022-02-24 19:55:00,53.02,53.02,52.650001,52.8899,162448.0,UPRO.NYSE-4-HOUR-LAST-EXTERNAL
2022-02-24 21:00:00,54.720001,54.720001,54.720001,54.720001,972010.0,UPRO.NYSE-4-HOUR-LAST-EXTERNAL
2022-02-25 15:55:00,56.689998,56.900001,56.439998,56.639999,319474.0,UPRO.NYSE-4-HOUR-LAST-EXTERNAL
2022-02-25 19:55:00,57.52,57.900001,57.471298,57.709999,119628.0,UPRO.NYSE-4-HOUR-LAST-EXTERNAL
2022-02-25 21:00:00,58.29,58.29,58.29,58.29,354218.0,UPRO.NYSE-4-HOUR-LAST-EXTERNAL
2022-02-28 15:55:00,57.395,57.729999,57.395,57.619998,250369.0,UPRO.NYSE-4-HOUR-LAST-EXTERNAL
2022-02-28 19:55:00,56.254699,56.580001,56.229999,56.419998,123266.0,UPRO.NYSE-4-HOUR-LAST-EXTERNAL
2022-02-28 21:00:00,57.84,57.84,57.84,57.84,835851.0,UPRO.NYSE-4-HOUR-LAST-EXTERNAL
2022-03-01 15:55:00,56.529998,56.549999,56.25,56.331298,87623.0,UPRO.NYSE-4-HOUR-LAST-EXTERNAL
2022-03-01 19:55:00,55.169998,55.249,55.0,55.11,60051.0,UPRO.NYSE-4-HOUR-LAST-EXTERNAL
2022-03-01 21:00:00,55.279998,55.279998,55.279998,55.279998,965885.0,UPRO.NYSE-4-HOUR-LAST-EXTERNAL
2022-03-02 15:55:00,56.599998,57.04,56.580001,56.93,133228.0,UPRO.NYSE-4-HOUR-LAST-EXTERNAL
2022-03-02 19:55:00,58.380001,58.4925,58.198799,58.34,86686.0,UPRO.NYSE-4-HOUR-LAST-EXTERNAL
2022-03-02 21:00:00,58.279998,58.279998,58.279998,58.279998,345199.0,UPRO.NYSE-4-HOUR-LAST-EXTERNAL
2022-03-03 15:55:00,57.29,57.34,57.101398,57.130001,143629.0,UPRO.NYSE-4-HOUR-LAST-EXTERNAL
2022-03-03 19:55:00,57.59,57.669998,57.479999,57.619998,39557.0,UPRO.NYSE-4-HOUR-LAST-EXTERNAL
2022-03-03 21:00:00,57.43,57.43,57.43,57.43,193624.0,UPRO.NYSE-4-HOUR-LAST-EXTERNAL
2022-03-04 15:55:00,54.729999,54.740001,54.5,54.549999,259403.0,UPRO.NYSE-4-HOUR-LAST-EXTERNAL
2022-03-04 19:55:00,55.289901,55.310001,54.830001,54.86,113688.0,UPRO.NYSE-4-HOUR-LAST-EXTERNAL
2022-03-04 21:00:00,56.04,56.04,56.04,56.04,459332.0,UPRO.NYSE-4-HOUR-LAST-EXTERNAL
2022-03-07 15:55:00,53.319999,53.529998,53.229999,53.419998,112464.0,UPRO.NYSE-4-HOUR-LAST-EXTERNAL
2022-03-07 19:55:00,51.830001,52.18,51.819999,51.909999,145635.0,UPRO.NYSE-4-HOUR-LAST-EXTERNAL
2022-03-07 21:00:00,51.060001,51.060001,51.060001,51.060001,361854.0,UPRO.NYSE-4-HOUR-LAST-EXTERNAL
2022-03-08 15:55:00,50.769901,51.049999,50.569999,50.990001,252899.0,UPRO.NYSE-4-HOUR-LAST-EXTERNAL
2022-03-08 19:55:00,51.810001,52.04,51.549999,51.77,89378.0,UPRO.NYSE-4-HOUR-LAST-EXTERNAL
2022-03-08 21:00:00,49.849998,49.849998,49.849998,49.849998,890575.0,UPRO.NYSE-4-HOUR-LAST-EXTERNAL
2022-03-09 15:55:00,53.34,53.470001,53.34,53.459999,37713.0,UPRO.NYSE-4-HOUR-LAST-EXTERNAL
2022-03-09 19:55:00,53.77,53.990001,53.77,53.830001,62909.0,UPRO.NYSE-4-HOUR-LAST-EXTERNAL
2022-03-09 21:00:00,53.900001,53.900001,53.900001,53.900001,309617.0,UPRO.NYSE-4-HOUR-LAST-EXTERNAL
2022-03-10 15:55:00,51.830001,51.86,51.650001,51.755001,126250.0,UPRO.NYSE-4-HOUR-LAST-EXTERNAL
2022-03-10 19:55:00,53.169898,53.299999,53.169898,53.209999,80559.0,UPRO.NYSE-4-HOUR-LAST-EXTERNAL
2022-03-10 21:00:00,53.130001,53.130001,53.130001,53.130001,230495.0,UPRO.NYSE-4-HOUR-LAST-EXTERNAL
2022-03-11 15:55:00,53.549999,53.740001,53.459999,53.7,128159.0,UPRO.NYSE-4-HOUR-LAST-EXTERNAL
2022-03-11 19:55:00,52.25,52.299999,52.1562,52.25,54330.0,UPRO.NYSE-4-HOUR-LAST-EXTERNAL
2022-03-11 21:00:00,51.139999,51.139999,51.139999,51.139999,326636.0,UPRO.NYSE-4-HOUR-LAST-EXTERNAL
2022-03-14 15:55:00,51.25,51.259998,51.139999,51.25,34159.0,UPRO.NYSE-4-HOUR-LAST-EXTERNAL
2022-03-14 19:55:00,49.819999,50.099998,49.810001,50.0,250611.0,UPRO.NYSE-4-HOUR-LAST-EXTERNAL
2022-03-15 15:55:00,52.220001,52.240001,51.724998,51.990001,217747.0,UPRO.NYSE-4-HOUR-LAST-EXTERNAL
2022-03-15 19:55:00,53.299999,53.319999,53.025001,53.27,304298.0,UPRO.NYSE-4-HOUR-LAST-EXTERNAL
2022-03-16 15:55:00,55.849998,55.909999,55.7499,55.849998,24844.0,UPRO.NYSE-4-HOUR-LAST-EXTERNAL
2022-03-16 19:55:00,56.29,56.849998,56.189998,56.810001,534928.0,UPRO.NYSE-4-HOUR-LAST-EXTERNAL
2022-03-17 15:55:00,57.069999,57.139999,56.970001,57.049999,37229.0,UPRO.NYSE-4-HOUR-LAST-EXTERNAL
2022-03-17 19:55:00,58.54,58.970001,58.451,58.939998,241311.0,UPRO.NYSE-4-HOUR-LAST-EXTERNAL
2022-03-18 15:55:00,58.763999,59.119998,58.763999,59.0615,47450.0,UPRO.NYSE-4-HOUR-LAST-EXTERNAL
2022-03-18 19:55:00,60.799999,61.009998,60.759998,60.86,327731.0,UPRO.NYSE-4-HOUR-LAST-EXTERNAL
2022-03-21 15:55:00,61.159999,61.400001,61.080001,61.279998,65410.0,UPRO.NYSE-4-HOUR-LAST-EXTERNAL
2022-03-21 19:55:00,60.560001,60.869998,60.459999,60.849998,152915.0,UPRO.NYSE-4-HOUR-LAST-EXTERNAL
2022-03-22 15:55:00,62.720001,62.756,62.6016,62.61,55627.0,UPRO.NYSE-4-HOUR-LAST-EXTERNAL
2022-03-22 19:55:00,62.810001,63.02,62.68,62.959999,250750.0,UPRO.NYSE-4-HOUR-LAST-EXTERNAL
2022-03-23 15:55:00,62.169998,62.220001,62.119998,62.169998,32443.0,UPRO.NYSE-4-HOUR-LAST-EXTERNAL
2022-03-23 19:55:00,60.6888,60.86,60.490001,60.490001,258850.0,UPRO.NYSE-4-HOUR-LAST-EXTERNAL
2022-03-24 15:55:00,62.389999,62.478,62.349998,62.399898,40726.0,UPRO.NYSE-4-HOUR-LAST-EXTERNAL
2022-03-24 19:55:00,62.970001,63.2,62.869998,63.18,211888.0,UPRO.NYSE-4-HOUR-LAST-EXTERNAL
2022-03-25 15:55:00,62.720001,62.740001,62.509998,62.720001,43974.0,UPRO.NYSE-4-HOUR-LAST-EXTERNAL
2022-03-25 19:55:00,63.849998,64.190696,63.829898,64.139999,218749.0,UPRO.NYSE-4-HOUR-LAST-EXTERNAL
2022-03-28 15:55:00,63.240001,63.299999,63.159999,63.189998,98661.0,UPRO.NYSE-4-HOUR-LAST-EXTERNAL
2022-03-28 19:55:00,65.139999,65.5,65.069999,65.480003,283353.0,UPRO.NYSE-4-HOUR-LAST-EXTERNAL
2022-03-29 15:55:00,67.096801,67.164001,66.960296,67.020202,48908.0,UPRO.NYSE-4-HOUR-LAST-EXTERNAL
2022-03-29 19:55:00,67.68,67.980003,67.599998,67.980003,285152.0,UPRO.NYSE-4-HOUR-LAST-EXTERNAL
2022-03-30 15:55:00,67.0,67.099998,66.949996,67.099998,44092.0,UPRO.NYSE-4-HOUR-LAST-EXTERNAL
2022-03-30 19:55:00,66.010002,66.709999,66.010002,66.709999,448585.0,UPRO.NYSE-4-HOUR-LAST-EXTERNAL
2022-03-31 15:55:00,66.209999,66.339996,66.18,66.330001,139922.0,UPRO.NYSE-4-HOUR-LAST-EXTERNAL
2022-03-31 19:55:00,64.230003,64.357498,63.560001,63.619998,969572.0,UPRO.NYSE-4-HOUR-LAST-EXTERNAL
2022-04-01 15:55:00,63.279998,63.279998,62.95,63.049999,116690.0,UPRO.NYSE-4-HOUR-LAST-EXTERNAL
2022-04-01 19:55:00,63.970001,64.230003,63.909999,64.11,531760.0,UPRO.NYSE-4-HOUR-LAST-EXTERNAL
2022-04-04 15:55:00,65.269996,65.319999,65.209999,65.229301,35604.0,UPRO.NYSE-4-HOUR-LAST-EXTERNAL
2022-04-04 19:55:00,65.629997,65.769996,65.419998,65.7602,355685.0,UPRO.NYSE-4-HOUR-LAST-EXTERNAL
2022-04-05 15:55:00,64.480003,64.504699,64.339996,64.339996,73669.0,UPRO.NYSE-4-HOUR-LAST-EXTERNAL
2022-04-05 19:55:00,63.229999,63.380001,63.060001,63.310001,435416.0,UPRO.NYSE-4-HOUR-LAST-EXTERNAL
2022-04-06 15:55:00,61.169998,61.240001,61.044998,61.11,60631.0,UPRO.NYSE-4-HOUR-LAST-EXTERNAL
2022-04-06 19:55:00,61.400001,61.724998,61.299999,61.389999,394957.0,UPRO.NYSE-4-HOUR-LAST-EXTERNAL
2022-04-07 15:55:00,60.299999,60.509998,60.279998,60.470001,52966.0,UPRO.NYSE-4-HOUR-LAST-EXTERNAL
2022-04-07 19:55:00,62.470001,62.470001,62.159999,62.299999,676617.0,UPRO.NYSE-4-HOUR-LAST-EXTERNAL
2022-04-08 15:55:00,62.54,62.712898,62.479999,62.619998,43644.0,UPRO.NYSE-4-HOUR-LAST-EXTERNAL
2022-04-08 19:55:00,61.619998,61.830001,61.4225,61.819999,323294.0,UPRO.NYSE-4-HOUR-LAST-EXTERNAL
2022-04-11 15:55:00,59.630001,59.645,59.490001,59.549999,29554.0,UPRO.NYSE-4-HOUR-LAST-EXTERNAL
2022-04-11 19:55:00,58.470001,58.689998,58.400001,58.639999,323029.0,UPRO.NYSE-4-HOUR-LAST-EXTERNAL
2022-04-12 15:55:00,60.229999,60.250099,60.04,60.11,82181.0,UPRO.NYSE-4-HOUR-LAST-EXTERNAL
2022-04-12 19:55:00,58.0,58.150001,57.869998,57.93,466775.0,UPRO.NYSE-4-HOUR-LAST-EXTERNAL
2022-04-13 15:55:00,59.029998,59.049999,58.95,59.009998,54584.0,UPRO.NYSE-4-HOUR-LAST-EXTERNAL
2022-04-13 19:55:00,59.930301,60.0,59.810001,59.939998,635129.0,UPRO.NYSE-4-HOUR-LAST-EXTERNAL
2022-04-14 15:55:00,58.814998,58.93,58.814998,58.900001,28665.0,UPRO.NYSE-4-HOUR-LAST-EXTERNAL
2022-04-14 19:55:00,57.93,58.009998,57.650001,57.75,218233.0,UPRO.NYSE-4-HOUR-LAST-EXTERNAL
2022-04-18 15:55:00,57.259998,57.455001,57.229999,57.439998,118182.0,UPRO.NYSE-4-HOUR-LAST-EXTERNAL
2022-04-18 19:55:00,57.299999,57.759998,57.299999,57.759998,229698.0,UPRO.NYSE-4-HOUR-LAST-EXTERNAL
2022-04-19 15:55:00,60.11,60.131,60.0,60.029998,52181.0,UPRO.NYSE-4-HOUR-LAST-EXTERNAL
2022-04-19 19:55:00,60.490001,60.61,60.229999,60.529998,415779.0,UPRO.NYSE-4-HOUR-LAST-EXTERNAL
2022-04-20 15:55:00,60.779998,60.990001,60.779998,60.95,64311.0,UPRO.NYSE-4-HOUR-LAST-EXTERNAL
2022-04-20 19:55:00,60.470001,60.52,60.287498,60.389999,214086.0,UPRO.NYSE-4-HOUR-LAST-EXTERNAL
2022-04-21 15:55:00,60.689998,60.689998,60.381401,60.398799,133372.0,UPRO.NYSE-4-HOUR-LAST-EXTERNAL
2022-04-21 19:55:00,57.93,57.95,57.580001,57.730998,320454.0,UPRO.NYSE-4-HOUR-LAST-EXTERNAL
2022-04-22 15:55:00,54.7196,54.759998,54.639999,54.650001,73759.0,UPRO.NYSE-4-HOUR-LAST-EXTERNAL
2022-04-22 19:55:00,53.09,53.18,52.709999,52.95,561075.0,UPRO.NYSE-4-HOUR-LAST-EXTERNAL
2022-04-25 15:55:00,50.36,50.639999,50.299999,50.580001,191326.0,UPRO.NYSE-4-HOUR-LAST-EXTERNAL
2022-04-25 19:55:00,53.849998,53.889999,53.630001,53.849998,533850.0,UPRO.NYSE-4-HOUR-LAST-EXTERNAL
2022-04-26 15:55:00,50.709999,50.709999,50.419898,50.439998,101421.0,UPRO.NYSE-4-HOUR-LAST-EXTERNAL
2022-04-26 19:55:00,49.549999,49.759998,49.150001,49.159999,735858.0,UPRO.NYSE-4-HOUR-LAST-EXTERNAL
2022-04-27 15:55:00,50.25,50.45,50.189998,50.424999,91196.0,UPRO.NYSE-4-HOUR-LAST-EXTERNAL
2022-04-27 19:55:00,49.61,49.830001,49.45,49.59,452647.0,UPRO.NYSE-4-HOUR-LAST-EXTERNAL
2022-04-28 15:55:00,50.709999,50.77,50.54,50.740001,70309.0,UPRO.NYSE-4-HOUR-LAST-EXTERNAL
2022-04-28 19:55:00,53.09,53.349998,52.819999,53.319999,399199.0,UPRO.NYSE-4-HOUR-LAST-EXTERNAL
2022-04-29 15:55:00,50.939998,50.990001,50.560001,50.599998,83449.0,UPRO.NYSE-4-HOUR-LAST-EXTERNAL
2022-04-29 19:55:00,47.36,47.569999,47.130001,47.43,609695.0,UPRO.NYSE-4-HOUR-LAST-EXTERNAL
2022-05-02 15:55:00,47.080001,47.36,46.959999,47.319999,156753.0,UPRO.NYSE-4-HOUR-LAST-EXTERNAL
2022-05-02 19:55:00,48.139999,48.330001,48.0,48.299999,470535.0,UPRO.NYSE-4-HOUR-LAST-EXTERNAL
2022-05-03 15:55:00,49.36,49.490001,49.29,49.459999,80237.0,UPRO.NYSE-4-HOUR-LAST-EXTERNAL
2022-05-03 19:55:00,49.04,49.080001,48.84,48.93,214984.0,UPRO.NYSE-4-HOUR-LAST-EXTERNAL
2022-05-04 15:55:00,48.669998,48.689998,48.45,48.525001,87603.0,UPRO.NYSE-4-HOUR-LAST-EXTERNAL
2022-05-04 19:55:00,53.319999,53.400001,53.11,53.400001,432922.0,UPRO.NYSE-4-HOUR-LAST-EXTERNAL
2022-05-05 15:55:00,47.159999,47.359901,47.150001,47.150001,206425.0,UPRO.NYSE-4-HOUR-LAST-EXTERNAL
2022-05-05 19:55:00,47.2,47.869998,47.169998,47.720001,428763.0,UPRO.NYSE-4-HOUR-LAST-EXTERNAL
2022-05-06 15:55:00,46.409999,46.599998,46.209999,46.330001,115729.0,UPRO.NYSE-4-HOUR-LAST-EXTERNAL
2022-05-06 19:55:00,46.849998,46.965,46.68,46.869998,254946.0,UPRO.NYSE-4-HOUR-LAST-EXTERNAL
2022-05-09 15:55:00,43.709999,43.799999,43.490001,43.599998,170748.0,UPRO.NYSE-4-HOUR-LAST-EXTERNAL
2022-05-09 19:55:00,42.049999,42.61,42.049999,42.369998,424284.0,UPRO.NYSE-4-HOUR-LAST-EXTERNAL
2022-05-10 15:55:00,41.95,42.2,41.549999,42.069999,134351.0,UPRO.NYSE-4-HOUR-LAST-EXTERNAL
2022-05-10 19:55:00,42.7,42.759899,42.479999,42.61,258642.0,UPRO.NYSE-4-HOUR-LAST-EXTERNAL
2022-05-11 15:55:00,43.380001,43.401199,43.18,43.333198,104352.0,UPRO.NYSE-4-HOUR-LAST-EXTERNAL
2022-05-11 19:55:00,40.509998,40.59,40.369998,40.580001,353629.0,UPRO.NYSE-4-HOUR-LAST-EXTERNAL
2022-05-12 15:55:00,39.580001,39.599998,39.299999,39.299999,183398.0,UPRO.NYSE-4-HOUR-LAST-EXTERNAL
2022-05-12 19:55:00,39.819999,40.509998,39.759998,40.45,566144.0,UPRO.NYSE-4-HOUR-LAST-EXTERNAL
2022-05-13 15:55:00,43.29,43.330001,43.220001,43.29,121180.0,UPRO.NYSE-4-HOUR-LAST-EXTERNAL
2022-05-13 19:55:00,43.09,43.330001,42.970001,43.319999,394897.0,UPRO.NYSE-4-HOUR-LAST-EXTERNAL
2022-05-16 15:55:00,43.240001,43.319999,43.150001,43.240001,91972.0,UPRO.NYSE-4-HOUR-LAST-EXTERNAL
2022-05-16 19:55:00,42.84,42.900001,42.551101,42.84,176685.0,UPRO.NYSE-4-HOUR-LAST-EXTERNAL
2022-05-17 15:55:00,44.569999,44.569999,44.459999,44.52,41758.0,UPRO.NYSE-4-HOUR-LAST-EXTERNAL
2022-05-17 19:55:00,45.2,45.43,45.099998,45.409999,366862.0,UPRO.NYSE-4-HOUR-LAST-EXTERNAL
2022-05-18 15:55:00,41.43,41.61,41.400001,41.470001,83019.0,UPRO.NYSE-4-HOUR-LAST-EXTERNAL
2022-05-18 19:55:00,39.549999,40.049999,39.549999,39.990001,568406.0,UPRO.NYSE-4-HOUR-LAST-EXTERNAL
2022-05-19 15:55:00,39.950199,39.959999,39.731998,39.919998,150476.0,UPRO.NYSE-4-HOUR-LAST-EXTERNAL
2022-05-19 19:55:00,39.229999,39.400001,39.139999,39.2,350873.0,UPRO.NYSE-4-HOUR-LAST-EXTERNAL
2022-05-20 15:55:00,38.264999,38.409999,38.169998,38.189701,107699.0,UPRO.NYSE-4-HOUR-LAST-EXTERNAL
2022-05-20 19:55:00,39.0601,39.3101,38.889999,39.220001,383453.0,UPRO.NYSE-4-HOUR-LAST-EXTERNAL
2022-05-23 15:55:00,41.27,41.4001,41.255001,41.275798,93064.0,UPRO.NYSE-4-HOUR-LAST-EXTERNAL
2022-05-23 19:55:00,41.099998,41.459999,41.029998,41.439998,285204.0,UPRO.NYSE-4-HOUR-LAST-EXTERNAL
2022-05-24 15:55:00,39.299999,39.580001,39.25,39.36,92517.0,UPRO.NYSE-4-HOUR-LAST-EXTERNAL
2022-05-24 19:55:00,40.2,40.54,40.11,40.5,370646.0,UPRO.NYSE-4-HOUR-LAST-EXTERNAL
2022-05-25 15:55:00,40.84,41.0,40.84,40.875,76845.0,UPRO.NYSE-4-HOUR-LAST-EXTERNAL
2022-05-25 19:55:00,41.479999,41.650001,41.45,41.61,352278.0,UPRO.NYSE-4-HOUR-LAST-EXTERNAL
2022-05-26 15:55:00,43.630001,43.784999,43.619998,43.730899,58646.0,UPRO.NYSE-4-HOUR-LAST-EXTERNAL
2022-05-26 19:55:00,44.099998,44.150001,43.9188,44.02,389704.0,UPRO.NYSE-4-HOUR-LAST-EXTERNAL
2022-05-27 15:55:00,46.334999,46.369998,46.299999,46.354999,48440.0,UPRO.NYSE-4-HOUR-LAST-EXTERNAL
2022-05-27 19:55:00,46.974998,47.299999,46.970001,47.299999,552361.0,UPRO.NYSE-4-HOUR-LAST-EXTERNAL
2022-05-31 15:55:00,46.900001,47.130001,46.900001,47.02,141087.0,UPRO.NYSE-4-HOUR-LAST-EXTERNAL
2022-05-31 19:55:00,46.689998,46.689998,46.29,46.459999,700937.0,UPRO.NYSE-4-HOUR-LAST-EXTERNAL
2022-06-01 15:55:00,44.785701,44.849998,44.639999,44.669998,257351.0,UPRO.NYSE-4-HOUR-LAST-EXTERNAL
2022-06-01 19:55:00,45.639999,45.650398,45.320098,45.330001,292240.0,UPRO.NYSE-4-HOUR-LAST-EXTERNAL
2022-06-02 15:55:00,46.400001,46.419998,46.18,46.209999,116952.0,UPRO.NYSE-4-HOUR-LAST-EXTERNAL
2022-06-02 19:55:00,47.7,47.915,47.669998,47.900001,476184.0,UPRO.NYSE-4-HOUR-LAST-EXTERNAL
2022-06-03 15:55:00,45.34,45.511501,45.330001,45.5,55150.0,UPRO.NYSE-4-HOUR-LAST-EXTERNAL
2022-06-03 19:55:00,45.68,45.759998,45.459999,45.52,551775.0,UPRO.NYSE-4-HOUR-LAST-EXTERNAL
2022-06-06 15:55:00,46.599998,46.650001,46.509998,46.608798,51704.0,UPRO.NYSE-4-HOUR-LAST-EXTERNAL
2022-06-06 19:55:00,46.009998,46.141998,45.86,45.909999,184567.0,UPRO.NYSE-4-HOUR-LAST-EXTERNAL
2022-06-07 15:55:00,45.7,45.970001,45.7,45.93,97657.0,UPRO.NYSE-4-HOUR-LAST-EXTERNAL
2022-06-07 19:55:00,47.36,47.409999,47.220001,47.249801,236806.0,UPRO.NYSE-4-HOUR-LAST-EXTERNAL
2022-06-08 15:55:00,46.999198,47.060001,46.93,46.939998,16213.0,UPRO.NYSE-4-HOUR-LAST-EXTERNAL
2022-06-08 19:55:00,45.7,45.799999,45.619998,45.740001,164242.0,UPRO.NYSE-4-HOUR-LAST-EXTERNAL
2022-06-09 15:55:00,44.985,45.130001,44.970001,45.099998,40277.0,UPRO.NYSE-4-HOUR-LAST-EXTERNAL
2022-06-09 19:55:00,42.919998,42.990001,42.43,42.43,328061.0,UPRO.NYSE-4-HOUR-LAST-EXTERNAL
2022-06-10 15:55:00,38.86,39.18,38.810001,39.120098,148109.0,UPRO.NYSE-4-HOUR-LAST-EXTERNAL
2022-06-10 19:55:00,39.130001,39.220001,38.690498,38.709999,354544.0,UPRO.NYSE-4-HOUR-LAST-EXTERNAL
2022-06-13 15:55:00,35.084999,35.299999,35.060001,35.27,55532.0,UPRO.NYSE-4-HOUR-LAST-EXTERNAL
2022-06-13 19:55:00,34.189998,34.424999,34.131,34.259998,519193.0,UPRO.NYSE-4-HOUR-LAST-EXTERNAL
2022-06-14 15:55:00,34.18,34.368801,34.169998,34.279998,78160.0,UPRO.NYSE-4-HOUR-LAST-EXTERNAL
2022-06-14 19:55:00,33.919998,34.0,33.819999,33.970001,751424.0,UPRO.NYSE-4-HOUR-LAST-EXTERNAL
2022-06-15 15:55:00,34.830001,34.95,34.819999,34.929401,4740211.0,UPRO.NYSE-4-HOUR-LAST-EXTERNAL
2022-06-15 19:55:00,35.330001,35.490001,35.299999,35.419998,440843.0,UPRO.NYSE-4-HOUR-LAST-EXTERNAL
2022-06-16 15:55:00,31.93,32.209999,31.924999,32.209999,91364.0,UPRO.NYSE-4-HOUR-LAST-EXTERNAL
2022-06-16 19:55:00,31.62,32.049999,31.559999,31.979999,467969.0,UPRO.NYSE-4-HOUR-LAST-EXTERNAL
2022-06-17 15:55:00,31.819999,31.95,31.7299,31.819999,87721.0,UPRO.NYSE-4-HOUR-LAST-EXTERNAL
2022-06-17 19:55:00,32.240001,32.384998,32.04,32.069999,325947.0,UPRO.NYSE-4-HOUR-LAST-EXTERNAL
2022-06-21 15:55:00,34.300098,34.400001,34.270099,34.279998,94815.0,UPRO.NYSE-4-HOUR-LAST-EXTERNAL
2022-06-21 19:55:00,34.639999,34.639999,34.389999,34.5,560192.0,UPRO.NYSE-4-HOUR-LAST-EXTERNAL
2022-06-22 15:55:00,34.52,34.576599,34.378601,34.384998,71125.0,UPRO.NYSE-4-HOUR-LAST-EXTERNAL
2022-06-22 19:55:00,34.685001,34.699901,34.25,34.29,276958.0,UPRO.NYSE-4-HOUR-LAST-EXTERNAL
2022-06-23 15:55:00,34.669998,34.669998,34.474998,34.518001,63063.0,UPRO.NYSE-4-HOUR-LAST-EXTERNAL
2022-06-23 19:55:00,35.25,35.409999,35.194999,35.299999,690013.0,UPRO.NYSE-4-HOUR-LAST-EXTERNAL
2022-06-24 15:55:00,37.810001,37.819999,37.710098,37.793998,52284.0,UPRO.NYSE-4-HOUR-LAST-EXTERNAL
2022-06-24 19:55:00,38.43,38.650001,38.310001,38.650001,583017.0,UPRO.NYSE-4-HOUR-LAST-EXTERNAL
2022-06-27 15:55:00,38.75,38.84,38.689998,38.810001,73686.0,UPRO.NYSE-4-HOUR-LAST-EXTERNAL
2022-06-27 19:55:00,37.970001,38.240001,37.959999,38.240001,356642.0,UPRO.NYSE-4-HOUR-LAST-EXTERNAL
2022-06-28 15:55:00,36.947299,36.990001,36.819999,36.880001,231645.0,UPRO.NYSE-4-HOUR-LAST-EXTERNAL
2022-06-28 19:55:00,36.075,36.075,35.849998,35.900699,403044.0,UPRO.NYSE-4-HOUR-LAST-EXTERNAL
2022-06-29 15:55:00,35.919998,35.919998,35.729999,35.830001,74149.0,UPRO.NYSE-4-HOUR-LAST-EXTERNAL
2022-06-29 19:55:00,35.669998,35.919998,35.669998,35.779998,252507.0,UPRO.NYSE-4-HOUR-LAST-EXTERNAL
2022-06-30 15:55:00,35.099998,35.209999,34.9706,35.191898,79156.0,UPRO.NYSE-4-HOUR-LAST-EXTERNAL
2022-06-30 19:55:00,34.479999,35.11,34.380001,34.880001,2268868.0,UPRO.NYSE-4-HOUR-LAST-EXTERNAL
2022-07-01 15:55:00,34.34,34.45,34.260398,34.369998,61221.0,UPRO.NYSE-4-HOUR-LAST-EXTERNAL
2022-07-01 19:55:00,35.849998,36.009998,35.779998,35.959999,597085.0,UPRO.NYSE-4-HOUR-LAST-EXTERNAL
2022-07-05 15:55:00,34.370601,34.419998,34.286499,34.286499,78536.0,UPRO.NYSE-4-HOUR-LAST-EXTERNAL
2022-07-05 19:55:00,36.009998,36.189998,35.93,36.189998,368102.0,UPRO.NYSE-4-HOUR-LAST-EXTERNAL
2022-07-06 15:55:00,35.7,35.858699,35.7,35.819698,49714.0,UPRO.NYSE-4-HOUR-LAST-EXTERNAL
2022-07-06 19:55:00,36.389999,36.560001,36.36,36.549999,211779.0,UPRO.NYSE-4-HOUR-LAST-EXTERNAL
2022-07-07 15:55:00,37.760299,37.8455,37.740001,37.8455,67684.0,UPRO.NYSE-4-HOUR-LAST-EXTERNAL
2022-07-07 19:55:00,38.139999,38.240001,38.0988,38.139999,369436.0,UPRO.NYSE-4-HOUR-LAST-EXTERNAL
2022-07-08 15:55:00,38.334999,38.43,38.299999,38.4206,88677.0,UPRO.NYSE-4-HOUR-LAST-EXTERNAL
2022-07-08 19:55:00,38.189998,38.259998,37.990001,38.080001,284959.0,UPRO.NYSE-4-HOUR-LAST-EXTERNAL
2022-07-11 15:55:00,36.77,36.869998,36.759998,36.84,40296.0,UPRO.NYSE-4-HOUR-LAST-EXTERNAL
2022-07-11 19:55:00,36.599998,36.79,36.584999,36.759998,360340.0,UPRO.NYSE-4-HOUR-LAST-EXTERNAL
2022-07-12 15:55:00,36.669998,36.775001,36.639999,36.775001,81241.0,UPRO.NYSE-4-HOUR-LAST-EXTERNAL
2022-07-12 19:55:00,35.77,35.8199,35.689998,35.779998,448150.0,UPRO.NYSE-4-HOUR-LAST-EXTERNAL
2022-07-13 15:55:00,35.220001,35.279998,35.1758,35.1758,60762.0,UPRO.NYSE-4-HOUR-LAST-EXTERNAL
2022-07-13 19:55:00,35.389999,35.4776,35.2,35.2,318397.0,UPRO.NYSE-4-HOUR-LAST-EXTERNAL
2022-07-14 15:55:00,34.209999,34.349998,34.159999,34.299999,117319.0,UPRO.NYSE-4-HOUR-LAST-EXTERNAL
2022-07-14 19:55:00,34.909999,35.049999,34.84,34.939998,235482.0,UPRO.NYSE-4-HOUR-LAST-EXTERNAL
2022-07-15 15:55:00,36.659999,36.7,36.604999,36.61,105562.0,UPRO.NYSE-4-HOUR-LAST-EXTERNAL
2022-07-15 19:55:00,36.7,36.95,36.7,36.919998,707798.0,UPRO.NYSE-4-HOUR-LAST-EXTERNAL
2022-07-18 15:55:00,37.805,37.869998,37.799999,37.846199,41922.0,UPRO.NYSE-4-HOUR-LAST-EXTERNAL
2022-07-18 19:55:00,35.979999,36.09,35.900001,36.02,266031.0,UPRO.NYSE-4-HOUR-LAST-EXTERNAL
2022-07-19 15:55:00,38.09,38.185298,38.0899,38.185298,86179.0,UPRO.NYSE-4-HOUR-LAST-EXTERNAL
2022-07-19 19:55:00,38.909999,39.04,38.849998,38.919998,734119.0,UPRO.NYSE-4-HOUR-LAST-EXTERNAL
2022-07-20 15:55:00,39.959999,40.007999,39.909999,39.935001,130419.0,UPRO.NYSE-4-HOUR-LAST-EXTERNAL
2022-07-20 19:55:00,39.68,39.75,39.580001,39.659999,811686.0,UPRO.NYSE-4-HOUR-LAST-EXTERNAL
2022-07-21 15:55:00,39.815799,39.895,39.814998,39.84,56215.0,UPRO.NYSE-4-HOUR-LAST-EXTERNAL
2022-07-21 19:55:00,40.68,40.849998,40.669998,40.849998,275226.0,UPRO.NYSE-4-HOUR-LAST-EXTERNAL
2022-07-22 15:55:00,40.069999,40.069999,39.970001,40.0601,53161.0,UPRO.NYSE-4-HOUR-LAST-EXTERNAL
2022-07-22 19:55:00,39.479999,39.729999,39.479999,39.709999,463690.0,UPRO.NYSE-4-HOUR-LAST-EXTERNAL
2022-07-25 15:55:00,39.955001,39.979999,39.880001,39.935001,28642.0,UPRO.NYSE-4-HOUR-LAST-EXTERNAL
2022-07-25 19:55:00,39.701698,39.884998,39.701698,39.810001,249598.0,UPRO.NYSE-4-HOUR-LAST-EXTERNAL
2022-07-26 15:55:00,38.329399,38.419998,38.299999,38.329898,75979.0,UPRO.NYSE-4-HOUR-LAST-EXTERNAL
2022-07-26 19:55:00,38.529998,38.595001,38.349998,38.380001,408618.0,UPRO.NYSE-4-HOUR-LAST-EXTERNAL
2022-07-27 15:55:00,40.069999,40.169998,40.060001,40.118301,66182.0,UPRO.NYSE-4-HOUR-LAST-EXTERNAL
2022-07-27 19:55:00,41.6105,41.659999,41.36,41.400001,364050.0,UPRO.NYSE-4-HOUR-LAST-EXTERNAL
2022-07-28 15:55:00,42.349998,42.369998,42.189998,42.194999,101984.0,UPRO.NYSE-4-HOUR-LAST-EXTERNAL
2022-07-28 19:55:00,42.919998,43.0,42.825,42.93,316088.0,UPRO.NYSE-4-HOUR-LAST-EXTERNAL
2022-07-29 15:55:00,44.080001,44.11,44.02,44.04,46569.0,UPRO.NYSE-4-HOUR-LAST-EXTERNAL
2022-07-29 19:55:00,44.889999,44.895,44.75,44.849998,452686.0,UPRO.NYSE-4-HOUR-LAST-EXTERNAL
2022-08-01 15:55:00,45.031799,45.119998,45.030498,45.0456,37952.0,UPRO.NYSE-4-HOUR-LAST-EXTERNAL
2022-08-01 19:55:00,44.389999,44.490001,44.299999,44.389999,494568.0,UPRO.NYSE-4-HOUR-LAST-EXTERNAL
2022-08-02 15:55:00,44.435001,44.490001,44.341899,44.370399,71472.0,UPRO.NYSE-4-HOUR-LAST-EXTERNAL
2022-08-02 19:55:00,43.61,43.645,43.479999,43.54,261325.0,UPRO.NYSE-4-HOUR-LAST-EXTERNAL
2022-08-03 15:55:00,45.11,45.240001,45.084999,45.212001,61823.0,UPRO.NYSE-4-HOUR-LAST-EXTERNAL
2022-08-03 19:55:00,45.810001,45.810001,45.465,45.529998,325153.0,UPRO.NYSE-4-HOUR-LAST-EXTERNAL
2022-08-04 15:55:00,45.494998,45.52,45.419998,45.4701,38052.0,UPRO.NYSE-4-HOUR-LAST-EXTERNAL
2022-08-04 19:55:00,45.349998,45.4304,45.27,45.409999,166234.0,UPRO.NYSE-4-HOUR-LAST-EXTERNAL
2022-08-05 15:55:00,44.330001,44.380001,44.229999,44.279998,43106.0,UPRO.NYSE-4-HOUR-LAST-EXTERNAL
2022-08-05 19:55:00,45.150001,45.27,45.119998,45.169998,185798.0,UPRO.NYSE-4-HOUR-LAST-EXTERNAL
2022-08-08 15:55:00,45.619998,45.7,45.61,45.650001,210396.0,UPRO.NYSE-4-HOUR-LAST-EXTERNAL
2022-08-08 19:55:00,45.099998,45.099998,44.985,45.04,159131.0,UPRO.NYSE-4-HOUR-LAST-EXTERNAL
2022-08-09 15:55:00,44.619998,44.625,44.470001,44.479999,37619.0,UPRO.NYSE-4-HOUR-LAST-EXTERNAL
2022-08-09 19:55:00,44.43,44.5,44.34,44.479999,165411.0,UPRO.NYSE-4-HOUR-LAST-EXTERNAL
2022-08-10 15:55:00,47.139999,47.169998,47.114398,47.169998,36597.0,UPRO.NYSE-4-HOUR-LAST-EXTERNAL
2022-08-10 19:55:00,47.25,47.305,47.1501,47.264999,330448.0,UPRO.NYSE-4-HOUR-LAST-EXTERNAL
2022-08-11 15:55:00,47.819999,47.880001,47.755001,47.799999,44376.0,UPRO.NYSE-4-HOUR-LAST-EXTERNAL
2022-08-11 19:55:00,47.279998,47.3101,47.119998,47.279998,203153.0,UPRO.NYSE-4-HOUR-LAST-EXTERNAL
2022-08-12 15:55:00,48.462001,48.512401,48.389999,48.400001,51443.0,UPRO.NYSE-4-HOUR-LAST-EXTERNAL
2022-08-12 19:55:00,49.470001,49.669998,49.450099,49.599998,255040.0,UPRO.NYSE-4-HOUR-LAST-EXTERNAL
2022-08-15 15:55:00,49.959999,50.029998,49.923599,49.95,102643.0,UPRO.NYSE-4-HOUR-LAST-EXTERNAL
2022-08-15 19:55:00,50.2,50.259998,50.150001,50.25,269283.0,UPRO.NYSE-4-HOUR-LAST-EXTERNAL
2022-08-16 15:55:00,50.671398,50.77,50.6235,50.7121,139139.0,UPRO.NYSE-4-HOUR-LAST-EXTERNAL
2022-08-16 19:55:00,50.619998,50.630001,50.479999,50.529998,166002.0,UPRO.NYSE-4-HOUR-LAST-EXTERNAL
2022-08-17 15:55:00,48.849998,48.895,48.799999,48.819999,54085.0,UPRO.NYSE-4-HOUR-LAST-EXTERNAL
2022-08-17 19:55:00,49.494998,49.52,49.389999,49.459999,238690.0,UPRO.NYSE-4-HOUR-LAST-EXTERNAL
2022-08-18 15:55:00,49.849899,49.919998,49.760101,49.760101,30687.0,UPRO.NYSE-4-HOUR-LAST-EXTERNAL
2022-08-18 19:55:00,49.720001,49.86,49.650001,49.84,215037.0,UPRO.NYSE-4-HOUR-LAST-EXTERNAL
2022-08-19 15:55:00,48.0,48.000099,47.93,47.951599,59039.0,UPRO.NYSE-4-HOUR-LAST-EXTERNAL
2022-08-19 19:55:00,47.889999,47.955001,47.830001,47.830001,293749.0,UPRO.NYSE-4-HOUR-LAST-EXTERNAL
2022-08-22 15:55:00,45.549999,45.639999,45.501998,45.547698,53009.0,UPRO.NYSE-4-HOUR-LAST-EXTERNAL
2022-08-22 19:55:00,44.760898,44.889999,44.669998,44.849998,510660.0,UPRO.NYSE-4-HOUR-LAST-EXTERNAL
2022-08-23 15:55:00,44.729999,44.729999,44.5914,44.7,41919.0,UPRO.NYSE-4-HOUR-LAST-EXTERNAL
2022-08-23 19:55:00,44.5326,44.625,44.419998,44.470001,147528.0,UPRO.NYSE-4-HOUR-LAST-EXTERNAL
2022-08-24 15:55:00,45.36,45.369998,45.240001,45.259601,124419.0,UPRO.NYSE-4-HOUR-LAST-EXTERNAL
2022-08-24 19:55:00,45.0,45.014999,44.79,44.880001,345068.0,UPRO.NYSE-4-HOUR-LAST-EXTERNAL
2022-08-25 15:55:00,45.580001,45.689998,45.479999,45.68,39077.0,UPRO.NYSE-4-HOUR-LAST-EXTERNAL
2022-08-25 19:55:00,46.52,46.794998,46.509998,46.79,246258.0,UPRO.NYSE-4-HOUR-LAST-EXTERNAL
2022-08-26 15:55:00,44.138999,44.150001,43.8908,43.939399,68055.0,UPRO.NYSE-4-HOUR-LAST-EXTERNAL
2022-08-26 19:55:00,42.029998,42.310001,42.009998,42.04,527479.0,UPRO.NYSE-4-HOUR-LAST-EXTERNAL
2022-08-29 15:55:00,41.34,41.444999,41.319999,41.399898,26439.0,UPRO.NYSE-4-HOUR-LAST-EXTERNAL
2022-08-29 19:55:00,41.371601,41.389999,41.11,41.159999,156665.0,UPRO.NYSE-4-HOUR-LAST-EXTERNAL
2022-08-30 15:55:00,40.04,40.09,39.955001,39.988601,4992342.0,UPRO.NYSE-4-HOUR-LAST-EXTERNAL
2022-08-30 19:55:00,39.555,39.900001,39.555,39.79,204764.0,UPRO.NYSE-4-HOUR-LAST-EXTERNAL
2022-08-31 15:55:00,39.915,40.11,39.909999,40.0401,85893.0,UPRO.NYSE-4-HOUR-LAST-EXTERNAL
2022-08-31 19:55:00,39.220001,39.279998,38.84,38.86,473537.0,UPRO.NYSE-4-HOUR-LAST-EXTERNAL
2022-09-01 15:55:00,37.643798,37.663398,37.509998,37.663398,45893.0,UPRO.NYSE-4-HOUR-LAST-EXTERNAL
2022-09-01 19:55:00,38.909999,39.319999,38.909999,39.209999,502712.0,UPRO.NYSE-4-HOUR-LAST-EXTERNAL
2022-09-02 15:55:00,40.644401,40.685001,40.584999,40.630001,64176.0,UPRO.NYSE-4-HOUR-LAST-EXTERNAL
2022-09-02 19:55:00,37.909999,38.04,37.720001,37.990001,457786.0,UPRO.NYSE-4-HOUR-LAST-EXTERNAL
2022-09-06 15:55:00,38.29,38.389999,38.259998,38.29,184564.0,UPRO.NYSE-4-HOUR-LAST-EXTERNAL
2022-09-06 19:55:00,37.389999,37.560001,37.220001,37.54,470227.0,UPRO.NYSE-4-HOUR-LAST-EXTERNAL
2022-09-07 15:55:00,38.549999,38.585998,38.439998,38.45,45921.0,UPRO.NYSE-4-HOUR-LAST-EXTERNAL
2022-09-07 19:55:00,39.630001,39.630001,39.439998,39.549999,266308.0,UPRO.NYSE-4-HOUR-LAST-EXTERNAL
2022-09-08 15:55:00,40.075,40.11,40.02,40.060001,38443.0,UPRO.NYSE-4-HOUR-LAST-EXTERNAL
2022-09-08 19:55:00,40.18,40.330001,40.119998,40.299999,264230.0,UPRO.NYSE-4-HOUR-LAST-EXTERNAL
2022-09-09 15:55:00,41.799999,41.889999,41.750099,41.884998,25528.0,UPRO.NYSE-4-HOUR-LAST-EXTERNAL
2022-09-09 19:55:00,42.29,42.29,42.130001,42.150001,231572.0,UPRO.NYSE-4-HOUR-LAST-EXTERNAL
2022-09-12 15:55:00,43.099998,43.112998,42.799999,42.9799,192196.0,UPRO.NYSE-4-HOUR-LAST-EXTERNAL
2022-09-12 19:55:00,43.330001,43.549999,43.314998,43.5009,235557.0,UPRO.NYSE-4-HOUR-LAST-EXTERNAL
2022-09-13 15:55:00,39.43,39.440101,39.299999,39.299999,34444.0,UPRO.NYSE-4-HOUR-LAST-EXTERNAL
2022-09-13 19:55:00,37.869998,38.107299,37.7,37.84,400357.0,UPRO.NYSE-4-HOUR-LAST-EXTERNAL
2022-09-14 15:55:00,38.448001,38.448001,38.251098,38.27,24256.0,UPRO.NYSE-4-HOUR-LAST-EXTERNAL
2022-09-14 19:55:00,38.189998,38.354999,38.04,38.240001,226906.0,UPRO.NYSE-4-HOUR-LAST-EXTERNAL
2022-09-15 15:55:00,37.169998,37.189998,37.0,37.169101,133809.0,UPRO.NYSE-4-HOUR-LAST-EXTERNAL
2022-09-15 19:55:00,36.959999,37.115001,36.900001,36.939998,250540.0,UPRO.NYSE-4-HOUR-LAST-EXTERNAL
2022-09-16 15:55:00,35.61,35.730098,35.541198,35.705001,126535.0,UPRO.NYSE-4-HOUR-LAST-EXTERNAL
2022-09-16 19:55:00,36.09,36.264999,36.04,36.09,332718.0,UPRO.NYSE-4-HOUR-LAST-EXTERNAL
2022-09-19 15:55:00,35.9001,35.929901,35.740001,35.7653,105840.0,UPRO.NYSE-4-HOUR-LAST-EXTERNAL
2022-09-19 19:55:00,36.819999,36.889999,36.729999,36.889999,294466.0,UPRO.NYSE-4-HOUR-LAST-EXTERNAL
2022-09-20 15:55:00,36.04,36.119998,36.02,36.080001,82998.0,UPRO.NYSE-4-HOUR-LAST-EXTERNAL
2022-09-20 19:55:00,35.75,35.75,35.529998,35.639999,424960.0,UPRO.NYSE-4-HOUR-LAST-EXTERNAL
2022-09-21 15:55:00,36.119998,36.169998,36.090698,36.159999,18520.0,UPRO.NYSE-4-HOUR-LAST-EXTERNAL
2022-09-21 19:55:00,34.185001,34.185001,33.759998,33.759998,468603.0,UPRO.NYSE-4-HOUR-LAST-EXTERNAL
2022-09-22 15:55:00,33.0797,33.119998,32.869998,32.9594,129438.0,UPRO.NYSE-4-HOUR-LAST-EXTERNAL
2022-09-22 19:55:00,33.259998,33.299999,32.849998,32.880001,420344.0,UPRO.NYSE-4-HOUR-LAST-EXTERNAL
2022-09-23 15:55:00,30.899999,30.954999,30.879999,30.921699,69317.0,UPRO.NYSE-4-HOUR-LAST-EXTERNAL
2022-09-23 19:55:00,31.139999,31.299999,30.929899,31.219999,1194606.0,UPRO.NYSE-4-HOUR-LAST-EXTERNAL
2022-09-26 15:55:00,30.78,31.02,30.76,30.93,169616.0,UPRO.NYSE-4-HOUR-LAST-EXTERNAL
2022-09-26 19:55:00,30.739999,30.739999,30.198999,30.299999,491582.0,UPRO.NYSE-4-HOUR-LAST-EXTERNAL
2022-09-27 15:55:00,30.29,30.354999,30.19,30.209999,190700.0,UPRO.NYSE-4-HOUR-LAST-EXTERNAL
2022-09-27 19:55:00,30.139999,30.209999,29.94,30.059999,751356.0,UPRO.NYSE-4-HOUR-LAST-EXTERNAL
2022-09-28 15:55:00,31.2,31.29,31.2,31.264999,97407.0,UPRO.NYSE-4-HOUR-LAST-EXTERNAL
2022-09-28 19:55:00,32.060001,32.09,31.75,31.799999,621982.0,UPRO.NYSE-4-HOUR-LAST-EXTERNAL
2022-09-29 15:55:00,30.219999,30.26,30.079999,30.12,163273.0,UPRO.NYSE-4-HOUR-LAST-EXTERNAL
2022-09-29 19:55:00,29.77,29.907199,29.68,29.799999,1216987.0,UPRO.NYSE-4-HOUR-LAST-EXTERNAL
2022-09-30 15:55:00,29.805,29.85,29.77,29.815,122476.0,UPRO.NYSE-4-HOUR-LAST-EXTERNAL
2022-09-30 19:55:00,28.639999,28.659999,28.385,28.399999,1997219.0,UPRO.NYSE-4-HOUR-LAST-EXTERNAL
2022-10-03 15:55:00,30.01,30.03,29.905,29.968099,100660.0,UPRO.NYSE-4-HOUR-LAST-EXTERNAL
2022-10-03 19:55:00,30.69,30.69,30.514999,30.67,797399.0,UPRO.NYSE-4-HOUR-LAST-EXTERNAL
2022-10-04 15:55:00,33.159999,33.230098,33.095001,33.230098,57895.0,UPRO.NYSE-4-HOUR-LAST-EXTERNAL
2022-10-04 19:55:00,33.389999,33.479999,33.25,33.479999,614112.0,UPRO.NYSE-4-HOUR-LAST-EXTERNAL
2022-10-05 15:55:00,32.159999,32.207,32.099998,32.169998,68755.0,UPRO.NYSE-4-HOUR-LAST-EXTERNAL
2022-10-05 19:55:00,33.169998,33.29,33.069999,33.25,921850.0,UPRO.NYSE-4-HOUR-LAST-EXTERNAL
2022-10-06 15:55:00,33.005001,33.060001,32.529998,32.575,275560.0,UPRO.NYSE-4-HOUR-LAST-EXTERNAL
2022-10-06 19:55:00,32.319999,32.409999,32.099998,32.1758,634141.0,UPRO.NYSE-4-HOUR-LAST-EXTERNAL
2022-10-07 15:55:00,30.03,30.159999,30.03,30.129999,53040.0,UPRO.NYSE-4-HOUR-LAST-EXTERNAL
2022-10-07 19:55:00,29.45,29.5895,29.334999,29.469999,870985.0,UPRO.NYSE-4-HOUR-LAST-EXTERNAL
2022-10-10 15:55:00,29.084999,29.129999,28.969999,28.989999,65535.0,UPRO.NYSE-4-HOUR-LAST-EXTERNAL
2022-10-10 19:55:00,29.1,29.1,28.809999,28.819999,928255.0,UPRO.NYSE-4-HOUR-LAST-EXTERNAL
2022-10-11 15:55:00,28.95,29.03,28.9034,28.959999,110000.0,UPRO.NYSE-4-HOUR-LAST-EXTERNAL
2022-10-11 19:55:00,28.26,28.35,28.18,28.25,664578.0,UPRO.NYSE-4-HOUR-LAST-EXTERNAL
2022-10-12 15:55:00,28.59,28.639999,28.531999,28.579999,89514.0,UPRO.NYSE-4-HOUR-LAST-EXTERNAL
2022-10-12 19:55:00,28.139999,28.139999,27.94,27.954999,384977.0,UPRO.NYSE-4-HOUR-LAST-EXTERNAL
2022-10-13 15:55:00,29.4101,29.5,29.219999,29.399999,213141.0,UPRO.NYSE-4-HOUR-LAST-EXTERNAL
2022-10-13 19:55:00,30.309999,30.315,30.09,30.139999,720455.0,UPRO.NYSE-4-HOUR-LAST-EXTERNAL
2022-10-14 15:55:00,28.649999,28.729999,28.579999,28.6,167358.0,UPRO.NYSE-4-HOUR-LAST-EXTERNAL
2022-10-14 19:55:00,28.2401,28.2401,27.92,28.09,1014008.0,UPRO.NYSE-4-HOUR-LAST-EXTERNAL
2022-10-17 15:55:00,30.36,30.364999,30.231399,30.25,95334.0,UPRO.NYSE-4-HOUR-LAST-EXTERNAL
2022-10-17 19:55:00,30.34,30.354999,30.11,30.236499,538661.0,UPRO.NYSE-4-HOUR-LAST-EXTERNAL
2022-10-18 15:55:00,30.789899,30.834999,30.69,30.799999,104629.0,UPRO.NYSE-4-HOUR-LAST-EXTERNAL
2022-10-18 19:55:00,31.129999,31.291299,31.01,31.28,1006955.0,UPRO.NYSE-4-HOUR-LAST-EXTERNAL
2022-10-19 15:55:00,31.03,31.0582,30.92,30.92,64489.0,UPRO.NYSE-4-HOUR-LAST-EXTERNAL
2022-10-19 19:55:00,30.52,30.645,30.489999,30.6201,339301.0,UPRO.NYSE-4-HOUR-LAST-EXTERNAL
2022-10-20 15:55:00,31.174999,31.184999,30.989999,31.02,73675.0,UPRO.NYSE-4-HOUR-LAST-EXTERNAL
2022-10-20 19:55:00,30.01,30.055,29.799999,29.819999,273519.0,UPRO.NYSE-4-HOUR-LAST-EXTERNAL
2022-10-21 15:55:00,30.779199,30.94,30.7,30.94,127874.0,UPRO.NYSE-4-HOUR-LAST-EXTERNAL
2022-10-21 19:55:00,31.969999,32.009998,31.879999,31.979999,492854.0,UPRO.NYSE-4-HOUR-LAST-EXTERNAL
2022-10-24 15:55:00,32.93,32.979999,32.86,32.939998,223026.0,UPRO.NYSE-4-HOUR-LAST-EXTERNAL
2022-10-24 19:55:00,32.965,33.169998,32.965,33.139999,209672.0,UPRO.NYSE-4-HOUR-LAST-EXTERNAL
2022-10-25 15:55:00,34.439998,34.444999,34.330898,34.350101,97972.0,UPRO.NYSE-4-HOUR-LAST-EXTERNAL
2022-10-25 19:55:00,34.618,34.77,34.61,34.729999,834546.0,UPRO.NYSE-4-HOUR-LAST-EXTERNAL
2022-10-26 15:55:00,35.169998,35.240001,35.139999,35.229999,137053.0,UPRO.NYSE-4-HOUR-LAST-EXTERNAL
2022-10-26 19:55:00,34.09,34.09,33.849998,33.95,466888.0,UPRO.NYSE-4-HOUR-LAST-EXTERNAL
2022-10-27 15:55:00,33.779998,33.799999,33.665,33.729999,123524.0,UPRO.NYSE-4-HOUR-LAST-EXTERNAL
2022-10-27 19:55:00,33.25,33.419998,33.189998,33.36,277266.0,UPRO.NYSE-4-HOUR-LAST-EXTERNAL
2022-10-28 15:55:00,34.93,34.9799,34.860099,34.880001,92430.0,UPRO.NYSE-4-HOUR-LAST-EXTERNAL
2022-10-28 19:55:00,35.805,35.830001,35.653099,35.729999,633991.0,UPRO.NYSE-4-HOUR-LAST-EXTERNAL
2022-10-31 15:55:00,35.509998,35.549999,34.979999,35.189998,607047.0,UPRO.NYSE-4-HOUR-LAST-EXTERNAL
2022-10-31 19:55:00,34.939998,35.02,34.899898,34.959999,585975.0,UPRO.NYSE-4-HOUR-LAST-EXTERNAL
2022-11-01 15:55:00,34.43,34.544998,34.369998,34.4906,103376.0,UPRO.NYSE-4-HOUR-LAST-EXTERNAL
2022-11-01 19:55:00,34.619998,34.650001,34.478,34.509998,475758.0,UPRO.NYSE-4-HOUR-LAST-EXTERNAL
2022-11-02 15:55:00,34.064998,34.069999,33.970001,33.9799,57879.0,UPRO.NYSE-4-HOUR-LAST-EXTERNAL
2022-11-02 19:55:00,31.979999,32.129901,31.87,31.875,696605.0,UPRO.NYSE-4-HOUR-LAST-EXTERNAL
2022-11-03 15:55:00,31.0,31.069999,30.952499,31.049999,85450.0,UPRO.NYSE-4-HOUR-LAST-EXTERNAL
2022-11-03 19:55:00,30.963499,30.963499,30.829999,30.85,1076720.0,UPRO.NYSE-4-HOUR-LAST-EXTERNAL
2022-11-04 15:55:00,30.989999,31.069999,30.8094,30.84,222038.0,UPRO.NYSE-4-HOUR-LAST-EXTERNAL
2022-11-04 19:55:00,31.95,32.215,31.95,32.189998,849195.0,UPRO.NYSE-4-HOUR-LAST-EXTERNAL
2022-11-07 15:55:00,32.453498,32.509998,32.409999,32.494998,86434.0,UPRO.NYSE-4-HOUR-LAST-EXTERNAL
2022-11-07 19:55:00,33.0438,33.049999,32.909999,32.939998,260243.0,UPRO.NYSE-4-HOUR-LAST-EXTERNAL
2022-11-07 21:00:00,33.11,33.11,33.11,33.11,311810.0,UPRO.NYSE-4-HOUR-LAST-EXTERNAL
2022-11-08 15:55:00,33.84,33.889999,33.819999,33.889999,84236.0,UPRO.NYSE-4-HOUR-LAST-EXTERNAL
2022-11-08 19:55:00,33.36,33.398101,33.25,33.264999,175783.0,UPRO.NYSE-4-HOUR-LAST-EXTERNAL
2022-11-08 21:00:00,33.61,33.61,33.61,33.61,338066.0,UPRO.NYSE-4-HOUR-LAST-EXTERNAL
2022-11-09 15:55:00,32.599998,32.68,32.389999,32.59,439632.0,UPRO.NYSE-4-HOUR-LAST-EXTERNAL
2022-11-09 19:55:00,31.684999,31.699899,31.629999,31.684099,135245.0,UPRO.NYSE-4-HOUR-LAST-EXTERNAL
2022-11-09 21:00:00,31.51,31.51,31.51,31.51,298567.0,UPRO.NYSE-4-HOUR-LAST-EXTERNAL
2022-11-10 15:55:00,35.52,35.659999,35.45,35.630001,151109.0,UPRO.NYSE-4-HOUR-LAST-EXTERNAL
2022-11-10 19:55:00,36.04,36.118,36.02,36.091098,243007.0,UPRO.NYSE-4-HOUR-LAST-EXTERNAL
2022-11-10 21:00:00,36.689998,36.689998,36.689998,36.689998,982060.0,UPRO.NYSE-4-HOUR-LAST-EXTERNAL
2022-11-11 15:55:00,37.240001,37.240001,37.1021,37.159999,101179.0,UPRO.NYSE-4-HOUR-LAST-EXTERNAL
2022-11-11 19:55:00,37.93,38.0,37.865001,37.970001,102551.0,UPRO.NYSE-4-HOUR-LAST-EXTERNAL
2022-11-11 21:00:00,37.779998,37.779998,37.779998,37.779998,223626.0,UPRO.NYSE-4-HOUR-LAST-EXTERNAL
2022-11-14 15:55:00,37.743698,37.8311,37.669998,37.75,196642.0,UPRO.NYSE-4-HOUR-LAST-EXTERNAL
2022-11-14 19:55:00,37.830001,37.8801,37.805,37.825,48674.0,UPRO.NYSE-4-HOUR-LAST-EXTERNAL
2022-11-14 21:00:00,36.819999,36.819999,36.819999,36.819999,672329.0,UPRO.NYSE-4-HOUR-LAST-EXTERNAL
2022-11-15 15:55:00,38.349998,38.444999,38.229999,38.229999,159146.0,UPRO.NYSE-4-HOUR-LAST-EXTERNAL
2022-11-15 19:55:00,37.5261,37.909999,37.479999,37.77,246672.0,UPRO.NYSE-4-HOUR-LAST-EXTERNAL
2022-11-15 21:00:00,37.75,37.75,37.75,37.75,349062.0,UPRO.NYSE-4-HOUR-LAST-EXTERNAL
2022-11-16 15:55:00,36.810001,36.889999,36.779998,36.864101,96433.0,UPRO.NYSE-4-HOUR-LAST-EXTERNAL
2022-11-16 19:55:00,36.990001,37.064998,36.95,37.050098,47669.0,UPRO.NYSE-4-HOUR-LAST-EXTERNAL
2022-11-16 21:00:00,36.869998,36.869998,36.869998,36.869998,306284.0,UPRO.NYSE-4-HOUR-LAST-EXTERNAL
2022-11-17 15:55:00,35.529998,35.54,35.419998,35.439998,87413.0,UPRO.NYSE-4-HOUR-LAST-EXTERNAL
2022-11-17 19:55:00,36.240001,36.240001,36.159999,36.169998,89959.0,UPRO.NYSE-4-HOUR-LAST-EXTERNAL
2022-11-17 21:00:00,36.470001,36.470001,36.470001,36.470001,315317.0,UPRO.NYSE-4-HOUR-LAST-EXTERNAL
2022-11-18 15:55:00,36.799999,36.801101,36.470001,36.555,185059.0,UPRO.NYSE-4-HOUR-LAST-EXTERNAL
2022-11-18 19:55:00,36.5,36.61,36.494998,36.59,81950.0,UPRO.NYSE-4-HOUR-LAST-EXTERNAL
2022-11-18 21:00:00,36.959999,36.959999,36.959999,36.959999,421242.0,UPRO.NYSE-4-HOUR-LAST-EXTERNAL
2022-11-21 15:55:00,36.220001,36.3595,36.209999,36.34,88494.0,UPRO.NYSE-4-HOUR-LAST-EXTERNAL
2022-11-21 19:55:00,36.580001,36.630001,36.52,36.529998,41519.0,UPRO.NYSE-4-HOUR-LAST-EXTERNAL
2022-11-21 21:00:00,36.54,36.54,36.54,36.54,320327.0,UPRO.NYSE-4-HOUR-LAST-EXTERNAL
2022-11-22 15:55:00,37.334999,37.419998,37.279998,37.380001,156081.0,UPRO.NYSE-4-HOUR-LAST-EXTERNAL
2022-11-22 19:55:00,37.724998,37.759998,37.7,37.720001,95904.0,UPRO.NYSE-4-HOUR-LAST-EXTERNAL
2022-11-22 21:00:00,38.009998,38.009998,38.009998,38.009998,939424.0,UPRO.NYSE-4-HOUR-LAST-EXTERNAL
2022-11-23 15:55:00,38.569999,38.61,38.555,38.599998,33495.0,UPRO.NYSE-4-HOUR-LAST-EXTERNAL
2022-11-23 19:55:00,38.599998,38.68,38.59,38.619998,128281.0,UPRO.NYSE-4-HOUR-LAST-EXTERNAL
2022-11-23 21:00:00,38.68,38.68,38.68,38.68,276304.0,UPRO.NYSE-4-HOUR-LAST-EXTERNAL
2022-11-25 15:55:00,38.75,38.759998,38.729999,38.733001,32548.0,UPRO.NYSE-4-HOUR-LAST-EXTERNAL
2022-11-25 18:00:00,38.639999,38.685798,38.61,38.650001,9280.0,UPRO.NYSE-4-HOUR-LAST-EXTERNAL
2022-11-28 15:55:00,37.569999,37.619998,37.529998,37.54,56425.0,UPRO.NYSE-4-HOUR-LAST-EXTERNAL
2022-11-28 19:55:00,36.889999,36.896999,36.779998,36.819999,50987.0,UPRO.NYSE-4-HOUR-LAST-EXTERNAL
2022-11-28 21:00:00,36.819999,36.819999,36.819999,36.819999,247522.0,UPRO.NYSE-4-HOUR-LAST-EXTERNAL
2022-11-29 15:55:00,36.880001,36.990001,36.880001,36.895,117257.0,UPRO.NYSE-4-HOUR-LAST-EXTERNAL
2022-11-29 19:55:00,36.399898,36.455898,36.354999,36.453201,42441.0,UPRO.NYSE-4-HOUR-LAST-EXTERNAL
2022-11-29 21:00:00,36.580001,36.580001,36.580001,36.580001,176573.0,UPRO.NYSE-4-HOUR-LAST-EXTERNAL
2022-11-30 15:55:00,36.259998,36.34,36.259998,36.279998,42225.0,UPRO.NYSE-4-HOUR-LAST-EXTERNAL
2022-11-30 19:55:00,38.720001,38.8194,38.650001,38.8194,132783.0,UPRO.NYSE-4-HOUR-LAST-EXTERNAL
2022-11-30 21:00:00,39.990001,39.990001,39.990001,39.990001,1702398.0,UPRO.NYSE-4-HOUR-LAST-EXTERNAL
2022-12-01 15:55:00,39.77,40.0,39.674999,39.990001,307916.0,UPRO.NYSE-4-HOUR-LAST-EXTERNAL
2022-12-01 19:55:00,40.084999,40.119998,39.979999,40.064998,125601.0,UPRO.NYSE-4-HOUR-LAST-EXTERNAL
2022-12-01 21:00:00,39.93,39.93,39.93,39.93,304167.0,UPRO.NYSE-4-HOUR-LAST-EXTERNAL
2022-12-02 15:55:00,39.150001,39.150001,38.935001,38.939998,93655.0,UPRO.NYSE-4-HOUR-LAST-EXTERNAL
2022-12-02 19:55:00,39.52,39.7,39.52,39.650001,702327.0,UPRO.NYSE-4-HOUR-LAST-EXTERNAL
2022-12-02 21:00:00,39.759998,39.759998,39.759998,39.759998,293857.0,UPRO.NYSE-4-HOUR-LAST-EXTERNAL
2022-12-05 15:55:00,38.639999,38.7369,38.631999,38.726898,58402.0,UPRO.NYSE-4-HOUR-LAST-EXTERNAL
2022-12-05 19:55:00,37.380001,37.45,37.299999,37.419998,103501.0,UPRO.NYSE-4-HOUR-LAST-EXTERNAL
2022-12-05 21:00:00,37.59,37.59,37.59,37.59,1099024.0,UPRO.NYSE-4-HOUR-LAST-EXTERNAL
2022-12-06 15:55:00,36.439998,36.459999,36.3801,36.43,88053.0,UPRO.NYSE-4-HOUR-LAST-EXTERNAL
2022-12-06 19:55:00,35.659999,35.669998,35.59,35.595001,103466.0,UPRO.NYSE-4-HOUR-LAST-EXTERNAL
2022-12-06 21:00:00,35.979999,35.979999,35.979999,35.979999,281238.0,UPRO.NYSE-4-HOUR-LAST-EXTERNAL
2022-12-07 15:55:00,36.29,36.376598,36.264999,36.313499,120609.0,UPRO.NYSE-4-HOUR-LAST-EXTERNAL
2022-12-07 19:55:00,35.727199,35.740001,35.639999,35.705001,65349.0,UPRO.NYSE-4-HOUR-LAST-EXTERNAL
2022-12-07 21:00:00,35.779998,35.779998,35.779998,35.779998,302353.0,UPRO.NYSE-4-HOUR-LAST-EXTERNAL
2022-12-08 15:55:00,36.743999,36.779998,36.650001,36.705001,70273.0,UPRO.NYSE-4-HOUR-LAST-EXTERNAL
2022-12-08 19:55:00,36.505001,36.52,36.365001,36.400001,101880.0,UPRO.NYSE-4-HOUR-LAST-EXTERNAL
2022-12-08 21:00:00,36.599998,36.599998,36.599998,36.599998,898886.0,UPRO.NYSE-4-HOUR-LAST-EXTERNAL
2022-12-09 15:55:00,36.560001,36.830001,36.560001,36.830001,236515.0,UPRO.NYSE-4-HOUR-LAST-EXTERNAL
2022-12-09 19:55:00,36.484199,36.529899,36.43,36.470001,59181.0,UPRO.NYSE-4-HOUR-LAST-EXTERNAL
2022-12-09 21:00:00,35.759998,35.759998,35.759998,35.759998,363292.0,UPRO.NYSE-4-HOUR-LAST-EXTERNAL
2022-12-12 15:55:00,36.042301,36.0969,36.0401,36.09,57117.0,UPRO.NYSE-4-HOUR-LAST-EXTERNAL
2022-12-12 19:55:00,36.639999,36.735,36.639999,36.709899,90346.0,UPRO.NYSE-4-HOUR-LAST-EXTERNAL
2022-12-12 21:00:00,37.299999,37.299999,37.299999,37.299999,485124.0,UPRO.NYSE-4-HOUR-LAST-EXTERNAL
2022-12-13 15:55:00,38.86,38.918201,38.659999,38.84,218961.0,UPRO.NYSE-4-HOUR-LAST-EXTERNAL
2022-12-13 19:55:00,37.990001,38.060001,37.909999,38.04,107022.0,UPRO.NYSE-4-HOUR-LAST-EXTERNAL
2022-12-13 21:00:00,38.11,38.11,38.11,38.11,920455.0,UPRO.NYSE-4-HOUR-LAST-EXTERNAL
2022-12-14 15:55:00,38.77,38.794998,38.689998,38.770099,75737.0,UPRO.NYSE-4-HOUR-LAST-EXTERNAL
2022-12-14 19:55:00,37.150001,37.349899,36.979999,37.27,413488.0,UPRO.NYSE-4-HOUR-LAST-EXTERNAL
2022-12-14 21:00:00,37.409999,37.409999,37.409999,37.409999,422428.0,UPRO.NYSE-4-HOUR-LAST-EXTERNAL
2022-12-15 15:55:00,34.889999,34.959999,34.77,34.909999,199575.0,UPRO.NYSE-4-HOUR-LAST-EXTERNAL
2022-12-15 19:55:00,34.650001,34.779998,34.595001,34.764999,11805709.0,UPRO.NYSE-4-HOUR-LAST-EXTERNAL
2022-12-15 21:00:00,34.630001,34.630001,34.630001,34.630001,751880.0,UPRO.NYSE-4-HOUR-LAST-EXTERNAL
2022-12-16 15:55:00,33.279998,33.319999,33.209999,33.310001,55684.0,UPRO.NYSE-4-HOUR-LAST-EXTERNAL
2022-12-16 19:55:00,33.174999,33.365001,33.120098,33.2802,149088.0,UPRO.NYSE-4-HOUR-LAST-EXTERNAL
2022-12-16 21:00:00,33.369998,33.369998,33.369998,33.369998,458520.0,UPRO.NYSE-4-HOUR-LAST-EXTERNAL
2022-12-19 15:55:00,33.04,33.064998,32.939998,32.95,129777.0,UPRO.NYSE-4-HOUR-LAST-EXTERNAL
2022-12-19 19:55:00,32.09,32.205001,32.080001,32.18,122527.0,UPRO.NYSE-4-HOUR-LAST-EXTERNAL
2022-12-19 21:00:00,32.52,32.52,32.52,32.52,459750.0,UPRO.NYSE-4-HOUR-LAST-EXTERNAL
2022-12-20 15:55:00,32.95,33.014999,32.799999,32.819999,106667.0,UPRO.NYSE-4-HOUR-LAST-EXTERNAL
2022-12-20 19:55:00,32.734401,32.755001,32.639999,32.68,84681.0,UPRO.NYSE-4-HOUR-LAST-EXTERNAL
2022-12-20 21:00:00,32.619998,32.619998,32.619998,32.619998,251472.0,UPRO.NYSE-4-HOUR-LAST-EXTERNAL
2022-12-21 15:55:00,34.04,34.1865,34.04,34.169998,127516.0,UPRO.NYSE-4-HOUR-LAST-EXTERNAL
2022-12-21 19:55:00,34.02,34.084999,33.955001,34.059898,85334.0,UPRO.NYSE-4-HOUR-LAST-EXTERNAL
2022-12-21 21:00:00,34.09,34.09,34.09,34.09,479367.0,UPRO.NYSE-4-HOUR-LAST-EXTERNAL
2022-12-22 15:55:00,32.109798,32.11,32.0,32.029998,149612.0,UPRO.NYSE-4-HOUR-LAST-EXTERNAL
2022-12-22 19:55:00,31.729999,31.899799,31.719999,31.87,187755.0,UPRO.NYSE-4-HOUR-LAST-EXTERNAL
2022-12-22 21:00:00,32.490001,32.490001,32.490001,32.490001,1374440.0,UPRO.NYSE-4-HOUR-LAST-EXTERNAL
2022-12-23 15:55:00,32.534999,32.649398,32.419998,32.470001,153602.0,UPRO.NYSE-4-HOUR-LAST-EXTERNAL
2022-12-23 19:55:00,32.845001,32.924999,32.845001,32.911598,100231.0,UPRO.NYSE-4-HOUR-LAST-EXTERNAL
2022-12-23 21:00:00,32.979999,32.979999,32.979999,32.979999,501112.0,UPRO.NYSE-4-HOUR-LAST-EXTERNAL
2022-12-27 15:55:00,32.86,32.880001,32.709999,32.740001,196392.0,UPRO.NYSE-4-HOUR-LAST-EXTERNAL
2022-12-27 19:55:00,32.580001,32.615001,32.520099,32.581001,56993.0,UPRO.NYSE-4-HOUR-LAST-EXTERNAL
2022-12-27 21:00:00,32.61,32.61,32.61,32.61,322259.0,UPRO.NYSE-4-HOUR-LAST-EXTERNAL
2022-12-28 15:55:00,32.259998,32.310001,32.049999,32.099998,204168.0,UPRO.NYSE-4-HOUR-LAST-EXTERNAL
2022-12-28 19:55:00,31.879999,31.899999,31.799999,31.819999,70567.0,UPRO.NYSE-4-HOUR-LAST-EXTERNAL
2022-12-28 21:00:00,31.389999,31.389999,31.389999,31.389999,540064.0,UPRO.NYSE-4-HOUR-LAST-EXTERNAL
2022-12-29 15:55:00,32.900001,32.979801,32.900001,32.939998,121829.0,UPRO.NYSE-4-HOUR-LAST-EXTERNAL
2022-12-29 19:55:00,33.075,33.080001,33.029998,33.060001,31536.0,UPRO.NYSE-4-HOUR-LAST-EXTERNAL
2022-12-29 21:00:00,32.990001,32.990001,32.990001,32.990001,1190152.0,UPRO.NYSE-4-HOUR-LAST-EXTERNAL
2022-12-30 15:55:00,32.29,32.319999,32.185001,32.229999,83434.0,UPRO.NYSE-4-HOUR-LAST-EXTERNAL
2022-12-30 19:55:00,31.909999,31.93,31.84,31.889999,74712.0,UPRO.NYSE-4-HOUR-LAST-EXTERNAL
2022-12-30 21:00:00,32.77,32.77,32.77,32.77,566086.0,UPRO.NYSE-4-HOUR-LAST-EXTERNAL
2023-01-03 15:55:00,32.369998,32.659999,32.369998,32.643901,176512.0,UPRO.NYSE-4-HOUR-LAST-EXTERNAL
2023-01-03 19:55:00,32.145,32.25,32.04,32.119998,122752.0,UPRO.NYSE-4-HOUR-LAST-EXTERNAL
2023-01-03 21:00:00,32.34,32.34,32.34,32.34,311596.0,UPRO.NYSE-4-HOUR-LAST-EXTERNAL
2023-01-04 15:55:00,32.79,32.869998,32.729999,32.869998,115042.0,UPRO.NYSE-4-HOUR-LAST-EXTERNAL
2023-01-04 19:55:00,32.685001,32.959999,32.68,32.939201,120867.0,UPRO.NYSE-4-HOUR-LAST-EXTERNAL
2023-01-04 21:00:00,33.049999,33.049999,33.049999,33.049999,268420.0,UPRO.NYSE-4-HOUR-LAST-EXTERNAL
2023-01-05 15:55:00,31.93,31.989999,31.879999,31.899999,87515.0,UPRO.NYSE-4-HOUR-LAST-EXTERNAL
2023-01-05 19:55:00,32.435001,32.459899,32.259998,32.279998,105064.0,UPRO.NYSE-4-HOUR-LAST-EXTERNAL
2023-01-05 21:00:00,31.909999,31.909999,31.909999,31.909999,439900.0,UPRO.NYSE-4-HOUR-LAST-EXTERNAL
2023-01-06 15:55:00,33.369998,33.459999,33.29,33.379901,186511.0,UPRO.NYSE-4-HOUR-LAST-EXTERNAL
2023-01-06 19:55:00,34.2434,34.264999,34.2,34.209999,135180.0,UPRO.NYSE-4-HOUR-LAST-EXTERNAL
2023-01-06 21:00:00,34.069999,34.069999,34.069999,34.069999,470270.0,UPRO.NYSE-4-HOUR-LAST-EXTERNAL
2023-01-09 15:55:00,35.4099,35.424999,35.27,35.278701,126982.0,UPRO.NYSE-4-HOUR-LAST-EXTERNAL
2023-01-09 19:55:00,34.52,34.525001,34.25,34.299999,225211.0,UPRO.NYSE-4-HOUR-LAST-EXTERNAL
2023-01-09 21:00:00,34.029998,34.029998,34.029998,34.029998,310604.0,UPRO.NYSE-4-HOUR-LAST-EXTERNAL
2023-01-10 15:55:00,34.000099,34.194999,33.974998,34.150001,106336.0,UPRO.NYSE-4-HOUR-LAST-EXTERNAL
2023-01-10 19:55:00,34.444999,34.470001,34.395,34.439998,70066.0,UPRO.NYSE-4-HOUR-LAST-EXTERNAL
2023-01-10 21:00:00,34.720001,34.720001,34.720001,34.720001,206818.0,UPRO.NYSE-4-HOUR-LAST-EXTERNAL
2023-01-11 15:55:00,35.069999,35.069999,34.93,34.979999,93225.0,UPRO.NYSE-4-HOUR-LAST-EXTERNAL
2023-01-11 19:55:00,35.684299,35.705001,35.639999,35.705001,48298.0,UPRO.NYSE-4-HOUR-LAST-EXTERNAL
2023-01-11 21:00:00,36.009998,36.009998,36.009998,36.009998,334136.0,UPRO.NYSE-4-HOUR-LAST-EXTERNAL
2023-01-12 15:55:00,36.09,36.220001,35.959999,35.970001,337503.0,UPRO.NYSE-4-HOUR-LAST-EXTERNAL
2023-01-12 19:55:00,36.400001,36.479999,36.319999,36.479999,70447.0,UPRO.NYSE-4-HOUR-LAST-EXTERNAL
2023-01-12 21:00:00,36.380001,36.380001,36.380001,36.380001,394821.0,UPRO.NYSE-4-HOUR-LAST-EXTERNAL
2023-01-13 15:55:00,36.229999,36.29,36.150001,36.209999,101070.0,UPRO.NYSE-4-HOUR-LAST-EXTERNAL
2023-01-13 19:55:00,36.5,36.579601,36.470001,36.579601,41058.0,UPRO.NYSE-4-HOUR-LAST-EXTERNAL
2023-01-13 21:00:00,36.79,36.79,36.79,36.79,273066.0,UPRO.NYSE-4-HOUR-LAST-EXTERNAL
2023-01-17 15:55:00,36.729999,36.75,36.6567,36.720001,33688.0,UPRO.NYSE-4-HOUR-LAST-EXTERNAL
2023-01-17 19:55:00,36.747001,36.747001,36.639999,36.68,34049.0,UPRO.NYSE-4-HOUR-LAST-EXTERNAL
2023-01-17 21:00:00,36.59,36.59,36.59,36.59,793118.0,UPRO.NYSE-4-HOUR-LAST-EXTERNAL
2023-01-18 15:55:00,36.325,36.419998,36.215,36.409999,215178.0,UPRO.NYSE-4-HOUR-LAST-EXTERNAL
2023-01-18 19:55:00,35.2994,35.314998,35.259998,35.29,55020.0,UPRO.NYSE-4-HOUR-LAST-EXTERNAL
2023-01-18 21:00:00,34.86,34.86,34.86,34.86,563051.0,UPRO.NYSE-4-HOUR-LAST-EXTERNAL
2023-01-19 15:55:00,33.84,33.854999,33.7499,33.849998,139106.0,UPRO.NYSE-4-HOUR-LAST-EXTERNAL
2023-01-19 19:55:00,34.479999,34.599998,34.470001,34.529998,88858.0,UPRO.NYSE-4-HOUR-LAST-EXTERNAL
2023-01-19 21:00:00,34.049999,34.049999,34.049999,34.049999,481025.0,UPRO.NYSE-4-HOUR-LAST-EXTERNAL
2023-01-20 15:55:00,34.59,34.659999,34.549999,34.555,89506.0,UPRO.NYSE-4-HOUR-LAST-EXTERNAL
2023-01-20 19:55:00,35.429901,35.529998,35.389999,35.52,77861.0,UPRO.NYSE-4-HOUR-LAST-EXTERNAL
2023-01-20 21:00:00,35.900001,35.900001,35.900001,35.900001,483576.0,UPRO.NYSE-4-HOUR-LAST-EXTERNAL
2023-01-23 15:55:00,37.0,37.119899,36.993301,37.0102,176270.0,UPRO.NYSE-4-HOUR-LAST-EXTERNAL
2023-01-23 19:55:00,36.810001,36.939998,36.79,36.919998,195042.0,UPRO.NYSE-4-HOUR-LAST-EXTERNAL
2023-01-23 21:00:00,37.209999,37.209999,37.209999,37.209999,447569.0,UPRO.NYSE-4-HOUR-LAST-EXTERNAL
2023-01-24 15:55:00,37.080001,37.235,37.060001,37.1441,152474.0,UPRO.NYSE-4-HOUR-LAST-EXTERNAL
2023-01-24 19:55:00,37.245998,37.305,37.235,37.27,29470.0,UPRO.NYSE-4-HOUR-LAST-EXTERNAL
2023-01-24 21:00:00,37.080001,37.080001,37.080001,37.080001,195727.0,UPRO.NYSE-4-HOUR-LAST-EXTERNAL
2023-01-25 15:55:00,35.43,35.637199,35.419998,35.599998,133708.0,UPRO.NYSE-4-HOUR-LAST-EXTERNAL
2023-01-25 19:55:00,36.939998,37.025001,36.93,36.939998,132538.0,UPRO.NYSE-4-HOUR-LAST-EXTERNAL
2023-01-25 21:00:00,37.119998,37.119998,37.119998,37.119998,256486.0,UPRO.NYSE-4-HOUR-LAST-EXTERNAL
2023-01-26 15:55:00,37.169998,37.18,36.990001,37.080001,416795.0,UPRO.NYSE-4-HOUR-LAST-EXTERNAL
2023-01-26 19:55:00,37.84,37.95,37.84,37.942298,42269.0,UPRO.NYSE-4-HOUR-LAST-EXTERNAL
2023-01-26 21:00:00,38.27,38.27,38.27,38.27,450137.0,UPRO.NYSE-4-HOUR-LAST-EXTERNAL
2023-01-27 15:55:00,38.029998,38.159,37.9593,38.11,240919.0,UPRO.NYSE-4-HOUR-LAST-EXTERNAL
2023-01-27 19:55:00,39.060001,39.084999,39.029998,39.059898,58619.0,UPRO.NYSE-4-HOUR-LAST-EXTERNAL
2023-01-27 21:00:00,38.549999,38.549999,38.549999,38.549999,236021.0,UPRO.NYSE-4-HOUR-LAST-EXTERNAL
2023-01-30 15:55:00,37.599998,37.779998,37.580001,37.77,153133.0,UPRO.NYSE-4-HOUR-LAST-EXTERNAL
2023-01-30 19:55:00,37.2205,37.320098,37.182701,37.293998,65853.0,UPRO.NYSE-4-HOUR-LAST-EXTERNAL
2023-01-30 21:00:00,37.11,37.11,37.11,37.11,475896.0,UPRO.NYSE-4-HOUR-LAST-EXTERNAL
2023-01-31 15:55:00,37.670101,37.724998,37.6534,37.720001,54720.0,UPRO.NYSE-4-HOUR-LAST-EXTERNAL
2023-01-31 19:55:00,38.18,38.205001,38.139999,38.159999,69153.0,UPRO.NYSE-4-HOUR-LAST-EXTERNAL
2023-01-31 21:00:00,38.709999,38.709999,38.709999,38.709999,585398.0,UPRO.NYSE-4-HOUR-LAST-EXTERNAL
2023-02-01 15:55:00,38.080001,38.11,37.990001,38.029998,110820.0,UPRO.NYSE-4-HOUR-LAST-EXTERNAL
2023-02-01 19:55:00,39.549999,39.669998,39.330001,39.459999,347458.0,UPRO.NYSE-4-HOUR-LAST-EXTERNAL
2023-02-01 21:00:00,39.909999,39.909999,39.909999,39.909999,474141.0,UPRO.NYSE-4-HOUR-LAST-EXTERNAL
2023-02-02 15:55:00,41.650001,41.680198,41.563701,41.599998,139511.0,UPRO.NYSE-4-HOUR-LAST-EXTERNAL
2023-02-02 19:55:00,40.979999,40.979999,40.740001,40.779998,197604.0,UPRO.NYSE-4-HOUR-LAST-EXTERNAL
2023-02-02 21:00:00,41.630001,41.630001,41.630001,41.630001,436889.0,UPRO.NYSE-4-HOUR-LAST-EXTERNAL
2023-02-03 15:55:00,41.29,41.34,41.139999,41.299999,98470.0,UPRO.NYSE-4-HOUR-LAST-EXTERNAL
2023-02-03 19:55:00,40.330001,40.389999,40.064998,40.1501,110624.0,UPRO.NYSE-4-HOUR-LAST-EXTERNAL
2023-02-03 21:00:00,40.299999,40.299999,40.299999,40.299999,845224.0,UPRO.NYSE-4-HOUR-LAST-EXTERNAL
2023-02-06 15:55:00,39.650001,39.724998,39.61,39.669998,137804.0,UPRO.NYSE-4-HOUR-LAST-EXTERNAL
2023-02-06 19:55:00,39.638,39.68,39.575,39.678699,57180.0,UPRO.NYSE-4-HOUR-LAST-EXTERNAL
2023-02-06 21:00:00,39.59,39.59,39.59,39.59,240541.0,UPRO.NYSE-4-HOUR-LAST-EXTERNAL
2023-02-07 15:55:00,39.319999,39.330001,39.192901,39.224998,67136.0,UPRO.NYSE-4-HOUR-LAST-EXTERNAL
2023-02-07 19:55:00,40.630001,40.659999,40.560298,40.619998,133857.0,UPRO.NYSE-4-HOUR-LAST-EXTERNAL
2023-02-07 21:00:00,41.099998,41.099998,41.099998,41.099998,465497.0,UPRO.NYSE-4-HOUR-LAST-EXTERNAL
2023-02-08 15:55:00,40.27,40.34,40.229999,40.259998,3500823.0,UPRO.NYSE-4-HOUR-LAST-EXTERNAL
2023-02-08 19:55:00,39.819999,39.965,39.772201,39.93,87799.0,UPRO.NYSE-4-HOUR-LAST-EXTERNAL
2023-02-08 21:00:00,39.75,39.75,39.75,39.75,488337.0,UPRO.NYSE-4-HOUR-LAST-EXTERNAL
2023-02-09 15:55:00,40.25,40.380001,40.220001,40.380001,70973.0,UPRO.NYSE-4-HOUR-LAST-EXTERNAL
2023-02-09 19:55:00,39.049999,39.049999,38.994998,39.049999,110945.0,UPRO.NYSE-4-HOUR-LAST-EXTERNAL
2023-02-09 21:00:00,38.68,38.68,38.68,38.68,495224.0,UPRO.NYSE-4-HOUR-LAST-EXTERNAL
2023-02-10 15:55:00,38.444301,38.525001,38.36,38.509998,106490.0,UPRO.NYSE-4-HOUR-LAST-EXTERNAL
2023-02-10 19:55:00,38.720001,38.755001,38.68,38.729999,60761.0,UPRO.NYSE-4-HOUR-LAST-EXTERNAL
2023-02-10 21:00:00,38.889999,38.889999,38.889999,38.889999,269528.0,UPRO.NYSE-4-HOUR-LAST-EXTERNAL
2023-02-13 15:55:00,39.900001,39.980098,39.86,39.869998,66985.0,UPRO.NYSE-4-HOUR-LAST-EXTERNAL
2023-02-13 19:55:00,39.93,39.95,39.881,39.95,57956.0,UPRO.NYSE-4-HOUR-LAST-EXTERNAL
2023-02-13 21:00:00,40.25,40.25,40.25,40.25,1073978.0,UPRO.NYSE-4-HOUR-LAST-EXTERNAL
2023-02-14 15:55:00,39.479999,39.640201,39.354,39.555,333178.0,UPRO.NYSE-4-HOUR-LAST-EXTERNAL
2023-02-14 19:55:00,40.349998,40.439899,40.2905,40.349498,45394.0,UPRO.NYSE-4-HOUR-LAST-EXTERNAL
2023-02-14 21:00:00,40.189998,40.189998,40.189998,40.189998,1035293.0,UPRO.NYSE-4-HOUR-LAST-EXTERNAL
2023-02-15 15:55:00,39.659999,39.759998,39.59,39.61,69965.0,UPRO.NYSE-4-HOUR-LAST-EXTERNAL
2023-02-15 19:55:00,40.216201,40.220001,40.09,40.11,77924.0,UPRO.NYSE-4-HOUR-LAST-EXTERNAL
2023-02-15 21:00:00,40.560001,40.560001,40.560001,40.560001,233219.0,UPRO.NYSE-4-HOUR-LAST-EXTERNAL
2023-02-16 15:55:00,39.759998,39.759998,39.639999,39.759601,82611.0,UPRO.NYSE-4-HOUR-LAST-EXTERNAL
2023-02-16 19:55:00,40.04,40.087501,39.994998,40.0,47051.0,UPRO.NYSE-4-HOUR-LAST-EXTERNAL
2023-02-16 21:00:00,38.86,38.86,38.86,38.86,794613.0,UPRO.NYSE-4-HOUR-LAST-EXTERNAL
2023-02-17 15:55:00,37.93,37.990001,37.84,37.889999,92793.0,UPRO.NYSE-4-HOUR-LAST-EXTERNAL
2023-02-17 19:55:00,38.470001,38.54,38.441001,38.493999,82443.0,UPRO.NYSE-4-HOUR-LAST-EXTERNAL
2023-02-17 21:00:00,38.54,38.54,38.54,38.54,274715.0,UPRO.NYSE-4-HOUR-LAST-EXTERNAL
2023-02-21 15:55:00,36.86,36.86,36.830001,36.830001,10371.0,UPRO.NYSE-4-HOUR-LAST-EXTERNAL
2023-02-21 19:55:00,36.400001,36.428001,36.310001,36.380001,70899.0,UPRO.NYSE-4-HOUR-LAST-EXTERNAL
2023-02-21 21:00:00,36.229999,36.229999,36.229999,36.229999,408070.0,UPRO.NYSE-4-HOUR-LAST-EXTERNAL
2023-02-22 15:55:00,36.185001,36.279998,36.159999,36.208,123111.0,UPRO.NYSE-4-HOUR-LAST-EXTERNAL
2023-02-22 19:55:00,35.919998,35.919998,35.759998,35.779998,177986.0,UPRO.NYSE-4-HOUR-LAST-EXTERNAL
2023-02-22 21:00:00,36.069999,36.069999,36.069999,36.069999,1245415.0,UPRO.NYSE-4-HOUR-LAST-EXTERNAL
2023-02-23 15:55:00,36.180099,36.189998,36.099998,36.169998,94124.0,UPRO.NYSE-4-HOUR-LAST-EXTERNAL
2023-02-23 19:55:00,36.514999,36.520999,36.389999,36.439998,189882.0,UPRO.NYSE-4-HOUR-LAST-EXTERNAL
2023-02-23 21:00:00,36.569999,36.569999,36.569999,36.569999,368682.0,UPRO.NYSE-4-HOUR-LAST-EXTERNAL
2023-02-24 15:55:00,34.709999,34.784999,34.650001,34.77,123981.0,UPRO.NYSE-4-HOUR-LAST-EXTERNAL
2023-02-24 19:55:00,35.3987,35.59,35.36,35.501399,181369.0,UPRO.NYSE-4-HOUR-LAST-EXTERNAL
2023-02-24 21:00:00,35.389999,35.389999,35.389999,35.389999,526425.0,UPRO.NYSE-4-HOUR-LAST-EXTERNAL
2023-02-27 15:55:00,36.130001,36.159301,35.979999,36.150001,174906.0,UPRO.NYSE-4-HOUR-LAST-EXTERNAL
2023-02-27 19:55:00,35.849998,35.869998,35.79,35.799999,59366.0,UPRO.NYSE-4-HOUR-LAST-EXTERNAL
2023-02-27 21:00:00,35.729999,35.729999,35.729999,35.729999,239716.0,UPRO.NYSE-4-HOUR-LAST-EXTERNAL
2023-02-28 15:55:00,35.52,35.639999,35.479301,35.639999,52099.0,UPRO.NYSE-4-HOUR-LAST-EXTERNAL
2023-02-28 19:55:00,35.830001,35.839298,35.735,35.759998,145175.0,UPRO.NYSE-4-HOUR-LAST-EXTERNAL
2023-02-28 21:00:00,35.330001,35.330001,35.330001,35.330001,803997.0,UPRO.NYSE-4-HOUR-LAST-EXTERNAL
2023-03-01 15:55:00,35.2,35.27,35.119998,35.220001,93788.0,UPRO.NYSE-4-HOUR-LAST-EXTERNAL
2023-03-01 19:55:00,34.744998,34.779998,34.709999,34.739898,47154.0,UPRO.NYSE-4-HOUR-LAST-EXTERNAL
2023-03-01 21:00:00,34.919998,34.919998,34.919998,34.919998,381937.0,UPRO.NYSE-4-HOUR-LAST-EXTERNAL
2023-03-02 15:55:00,34.77,34.809898,34.7201,34.759899,168516.0,UPRO.NYSE-4-HOUR-LAST-EXTERNAL
2023-03-02 19:55:00,35.369998,35.474998,35.36,35.439998,121835.0,UPRO.NYSE-4-HOUR-LAST-EXTERNAL
2023-03-02 21:00:00,35.68,35.68,35.68,35.68,340960.0,UPRO.NYSE-4-HOUR-LAST-EXTERNAL
2023-03-03 15:55:00,36.490001,36.560001,36.45,36.479999,102971.0,UPRO.NYSE-4-HOUR-LAST-EXTERNAL
2023-03-03 19:55:00,37.27,37.319999,37.250099,37.319999,96107.0,UPRO.NYSE-4-HOUR-LAST-EXTERNAL
2023-03-03 21:00:00,37.369998,37.369998,37.369998,37.369998,1083184.0,UPRO.NYSE-4-HOUR-LAST-EXTERNAL
2023-03-06 15:55:00,38.150001,38.18,38.079898,38.084999,134312.0,UPRO.NYSE-4-HOUR-LAST-EXTERNAL
2023-03-06 19:55:00,37.560001,37.619998,37.5,37.54,86835.0,UPRO.NYSE-4-HOUR-LAST-EXTERNAL
2023-03-06 21:00:00,37.479999,37.479999,37.479999,37.479999,284431.0,UPRO.NYSE-4-HOUR-LAST-EXTERNAL
2023-03-07 15:55:00,36.5769,36.594001,36.329399,36.34,208059.0,UPRO.NYSE-4-HOUR-LAST-EXTERNAL
2023-03-07 19:55:00,35.584999,35.607101,35.560001,35.59,82776.0,UPRO.NYSE-4-HOUR-LAST-EXTERNAL
2023-03-07 21:00:00,35.75,35.75,35.75,35.75,365035.0,UPRO.NYSE-4-HOUR-LAST-EXTERNAL
2023-03-08 15:55:00,35.77,35.7999,35.685001,35.75,109252.0,UPRO.NYSE-4-HOUR-LAST-EXTERNAL
2023-03-08 19:55:00,35.509998,35.509998,35.45,35.470001,54631.0,UPRO.NYSE-4-HOUR-LAST-EXTERNAL
2023-03-08 21:00:00,35.909999,35.909999,35.909999,35.909999,465754.0,UPRO.NYSE-4-HOUR-LAST-EXTERNAL
2023-03-09 15:55:00,36.330001,36.334999,36.139999,36.139999,123757.0,UPRO.NYSE-4-HOUR-LAST-EXTERNAL
2023-03-09 19:55:00,34.479999,34.52,34.36,34.3801,241262.0,UPRO.NYSE-4-HOUR-LAST-EXTERNAL
2023-03-09 21:00:00,33.889999,33.889999,33.889999,33.889999,537841.0,UPRO.NYSE-4-HOUR-LAST-EXTERNAL
2023-03-10 15:55:00,33.349998,33.778999,33.349998,33.775001,276629.0,UPRO.NYSE-4-HOUR-LAST-EXTERNAL
2023-03-10 19:55:00,32.909999,33.04,32.659999,32.799999,310846.0,UPRO.NYSE-4-HOUR-LAST-EXTERNAL
2023-03-10 21:00:00,32.419998,32.419998,32.419998,32.419998,1426972.0,UPRO.NYSE-4-HOUR-LAST-EXTERNAL
2023-03-13 15:55:00,32.819999,33.18,32.759998,33.131198,272071.0,UPRO.NYSE-4-HOUR-LAST-EXTERNAL
2023-03-13 19:55:00,32.319999,32.380001,32.150001,32.2,458397.0,UPRO.NYSE-4-HOUR-LAST-EXTERNAL
2023-03-14 15:55:00,34.1305,34.1305,34.030101,34.04,49747.0,UPRO.NYSE-4-HOUR-LAST-EXTERNAL
2023-03-14 19:55:00,33.470001,33.939998,33.459999,33.819999,735848.0,UPRO.NYSE-4-HOUR-LAST-EXTERNAL
2023-03-15 15:55:00,32.299999,32.349998,32.240001,32.267501,160519.0,UPRO.NYSE-4-HOUR-LAST-EXTERNAL
2023-03-15 19:55:00,32.59,33.209999,32.59,33.209999,450986.0,UPRO.NYSE-4-HOUR-LAST-EXTERNAL
2023-03-16 15:55:00,34.319999,34.474998,34.279998,34.329898,174005.0,UPRO.NYSE-4-HOUR-LAST-EXTERNAL
2023-03-16 19:55:00,34.79,34.93,34.7,34.880001,648414.0,UPRO.NYSE-4-HOUR-LAST-EXTERNAL
2023-03-17 15:55:00,33.5,33.570499,33.45,33.560001,165892.0,UPRO.NYSE-4-HOUR-LAST-EXTERNAL
2023-03-17 19:55:00,33.764999,33.830001,33.61,33.708999,319524.0,UPRO.NYSE-4-HOUR-LAST-EXTERNAL
2023-03-20 15:55:00,34.389999,34.424999,34.279998,34.29,137449.0,UPRO.NYSE-4-HOUR-LAST-EXTERNAL
2023-03-20 19:55:00,34.61,34.630001,34.549999,34.61,347016.0,UPRO.NYSE-4-HOUR-LAST-EXTERNAL
2023-03-21 15:55:00,35.252998,35.272701,35.159999,35.2,83778.0,UPRO.NYSE-4-HOUR-LAST-EXTERNAL
2023-03-21 19:55:00,36.0,36.009998,35.865001,35.990001,352579.0,UPRO.NYSE-4-HOUR-LAST-EXTERNAL
2023-03-22 15:55:00,35.904998,35.924999,35.880001,35.889999,36280.0,UPRO.NYSE-4-HOUR-LAST-EXTERNAL
2023-03-22 19:55:00,34.490001,34.509998,34.04,34.060001,637786.0,UPRO.NYSE-4-HOUR-LAST-EXTERNAL
2023-03-23 15:55:00,35.669998,35.709999,35.549999,35.580001,43946.0,UPRO.NYSE-4-HOUR-LAST-EXTERNAL
2023-03-23 19:55:00,34.529998,34.569999,34.279998,34.279998,525036.0,UPRO.NYSE-4-HOUR-LAST-EXTERNAL
2023-03-24 15:55:00,34.080001,34.330001,34.055,34.279499,168537.0,UPRO.NYSE-4-HOUR-LAST-EXTERNAL
2023-03-24 19:55:00,34.68,34.959999,34.625,34.959999,324832.0,UPRO.NYSE-4-HOUR-LAST-EXTERNAL
2023-03-27 15:55:00,35.049999,35.055,34.904998,35.014999,189583.0,UPRO.NYSE-4-HOUR-LAST-EXTERNAL
2023-03-27 19:55:00,35.229999,35.229999,34.9827,35.139999,393859.0,UPRO.NYSE-4-HOUR-LAST-EXTERNAL
2023-03-28 15:55:00,35.0,35.025001,34.973899,35.02,44153.0,UPRO.NYSE-4-HOUR-LAST-EXTERNAL
2023-03-28 19:55:00,34.849998,34.939998,34.819999,34.93,187844.0,UPRO.NYSE-4-HOUR-LAST-EXTERNAL
2023-03-29 15:55:00,36.0,36.034999,35.9944,36.029998,136047.0,UPRO.NYSE-4-HOUR-LAST-EXTERNAL
2023-03-29 19:55:00,36.389999,36.419998,36.314998,36.409999,359071.0,UPRO.NYSE-4-HOUR-LAST-EXTERNAL
2023-03-30 15:55:00,36.819,36.880001,36.814998,36.834999,78125.0,UPRO.NYSE-4-HOUR-LAST-EXTERNAL
2023-03-30 19:55:00,36.959999,37.029998,36.939899,37.0,188011.0,UPRO.NYSE-4-HOUR-LAST-EXTERNAL
2023-03-31 15:55:00,37.889999,37.95,37.889999,37.95,77621.0,UPRO.NYSE-4-HOUR-LAST-EXTERNAL
2023-03-31 19:55:00,38.400001,38.645,38.400001,38.549999,999711.0,UPRO.NYSE-4-HOUR-LAST-EXTERNAL
2023-04-03 15:55:00,38.52,38.580001,38.5,38.569999,108586.0,UPRO.NYSE-4-HOUR-LAST-EXTERNAL
2023-04-03 19:55:00,38.939998,39.049999,38.9305,38.990001,680094.0,UPRO.NYSE-4-HOUR-LAST-EXTERNAL
2023-04-04 15:55:00,38.369998,38.400001,38.213298,38.220001,157173.0,UPRO.NYSE-4-HOUR-LAST-EXTERNAL
2023-04-04 19:55:00,38.240001,38.34,38.2201,38.34,235070.0,UPRO.NYSE-4-HOUR-LAST-EXTERNAL
2023-04-05 15:55:00,37.7,37.834999,37.694999,37.830001,49842.0,UPRO.NYSE-4-HOUR-LAST-EXTERNAL
2023-04-05 19:55:00,38.025001,38.055,37.970001,38.0,269869.0,UPRO.NYSE-4-HOUR-LAST-EXTERNAL
2023-04-06 15:55:00,38.049999,38.11,38.049999,38.11,39507.0,UPRO.NYSE-4-HOUR-LAST-EXTERNAL
2023-04-06 19:55:00,38.319999,38.43,38.29,38.409999,385185.0,UPRO.NYSE-4-HOUR-LAST-EXTERNAL
2023-04-10 15:55:00,37.865001,37.869998,37.77,37.780101,110010.0,UPRO.NYSE-4-HOUR-LAST-EXTERNAL
2023-04-10 19:55:00,38.34,38.54,38.34,38.529998,169821.0,UPRO.NYSE-4-HOUR-LAST-EXTERNAL
2023-04-11 15:55:00,38.599998,38.645,38.560001,38.630001,57613.0,UPRO.NYSE-4-HOUR-LAST-EXTERNAL
2023-04-11 19:55:00,38.54,38.54,38.400001,38.525001,258902.0,UPRO.NYSE-4-HOUR-LAST-EXTERNAL
2023-04-12 15:55:00,38.639999,38.729999,38.6231,38.689998,59810.0,UPRO.NYSE-4-HOUR-LAST-EXTERNAL
2023-04-12 19:55:00,37.970001,38.060001,37.880001,38.060001,250446.0,UPRO.NYSE-4-HOUR-LAST-EXTERNAL
2023-04-13 15:55:00,38.689998,38.840099,38.659999,38.832801,90408.0,UPRO.NYSE-4-HOUR-LAST-EXTERNAL
2023-04-13 19:55:00,39.470001,39.529998,39.43,39.529998,229899.0,UPRO.NYSE-4-HOUR-LAST-EXTERNAL
2023-04-14 15:55:00,38.959899,39.0265,38.880001,39.02,55210.0,UPRO.NYSE-4-HOUR-LAST-EXTERNAL
2023-04-14 19:55:00,39.189998,39.29,39.169998,39.25,363042.0,UPRO.NYSE-4-HOUR-LAST-EXTERNAL
2023-04-17 15:55:00,39.008098,39.02,38.959999,38.990001,45580.0,UPRO.NYSE-4-HOUR-LAST-EXTERNAL
2023-04-17 19:55:00,39.580001,39.645,39.549999,39.645,241938.0,UPRO.NYSE-4-HOUR-LAST-EXTERNAL
2023-04-18 15:55:00,39.439998,39.449699,39.361,39.424999,29910.0,UPRO.NYSE-4-HOUR-LAST-EXTERNAL
2023-04-18 19:55:00,39.75,39.819999,39.7,39.705001,240982.0,UPRO.NYSE-4-HOUR-LAST-EXTERNAL
2023-04-19 15:55:00,39.490699,39.564998,39.479999,39.5498,116286.0,UPRO.NYSE-4-HOUR-LAST-EXTERNAL
2023-04-19 19:55:00,39.630001,39.7,39.619998,39.689998,148923.0,UPRO.NYSE-4-HOUR-LAST-EXTERNAL
2023-04-20 15:55:00,39.159999,39.18,39.099998,39.099998,54425.0,UPRO.NYSE-4-HOUR-LAST-EXTERNAL
2023-04-20 19:55:00,38.849998,39.0,38.849998,38.979999,309695.0,UPRO.NYSE-4-HOUR-LAST-EXTERNAL
2023-04-21 15:55:00,38.79,38.93,38.779998,38.923599,48689.0,UPRO.NYSE-4-HOUR-LAST-EXTERNAL
2023-04-21 19:55:00,39.014999,39.099998,39.014301,39.049999,266829.0,UPRO.NYSE-4-HOUR-LAST-EXTERNAL
2023-04-24 15:55:00,38.659999,38.7,38.659999,38.68,28268.0,UPRO.NYSE-4-HOUR-LAST-EXTERNAL
2023-04-24 19:55:00,39.080001,39.18,39.04,39.169998,216296.0,UPRO.NYSE-4-HOUR-LAST-EXTERNAL
2023-04-25 15:55:00,38.150001,38.160099,38.11,38.130001,57075.0,UPRO.NYSE-4-HOUR-LAST-EXTERNAL
2023-04-25 19:55:00,37.389999,37.389999,37.29,37.299999,271060.0,UPRO.NYSE-4-HOUR-LAST-EXTERNAL
2023-04-26 15:55:00,37.59,37.669998,37.59,37.619998,85417.0,UPRO.NYSE-4-HOUR-LAST-EXTERNAL
2023-04-26 19:55:00,36.799999,36.965,36.799999,36.799999,400598.0,UPRO.NYSE-4-HOUR-LAST-EXTERNAL
