2022-01-03 20:55:00,7.28,7.289999,7.269999,7.28,23602.0,WEAT.NYSE-1-DAY-LAST-EXTERNAL
2022-01-04 20:55:00,7.385,7.389999,7.38,7.38,7458.0,WEAT.NYSE-1-DAY-LAST-EXTERNAL
2022-01-05 20:55:00,7.314199,7.32,7.3125,7.3125,4741.0,WEAT.NYSE-1-DAY-LAST-EXTERNAL
2022-01-06 20:55:00,7.209899,7.21,7.199999,7.21,6406.0,WEAT.NYSE-1-DAY-LAST-EXTERNAL
2022-01-07 20:55:00,7.304999,7.309999,7.304999,7.304999,6546.0,WEAT.NYSE-1-DAY-LAST-EXTERNAL
2022-01-10 20:55:00,7.300499,7.309999,7.3,7.3,2198.0,WEAT.NYSE-1-DAY-LAST-EXTERNAL
2022-01-11 20:55:00,7.394999,7.4,7.389999,7.4,6841.0,WEAT.NYSE-1-DAY-LAST-EXTERNAL
2022-01-12 20:55:00,7.2799,7.2799,7.269999,7.269999,18895.0,WEAT.NYSE-1-DAY-LAST-EXTERNAL
2022-01-13 20:55:00,7.139999,7.15,7.139999,7.15,3783.0,WEAT.NYSE-1-DAY-LAST-EXTERNAL
2022-01-14 20:55:00,7.130199,7.139999,7.13,7.13,3282.0,WEAT.NYSE-1-DAY-LAST-EXTERNAL
2022-01-18 20:55:00,7.344999,7.349999,7.341199,7.349999,1739.0,WEAT.NYSE-1-DAY-LAST-EXTERNAL
2022-01-19 20:55:00,7.579999,7.59,7.570499,7.59,19047.0,WEAT.NYSE-1-DAY-LAST-EXTERNAL
2022-01-20 20:55:00,7.51,7.53,7.51,7.519999,5612.0,WEAT.NYSE-1-DAY-LAST-EXTERNAL
2022-01-21 20:55:00,7.449999,7.449999,7.44,7.44,6567.0,WEAT.NYSE-1-DAY-LAST-EXTERNAL
2022-01-24 20:55:00,7.655,7.659999,7.6503,7.659999,5603.0,WEAT.NYSE-1-DAY-LAST-EXTERNAL
2022-01-25 20:55:00,7.775,7.78,7.769999,7.78,10028.0,WEAT.NYSE-1-DAY-LAST-EXTERNAL
2022-01-26 20:55:00,7.599999,7.599999,7.598199,7.599299,7041.0,WEAT.NYSE-1-DAY-LAST-EXTERNAL
2022-01-27 20:55:00,7.429999,7.434999,7.429999,7.429999,3109.0,WEAT.NYSE-1-DAY-LAST-EXTERNAL
2022-01-28 20:55:00,7.559999,7.57,7.55,7.57,6282.0,WEAT.NYSE-1-DAY-LAST-EXTERNAL
2022-01-31 20:55:00,7.3136,7.32,7.309999,7.32,2367.0,WEAT.NYSE-1-DAY-LAST-EXTERNAL
2022-02-01 20:55:00,7.38,7.389999,7.38,7.389999,442.0,WEAT.NYSE-1-DAY-LAST-EXTERNAL
2022-02-02 20:55:00,7.2884,7.289999,7.2802,7.289999,3135.0,WEAT.NYSE-1-DAY-LAST-EXTERNAL
2022-02-03 20:55:00,7.26,7.26,7.255,7.2599,5244.0,WEAT.NYSE-1-DAY-LAST-EXTERNAL
2022-02-04 20:55:00,7.3639,7.38,7.3639,7.38,14546.0,WEAT.NYSE-1-DAY-LAST-EXTERNAL
2022-02-07 20:55:00,7.44,7.44,7.430099,7.44,4568.0,WEAT.NYSE-1-DAY-LAST-EXTERNAL
2022-02-08 20:55:00,7.5,7.5,7.489999,7.5,14022.0,WEAT.NYSE-1-DAY-LAST-EXTERNAL
2022-02-09 20:55:00,7.559999,7.579999,7.55,7.57,23804.0,WEAT.NYSE-1-DAY-LAST-EXTERNAL
2022-02-10 20:55:00,7.434999,7.44,7.429999,7.429999,3900.0,WEAT.NYSE-1-DAY-LAST-EXTERNAL
2022-02-11 20:55:00,7.709899,7.71,7.699999,7.699999,18745.0,WEAT.NYSE-1-DAY-LAST-EXTERNAL
2022-02-14 21:00:00,7.71,7.71,7.71,7.71,12198.0,WEAT.NYSE-1-DAY-LAST-EXTERNAL
2022-02-15 21:00:00,7.5,7.5,7.5,7.5,10188.0,WEAT.NYSE-1-DAY-LAST-EXTERNAL
2022-02-16 21:00:00,7.51,7.51,7.51,7.51,3866.0,WEAT.NYSE-1-DAY-LAST-EXTERNAL
2022-02-17 21:00:00,7.69,7.69,7.69,7.69,8089.0,WEAT.NYSE-1-DAY-LAST-EXTERNAL
2022-02-18 21:00:00,7.659999,7.659999,7.659999,7.659999,39851.0,WEAT.NYSE-1-DAY-LAST-EXTERNAL
2022-02-22 21:00:00,8.13,8.13,8.13,8.13,41348.0,WEAT.NYSE-1-DAY-LAST-EXTERNAL
2022-02-23 21:00:00,8.42,8.42,8.42,8.42,89717.0,WEAT.NYSE-1-DAY-LAST-EXTERNAL
2022-02-24 21:00:00,8.829999,8.829999,8.829999,8.829999,76105.0,WEAT.NYSE-1-DAY-LAST-EXTERNAL
2022-02-25 21:00:00,8.109999,8.109999,8.109999,8.109999,38259.0,WEAT.NYSE-1-DAY-LAST-EXTERNAL
2022-02-28 21:00:00,8.84,8.84,8.84,8.84,67429.0,WEAT.NYSE-1-DAY-LAST-EXTERNAL
2022-03-01 21:00:00,9.409999,9.409999,9.409999,9.409999,189268.0,WEAT.NYSE-1-DAY-LAST-EXTERNAL
2022-03-02 21:00:00,9.609999,9.609999,9.609999,9.609999,59238.0,WEAT.NYSE-1-DAY-LAST-EXTERNAL
2022-03-03 21:00:00,11.109999,11.109999,11.109999,11.109999,179750.0,WEAT.NYSE-1-DAY-LAST-EXTERNAL
2022-03-04 21:00:00,10.829999,10.829999,10.829999,10.829999,260625.0,WEAT.NYSE-1-DAY-LAST-EXTERNAL
2022-03-07 21:00:00,12.279999,12.279999,12.279999,12.279999,330766.0,WEAT.NYSE-1-DAY-LAST-EXTERNAL
2022-03-08 21:00:00,11.109999,11.109999,11.109999,11.109999,204356.0,WEAT.NYSE-1-DAY-LAST-EXTERNAL
2022-03-09 21:00:00,10.359999,10.359999,10.359999,10.359999,88498.0,WEAT.NYSE-1-DAY-LAST-EXTERNAL
2022-03-10 21:00:00,10.01,10.01,10.01,10.01,52343.0,WEAT.NYSE-1-DAY-LAST-EXTERNAL
2022-03-11 21:00:00,10.35,10.35,10.35,10.35,84789.0,WEAT.NYSE-1-DAY-LAST-EXTERNAL
2022-03-14 20:00:00,10.189999,10.189999,10.189999,10.189999,48177.0,WEAT.NYSE-1-DAY-LAST-EXTERNAL
2022-03-15 20:00:00,10.569999,10.569999,10.569999,10.569999,188475.0,WEAT.NYSE-1-DAY-LAST-EXTERNAL
2022-03-16 20:00:00,9.84,9.84,9.84,9.84,70440.0,WEAT.NYSE-1-DAY-LAST-EXTERNAL
2022-03-17 20:00:00,10.239999,10.239999,10.239999,10.239999,33503.0,WEAT.NYSE-1-DAY-LAST-EXTERNAL
2022-03-18 20:00:00,9.989999,9.989999,9.989999,9.989999,42568.0,WEAT.NYSE-1-DAY-LAST-EXTERNAL
2022-03-21 20:00:00,10.63,10.63,10.63,10.63,162951.0,WEAT.NYSE-1-DAY-LAST-EXTERNAL
2022-03-22 20:00:00,10.689999,10.689999,10.689999,10.689999,59338.0,WEAT.NYSE-1-DAY-LAST-EXTERNAL
2022-03-23 20:00:00,10.59,10.59,10.59,10.59,84350.0,WEAT.NYSE-1-DAY-LAST-EXTERNAL
2022-03-24 20:00:00,10.43,10.43,10.43,10.43,46918.0,WEAT.NYSE-1-DAY-LAST-EXTERNAL
2022-03-25 20:00:00,10.609999,10.609999,10.609999,10.609999,85518.0,WEAT.NYSE-1-DAY-LAST-EXTERNAL
2022-03-28 20:00:00,10.26,10.26,10.26,10.26,314150.0,WEAT.NYSE-1-DAY-LAST-EXTERNAL
2022-03-29 20:00:00,9.89,9.89,9.89,9.89,75697.0,WEAT.NYSE-1-DAY-LAST-EXTERNAL
2022-03-30 20:00:00,10.02,10.02,10.02,10.02,67594.0,WEAT.NYSE-1-DAY-LAST-EXTERNAL
2022-03-31 20:00:00,9.859999,9.859999,9.859999,9.859999,57376.0,WEAT.NYSE-1-DAY-LAST-EXTERNAL
2022-04-01 20:00:00,9.689999,9.689999,9.689999,9.689999,91028.0,WEAT.NYSE-1-DAY-LAST-EXTERNAL
2022-04-04 20:00:00,9.979999,9.979999,9.979999,9.979999,29927.0,WEAT.NYSE-1-DAY-LAST-EXTERNAL
2022-04-05 20:00:00,10.34,10.34,10.34,10.34,52724.0,WEAT.NYSE-1-DAY-LAST-EXTERNAL
2022-04-06 20:00:00,10.35,10.35,10.35,10.35,157939.0,WEAT.NYSE-1-DAY-LAST-EXTERNAL
2022-04-07 20:00:00,10.25,10.25,10.25,10.25,81217.0,WEAT.NYSE-1-DAY-LAST-EXTERNAL
2022-04-08 20:00:00,10.529999,10.529999,10.529999,10.529999,116032.0,WEAT.NYSE-1-DAY-LAST-EXTERNAL
2022-04-11 20:00:00,10.829999,10.829999,10.829999,10.829999,117616.0,WEAT.NYSE-1-DAY-LAST-EXTERNAL
2022-04-12 20:00:00,11.02,11.02,11.02,11.02,70446.0,WEAT.NYSE-1-DAY-LAST-EXTERNAL
2022-04-13 20:00:00,11.069999,11.069999,11.069999,11.069999,53119.0,WEAT.NYSE-1-DAY-LAST-EXTERNAL
2022-04-14 20:00:00,10.909999,10.909999,10.909999,10.909999,77792.0,WEAT.NYSE-1-DAY-LAST-EXTERNAL
2022-04-18 20:00:00,11.159999,11.159999,11.159999,11.159999,67596.0,WEAT.NYSE-1-DAY-LAST-EXTERNAL
2022-04-19 20:00:00,10.93,10.93,10.93,10.93,41710.0,WEAT.NYSE-1-DAY-LAST-EXTERNAL
2022-04-20 20:00:00,10.909999,10.909999,10.909999,10.909999,27383.0,WEAT.NYSE-1-DAY-LAST-EXTERNAL
2022-04-21 20:00:00,10.67,10.67,10.67,10.67,46515.0,WEAT.NYSE-1-DAY-LAST-EXTERNAL
2022-04-22 20:00:00,10.579999,10.579999,10.579999,10.579999,28697.0,WEAT.NYSE-1-DAY-LAST-EXTERNAL
2022-04-25 20:00:00,10.649999,10.649999,10.649999,10.649999,70290.0,WEAT.NYSE-1-DAY-LAST-EXTERNAL
2022-04-26 20:00:00,10.88,10.88,10.88,10.88,83091.0,WEAT.NYSE-1-DAY-LAST-EXTERNAL
2022-04-27 20:00:00,10.859999,10.859999,10.859999,10.859999,24188.0,WEAT.NYSE-1-DAY-LAST-EXTERNAL
2022-04-28 20:00:00,10.76,10.76,10.76,10.76,27628.0,WEAT.NYSE-1-DAY-LAST-EXTERNAL
2022-04-29 20:00:00,10.42,10.42,10.42,10.42,175206.0,WEAT.NYSE-1-DAY-LAST-EXTERNAL
2022-05-02 20:00:00,10.529999,10.529999,10.529999,10.529999,37259.0,WEAT.NYSE-1-DAY-LAST-EXTERNAL
2022-05-03 20:00:00,10.489999,10.489999,10.489999,10.489999,13056.0,WEAT.NYSE-1-DAY-LAST-EXTERNAL
2022-05-04 20:00:00,10.75,10.75,10.75,10.75,56398.0,WEAT.NYSE-1-DAY-LAST-EXTERNAL
2022-05-05 20:00:00,10.979999,10.979999,10.979999,10.979999,80704.0,WEAT.NYSE-1-DAY-LAST-EXTERNAL
2022-05-06 20:00:00,11.0,11.0,11.0,11.0,26302.0,WEAT.NYSE-1-DAY-LAST-EXTERNAL
2022-05-09 20:00:00,10.68,10.68,10.68,10.68,60388.0,WEAT.NYSE-1-DAY-LAST-EXTERNAL
2022-05-10 20:00:00,10.909999,10.909999,10.909999,10.909999,31391.0,WEAT.NYSE-1-DAY-LAST-EXTERNAL
2022-05-11 20:00:00,11.289999,11.289999,11.289999,11.289999,257351.0,WEAT.NYSE-1-DAY-LAST-EXTERNAL
2022-05-12 20:00:00,11.579999,11.579999,11.579999,11.579999,236703.0,WEAT.NYSE-1-DAY-LAST-EXTERNAL
2022-05-13 20:00:00,11.64,11.64,11.64,11.64,79122.0,WEAT.NYSE-1-DAY-LAST-EXTERNAL
2022-05-16 20:00:00,12.14,12.14,12.14,12.14,543237.0,WEAT.NYSE-1-DAY-LAST-EXTERNAL
2022-05-17 20:00:00,12.359999,12.359999,12.359999,12.359999,359204.0,WEAT.NYSE-1-DAY-LAST-EXTERNAL
2022-05-18 20:00:00,12.0,12.0,12.0,12.0,66121.0,WEAT.NYSE-1-DAY-LAST-EXTERNAL
2022-05-19 20:00:00,11.77,11.77,11.77,11.77,102740.0,WEAT.NYSE-1-DAY-LAST-EXTERNAL
2022-05-20 20:00:00,11.5,11.5,11.5,11.5,98035.0,WEAT.NYSE-1-DAY-LAST-EXTERNAL
2022-05-23 20:00:00,11.899999,11.899999,11.899999,11.899999,98653.0,WEAT.NYSE-1-DAY-LAST-EXTERNAL
2022-05-24 20:00:00,11.52,11.52,11.52,11.52,55245.0,WEAT.NYSE-1-DAY-LAST-EXTERNAL
2022-05-25 20:00:00,11.409999,11.409999,11.409999,11.409999,74258.0,WEAT.NYSE-1-DAY-LAST-EXTERNAL
2022-05-26 20:00:00,11.35,11.35,11.35,11.35,122781.0,WEAT.NYSE-1-DAY-LAST-EXTERNAL
2022-05-27 20:00:00,11.579999,11.579999,11.579999,11.579999,108099.0,WEAT.NYSE-1-DAY-LAST-EXTERNAL
2022-05-31 20:00:00,10.97,10.97,10.97,10.97,123568.0,WEAT.NYSE-1-DAY-LAST-EXTERNAL
2022-06-01 20:00:00,10.489999,10.489999,10.489999,10.489999,98595.0,WEAT.NYSE-1-DAY-LAST-EXTERNAL
2022-06-02 20:00:00,10.739999,10.739999,10.739999,10.739999,45768.0,WEAT.NYSE-1-DAY-LAST-EXTERNAL
2022-06-03 20:00:00,10.68,10.68,10.68,10.68,30529.0,WEAT.NYSE-1-DAY-LAST-EXTERNAL
2022-06-06 20:00:00,11.21,11.21,11.21,11.21,128429.0,WEAT.NYSE-1-DAY-LAST-EXTERNAL
2022-06-07 20:00:00,11.069999,11.069999,11.069999,11.069999,142455.0,WEAT.NYSE-1-DAY-LAST-EXTERNAL
2022-06-08 20:00:00,11.069999,11.069999,11.069999,11.069999,42763.0,WEAT.NYSE-1-DAY-LAST-EXTERNAL
2022-06-09 20:00:00,10.989999,10.989999,10.989999,10.989999,112467.0,WEAT.NYSE-1-DAY-LAST-EXTERNAL
2022-06-10 20:00:00,11.05,11.05,11.05,11.05,98906.0,WEAT.NYSE-1-DAY-LAST-EXTERNAL
2022-06-13 20:00:00,10.96,10.96,10.96,10.96,67327.0,WEAT.NYSE-1-DAY-LAST-EXTERNAL
2022-06-14 20:00:00,10.77,10.77,10.77,10.77,186059.0,WEAT.NYSE-1-DAY-LAST-EXTERNAL
2022-06-15 20:00:00,10.789999,10.789999,10.789999,10.789999,17321.0,WEAT.NYSE-1-DAY-LAST-EXTERNAL
2022-06-16 20:00:00,11.069999,11.069999,11.069999,11.069999,163641.0,WEAT.NYSE-1-DAY-LAST-EXTERNAL
2022-06-17 20:00:00,10.6,10.6,10.6,10.6,83444.0,WEAT.NYSE-1-DAY-LAST-EXTERNAL
2022-06-21 20:00:00,10.029999,10.029999,10.029999,10.029999,144451.0,WEAT.NYSE-1-DAY-LAST-EXTERNAL
2022-06-22 20:00:00,9.979999,9.979999,9.979999,9.979999,54526.0,WEAT.NYSE-1-DAY-LAST-EXTERNAL
2022-06-23 20:00:00,9.63,9.63,9.63,9.63,53054.0,WEAT.NYSE-1-DAY-LAST-EXTERNAL
2022-06-24 20:00:00,9.52,9.52,9.52,9.52,73275.0,WEAT.NYSE-1-DAY-LAST-EXTERNAL
2022-06-27 20:00:00,9.329999,9.329999,9.329999,9.329999,81087.0,WEAT.NYSE-1-DAY-LAST-EXTERNAL
2022-06-28 20:00:00,9.489999,9.489999,9.489999,9.489999,95924.0,WEAT.NYSE-1-DAY-LAST-EXTERNAL
2022-06-29 20:00:00,9.479999,9.479999,9.479999,9.479999,28296.0,WEAT.NYSE-1-DAY-LAST-EXTERNAL
2022-06-30 20:00:00,9.039999,9.039999,9.039999,9.039999,82895.0,WEAT.NYSE-1-DAY-LAST-EXTERNAL
2022-07-01 20:00:00,8.63,8.63,8.63,8.63,327226.0,WEAT.NYSE-1-DAY-LAST-EXTERNAL
2022-07-05 20:00:00,8.26,8.26,8.26,8.26,70476.0,WEAT.NYSE-1-DAY-LAST-EXTERNAL
2022-07-06 20:00:00,8.25,8.25,8.25,8.25,92002.0,WEAT.NYSE-1-DAY-LAST-EXTERNAL
2022-07-07 20:00:00,8.569999,8.569999,8.569999,8.569999,45085.0,WEAT.NYSE-1-DAY-LAST-EXTERNAL
2022-07-08 20:00:00,9.149999,9.149999,9.149999,9.149999,65548.0,WEAT.NYSE-1-DAY-LAST-EXTERNAL
2022-07-11 20:00:00,8.739999,8.739999,8.739999,8.739999,21791.0,WEAT.NYSE-1-DAY-LAST-EXTERNAL
2022-07-12 20:00:00,8.329999,8.329999,8.329999,8.329999,48546.0,WEAT.NYSE-1-DAY-LAST-EXTERNAL
2022-07-13 20:00:00,8.329999,8.329999,8.329999,8.329999,15938.0,WEAT.NYSE-1-DAY-LAST-EXTERNAL
2022-07-14 20:00:00,8.199999,8.199999,8.199999,8.199999,42442.0,WEAT.NYSE-1-DAY-LAST-EXTERNAL
2022-07-15 20:00:00,8.06,8.06,8.06,8.06,45681.0,WEAT.NYSE-1-DAY-LAST-EXTERNAL
2022-07-18 20:00:00,8.359999,8.359999,8.359999,8.359999,17097.0,WEAT.NYSE-1-DAY-LAST-EXTERNAL
2022-07-19 20:00:00,8.39,8.39,8.39,8.39,34410.0,WEAT.NYSE-1-DAY-LAST-EXTERNAL
2022-07-20 20:00:00,8.47,8.47,8.47,8.47,42590.0,WEAT.NYSE-1-DAY-LAST-EXTERNAL
2022-07-21 20:00:00,8.319999,8.319999,8.319999,8.319999,14489.0,WEAT.NYSE-1-DAY-LAST-EXTERNAL
2022-07-22 20:00:00,7.829999,7.829999,7.829999,7.829999,62367.0,WEAT.NYSE-1-DAY-LAST-EXTERNAL
2022-07-25 20:00:00,8.02,8.02,8.02,8.02,170041.0,WEAT.NYSE-1-DAY-LAST-EXTERNAL
2022-07-26 20:00:00,8.35,8.35,8.35,8.35,27570.0,WEAT.NYSE-1-DAY-LAST-EXTERNAL
2022-07-27 20:00:00,8.22,8.22,8.22,8.22,27132.0,WEAT.NYSE-1-DAY-LAST-EXTERNAL
2022-07-28 20:00:00,8.5,8.5,8.5,8.5,37035.0,WEAT.NYSE-1-DAY-LAST-EXTERNAL
2022-07-29 20:00:00,8.46,8.46,8.46,8.46,34742.0,WEAT.NYSE-1-DAY-LAST-EXTERNAL
2022-08-01 20:00:00,8.359999,8.359999,8.359999,8.359999,24033.0,WEAT.NYSE-1-DAY-LAST-EXTERNAL
2022-08-02 20:00:00,8.09,8.09,8.09,8.09,17267.0,WEAT.NYSE-1-DAY-LAST-EXTERNAL
2022-08-03 20:00:00,8.05,8.05,8.05,8.05,14701.0,WEAT.NYSE-1-DAY-LAST-EXTERNAL
2022-08-04 20:00:00,8.21,8.21,8.21,8.21,19518.0,WEAT.NYSE-1-DAY-LAST-EXTERNAL
2022-08-05 20:00:00,8.159999,8.159999,8.159999,8.159999,10703.0,WEAT.NYSE-1-DAY-LAST-EXTERNAL
2022-08-08 20:00:00,8.26,8.26,8.26,8.26,20280.0,WEAT.NYSE-1-DAY-LAST-EXTERNAL
2022-08-09 20:00:00,8.22,8.22,8.22,8.22,21524.0,WEAT.NYSE-1-DAY-LAST-EXTERNAL
2022-08-10 20:00:00,8.38,8.38,8.38,8.38,16372.0,WEAT.NYSE-1-DAY-LAST-EXTERNAL
2022-08-11 20:00:00,8.43,8.43,8.43,8.43,77928.0,WEAT.NYSE-1-DAY-LAST-EXTERNAL
2022-08-12 20:00:00,8.369999,8.369999,8.369999,8.369999,23622.0,WEAT.NYSE-1-DAY-LAST-EXTERNAL
2022-08-15 20:00:00,8.319999,8.319999,8.319999,8.319999,16973.0,WEAT.NYSE-1-DAY-LAST-EXTERNAL
2022-08-16 20:00:00,8.149999,8.149999,8.149999,8.149999,29322.0,WEAT.NYSE-1-DAY-LAST-EXTERNAL
2022-08-17 20:00:00,8.0,8.0,8.0,8.0,35689.0,WEAT.NYSE-1-DAY-LAST-EXTERNAL
2022-08-18 20:00:00,7.69,7.69,7.69,7.69,61540.0,WEAT.NYSE-1-DAY-LAST-EXTERNAL
2022-08-19 20:00:00,7.9,7.9,7.9,7.9,65271.0,WEAT.NYSE-1-DAY-LAST-EXTERNAL
2022-08-22 20:00:00,8.1,8.1,8.1,8.1,77840.0,WEAT.NYSE-1-DAY-LAST-EXTERNAL
2022-08-23 20:00:00,8.25,8.25,8.25,8.25,62302.0,WEAT.NYSE-1-DAY-LAST-EXTERNAL
2022-08-24 20:00:00,8.319999,8.319999,8.319999,8.319999,48853.0,WEAT.NYSE-1-DAY-LAST-EXTERNAL
2022-08-25 20:00:00,8.039999,8.039999,8.039999,8.039999,75221.0,WEAT.NYSE-1-DAY-LAST-EXTERNAL
2022-08-26 20:00:00,8.359999,8.359999,8.359999,8.359999,200642.0,WEAT.NYSE-1-DAY-LAST-EXTERNAL
2022-08-29 20:00:00,8.649999,8.649999,8.649999,8.649999,364473.0,WEAT.NYSE-1-DAY-LAST-EXTERNAL
2022-08-30 20:00:00,8.43,8.43,8.43,8.43,45754.0,WEAT.NYSE-1-DAY-LAST-EXTERNAL
2022-08-31 20:00:00,8.539999,8.539999,8.539999,8.539999,36198.0,WEAT.NYSE-1-DAY-LAST-EXTERNAL
2022-09-01 20:00:00,8.159999,8.159999,8.159999,8.159999,55667.0,WEAT.NYSE-1-DAY-LAST-EXTERNAL
2022-09-02 20:00:00,8.31,8.31,8.31,8.31,67436.0,WEAT.NYSE-1-DAY-LAST-EXTERNAL
2022-09-06 20:00:00,8.39,8.39,8.39,8.39,25716.0,WEAT.NYSE-1-DAY-LAST-EXTERNAL
2022-09-07 20:00:00,8.59,8.59,8.59,8.59,31677.0,WEAT.NYSE-1-DAY-LAST-EXTERNAL
2022-09-08 20:00:00,8.479999,8.479999,8.479999,8.479999,17960.0,WEAT.NYSE-1-DAY-LAST-EXTERNAL
2022-09-09 20:00:00,8.81,8.81,8.81,8.81,64360.0,WEAT.NYSE-1-DAY-LAST-EXTERNAL
2022-09-12 20:00:00,8.75,8.75,8.75,8.75,64741.0,WEAT.NYSE-1-DAY-LAST-EXTERNAL
2022-09-13 20:00:00,8.76,8.76,8.76,8.76,23937.0,WEAT.NYSE-1-DAY-LAST-EXTERNAL
2022-09-14 20:00:00,8.88,8.88,8.88,8.88,33683.0,WEAT.NYSE-1-DAY-LAST-EXTERNAL
2022-09-15 20:00:00,8.56,8.56,8.56,8.56,29662.0,WEAT.NYSE-1-DAY-LAST-EXTERNAL
2022-09-16 20:00:00,8.729999,8.729999,8.729999,8.729999,12668.0,WEAT.NYSE-1-DAY-LAST-EXTERNAL
2022-09-19 20:00:00,8.46,8.46,8.46,8.46,48805.0,WEAT.NYSE-1-DAY-LAST-EXTERNAL
2022-09-20 20:00:00,9.01,9.01,9.01,9.01,52520.0,WEAT.NYSE-1-DAY-LAST-EXTERNAL
2022-09-21 20:00:00,9.069999,9.069999,9.069999,9.069999,25674.0,WEAT.NYSE-1-DAY-LAST-EXTERNAL
2022-09-22 20:00:00,9.1,9.1,9.1,9.1,47021.0,WEAT.NYSE-1-DAY-LAST-EXTERNAL
2022-09-23 20:00:00,8.819999,8.819999,8.819999,8.819999,36987.0,WEAT.NYSE-1-DAY-LAST-EXTERNAL
2022-09-26 20:00:00,8.609999,8.609999,8.609999,8.609999,34945.0,WEAT.NYSE-1-DAY-LAST-EXTERNAL
2022-09-27 20:00:00,8.729999,8.729999,8.729999,8.729999,12044.0,WEAT.NYSE-1-DAY-LAST-EXTERNAL
2022-09-28 20:00:00,9.039999,9.039999,9.039999,9.039999,28062.0,WEAT.NYSE-1-DAY-LAST-EXTERNAL
2022-09-29 20:00:00,8.96,8.96,8.96,8.96,13485.0,WEAT.NYSE-1-DAY-LAST-EXTERNAL
2022-09-30 20:00:00,9.149999,9.149999,9.149999,9.149999,74537.0,WEAT.NYSE-1-DAY-LAST-EXTERNAL
2022-10-03 20:00:00,9.13,9.13,9.13,9.13,7774.0,WEAT.NYSE-1-DAY-LAST-EXTERNAL
2022-10-04 20:00:00,9.039999,9.039999,9.039999,9.039999,26109.0,WEAT.NYSE-1-DAY-LAST-EXTERNAL
2022-10-05 20:00:00,9.109999,9.109999,9.109999,9.109999,55925.0,WEAT.NYSE-1-DAY-LAST-EXTERNAL
2022-10-06 20:00:00,8.909999,8.909999,8.909999,8.909999,42361.0,WEAT.NYSE-1-DAY-LAST-EXTERNAL
2022-10-07 20:00:00,8.92,8.92,8.92,8.92,38621.0,WEAT.NYSE-1-DAY-LAST-EXTERNAL
2022-10-10 20:00:00,9.359999,9.359999,9.359999,9.359999,79675.0,WEAT.NYSE-1-DAY-LAST-EXTERNAL
2022-10-11 20:00:00,9.069999,9.069999,9.069999,9.069999,33785.0,WEAT.NYSE-1-DAY-LAST-EXTERNAL
2022-10-12 20:00:00,8.939999,8.939999,8.939999,8.939999,84053.0,WEAT.NYSE-1-DAY-LAST-EXTERNAL
2022-10-13 20:00:00,8.989999,8.989999,8.989999,8.989999,30853.0,WEAT.NYSE-1-DAY-LAST-EXTERNAL
2022-10-14 20:00:00,8.75,8.75,8.75,8.75,122505.0,WEAT.NYSE-1-DAY-LAST-EXTERNAL
2022-10-17 20:00:00,8.77,8.77,8.77,8.77,31110.0,WEAT.NYSE-1-DAY-LAST-EXTERNAL
2022-10-18 20:00:00,8.67,8.67,8.67,8.67,57004.0,WEAT.NYSE-1-DAY-LAST-EXTERNAL
2022-10-19 20:00:00,8.579999,8.579999,8.579999,8.579999,31124.0,WEAT.NYSE-1-DAY-LAST-EXTERNAL
2022-10-20 20:00:00,8.71,8.71,8.71,8.71,31926.0,WEAT.NYSE-1-DAY-LAST-EXTERNAL
2022-10-21 20:00:00,8.68,8.68,8.68,8.68,31507.0,WEAT.NYSE-1-DAY-LAST-EXTERNAL
2022-10-24 20:00:00,8.6,8.6,8.6,8.6,8577.0,WEAT.NYSE-1-DAY-LAST-EXTERNAL
2022-10-25 20:00:00,8.56,8.56,8.56,8.56,31177.0,WEAT.NYSE-1-DAY-LAST-EXTERNAL
2022-10-26 20:00:00,8.64,8.64,8.64,8.64,16537.0,WEAT.NYSE-1-DAY-LAST-EXTERNAL
2022-10-27 20:00:00,8.619999,8.619999,8.619999,8.619999,25868.0,WEAT.NYSE-1-DAY-LAST-EXTERNAL
2022-10-28 20:00:00,8.55,8.55,8.55,8.55,10057.0,WEAT.NYSE-1-DAY-LAST-EXTERNAL
2022-10-31 20:00:00,8.979999,8.979999,8.979999,8.979999,38115.0,WEAT.NYSE-1-DAY-LAST-EXTERNAL
2022-11-01 20:00:00,9.14,9.14,9.14,9.14,24731.0,WEAT.NYSE-1-DAY-LAST-EXTERNAL
2022-11-02 20:00:00,8.649999,8.649999,8.649999,8.649999,32806.0,WEAT.NYSE-1-DAY-LAST-EXTERNAL
2022-11-03 20:00:00,8.63,8.63,8.63,8.63,107623.0,WEAT.NYSE-1-DAY-LAST-EXTERNAL
2022-11-04 20:00:00,8.72,8.72,8.72,8.72,11076.0,WEAT.NYSE-1-DAY-LAST-EXTERNAL
2022-11-07 21:00:00,8.699999,8.699999,8.699999,8.699999,841372.0,WEAT.NYSE-1-DAY-LAST-EXTERNAL
2022-11-08 20:55:00,8.539999,8.544199,8.529999,8.539999,92382.0,WEAT.NYSE-1-DAY-LAST-EXTERNAL
2022-11-09 21:00:00,8.35,8.35,8.35,8.35,20753.0,WEAT.NYSE-1-DAY-LAST-EXTERNAL
2022-11-10 21:00:00,8.329999,8.329999,8.329999,8.329999,22811.0,WEAT.NYSE-1-DAY-LAST-EXTERNAL
2022-11-11 21:00:00,8.439999,8.439999,8.439999,8.439999,15383.0,WEAT.NYSE-1-DAY-LAST-EXTERNAL
2022-11-14 21:00:00,8.449999,8.449999,8.449999,8.449999,21974.0,WEAT.NYSE-1-DAY-LAST-EXTERNAL
2022-11-15 21:00:00,8.51,8.51,8.51,8.51,159538.0,WEAT.NYSE-1-DAY-LAST-EXTERNAL
2022-11-16 21:00:00,8.42,8.42,8.42,8.42,11446.0,WEAT.NYSE-1-DAY-LAST-EXTERNAL
2022-11-17 21:00:00,8.31,8.31,8.31,8.31,12280.0,WEAT.NYSE-1-DAY-LAST-EXTERNAL
2022-11-18 21:00:00,8.27,8.27,8.27,8.27,18584.0,WEAT.NYSE-1-DAY-LAST-EXTERNAL
2022-11-21 21:00:00,8.229999,8.229999,8.229999,8.229999,11613.0,WEAT.NYSE-1-DAY-LAST-EXTERNAL
2022-11-22 21:00:00,8.17,8.17,8.17,8.17,27707.0,WEAT.NYSE-1-DAY-LAST-EXTERNAL
2022-11-23 21:00:00,8.18,8.18,8.18,8.18,10900.0,WEAT.NYSE-1-DAY-LAST-EXTERNAL
2022-11-25 18:00:00,8.069999,8.069999,8.029999,8.05,1103.0,WEAT.NYSE-1-DAY-LAST-EXTERNAL
2022-11-28 21:00:00,7.9,7.9,7.9,7.9,8371.0,WEAT.NYSE-1-DAY-LAST-EXTERNAL
2022-11-29 21:00:00,7.92,7.92,7.92,7.92,8713.0,WEAT.NYSE-1-DAY-LAST-EXTERNAL
2022-11-30 21:00:00,8.039999,8.039999,8.039999,8.039999,15972.0,WEAT.NYSE-1-DAY-LAST-EXTERNAL
2022-12-01 21:00:00,7.9,7.9,7.9,7.9,16813.0,WEAT.NYSE-1-DAY-LAST-EXTERNAL
2022-12-02 21:00:00,7.73,7.73,7.73,7.73,16278.0,WEAT.NYSE-1-DAY-LAST-EXTERNAL
2022-12-05 21:00:00,7.519999,7.519999,7.519999,7.519999,52705.0,WEAT.NYSE-1-DAY-LAST-EXTERNAL
2022-12-06 21:00:00,7.409999,7.409999,7.409999,7.409999,29001.0,WEAT.NYSE-1-DAY-LAST-EXTERNAL
2022-12-07 21:00:00,7.579999,7.579999,7.579999,7.579999,11476.0,WEAT.NYSE-1-DAY-LAST-EXTERNAL
2022-12-08 21:00:00,7.559999,7.559999,7.559999,7.559999,20623.0,WEAT.NYSE-1-DAY-LAST-EXTERNAL
2022-12-09 21:00:00,7.449999,7.449999,7.449999,7.449999,15054.0,WEAT.NYSE-1-DAY-LAST-EXTERNAL
2022-12-12 21:00:00,7.639999,7.639999,7.639999,7.639999,23083.0,WEAT.NYSE-1-DAY-LAST-EXTERNAL
2022-12-13 21:00:00,7.599999,7.599999,7.599999,7.599999,30477.0,WEAT.NYSE-1-DAY-LAST-EXTERNAL
2022-12-14 21:00:00,7.59,7.59,7.59,7.59,5569.0,WEAT.NYSE-1-DAY-LAST-EXTERNAL
2022-12-15 21:00:00,7.639999,7.639999,7.639999,7.639999,35820.0,WEAT.NYSE-1-DAY-LAST-EXTERNAL
2022-12-16 21:00:00,7.65,7.65,7.65,7.65,40956.0,WEAT.NYSE-1-DAY-LAST-EXTERNAL
2022-12-19 21:00:00,7.57,7.57,7.57,7.57,18779.0,WEAT.NYSE-1-DAY-LAST-EXTERNAL
2022-12-20 21:00:00,7.559999,7.559999,7.559999,7.559999,9088.0,WEAT.NYSE-1-DAY-LAST-EXTERNAL
2022-12-21 21:00:00,7.75,7.75,7.75,7.75,19677.0,WEAT.NYSE-1-DAY-LAST-EXTERNAL
2022-12-22 21:00:00,7.699999,7.699999,7.699999,7.699999,7728.0,WEAT.NYSE-1-DAY-LAST-EXTERNAL
2022-12-23 21:00:00,7.789999,7.789999,7.789999,7.789999,27513.0,WEAT.NYSE-1-DAY-LAST-EXTERNAL
2022-12-27 21:00:00,7.82,7.82,7.82,7.82,27174.0,WEAT.NYSE-1-DAY-LAST-EXTERNAL
2022-12-28 21:00:00,7.92,7.92,7.92,7.92,28733.0,WEAT.NYSE-1-DAY-LAST-EXTERNAL
2022-12-29 21:00:00,7.809999,7.809999,7.809999,7.809999,17674.0,WEAT.NYSE-1-DAY-LAST-EXTERNAL
2022-12-30 21:00:00,7.98,7.98,7.98,7.98,46333.0,WEAT.NYSE-1-DAY-LAST-EXTERNAL
2023-01-03 21:00:00,7.86,7.86,7.86,7.86,16907.0,WEAT.NYSE-1-DAY-LAST-EXTERNAL
2023-01-04 21:00:00,7.55,7.55,7.55,7.55,15507.0,WEAT.NYSE-1-DAY-LAST-EXTERNAL
2023-01-05 21:00:00,7.55,7.55,7.55,7.55,17069.0,WEAT.NYSE-1-DAY-LAST-EXTERNAL
2023-01-06 21:00:00,7.519999,7.519999,7.519999,7.519999,11994.0,WEAT.NYSE-1-DAY-LAST-EXTERNAL
2023-01-09 21:00:00,7.53,7.53,7.53,7.53,12244.0,WEAT.NYSE-1-DAY-LAST-EXTERNAL
2023-01-10 21:00:00,7.4,7.4,7.4,7.4,65494.0,WEAT.NYSE-1-DAY-LAST-EXTERNAL
2023-01-11 21:00:00,7.489999,7.489999,7.489999,7.489999,12230.0,WEAT.NYSE-1-DAY-LAST-EXTERNAL
2023-01-12 21:00:00,7.519999,7.519999,7.519999,7.519999,17889.0,WEAT.NYSE-1-DAY-LAST-EXTERNAL
2023-01-13 21:00:00,7.51,7.51,7.51,7.51,14010.0,WEAT.NYSE-1-DAY-LAST-EXTERNAL
2023-01-17 21:00:00,7.579999,7.579999,7.579999,7.579999,27690.0,WEAT.NYSE-1-DAY-LAST-EXTERNAL
2023-01-18 21:00:00,7.51,7.51,7.51,7.51,22681.0,WEAT.NYSE-1-DAY-LAST-EXTERNAL
2023-01-19 21:00:00,7.46,7.46,7.46,7.46,5043.0,WEAT.NYSE-1-DAY-LAST-EXTERNAL
2023-01-20 21:00:00,7.53,7.53,7.53,7.53,207502.0,WEAT.NYSE-1-DAY-LAST-EXTERNAL
2023-01-23 21:00:00,7.3,7.3,7.3,7.3,51509.0,WEAT.NYSE-1-DAY-LAST-EXTERNAL
2023-01-24 21:00:00,7.429999,7.429999,7.429999,7.429999,31367.0,WEAT.NYSE-1-DAY-LAST-EXTERNAL
2023-01-25 21:00:00,7.46,7.46,7.46,7.46,38865.0,WEAT.NYSE-1-DAY-LAST-EXTERNAL
2023-01-26 21:00:00,7.61,7.61,7.61,7.61,27902.0,WEAT.NYSE-1-DAY-LAST-EXTERNAL
2023-01-27 21:00:00,7.59,7.59,7.59,7.59,13687.0,WEAT.NYSE-1-DAY-LAST-EXTERNAL
2023-01-30 21:00:00,7.61,7.61,7.61,7.61,14526.0,WEAT.NYSE-1-DAY-LAST-EXTERNAL
2023-01-31 21:00:00,7.719999,7.719999,7.719999,7.719999,13245.0,WEAT.NYSE-1-DAY-LAST-EXTERNAL
2023-02-01 21:00:00,7.719999,7.719999,7.719999,7.719999,52790.0,WEAT.NYSE-1-DAY-LAST-EXTERNAL
2023-02-02 21:00:00,7.71,7.71,7.71,7.71,20803.0,WEAT.NYSE-1-DAY-LAST-EXTERNAL
2023-02-03 21:00:00,7.69,7.69,7.69,7.69,36019.0,WEAT.NYSE-1-DAY-LAST-EXTERNAL
2023-02-06 21:00:00,7.639999,7.639999,7.639999,7.639999,14665.0,WEAT.NYSE-1-DAY-LAST-EXTERNAL
2023-02-07 21:00:00,7.67,7.67,7.67,7.67,8790.0,WEAT.NYSE-1-DAY-LAST-EXTERNAL
2023-02-08 21:00:00,7.789999,7.789999,7.789999,7.789999,42247.0,WEAT.NYSE-1-DAY-LAST-EXTERNAL
2023-02-09 21:00:00,7.71,7.71,7.71,7.71,14087.0,WEAT.NYSE-1-DAY-LAST-EXTERNAL
2023-02-10 21:00:00,8.0,8.0,8.0,8.0,45818.0,WEAT.NYSE-1-DAY-LAST-EXTERNAL
2023-02-13 21:00:00,7.989999,7.989999,7.989999,7.989999,9320.0,WEAT.NYSE-1-DAY-LAST-EXTERNAL
2023-02-14 21:00:00,7.969999,7.969999,7.969999,7.969999,24876.0,WEAT.NYSE-1-DAY-LAST-EXTERNAL
2023-02-15 21:00:00,7.82,7.82,7.82,7.82,13159.0,WEAT.NYSE-1-DAY-LAST-EXTERNAL
2023-02-16 20:55:00,7.795,7.8,7.789999,7.789999,30137.0,WEAT.NYSE-1-DAY-LAST-EXTERNAL
2023-02-17 21:00:00,7.78,7.78,7.78,7.78,12219.0,WEAT.NYSE-1-DAY-LAST-EXTERNAL
2023-02-21 21:00:00,7.67,7.67,7.67,7.67,10349.0,WEAT.NYSE-1-DAY-LAST-EXTERNAL
2023-02-22 21:00:00,7.57,7.57,7.57,7.57,27637.0,WEAT.NYSE-1-DAY-LAST-EXTERNAL
2023-02-23 21:00:00,7.57,7.57,7.57,7.57,14040.0,WEAT.NYSE-1-DAY-LAST-EXTERNAL
2023-02-24 21:00:00,7.26,7.26,7.26,7.26,26410.0,WEAT.NYSE-1-DAY-LAST-EXTERNAL
2023-02-27 21:00:00,7.17,7.17,7.17,7.17,30365.0,WEAT.NYSE-1-DAY-LAST-EXTERNAL
2023-02-28 21:00:00,7.15,7.15,7.15,7.15,10271.0,WEAT.NYSE-1-DAY-LAST-EXTERNAL
2023-03-01 21:00:00,7.199999,7.199999,7.199999,7.199999,29004.0,WEAT.NYSE-1-DAY-LAST-EXTERNAL
2023-03-02 21:00:00,7.199999,7.199999,7.199999,7.199999,7470.0,WEAT.NYSE-1-DAY-LAST-EXTERNAL
2023-03-03 21:00:00,7.19,7.19,7.19,7.19,26874.0,WEAT.NYSE-1-DAY-LAST-EXTERNAL
2023-03-06 21:00:00,7.039999,7.039999,7.039999,7.039999,14205.0,WEAT.NYSE-1-DAY-LAST-EXTERNAL
2023-03-07 21:00:00,7.07,7.07,7.07,7.07,4572.0,WEAT.NYSE-1-DAY-LAST-EXTERNAL
2023-03-08 21:00:00,6.96,6.96,6.96,6.96,7449.0,WEAT.NYSE-1-DAY-LAST-EXTERNAL
2023-03-09 21:00:00,6.789999,6.789999,6.789999,6.789999,47404.0,WEAT.NYSE-1-DAY-LAST-EXTERNAL
2023-03-10 21:00:00,6.929999,6.929999,6.929999,6.929999,13930.0,WEAT.NYSE-1-DAY-LAST-EXTERNAL
2023-03-13 20:00:00,6.949999,6.949999,6.949999,6.949999,26300.0,WEAT.NYSE-1-DAY-LAST-EXTERNAL
2023-03-14 20:00:00,7.059999,7.059999,7.059999,7.059999,5477.0,WEAT.NYSE-1-DAY-LAST-EXTERNAL
2023-03-15 20:00:00,7.099999,7.099999,7.099999,7.099999,10967.0,WEAT.NYSE-1-DAY-LAST-EXTERNAL
2023-03-16 20:00:00,7.079999,7.079999,7.079999,7.079999,17878.0,WEAT.NYSE-1-DAY-LAST-EXTERNAL
2023-03-17 20:00:00,7.15,7.15,7.15,7.15,20052.0,WEAT.NYSE-1-DAY-LAST-EXTERNAL
2023-03-20 20:00:00,7.039999,7.039999,7.039999,7.039999,36464.0,WEAT.NYSE-1-DAY-LAST-EXTERNAL
2023-03-21 20:00:00,6.889999,6.889999,6.889999,6.889999,40300.0,WEAT.NYSE-1-DAY-LAST-EXTERNAL
2023-03-22 20:00:00,6.75,6.75,6.75,6.75,9784.0,WEAT.NYSE-1-DAY-LAST-EXTERNAL
2023-03-23 20:00:00,6.719999,6.719999,6.719999,6.719999,8770.0,WEAT.NYSE-1-DAY-LAST-EXTERNAL
2023-03-24 20:00:00,7.03,7.03,7.03,7.03,19064.0,WEAT.NYSE-1-DAY-LAST-EXTERNAL
2023-03-27 20:00:00,7.099999,7.099999,7.099999,7.099999,17604.0,WEAT.NYSE-1-DAY-LAST-EXTERNAL
2023-03-28 20:00:00,7.119999,7.119999,7.119999,7.119999,11266.0,WEAT.NYSE-1-DAY-LAST-EXTERNAL
2023-03-29 20:00:00,7.159999,7.159999,7.159999,7.159999,30170.0,WEAT.NYSE-1-DAY-LAST-EXTERNAL
2023-03-30 20:00:00,7.05,7.05,7.05,7.05,18389.0,WEAT.NYSE-1-DAY-LAST-EXTERNAL
2023-03-31 20:00:00,7.059999,7.059999,7.059999,7.059999,22927.0,WEAT.NYSE-1-DAY-LAST-EXTERNAL
2023-04-03 20:00:00,7.13,7.13,7.13,7.13,9105.0,WEAT.NYSE-1-DAY-LAST-EXTERNAL
2023-04-04 20:00:00,7.05,7.05,7.05,7.05,17706.0,WEAT.NYSE-1-DAY-LAST-EXTERNAL
2023-04-05 20:00:00,6.96,6.96,6.96,6.96,10422.0,WEAT.NYSE-1-DAY-LAST-EXTERNAL
2023-04-06 20:00:00,6.909999,6.909999,6.909999,6.909999,5214.0,WEAT.NYSE-1-DAY-LAST-EXTERNAL
2023-04-10 20:00:00,6.949999,6.949999,6.949999,6.949999,9955.0,WEAT.NYSE-1-DAY-LAST-EXTERNAL
2023-04-11 20:00:00,6.849999,6.849999,6.849999,6.849999,10330.0,WEAT.NYSE-1-DAY-LAST-EXTERNAL
2023-04-12 20:00:00,6.869999,6.869999,6.869999,6.869999,14910.0,WEAT.NYSE-1-DAY-LAST-EXTERNAL
2023-04-13 20:00:00,6.78,6.78,6.78,6.78,18553.0,WEAT.NYSE-1-DAY-LAST-EXTERNAL
2023-04-14 20:00:00,6.949999,6.949999,6.949999,6.949999,27156.0,WEAT.NYSE-1-DAY-LAST-EXTERNAL
2023-04-17 20:00:00,7.059999,7.059999,7.059999,7.059999,17460.0,WEAT.NYSE-1-DAY-LAST-EXTERNAL
2023-04-18 20:00:00,7.11,7.11,7.11,7.11,25869.0,WEAT.NYSE-1-DAY-LAST-EXTERNAL
2023-04-19 20:00:00,6.929999,6.929999,6.929999,6.929999,13358.0,WEAT.NYSE-1-DAY-LAST-EXTERNAL
2023-04-20 20:00:00,6.829999,6.829999,6.829999,6.829999,10268.0,WEAT.NYSE-1-DAY-LAST-EXTERNAL
2023-04-21 20:00:00,6.739999,6.739999,6.739999,6.739999,5572.0,WEAT.NYSE-1-DAY-LAST-EXTERNAL
2023-04-24 20:00:00,6.61,6.61,6.61,6.61,36481.0,WEAT.NYSE-1-DAY-LAST-EXTERNAL
2023-04-25 20:00:00,6.57,6.57,6.57,6.57,15899.0,WEAT.NYSE-1-DAY-LAST-EXTERNAL
2023-04-26 20:00:00,6.469999,6.469999,6.469999,6.469999,28426.0,WEAT.NYSE-1-DAY-LAST-EXTERNAL
