2022-01-03 15:55:00,58.779998,58.779998,58.319999,58.369998,45832.0,ZIM.NYSE-4-HOUR-LAST-EXTERNAL
2022-01-03 19:55:00,57.569999,57.630001,57.549999,57.630001,11453.0,ZIM.NYSE-4-HOUR-LAST-EXTERNAL
2022-01-03 21:00:00,56.759998,56.759998,56.759998,56.759998,202836.0,ZIM.NYSE-4-HOUR-LAST-EXTERNAL
2022-01-04 15:55:00,55.978,56.02,55.303501,55.52,124531.0,ZIM.NYSE-4-HOUR-LAST-EXTERNAL
2022-01-04 19:55:00,56.86,56.919998,56.819999,56.869998,22554.0,ZIM.NYSE-4-HOUR-LAST-EXTERNAL
2022-01-04 21:00:00,56.459999,56.459999,56.459999,56.459999,108964.0,ZIM.NYSE-4-HOUR-LAST-EXTERNAL
2022-01-05 15:55:00,57.09,57.209999,56.95,56.990001,27574.0,ZIM.NYSE-4-HOUR-LAST-EXTERNAL
2022-01-05 19:55:00,55.479999,55.479999,55.259998,55.380401,59478.0,ZIM.NYSE-4-HOUR-LAST-EXTERNAL
2022-01-05 21:00:00,54.619998,54.619998,54.619998,54.619998,199958.0,ZIM.NYSE-4-HOUR-LAST-EXTERNAL
2022-01-06 15:55:00,55.599998,55.880001,55.5,55.689998,38518.0,ZIM.NYSE-4-HOUR-LAST-EXTERNAL
2022-01-06 19:55:00,56.310001,56.310001,56.27,56.299999,5317.0,ZIM.NYSE-4-HOUR-LAST-EXTERNAL
2022-01-06 21:00:00,55.729999,55.729999,55.729999,55.729999,84778.0,ZIM.NYSE-4-HOUR-LAST-EXTERNAL
2022-01-07 15:55:00,56.18,56.409999,56.139999,56.400001,35694.0,ZIM.NYSE-4-HOUR-LAST-EXTERNAL
2022-01-07 19:55:00,56.865001,56.900001,56.819999,56.869998,4333.0,ZIM.NYSE-4-HOUR-LAST-EXTERNAL
2022-01-07 21:00:00,56.580001,56.580001,56.580001,56.580001,82287.0,ZIM.NYSE-4-HOUR-LAST-EXTERNAL
2022-01-10 15:55:00,56.25,56.36,56.130001,56.314998,17060.0,ZIM.NYSE-4-HOUR-LAST-EXTERNAL
2022-01-10 19:55:00,57.639999,57.79,57.509998,57.75,17825.0,ZIM.NYSE-4-HOUR-LAST-EXTERNAL
2022-01-10 21:00:00,58.659999,58.659999,58.659999,58.659999,210983.0,ZIM.NYSE-4-HOUR-LAST-EXTERNAL
2022-01-11 15:55:00,59.09,59.25,58.970001,59.25,37601.0,ZIM.NYSE-4-HOUR-LAST-EXTERNAL
2022-01-11 19:55:00,60.974998,61.18,60.919998,60.944999,46600.0,ZIM.NYSE-4-HOUR-LAST-EXTERNAL
2022-01-11 21:00:00,61.439998,61.439998,61.439998,61.439998,213048.0,ZIM.NYSE-4-HOUR-LAST-EXTERNAL
2022-01-12 15:55:00,62.152,62.259899,62.049999,62.150001,89617.0,ZIM.NYSE-4-HOUR-LAST-EXTERNAL
2022-01-12 19:55:00,63.490001,63.529998,63.34,63.529998,40761.0,ZIM.NYSE-4-HOUR-LAST-EXTERNAL
2022-01-12 21:00:00,63.2,63.2,63.2,63.2,247038.0,ZIM.NYSE-4-HOUR-LAST-EXTERNAL
2022-01-13 15:55:00,63.165,63.280101,63.030998,63.280101,23794.0,ZIM.NYSE-4-HOUR-LAST-EXTERNAL
2022-01-13 19:55:00,64.260002,64.480003,64.260002,64.419998,50694.0,ZIM.NYSE-4-HOUR-LAST-EXTERNAL
2022-01-13 21:00:00,63.630001,63.630001,63.630001,63.630001,102852.0,ZIM.NYSE-4-HOUR-LAST-EXTERNAL
2022-01-14 15:55:00,62.940101,63.330001,62.940101,63.330001,21685.0,ZIM.NYSE-4-HOUR-LAST-EXTERNAL
2022-01-14 19:55:00,63.490001,63.494998,63.293998,63.299999,15370.0,ZIM.NYSE-4-HOUR-LAST-EXTERNAL
2022-01-14 21:00:00,63.7,63.7,63.7,63.7,97610.0,ZIM.NYSE-4-HOUR-LAST-EXTERNAL
2022-01-18 15:55:00,64.459999,64.650001,64.29,64.54,28947.0,ZIM.NYSE-4-HOUR-LAST-EXTERNAL
2022-01-18 19:55:00,63.8413,63.880001,63.720001,63.775001,15061.0,ZIM.NYSE-4-HOUR-LAST-EXTERNAL
2022-01-18 21:00:00,63.34,63.34,63.34,63.34,89990.0,ZIM.NYSE-4-HOUR-LAST-EXTERNAL
2022-01-19 15:55:00,62.492198,62.54,62.2201,62.36,24941.0,ZIM.NYSE-4-HOUR-LAST-EXTERNAL
2022-01-19 19:55:00,62.375,62.580001,62.34,62.439998,35264.0,ZIM.NYSE-4-HOUR-LAST-EXTERNAL
2022-01-19 21:00:00,61.529998,61.529998,61.529998,61.529998,225127.0,ZIM.NYSE-4-HOUR-LAST-EXTERNAL
2022-01-20 15:55:00,63.209899,63.279998,63.02,63.215,31135.0,ZIM.NYSE-4-HOUR-LAST-EXTERNAL
2022-01-20 19:55:00,62.349998,62.509998,62.330001,62.349998,41819.0,ZIM.NYSE-4-HOUR-LAST-EXTERNAL
2022-01-20 21:00:00,61.34,61.34,61.34,61.34,185157.0,ZIM.NYSE-4-HOUR-LAST-EXTERNAL
2022-01-21 15:55:00,59.279998,59.279998,58.75,58.849998,80075.0,ZIM.NYSE-4-HOUR-LAST-EXTERNAL
2022-01-21 19:55:00,58.465,58.490001,58.2,58.276298,32857.0,ZIM.NYSE-4-HOUR-LAST-EXTERNAL
2022-01-21 21:00:00,58.119998,58.119998,58.119998,58.119998,297648.0,ZIM.NYSE-4-HOUR-LAST-EXTERNAL
2022-01-24 15:55:00,54.730098,54.918598,54.2,54.29,33549.0,ZIM.NYSE-4-HOUR-LAST-EXTERNAL
2022-01-24 19:55:00,55.869998,56.2,55.759998,56.2,30005.0,ZIM.NYSE-4-HOUR-LAST-EXTERNAL
2022-01-24 21:00:00,57.479999,57.479999,57.479999,57.479999,136865.0,ZIM.NYSE-4-HOUR-LAST-EXTERNAL
2022-01-25 15:55:00,57.060001,57.124401,56.84,56.857498,53001.0,ZIM.NYSE-4-HOUR-LAST-EXTERNAL
2022-01-25 19:55:00,58.319999,58.400001,58.165,58.18,30714.0,ZIM.NYSE-4-HOUR-LAST-EXTERNAL
2022-01-25 21:00:00,57.220001,57.220001,57.220001,57.220001,136154.0,ZIM.NYSE-4-HOUR-LAST-EXTERNAL
2022-01-26 15:55:00,59.654998,59.779998,59.349998,59.779998,41237.0,ZIM.NYSE-4-HOUR-LAST-EXTERNAL
2022-01-26 19:55:00,60.11,60.181198,59.819999,59.990001,33899.0,ZIM.NYSE-4-HOUR-LAST-EXTERNAL
2022-01-26 21:00:00,59.419998,59.419998,59.419998,59.419998,142462.0,ZIM.NYSE-4-HOUR-LAST-EXTERNAL
2022-01-27 15:55:00,61.810001,62.189998,61.75,62.069999,41530.0,ZIM.NYSE-4-HOUR-LAST-EXTERNAL
2022-01-27 19:55:00,61.75,61.869998,61.560001,61.866401,17892.0,ZIM.NYSE-4-HOUR-LAST-EXTERNAL
2022-01-27 21:00:00,61.569999,61.569999,61.569999,61.569999,106285.0,ZIM.NYSE-4-HOUR-LAST-EXTERNAL
2022-01-28 15:55:00,64.199996,64.25,63.884998,64.160003,42933.0,ZIM.NYSE-4-HOUR-LAST-EXTERNAL
2022-01-28 19:55:00,64.75,65.18,64.690002,65.146003,143813.0,ZIM.NYSE-4-HOUR-LAST-EXTERNAL
2022-01-28 21:00:00,65.410003,65.410003,65.410003,65.410003,198015.0,ZIM.NYSE-4-HOUR-LAST-EXTERNAL
2022-01-31 15:55:00,65.925003,66.099998,65.809997,65.935302,79064.0,ZIM.NYSE-4-HOUR-LAST-EXTERNAL
2022-01-31 19:55:00,66.769996,66.910003,66.739997,66.739997,18729.0,ZIM.NYSE-4-HOUR-LAST-EXTERNAL
2022-01-31 21:00:00,66.720001,66.720001,66.720001,66.720001,130856.0,ZIM.NYSE-4-HOUR-LAST-EXTERNAL
2022-02-01 15:55:00,67.800003,67.925003,67.760002,67.870002,25759.0,ZIM.NYSE-4-HOUR-LAST-EXTERNAL
2022-02-01 19:55:00,68.489997,68.498298,68.309997,68.349998,17402.0,ZIM.NYSE-4-HOUR-LAST-EXTERNAL
2022-02-01 21:00:00,68.569999,68.569999,68.569999,68.569999,138474.0,ZIM.NYSE-4-HOUR-LAST-EXTERNAL
2022-02-02 15:55:00,68.36,68.43,68.099998,68.312797,22510.0,ZIM.NYSE-4-HOUR-LAST-EXTERNAL
2022-02-02 19:55:00,68.230003,68.230003,68.050003,68.120002,15640.0,ZIM.NYSE-4-HOUR-LAST-EXTERNAL
2022-02-02 21:00:00,68.18,68.18,68.18,68.18,92112.0,ZIM.NYSE-4-HOUR-LAST-EXTERNAL
2022-02-03 15:55:00,69.669998,69.879997,69.640098,69.855003,31035.0,ZIM.NYSE-4-HOUR-LAST-EXTERNAL
2022-02-03 19:55:00,68.93,69.139999,68.93,69.074996,14340.0,ZIM.NYSE-4-HOUR-LAST-EXTERNAL
2022-02-03 21:00:00,68.699996,68.699996,68.699996,68.699996,161079.0,ZIM.NYSE-4-HOUR-LAST-EXTERNAL
2022-02-04 15:55:00,67.75,67.855003,67.61,67.665,25841.0,ZIM.NYSE-4-HOUR-LAST-EXTERNAL
2022-02-04 19:55:00,69.050598,69.129997,68.970001,69.089996,16298.0,ZIM.NYSE-4-HOUR-LAST-EXTERNAL
2022-02-04 21:00:00,68.910003,68.910003,68.910003,68.910003,94961.0,ZIM.NYSE-4-HOUR-LAST-EXTERNAL
2022-02-07 15:55:00,70.86,71.319999,70.86,71.260002,61171.0,ZIM.NYSE-4-HOUR-LAST-EXTERNAL
2022-02-07 19:55:00,72.169998,72.220001,72.099998,72.099998,18640.0,ZIM.NYSE-4-HOUR-LAST-EXTERNAL
2022-02-07 21:00:00,70.940002,70.940002,70.940002,70.940002,325652.0,ZIM.NYSE-4-HOUR-LAST-EXTERNAL
2022-02-08 15:55:00,72.199996,72.349998,72.0,72.0,48256.0,ZIM.NYSE-4-HOUR-LAST-EXTERNAL
2022-02-08 19:55:00,70.720001,71.098899,70.709999,71.059997,41028.0,ZIM.NYSE-4-HOUR-LAST-EXTERNAL
2022-02-08 21:00:00,71.29,71.29,71.29,71.29,134090.0,ZIM.NYSE-4-HOUR-LAST-EXTERNAL
2022-02-09 15:55:00,72.25,72.730003,72.25,72.730003,61025.0,ZIM.NYSE-4-HOUR-LAST-EXTERNAL
2022-02-09 19:55:00,73.430297,73.489997,73.25,73.250099,48045.0,ZIM.NYSE-4-HOUR-LAST-EXTERNAL
2022-02-09 21:00:00,73.080001,73.080001,73.080001,73.080001,154133.0,ZIM.NYSE-4-HOUR-LAST-EXTERNAL
2022-02-10 15:55:00,73.559997,73.779998,73.450103,73.688903,24531.0,ZIM.NYSE-4-HOUR-LAST-EXTERNAL
2022-02-10 19:55:00,73.459999,73.629898,73.339996,73.519996,21238.0,ZIM.NYSE-4-HOUR-LAST-EXTERNAL
2022-02-10 21:00:00,73.349998,73.349998,73.349998,73.349998,97831.0,ZIM.NYSE-4-HOUR-LAST-EXTERNAL
2022-02-11 15:55:00,74.739997,74.739997,74.25,74.260002,71090.0,ZIM.NYSE-4-HOUR-LAST-EXTERNAL
2022-02-11 19:55:00,70.069999,70.400001,70.04,70.194999,62226.0,ZIM.NYSE-4-HOUR-LAST-EXTERNAL
2022-02-11 21:00:00,70.230003,70.230003,70.230003,70.230003,232101.0,ZIM.NYSE-4-HOUR-LAST-EXTERNAL
2022-02-14 15:55:00,69.199996,69.61,69.145896,69.262199,33726.0,ZIM.NYSE-4-HOUR-LAST-EXTERNAL
2022-02-14 19:55:00,68.410003,68.510002,68.319999,68.419998,21760.0,ZIM.NYSE-4-HOUR-LAST-EXTERNAL
2022-02-14 21:00:00,68.720001,68.720001,68.720001,68.720001,131970.0,ZIM.NYSE-4-HOUR-LAST-EXTERNAL
2022-02-15 15:55:00,71.324996,71.389999,71.209999,71.227401,36023.0,ZIM.NYSE-4-HOUR-LAST-EXTERNAL
2022-02-15 19:55:00,71.940002,71.959999,71.830001,71.870002,13697.0,ZIM.NYSE-4-HOUR-LAST-EXTERNAL
2022-02-15 21:00:00,72.169998,72.169998,72.169998,72.169998,156943.0,ZIM.NYSE-4-HOUR-LAST-EXTERNAL
2022-02-16 15:55:00,72.220001,72.449996,72.220001,72.389999,11809.0,ZIM.NYSE-4-HOUR-LAST-EXTERNAL
2022-02-16 19:55:00,72.389999,72.559997,72.389999,72.43,10983.0,ZIM.NYSE-4-HOUR-LAST-EXTERNAL
2022-02-16 21:00:00,71.940002,71.940002,71.940002,71.940002,77130.0,ZIM.NYSE-4-HOUR-LAST-EXTERNAL
2022-02-17 15:55:00,71.379997,71.699897,71.379997,71.622001,37069.0,ZIM.NYSE-4-HOUR-LAST-EXTERNAL
2022-02-17 19:55:00,71.75,71.849899,71.690002,71.694999,13659.0,ZIM.NYSE-4-HOUR-LAST-EXTERNAL
2022-02-17 21:00:00,71.419998,71.419998,71.419998,71.419998,113952.0,ZIM.NYSE-4-HOUR-LAST-EXTERNAL
2022-02-18 15:55:00,69.737297,69.75,69.260002,69.269996,69512.0,ZIM.NYSE-4-HOUR-LAST-EXTERNAL
2022-02-18 19:55:00,70.080001,70.169998,69.959999,70.129997,16733.0,ZIM.NYSE-4-HOUR-LAST-EXTERNAL
2022-02-18 21:00:00,69.86,69.86,69.86,69.86,286334.0,ZIM.NYSE-4-HOUR-LAST-EXTERNAL
2022-02-22 15:55:00,68.639999,68.639999,68.43,68.589996,15975.0,ZIM.NYSE-4-HOUR-LAST-EXTERNAL
2022-02-22 19:55:00,69.137001,69.1622,69.059997,69.099998,29811.0,ZIM.NYSE-4-HOUR-LAST-EXTERNAL
2022-02-22 21:00:00,68.800003,68.800003,68.800003,68.800003,107601.0,ZIM.NYSE-4-HOUR-LAST-EXTERNAL
2022-02-23 15:55:00,68.379997,68.519996,68.150001,68.330001,58476.0,ZIM.NYSE-4-HOUR-LAST-EXTERNAL
2022-02-23 19:55:00,67.199996,67.385002,67.18,67.260002,20695.0,ZIM.NYSE-4-HOUR-LAST-EXTERNAL
2022-02-23 21:00:00,66.989997,66.989997,66.989997,66.989997,188853.0,ZIM.NYSE-4-HOUR-LAST-EXTERNAL
2022-02-24 15:55:00,66.717498,67.0,66.649002,66.834999,22947.0,ZIM.NYSE-4-HOUR-LAST-EXTERNAL
2022-02-24 19:55:00,66.599998,66.599998,66.389999,66.489997,18039.0,ZIM.NYSE-4-HOUR-LAST-EXTERNAL
2022-02-24 21:00:00,67.209999,67.209999,67.209999,67.209999,122854.0,ZIM.NYSE-4-HOUR-LAST-EXTERNAL
2022-02-25 15:55:00,70.410003,70.410003,70.059997,70.160003,70034.0,ZIM.NYSE-4-HOUR-LAST-EXTERNAL
2022-02-25 19:55:00,69.684997,69.805,69.669998,69.724998,14081.0,ZIM.NYSE-4-HOUR-LAST-EXTERNAL
2022-02-25 21:00:00,70.099998,70.099998,70.099998,70.099998,175119.0,ZIM.NYSE-4-HOUR-LAST-EXTERNAL
2022-02-28 15:55:00,71.36,71.580001,71.29,71.550003,56387.0,ZIM.NYSE-4-HOUR-LAST-EXTERNAL
2022-02-28 19:55:00,69.550003,69.660003,69.5,69.589996,13408.0,ZIM.NYSE-4-HOUR-LAST-EXTERNAL
2022-02-28 21:00:00,69.79,69.79,69.79,69.79,150118.0,ZIM.NYSE-4-HOUR-LAST-EXTERNAL
2022-03-01 15:55:00,68.457801,68.5,68.25,68.469497,29793.0,ZIM.NYSE-4-HOUR-LAST-EXTERNAL
2022-03-01 19:55:00,67.650001,67.75,67.459999,67.5,26099.0,ZIM.NYSE-4-HOUR-LAST-EXTERNAL
2022-03-01 21:00:00,67.599998,67.599998,67.599998,67.599998,161164.0,ZIM.NYSE-4-HOUR-LAST-EXTERNAL
2022-03-02 15:55:00,70.230003,70.260002,69.75,69.764999,30829.0,ZIM.NYSE-4-HOUR-LAST-EXTERNAL
2022-03-02 19:55:00,70.970001,71.139999,70.599998,70.669998,28435.0,ZIM.NYSE-4-HOUR-LAST-EXTERNAL
2022-03-02 21:00:00,70.480003,70.480003,70.480003,70.480003,149650.0,ZIM.NYSE-4-HOUR-LAST-EXTERNAL
2022-03-03 15:55:00,73.199996,73.352897,72.900001,73.300003,46818.0,ZIM.NYSE-4-HOUR-LAST-EXTERNAL
2022-03-03 19:55:00,74.349998,74.389999,74.11,74.150001,43678.0,ZIM.NYSE-4-HOUR-LAST-EXTERNAL
2022-03-03 21:00:00,74.239997,74.239997,74.239997,74.239997,137752.0,ZIM.NYSE-4-HOUR-LAST-EXTERNAL
2022-03-04 15:55:00,70.952301,70.959999,70.400001,70.599998,68742.0,ZIM.NYSE-4-HOUR-LAST-EXTERNAL
2022-03-04 19:55:00,70.849403,71.0,70.699996,70.79,23326.0,ZIM.NYSE-4-HOUR-LAST-EXTERNAL
2022-03-04 21:00:00,71.879997,71.879997,71.879997,71.879997,176605.0,ZIM.NYSE-4-HOUR-LAST-EXTERNAL
2022-03-07 15:55:00,69.910003,70.171096,69.849998,70.171096,38050.0,ZIM.NYSE-4-HOUR-LAST-EXTERNAL
2022-03-07 19:55:00,68.889999,69.269996,68.86,69.04,26363.0,ZIM.NYSE-4-HOUR-LAST-EXTERNAL
2022-03-07 21:00:00,68.940002,68.940002,68.940002,68.940002,227373.0,ZIM.NYSE-4-HOUR-LAST-EXTERNAL
2022-03-08 15:55:00,69.75,70.190002,69.679,70.120101,56912.0,ZIM.NYSE-4-HOUR-LAST-EXTERNAL
2022-03-08 19:55:00,72.260498,72.389999,72.129997,72.164001,48094.0,ZIM.NYSE-4-HOUR-LAST-EXTERNAL
2022-03-08 21:00:00,70.690002,70.690002,70.690002,70.690002,244980.0,ZIM.NYSE-4-HOUR-LAST-EXTERNAL
2022-03-09 15:55:00,74.959899,75.064498,74.809997,74.940002,45462.0,ZIM.NYSE-4-HOUR-LAST-EXTERNAL
2022-03-09 19:55:00,74.665,74.672996,74.321701,74.400001,86683.0,ZIM.NYSE-4-HOUR-LAST-EXTERNAL
2022-03-09 21:00:00,75.139999,75.139999,75.139999,75.139999,421823.0,ZIM.NYSE-4-HOUR-LAST-EXTERNAL
2022-03-10 15:55:00,73.260002,73.300003,72.830001,73.050003,116801.0,ZIM.NYSE-4-HOUR-LAST-EXTERNAL
2022-03-10 19:55:00,75.574996,75.889999,75.569999,75.879997,67719.0,ZIM.NYSE-4-HOUR-LAST-EXTERNAL
2022-03-10 21:00:00,76.769996,76.769996,76.769996,76.769996,230288.0,ZIM.NYSE-4-HOUR-LAST-EXTERNAL
2022-03-11 15:55:00,76.992698,77.279998,76.992698,77.230003,63061.0,ZIM.NYSE-4-HOUR-LAST-EXTERNAL
2022-03-11 19:55:00,79.470001,79.699996,79.449996,79.6277,54319.0,ZIM.NYSE-4-HOUR-LAST-EXTERNAL
2022-03-11 21:00:00,78.809997,78.809997,78.809997,78.809997,237288.0,ZIM.NYSE-4-HOUR-LAST-EXTERNAL
2022-03-14 15:55:00,82.75,82.989997,82.599998,82.870002,101127.0,ZIM.NYSE-4-HOUR-LAST-EXTERNAL
2022-03-14 19:55:00,82.375,82.54,82.330001,82.54,249732.0,ZIM.NYSE-4-HOUR-LAST-EXTERNAL
2022-03-15 15:55:00,81.940002,82.019996,81.310096,81.68,49714.0,ZIM.NYSE-4-HOUR-LAST-EXTERNAL
2022-03-15 19:55:00,84.510002,85.209999,84.400001,85.199996,631836.0,ZIM.NYSE-4-HOUR-LAST-EXTERNAL
2022-03-16 15:55:00,88.269996,88.309997,87.849998,87.86,33771.0,ZIM.NYSE-4-HOUR-LAST-EXTERNAL
2022-03-16 19:55:00,88.620002,88.739997,88.519996,88.629997,206358.0,ZIM.NYSE-4-HOUR-LAST-EXTERNAL
2022-03-17 15:55:00,88.794998,88.819999,88.5,88.5662,61086.0,ZIM.NYSE-4-HOUR-LAST-EXTERNAL
2022-03-17 19:55:00,86.940002,87.0,86.720001,86.900001,250825.0,ZIM.NYSE-4-HOUR-LAST-EXTERNAL
2022-03-18 15:55:00,84.400001,84.650001,84.310096,84.550003,32788.0,ZIM.NYSE-4-HOUR-LAST-EXTERNAL
2022-03-18 19:55:00,84.739997,84.769996,84.419998,84.489997,305649.0,ZIM.NYSE-4-HOUR-LAST-EXTERNAL
2022-03-21 15:55:00,87.279998,87.425003,87.279998,87.375,53523.0,ZIM.NYSE-4-HOUR-LAST-EXTERNAL
2022-03-21 19:55:00,87.845001,88.209999,87.79,88.010002,390107.0,ZIM.NYSE-4-HOUR-LAST-EXTERNAL
2022-03-22 15:55:00,77.237503,77.260002,76.871002,76.955001,98956.0,ZIM.NYSE-4-HOUR-LAST-EXTERNAL
2022-03-22 19:55:00,76.959999,77.279998,76.900001,77.269996,340379.0,ZIM.NYSE-4-HOUR-LAST-EXTERNAL
2022-03-23 15:55:00,77.369903,77.5,77.353698,77.449996,40151.0,ZIM.NYSE-4-HOUR-LAST-EXTERNAL
2022-03-23 19:55:00,76.009902,76.11,75.830001,75.959999,206219.0,ZIM.NYSE-4-HOUR-LAST-EXTERNAL
2022-03-24 15:55:00,70.690002,70.699897,70.260902,70.529998,84093.0,ZIM.NYSE-4-HOUR-LAST-EXTERNAL
2022-03-24 19:55:00,71.830001,71.959999,71.760101,71.864997,184832.0,ZIM.NYSE-4-HOUR-LAST-EXTERNAL
2022-03-25 15:55:00,68.205001,68.205001,67.949996,68.051902,56293.0,ZIM.NYSE-4-HOUR-LAST-EXTERNAL
2022-03-25 19:55:00,68.425003,68.440002,68.29,68.379997,185762.0,ZIM.NYSE-4-HOUR-LAST-EXTERNAL
2022-03-28 15:55:00,72.464996,72.68,72.459999,72.620002,62428.0,ZIM.NYSE-4-HOUR-LAST-EXTERNAL
2022-03-28 19:55:00,72.230003,72.480003,72.18,72.349998,264884.0,ZIM.NYSE-4-HOUR-LAST-EXTERNAL
2022-03-29 15:55:00,70.849998,70.879997,70.660003,70.779998,25777.0,ZIM.NYSE-4-HOUR-LAST-EXTERNAL
2022-03-29 19:55:00,73.959999,74.04,73.910003,73.959999,175787.0,ZIM.NYSE-4-HOUR-LAST-EXTERNAL
2022-03-30 15:55:00,73.989997,74.04,73.919998,74.010002,18755.0,ZIM.NYSE-4-HOUR-LAST-EXTERNAL
2022-03-30 19:55:00,72.779998,72.980003,72.779998,72.809997,104223.0,ZIM.NYSE-4-HOUR-LAST-EXTERNAL
2022-03-31 15:55:00,73.264999,73.349998,73.199996,73.300003,37621.0,ZIM.NYSE-4-HOUR-LAST-EXTERNAL
2022-03-31 19:55:00,72.7359,72.86,72.639999,72.639999,157874.0,ZIM.NYSE-4-HOUR-LAST-EXTERNAL
2022-04-01 15:55:00,71.739997,71.918098,71.730003,71.859901,42675.0,ZIM.NYSE-4-HOUR-LAST-EXTERNAL
2022-04-01 19:55:00,71.300003,71.449996,71.239997,71.449996,161268.0,ZIM.NYSE-4-HOUR-LAST-EXTERNAL
2022-04-04 15:55:00,67.599998,67.75,67.569999,67.639999,51029.0,ZIM.NYSE-4-HOUR-LAST-EXTERNAL
2022-04-04 19:55:00,67.129997,67.254997,67.050003,67.18,202537.0,ZIM.NYSE-4-HOUR-LAST-EXTERNAL
2022-04-05 15:55:00,63.473598,63.479999,62.93,63.041198,207802.0,ZIM.NYSE-4-HOUR-LAST-EXTERNAL
2022-04-05 19:55:00,61.784999,61.880001,61.709999,61.849998,291626.0,ZIM.NYSE-4-HOUR-LAST-EXTERNAL
2022-04-06 15:55:00,58.119998,58.214698,58.02,58.116798,103094.0,ZIM.NYSE-4-HOUR-LAST-EXTERNAL
2022-04-06 19:55:00,59.45,59.465,59.159999,59.229999,286948.0,ZIM.NYSE-4-HOUR-LAST-EXTERNAL
2022-04-07 15:55:00,58.75,59.069999,58.75,59.069999,33677.0,ZIM.NYSE-4-HOUR-LAST-EXTERNAL
2022-04-07 19:55:00,59.819999,59.869998,59.599998,59.830001,211864.0,ZIM.NYSE-4-HOUR-LAST-EXTERNAL
2022-04-08 15:55:00,59.45,59.528999,59.34,59.389999,31358.0,ZIM.NYSE-4-HOUR-LAST-EXTERNAL
2022-04-08 19:55:00,57.819999,57.854999,57.669998,57.79,193730.0,ZIM.NYSE-4-HOUR-LAST-EXTERNAL
2022-04-11 15:55:00,56.104999,56.29,56.104999,56.139999,47480.0,ZIM.NYSE-4-HOUR-LAST-EXTERNAL
2022-04-11 19:55:00,55.36,55.389999,55.240001,55.294998,249396.0,ZIM.NYSE-4-HOUR-LAST-EXTERNAL
2022-04-12 15:55:00,55.34,55.349998,55.27,55.331901,33012.0,ZIM.NYSE-4-HOUR-LAST-EXTERNAL
2022-04-12 19:55:00,54.904998,54.959999,54.849998,54.915,123932.0,ZIM.NYSE-4-HOUR-LAST-EXTERNAL
2022-04-13 15:55:00,56.27,56.380001,56.220001,56.299999,23051.0,ZIM.NYSE-4-HOUR-LAST-EXTERNAL
2022-04-13 19:55:00,55.970001,56.02,55.869998,55.939998,106627.0,ZIM.NYSE-4-HOUR-LAST-EXTERNAL
2022-04-14 15:55:00,54.93,55.18,54.919998,55.098201,69318.0,ZIM.NYSE-4-HOUR-LAST-EXTERNAL
2022-04-14 19:55:00,55.130001,55.276298,55.069999,55.18,182148.0,ZIM.NYSE-4-HOUR-LAST-EXTERNAL
2022-04-18 15:55:00,54.979999,55.169998,54.939998,55.165,49874.0,ZIM.NYSE-4-HOUR-LAST-EXTERNAL
2022-04-18 19:55:00,56.349998,56.990001,56.349998,56.86,662602.0,ZIM.NYSE-4-HOUR-LAST-EXTERNAL
2022-04-19 15:55:00,59.479999,59.490001,59.27,59.299999,68218.0,ZIM.NYSE-4-HOUR-LAST-EXTERNAL
2022-04-19 19:55:00,60.139999,60.259998,60.069198,60.220001,293787.0,ZIM.NYSE-4-HOUR-LAST-EXTERNAL
2022-04-20 15:55:00,59.02,59.325,59.02,59.259998,61513.0,ZIM.NYSE-4-HOUR-LAST-EXTERNAL
2022-04-20 19:55:00,59.3903,59.54,59.330001,59.330001,149593.0,ZIM.NYSE-4-HOUR-LAST-EXTERNAL
2022-04-21 15:55:00,57.862098,57.889999,57.54,57.659999,80842.0,ZIM.NYSE-4-HOUR-LAST-EXTERNAL
2022-04-21 19:55:00,56.04,56.069999,55.919998,56.029998,167272.0,ZIM.NYSE-4-HOUR-LAST-EXTERNAL
2022-04-22 15:55:00,55.119998,55.130001,54.919998,54.919998,31047.0,ZIM.NYSE-4-HOUR-LAST-EXTERNAL
2022-04-22 19:55:00,54.599998,54.680099,54.509998,54.54,132344.0,ZIM.NYSE-4-HOUR-LAST-EXTERNAL
2022-04-25 15:55:00,48.279998,49.1025,48.209999,48.814998,215963.0,ZIM.NYSE-4-HOUR-LAST-EXTERNAL
2022-04-25 19:55:00,51.54,51.599998,51.459999,51.459999,244359.0,ZIM.NYSE-4-HOUR-LAST-EXTERNAL
2022-04-26 15:55:00,52.09,52.119998,51.900001,51.909999,28516.0,ZIM.NYSE-4-HOUR-LAST-EXTERNAL
2022-04-26 19:55:00,52.794998,52.810001,52.560001,52.59,181034.0,ZIM.NYSE-4-HOUR-LAST-EXTERNAL
2022-04-27 15:55:00,55.494998,55.889999,55.439998,55.849998,38273.0,ZIM.NYSE-4-HOUR-LAST-EXTERNAL
2022-04-27 19:55:00,56.459999,56.659999,56.459999,56.599998,157621.0,ZIM.NYSE-4-HOUR-LAST-EXTERNAL
2022-04-28 15:55:00,55.709999,55.979999,55.659999,55.880001,25903.0,ZIM.NYSE-4-HOUR-LAST-EXTERNAL
2022-04-28 19:55:00,57.7,57.709999,57.474998,57.580001,160098.0,ZIM.NYSE-4-HOUR-LAST-EXTERNAL
2022-04-29 15:55:00,58.279998,58.279998,57.93,57.959999,16841.0,ZIM.NYSE-4-HOUR-LAST-EXTERNAL
2022-04-29 19:55:00,55.599998,55.79,55.549999,55.639999,135191.0,ZIM.NYSE-4-HOUR-LAST-EXTERNAL
2022-05-02 15:55:00,56.509998,56.549999,56.34,56.404998,22206.0,ZIM.NYSE-4-HOUR-LAST-EXTERNAL
2022-05-02 19:55:00,57.45,57.529998,57.389999,57.459999,155268.0,ZIM.NYSE-4-HOUR-LAST-EXTERNAL
2022-05-03 15:55:00,62.799999,62.95,62.599998,62.830001,60927.0,ZIM.NYSE-4-HOUR-LAST-EXTERNAL
2022-05-03 19:55:00,62.529998,62.630001,62.419998,62.43,190766.0,ZIM.NYSE-4-HOUR-LAST-EXTERNAL
2022-05-04 15:55:00,63.400001,63.479,63.310001,63.439998,26353.0,ZIM.NYSE-4-HOUR-LAST-EXTERNAL
2022-05-04 19:55:00,64.934997,65.0,64.779998,64.934997,203011.0,ZIM.NYSE-4-HOUR-LAST-EXTERNAL
2022-05-05 15:55:00,63.7,63.769901,63.380001,63.490001,39558.0,ZIM.NYSE-4-HOUR-LAST-EXTERNAL
2022-05-05 19:55:00,65.559997,65.809997,65.559997,65.809997,197850.0,ZIM.NYSE-4-HOUR-LAST-EXTERNAL
2022-05-06 15:55:00,66.428199,66.605598,66.190002,66.224998,48224.0,ZIM.NYSE-4-HOUR-LAST-EXTERNAL
2022-05-06 19:55:00,66.150001,66.254997,66.04,66.154998,224080.0,ZIM.NYSE-4-HOUR-LAST-EXTERNAL
2022-05-09 15:55:00,58.240001,58.709598,58.2,58.61,75940.0,ZIM.NYSE-4-HOUR-LAST-EXTERNAL
2022-05-09 19:55:00,59.049999,59.580001,59.049999,59.419998,344390.0,ZIM.NYSE-4-HOUR-LAST-EXTERNAL
2022-05-10 15:55:00,59.890899,59.979999,59.52,59.979999,27470.0,ZIM.NYSE-4-HOUR-LAST-EXTERNAL
2022-05-10 19:55:00,60.77,60.830001,60.68,60.79,143355.0,ZIM.NYSE-4-HOUR-LAST-EXTERNAL
2022-05-11 15:55:00,61.491798,61.491798,61.159999,61.319999,12087.0,ZIM.NYSE-4-HOUR-LAST-EXTERNAL
2022-05-11 19:55:00,58.569999,58.639999,58.479999,58.529998,96252.0,ZIM.NYSE-4-HOUR-LAST-EXTERNAL
2022-05-12 15:55:00,57.5899,57.729999,57.52,57.569999,23789.0,ZIM.NYSE-4-HOUR-LAST-EXTERNAL
2022-05-12 19:55:00,58.994998,59.36,58.979999,59.350601,120113.0,ZIM.NYSE-4-HOUR-LAST-EXTERNAL
2022-05-13 15:55:00,63.61,63.79,63.59,63.630001,75507.0,ZIM.NYSE-4-HOUR-LAST-EXTERNAL
2022-05-13 19:55:00,63.79,63.830001,63.650001,63.650001,163014.0,ZIM.NYSE-4-HOUR-LAST-EXTERNAL
2022-05-16 15:55:00,66.690002,66.739997,66.269996,66.309997,24310.0,ZIM.NYSE-4-HOUR-LAST-EXTERNAL
2022-05-16 19:55:00,66.239997,66.319999,65.93,66.167396,231642.0,ZIM.NYSE-4-HOUR-LAST-EXTERNAL
2022-05-17 15:55:00,67.0,67.0,66.849998,66.919998,25307.0,ZIM.NYSE-4-HOUR-LAST-EXTERNAL
2022-05-17 19:55:00,65.089996,65.389999,65.050003,65.120002,221519.0,ZIM.NYSE-4-HOUR-LAST-EXTERNAL
2022-05-18 15:55:00,60.755001,60.879901,60.409999,60.45,96442.0,ZIM.NYSE-4-HOUR-LAST-EXTERNAL
2022-05-18 19:55:00,61.169998,61.319999,61.049999,61.310001,341378.0,ZIM.NYSE-4-HOUR-LAST-EXTERNAL
2022-05-19 15:55:00,64.220001,64.5,63.950099,64.404998,78419.0,ZIM.NYSE-4-HOUR-LAST-EXTERNAL
2022-05-19 19:55:00,63.720001,63.79,63.45,63.779998,296236.0,ZIM.NYSE-4-HOUR-LAST-EXTERNAL
2022-05-20 15:55:00,65.849998,66.029998,65.769996,65.769996,49866.0,ZIM.NYSE-4-HOUR-LAST-EXTERNAL
2022-05-20 19:55:00,64.669998,64.739997,64.519996,64.559997,335424.0,ZIM.NYSE-4-HOUR-LAST-EXTERNAL
2022-05-23 15:55:00,68.489997,68.709999,68.470001,68.504997,37892.0,ZIM.NYSE-4-HOUR-LAST-EXTERNAL
2022-05-23 19:55:00,69.569999,69.839996,69.489997,69.75,227967.0,ZIM.NYSE-4-HOUR-LAST-EXTERNAL
2022-05-24 15:55:00,69.169998,69.269996,69.0,69.019996,39319.0,ZIM.NYSE-4-HOUR-LAST-EXTERNAL
2022-05-24 19:55:00,69.709999,70.120002,69.690002,69.889999,261581.0,ZIM.NYSE-4-HOUR-LAST-EXTERNAL
2022-05-25 15:55:00,69.900001,70.120002,69.815002,70.018997,50558.0,ZIM.NYSE-4-HOUR-LAST-EXTERNAL
2022-05-25 19:55:00,70.349998,70.5,70.25,70.25,177521.0,ZIM.NYSE-4-HOUR-LAST-EXTERNAL
2022-05-26 15:55:00,70.269996,70.378799,70.160003,70.319999,69598.0,ZIM.NYSE-4-HOUR-LAST-EXTERNAL
2022-05-26 19:55:00,69.459999,69.599998,69.43,69.54,243444.0,ZIM.NYSE-4-HOUR-LAST-EXTERNAL
2022-05-27 15:55:00,66.550003,66.660003,66.36,66.54,55551.0,ZIM.NYSE-4-HOUR-LAST-EXTERNAL
2022-05-27 19:55:00,67.949996,68.139999,67.940002,67.989997,213418.0,ZIM.NYSE-4-HOUR-LAST-EXTERNAL
2022-05-31 15:55:00,65.220001,65.43,65.190002,65.416999,49298.0,ZIM.NYSE-4-HOUR-LAST-EXTERNAL
2022-05-31 19:55:00,63.915,63.95,63.479999,63.59,465077.0,ZIM.NYSE-4-HOUR-LAST-EXTERNAL
2022-06-01 15:55:00,62.419998,62.523998,62.319999,62.439998,18615.0,ZIM.NYSE-4-HOUR-LAST-EXTERNAL
2022-06-01 19:55:00,64.230003,64.339996,64.11,64.279998,223718.0,ZIM.NYSE-4-HOUR-LAST-EXTERNAL
2022-06-02 15:55:00,66.941596,67.010002,66.809997,66.940002,38109.0,ZIM.NYSE-4-HOUR-LAST-EXTERNAL
2022-06-02 19:55:00,66.199996,66.404998,66.139999,66.319999,176834.0,ZIM.NYSE-4-HOUR-LAST-EXTERNAL
2022-06-03 15:55:00,66.519996,66.699996,66.495002,66.629997,18583.0,ZIM.NYSE-4-HOUR-LAST-EXTERNAL
2022-06-03 19:55:00,67.745002,67.809997,67.660003,67.709999,102892.0,ZIM.NYSE-4-HOUR-LAST-EXTERNAL
2022-06-06 15:55:00,67.86,68.080001,67.708,68.076301,42464.0,ZIM.NYSE-4-HOUR-LAST-EXTERNAL
2022-06-06 19:55:00,67.209999,67.25,67.120002,67.220001,132620.0,ZIM.NYSE-4-HOUR-LAST-EXTERNAL
2022-06-07 15:55:00,68.204101,68.400001,68.150001,68.400001,44411.0,ZIM.NYSE-4-HOUR-LAST-EXTERNAL
2022-06-07 19:55:00,68.400001,68.529998,68.309997,68.519996,181697.0,ZIM.NYSE-4-HOUR-LAST-EXTERNAL
2022-06-08 15:55:00,61.049999,61.11,61.0,61.080001,87904.0,ZIM.NYSE-4-HOUR-LAST-EXTERNAL
2022-06-08 19:55:00,58.439998,58.504398,58.160598,58.455001,483000.0,ZIM.NYSE-4-HOUR-LAST-EXTERNAL
2022-06-09 15:55:00,54.400001,54.619998,54.384498,54.529998,92161.0,ZIM.NYSE-4-HOUR-LAST-EXTERNAL
2022-06-09 19:55:00,52.5885,52.759998,52.5,52.740001,405420.0,ZIM.NYSE-4-HOUR-LAST-EXTERNAL
2022-06-10 15:55:00,52.480098,52.545101,52.354999,52.514999,41095.0,ZIM.NYSE-4-HOUR-LAST-EXTERNAL
2022-06-10 19:55:00,52.119998,52.279998,52.069999,52.125,162498.0,ZIM.NYSE-4-HOUR-LAST-EXTERNAL
2022-06-13 15:55:00,48.494998,48.639999,48.369998,48.599998,22051.0,ZIM.NYSE-4-HOUR-LAST-EXTERNAL
2022-06-13 19:55:00,48.349998,48.389999,48.139999,48.159999,210213.0,ZIM.NYSE-4-HOUR-LAST-EXTERNAL
2022-06-14 15:55:00,50.849998,50.959999,50.810001,50.900001,47595.0,ZIM.NYSE-4-HOUR-LAST-EXTERNAL
2022-06-14 19:55:00,49.979999,50.0,49.900001,49.959999,151662.0,ZIM.NYSE-4-HOUR-LAST-EXTERNAL
2022-06-15 15:55:00,50.75,50.9235,50.740001,50.84,18428.0,ZIM.NYSE-4-HOUR-LAST-EXTERNAL
2022-06-15 19:55:00,51.395,51.810001,51.395,51.729999,223146.0,ZIM.NYSE-4-HOUR-LAST-EXTERNAL
2022-06-16 15:55:00,48.115001,48.389999,48.115001,48.36,32679.0,ZIM.NYSE-4-HOUR-LAST-EXTERNAL
2022-06-16 19:55:00,48.5,48.810001,48.490001,48.77,228593.0,ZIM.NYSE-4-HOUR-LAST-EXTERNAL
2022-06-17 15:55:00,49.799999,49.909999,49.709999,49.854999,15652.0,ZIM.NYSE-4-HOUR-LAST-EXTERNAL
2022-06-17 19:55:00,50.240001,50.459999,50.220001,50.29,234010.0,ZIM.NYSE-4-HOUR-LAST-EXTERNAL
2022-06-21 15:55:00,50.95,51.002101,50.869998,50.869998,14177.0,ZIM.NYSE-4-HOUR-LAST-EXTERNAL
2022-06-21 19:55:00,51.509998,51.52,51.29,51.34,117865.0,ZIM.NYSE-4-HOUR-LAST-EXTERNAL
2022-06-22 15:55:00,48.657299,48.79,48.630001,48.705699,109157.0,ZIM.NYSE-4-HOUR-LAST-EXTERNAL
2022-06-22 19:55:00,48.139999,48.241901,48.139999,48.148498,223798.0,ZIM.NYSE-4-HOUR-LAST-EXTERNAL
2022-06-23 15:55:00,48.029998,48.04,47.900001,47.970001,42122.0,ZIM.NYSE-4-HOUR-LAST-EXTERNAL
2022-06-23 19:55:00,47.5,47.59,47.389999,47.509998,144419.0,ZIM.NYSE-4-HOUR-LAST-EXTERNAL
2022-06-24 15:55:00,46.869998,46.990001,46.75,46.959999,33711.0,ZIM.NYSE-4-HOUR-LAST-EXTERNAL
2022-06-24 19:55:00,46.465,46.465,46.259998,46.34,246577.0,ZIM.NYSE-4-HOUR-LAST-EXTERNAL
2022-06-27 15:55:00,47.330001,47.459999,47.299999,47.380001,41352.0,ZIM.NYSE-4-HOUR-LAST-EXTERNAL
2022-06-27 19:55:00,47.95,48.0,47.889999,47.979999,151397.0,ZIM.NYSE-4-HOUR-LAST-EXTERNAL
2022-06-28 15:55:00,47.009998,47.104999,46.939998,46.990001,20834.0,ZIM.NYSE-4-HOUR-LAST-EXTERNAL
2022-06-28 19:55:00,47.419998,47.45,47.319999,47.319999,122855.0,ZIM.NYSE-4-HOUR-LAST-EXTERNAL
2022-06-29 15:55:00,47.130001,47.139999,47.0,47.080001,17921.0,ZIM.NYSE-4-HOUR-LAST-EXTERNAL
2022-06-29 19:55:00,47.049999,47.159999,46.990001,47.139999,106385.0,ZIM.NYSE-4-HOUR-LAST-EXTERNAL
2022-06-30 15:55:00,47.77,47.77,47.479999,47.509998,66107.0,ZIM.NYSE-4-HOUR-LAST-EXTERNAL
2022-06-30 19:55:00,47.150001,47.279998,47.069999,47.279998,141169.0,ZIM.NYSE-4-HOUR-LAST-EXTERNAL
2022-07-01 15:55:00,42.849998,42.849998,42.580001,42.627201,70434.0,ZIM.NYSE-4-HOUR-LAST-EXTERNAL
2022-07-01 19:55:00,43.375,43.404998,43.25,43.27,181432.0,ZIM.NYSE-4-HOUR-LAST-EXTERNAL
2022-07-05 15:55:00,41.784999,41.86,41.689998,41.744998,41071.0,ZIM.NYSE-4-HOUR-LAST-EXTERNAL
2022-07-05 19:55:00,42.349998,42.54,42.345001,42.490001,157886.0,ZIM.NYSE-4-HOUR-LAST-EXTERNAL
2022-07-06 15:55:00,40.77,41.09,40.77,41.069999,42479.0,ZIM.NYSE-4-HOUR-LAST-EXTERNAL
2022-07-06 19:55:00,41.990001,42.119998,41.979999,42.04,158869.0,ZIM.NYSE-4-HOUR-LAST-EXTERNAL
2022-07-07 15:55:00,43.904998,43.95,43.86,43.869998,24278.0,ZIM.NYSE-4-HOUR-LAST-EXTERNAL
2022-07-07 19:55:00,43.994998,44.0,43.900001,43.979999,146529.0,ZIM.NYSE-4-HOUR-LAST-EXTERNAL
2022-07-08 15:55:00,45.09,45.219898,45.049999,45.189998,22126.0,ZIM.NYSE-4-HOUR-LAST-EXTERNAL
2022-07-08 19:55:00,44.54,44.59,44.5,44.555,105762.0,ZIM.NYSE-4-HOUR-LAST-EXTERNAL
2022-07-11 15:55:00,43.93,44.069999,43.889999,44.060001,11805.0,ZIM.NYSE-4-HOUR-LAST-EXTERNAL
2022-07-11 19:55:00,43.875,43.939998,43.849998,43.869998,97407.0,ZIM.NYSE-4-HOUR-LAST-EXTERNAL
2022-07-12 15:55:00,44.599998,44.645,44.54,44.639999,14518.0,ZIM.NYSE-4-HOUR-LAST-EXTERNAL
2022-07-12 19:55:00,44.389999,44.419998,44.299999,44.389999,154732.0,ZIM.NYSE-4-HOUR-LAST-EXTERNAL
2022-07-13 15:55:00,46.349998,46.354,46.160099,46.25,19588.0,ZIM.NYSE-4-HOUR-LAST-EXTERNAL
2022-07-13 19:55:00,46.639999,46.740001,46.563301,46.659999,178345.0,ZIM.NYSE-4-HOUR-LAST-EXTERNAL
2022-07-14 15:55:00,44.84,44.84,44.729999,44.799999,11379.0,ZIM.NYSE-4-HOUR-LAST-EXTERNAL
2022-07-14 19:55:00,44.759998,44.799999,44.599998,44.630001,167159.0,ZIM.NYSE-4-HOUR-LAST-EXTERNAL
2022-07-15 15:55:00,45.7,45.724498,45.52,45.52,11413.0,ZIM.NYSE-4-HOUR-LAST-EXTERNAL
2022-07-15 19:55:00,46.299999,46.439998,46.294998,46.43,138345.0,ZIM.NYSE-4-HOUR-LAST-EXTERNAL
2022-07-18 15:55:00,48.09,48.185001,48.029998,48.18,14040.0,ZIM.NYSE-4-HOUR-LAST-EXTERNAL
2022-07-18 19:55:00,47.779998,47.784999,47.7,47.740001,148084.0,ZIM.NYSE-4-HOUR-LAST-EXTERNAL
2022-07-19 15:55:00,49.36,49.490001,49.220001,49.490001,26089.0,ZIM.NYSE-4-HOUR-LAST-EXTERNAL
2022-07-19 19:55:00,50.134998,50.279998,50.134998,50.209999,193594.0,ZIM.NYSE-4-HOUR-LAST-EXTERNAL
2022-07-20 15:55:00,51.025001,51.130001,51.02,51.049999,21750.0,ZIM.NYSE-4-HOUR-LAST-EXTERNAL
2022-07-20 19:55:00,51.36,51.43,51.344398,51.369998,90540.0,ZIM.NYSE-4-HOUR-LAST-EXTERNAL
2022-07-21 15:55:00,49.514999,49.699901,49.490001,49.52,28637.0,ZIM.NYSE-4-HOUR-LAST-EXTERNAL
2022-07-21 19:55:00,49.919998,50.060001,49.909999,50.060001,103799.0,ZIM.NYSE-4-HOUR-LAST-EXTERNAL
2022-07-22 15:55:00,47.625,47.709999,47.599998,47.599998,19008.0,ZIM.NYSE-4-HOUR-LAST-EXTERNAL
2022-07-22 19:55:00,45.459999,45.459999,45.369998,45.43,161378.0,ZIM.NYSE-4-HOUR-LAST-EXTERNAL
2022-07-25 15:55:00,45.45,45.549999,45.45,45.52,19884.0,ZIM.NYSE-4-HOUR-LAST-EXTERNAL
2022-07-25 19:55:00,46.54,46.549999,46.459999,46.459999,74507.0,ZIM.NYSE-4-HOUR-LAST-EXTERNAL
2022-07-26 15:55:00,45.099998,45.189998,45.089801,45.099998,27746.0,ZIM.NYSE-4-HOUR-LAST-EXTERNAL
2022-07-26 19:55:00,45.150001,45.176101,45.069999,45.130001,98115.0,ZIM.NYSE-4-HOUR-LAST-EXTERNAL
2022-07-27 15:55:00,45.459999,45.549999,45.459999,45.52,5180.0,ZIM.NYSE-4-HOUR-LAST-EXTERNAL
2022-07-27 19:55:00,46.895,46.93,46.819999,46.84,84849.0,ZIM.NYSE-4-HOUR-LAST-EXTERNAL
2022-07-28 15:55:00,47.970001,47.979999,47.709999,47.709999,21699.0,ZIM.NYSE-4-HOUR-LAST-EXTERNAL
2022-07-28 19:55:00,48.299999,48.349998,48.2,48.310001,108448.0,ZIM.NYSE-4-HOUR-LAST-EXTERNAL
2022-07-29 15:55:00,48.5,48.514999,48.470001,48.490001,8975.0,ZIM.NYSE-4-HOUR-LAST-EXTERNAL
2022-07-29 19:55:00,49.955001,49.970001,49.799999,49.810001,143283.0,ZIM.NYSE-4-HOUR-LAST-EXTERNAL
2022-08-01 15:55:00,49.904998,49.93,49.830001,49.849998,22888.0,ZIM.NYSE-4-HOUR-LAST-EXTERNAL
2022-08-01 19:55:00,49.669998,49.779998,49.619998,49.77,73815.0,ZIM.NYSE-4-HOUR-LAST-EXTERNAL
2022-08-02 15:55:00,50.150001,50.330001,50.099998,50.29,19270.0,ZIM.NYSE-4-HOUR-LAST-EXTERNAL
2022-08-02 19:55:00,50.0,50.049999,49.979999,50.009998,68554.0,ZIM.NYSE-4-HOUR-LAST-EXTERNAL
2022-08-03 15:55:00,49.59,49.61,49.52,49.549999,18399.0,ZIM.NYSE-4-HOUR-LAST-EXTERNAL
2022-08-03 19:55:00,49.189998,49.215,49.04,49.080001,114683.0,ZIM.NYSE-4-HOUR-LAST-EXTERNAL
2022-08-04 15:55:00,50.029998,50.029998,49.921298,49.928001,21409.0,ZIM.NYSE-4-HOUR-LAST-EXTERNAL
2022-08-04 19:55:00,50.060001,50.09,50.009998,50.029998,72641.0,ZIM.NYSE-4-HOUR-LAST-EXTERNAL
2022-08-05 15:55:00,49.563701,49.563701,49.490001,49.529998,7963.0,ZIM.NYSE-4-HOUR-LAST-EXTERNAL
2022-08-05 19:55:00,49.95,49.959999,49.900001,49.909999,63501.0,ZIM.NYSE-4-HOUR-LAST-EXTERNAL
2022-08-08 15:55:00,52.220001,52.470001,52.220001,52.36,49339.0,ZIM.NYSE-4-HOUR-LAST-EXTERNAL
2022-08-08 19:55:00,52.159999,52.240001,52.02,52.18,109269.0,ZIM.NYSE-4-HOUR-LAST-EXTERNAL
2022-08-09 15:55:00,51.7112,51.740001,51.52,51.549999,12863.0,ZIM.NYSE-4-HOUR-LAST-EXTERNAL
2022-08-09 19:55:00,51.45,51.45,51.29,51.310001,113820.0,ZIM.NYSE-4-HOUR-LAST-EXTERNAL
2022-08-10 15:55:00,52.279998,52.330001,52.25,52.299999,31735.0,ZIM.NYSE-4-HOUR-LAST-EXTERNAL
2022-08-10 19:55:00,52.330001,52.43,52.319599,52.400001,66984.0,ZIM.NYSE-4-HOUR-LAST-EXTERNAL
2022-08-11 15:55:00,52.52,52.580001,52.5,52.530998,20570.0,ZIM.NYSE-4-HOUR-LAST-EXTERNAL
2022-08-11 19:55:00,53.330001,53.330001,53.069999,53.11,120173.0,ZIM.NYSE-4-HOUR-LAST-EXTERNAL
2022-08-12 15:55:00,50.599998,50.93,50.529998,50.909999,56445.0,ZIM.NYSE-4-HOUR-LAST-EXTERNAL
2022-08-12 19:55:00,51.720001,51.889999,51.639999,51.830001,225912.0,ZIM.NYSE-4-HOUR-LAST-EXTERNAL
2022-08-15 15:55:00,50.709999,50.759998,50.630001,50.689998,21562.0,ZIM.NYSE-4-HOUR-LAST-EXTERNAL
2022-08-15 19:55:00,50.619998,50.729999,50.54,50.54,123921.0,ZIM.NYSE-4-HOUR-LAST-EXTERNAL
2022-08-16 15:55:00,50.549999,50.740001,50.52,50.709999,28033.0,ZIM.NYSE-4-HOUR-LAST-EXTERNAL
2022-08-16 19:55:00,51.2,51.229999,50.880001,50.880001,280318.0,ZIM.NYSE-4-HOUR-LAST-EXTERNAL
2022-08-17 15:55:00,47.159999,47.279998,47.081401,47.2401,56537.0,ZIM.NYSE-4-HOUR-LAST-EXTERNAL
2022-08-17 19:55:00,47.79,47.909999,47.549999,47.84,373324.0,ZIM.NYSE-4-HOUR-LAST-EXTERNAL
2022-08-18 15:55:00,50.805,50.9099,50.780101,50.849998,38523.0,ZIM.NYSE-4-HOUR-LAST-EXTERNAL
2022-08-18 19:55:00,51.409999,51.5,51.319999,51.459999,147904.0,ZIM.NYSE-4-HOUR-LAST-EXTERNAL
2022-08-19 15:55:00,49.165199,49.209999,49.099998,49.119998,36649.0,ZIM.NYSE-4-HOUR-LAST-EXTERNAL
2022-08-19 19:55:00,49.154998,49.220001,49.11,49.130001,191757.0,ZIM.NYSE-4-HOUR-LAST-EXTERNAL
2022-08-22 15:55:00,51.209999,51.319999,50.990001,51.299999,67629.0,ZIM.NYSE-4-HOUR-LAST-EXTERNAL
2022-08-22 19:55:00,50.970001,51.0,50.86,50.95,161463.0,ZIM.NYSE-4-HOUR-LAST-EXTERNAL
2022-08-23 15:55:00,48.77,48.779998,48.599998,48.631599,81633.0,ZIM.NYSE-4-HOUR-LAST-EXTERNAL
2022-08-23 19:55:00,48.75,48.79,48.639999,48.669998,218892.0,ZIM.NYSE-4-HOUR-LAST-EXTERNAL
2022-08-24 15:55:00,48.889999,48.970001,48.740001,48.851001,44492.0,ZIM.NYSE-4-HOUR-LAST-EXTERNAL
2022-08-24 19:55:00,48.93,48.959999,48.79,48.79,207030.0,ZIM.NYSE-4-HOUR-LAST-EXTERNAL
2022-08-25 15:55:00,48.02,48.0899,47.849998,47.979999,74715.0,ZIM.NYSE-4-HOUR-LAST-EXTERNAL
2022-08-25 19:55:00,48.310001,48.380001,48.220001,48.27,420886.0,ZIM.NYSE-4-HOUR-LAST-EXTERNAL
2022-08-26 15:55:00,42.034698,42.060001,41.759998,41.759998,103257.0,ZIM.NYSE-4-HOUR-LAST-EXTERNAL
2022-08-26 19:55:00,41.11,41.169898,41.069999,41.080001,228128.0,ZIM.NYSE-4-HOUR-LAST-EXTERNAL
2022-08-29 15:55:00,40.04,40.061298,39.990001,39.998001,66385.0,ZIM.NYSE-4-HOUR-LAST-EXTERNAL
2022-08-29 19:55:00,39.459999,39.479999,39.34,39.34,230553.0,ZIM.NYSE-4-HOUR-LAST-EXTERNAL
2022-08-30 15:55:00,37.060001,37.150001,36.970001,36.9869,63823.0,ZIM.NYSE-4-HOUR-LAST-EXTERNAL
2022-08-30 19:55:00,36.8096,36.834999,36.740001,36.740001,257589.0,ZIM.NYSE-4-HOUR-LAST-EXTERNAL
2022-08-31 15:55:00,36.52,36.584499,36.509998,36.54,29784.0,ZIM.NYSE-4-HOUR-LAST-EXTERNAL
2022-08-31 19:55:00,36.279998,36.299999,36.09,36.104,295934.0,ZIM.NYSE-4-HOUR-LAST-EXTERNAL
2022-09-01 15:55:00,35.25,35.25,35.169998,35.220001,35005.0,ZIM.NYSE-4-HOUR-LAST-EXTERNAL
2022-09-01 19:55:00,35.11,35.169998,35.069999,35.080001,215490.0,ZIM.NYSE-4-HOUR-LAST-EXTERNAL
2022-09-02 15:55:00,34.759998,34.77,34.630001,34.639999,30793.0,ZIM.NYSE-4-HOUR-LAST-EXTERNAL
2022-09-02 19:55:00,34.409999,34.455001,34.299999,34.299999,179012.0,ZIM.NYSE-4-HOUR-LAST-EXTERNAL
2022-09-06 15:55:00,33.740001,33.778499,33.61,33.61,64745.0,ZIM.NYSE-4-HOUR-LAST-EXTERNAL
2022-09-06 19:55:00,33.044998,33.11,33.009998,33.069999,205190.0,ZIM.NYSE-4-HOUR-LAST-EXTERNAL
2022-09-07 15:55:00,31.715,31.84,31.709999,31.809999,60287.0,ZIM.NYSE-4-HOUR-LAST-EXTERNAL
2022-09-07 19:55:00,31.489999,31.51,31.409999,31.479999,382315.0,ZIM.NYSE-4-HOUR-LAST-EXTERNAL
2022-09-08 15:55:00,30.8008,30.959999,30.799999,30.915,179742.0,ZIM.NYSE-4-HOUR-LAST-EXTERNAL
2022-09-08 19:55:00,31.459999,31.52,31.389999,31.444999,353364.0,ZIM.NYSE-4-HOUR-LAST-EXTERNAL
2022-09-09 15:55:00,32.0,32.189998,32.0,32.18,75495.0,ZIM.NYSE-4-HOUR-LAST-EXTERNAL
2022-09-09 19:55:00,32.09,32.150001,32.029998,32.071498,270743.0,ZIM.NYSE-4-HOUR-LAST-EXTERNAL
2022-09-12 15:55:00,32.439998,32.45,32.380001,32.389999,35633.0,ZIM.NYSE-4-HOUR-LAST-EXTERNAL
2022-09-12 19:55:00,32.54,32.569999,32.509998,32.549999,187207.0,ZIM.NYSE-4-HOUR-LAST-EXTERNAL
2022-09-13 15:55:00,33.454601,33.560001,33.36,33.560001,69550.0,ZIM.NYSE-4-HOUR-LAST-EXTERNAL
2022-09-13 19:55:00,32.849998,32.849998,32.759998,32.779998,299390.0,ZIM.NYSE-4-HOUR-LAST-EXTERNAL
2022-09-14 15:55:00,32.179599,32.220001,32.134998,32.134998,24945.0,ZIM.NYSE-4-HOUR-LAST-EXTERNAL
2022-09-14 19:55:00,31.54,31.569999,31.489999,31.53,176012.0,ZIM.NYSE-4-HOUR-LAST-EXTERNAL
2022-09-15 15:55:00,30.719999,30.719999,30.6,30.709999,43595.0,ZIM.NYSE-4-HOUR-LAST-EXTERNAL
2022-09-15 19:55:00,30.86,30.898,30.799999,30.809999,128353.0,ZIM.NYSE-4-HOUR-LAST-EXTERNAL
2022-09-16 15:55:00,29.62,29.62,29.521999,29.559999,18343.0,ZIM.NYSE-4-HOUR-LAST-EXTERNAL
2022-09-16 19:55:00,29.53,29.575,29.51,29.51,220891.0,ZIM.NYSE-4-HOUR-LAST-EXTERNAL
2022-09-19 15:55:00,28.61,28.61,28.52,28.52,26519.0,ZIM.NYSE-4-HOUR-LAST-EXTERNAL
2022-09-19 19:55:00,28.7201,28.764999,28.68,28.739999,144517.0,ZIM.NYSE-4-HOUR-LAST-EXTERNAL
2022-09-20 15:55:00,28.6828,28.739999,28.67,28.729999,15569.0,ZIM.NYSE-4-HOUR-LAST-EXTERNAL
2022-09-20 19:55:00,28.809999,28.809999,28.76,28.79,124821.0,ZIM.NYSE-4-HOUR-LAST-EXTERNAL
2022-09-21 15:55:00,27.704999,27.77,27.68,27.76,37309.0,ZIM.NYSE-4-HOUR-LAST-EXTERNAL
2022-09-21 19:55:00,27.2,27.229999,27.084999,27.129999,314703.0,ZIM.NYSE-4-HOUR-LAST-EXTERNAL
2022-09-22 15:55:00,26.729999,26.78,26.729999,26.76,25956.0,ZIM.NYSE-4-HOUR-LAST-EXTERNAL
2022-09-22 19:55:00,26.51,26.514999,26.37,26.385,274097.0,ZIM.NYSE-4-HOUR-LAST-EXTERNAL
2022-09-23 15:55:00,24.264999,24.299999,24.239999,24.26,45888.0,ZIM.NYSE-4-HOUR-LAST-EXTERNAL
2022-09-23 19:55:00,24.799999,24.94,24.78,24.87,439054.0,ZIM.NYSE-4-HOUR-LAST-EXTERNAL
2022-09-26 15:55:00,24.614999,24.649999,24.5925,24.603599,24833.0,ZIM.NYSE-4-HOUR-LAST-EXTERNAL
2022-09-26 19:55:00,24.19,24.19,24.11,24.159999,255019.0,ZIM.NYSE-4-HOUR-LAST-EXTERNAL
2022-09-27 15:55:00,24.718799,24.7835,24.6884,24.729999,27178.0,ZIM.NYSE-4-HOUR-LAST-EXTERNAL
2022-09-27 19:55:00,25.004999,25.01,24.909999,24.969999,144237.0,ZIM.NYSE-4-HOUR-LAST-EXTERNAL
2022-09-28 15:55:00,25.1,25.129999,25.069999,25.11,33755.0,ZIM.NYSE-4-HOUR-LAST-EXTERNAL
2022-09-28 19:55:00,25.495,25.5,25.3575,25.389999,244270.0,ZIM.NYSE-4-HOUR-LAST-EXTERNAL
2022-09-29 15:55:00,23.649999,23.68,23.53,23.549999,49374.0,ZIM.NYSE-4-HOUR-LAST-EXTERNAL
2022-09-29 19:55:00,23.03,23.079999,23.0,23.04,270833.0,ZIM.NYSE-4-HOUR-LAST-EXTERNAL
2022-09-30 15:55:00,23.655,23.7,23.629999,23.684999,19217.0,ZIM.NYSE-4-HOUR-LAST-EXTERNAL
2022-09-30 19:55:00,23.52,23.54,23.485,23.5,123052.0,ZIM.NYSE-4-HOUR-LAST-EXTERNAL
2022-10-03 15:55:00,24.649999,24.69,24.542699,24.559999,84646.0,ZIM.NYSE-4-HOUR-LAST-EXTERNAL
2022-10-03 19:55:00,24.29,24.3024,24.25,24.26,183961.0,ZIM.NYSE-4-HOUR-LAST-EXTERNAL
2022-10-04 15:55:00,25.670299,25.77,25.629999,25.77,61633.0,ZIM.NYSE-4-HOUR-LAST-EXTERNAL
2022-10-04 19:55:00,25.645,25.69,25.614999,25.68,164650.0,ZIM.NYSE-4-HOUR-LAST-EXTERNAL
2022-10-05 15:55:00,24.479999,24.53,24.459999,24.52,24267.0,ZIM.NYSE-4-HOUR-LAST-EXTERNAL
2022-10-05 19:55:00,25.079999,25.135,25.045,25.069999,142140.0,ZIM.NYSE-4-HOUR-LAST-EXTERNAL
2022-10-06 15:55:00,25.131299,25.149999,24.909999,24.92,82046.0,ZIM.NYSE-4-HOUR-LAST-EXTERNAL
2022-10-06 19:55:00,24.915,24.95,24.79,24.79,120291.0,ZIM.NYSE-4-HOUR-LAST-EXTERNAL
2022-10-07 15:55:00,23.951299,24.0,23.951299,24.0,12256.0,ZIM.NYSE-4-HOUR-LAST-EXTERNAL
2022-10-07 19:55:00,23.95,24.0,23.92,23.995,155389.0,ZIM.NYSE-4-HOUR-LAST-EXTERNAL
2022-10-10 15:55:00,24.629999,24.6455,24.6,24.61,25692.0,ZIM.NYSE-4-HOUR-LAST-EXTERNAL
2022-10-10 19:55:00,24.44,24.45,24.36,24.37,102413.0,ZIM.NYSE-4-HOUR-LAST-EXTERNAL
2022-10-11 15:55:00,24.02,24.149999,24.02,24.149999,29469.0,ZIM.NYSE-4-HOUR-LAST-EXTERNAL
2022-10-11 19:55:00,23.989999,24.014999,23.93,23.94,108166.0,ZIM.NYSE-4-HOUR-LAST-EXTERNAL
2022-10-12 15:55:00,24.7241,24.729499,24.649999,24.68,24095.0,ZIM.NYSE-4-HOUR-LAST-EXTERNAL
2022-10-12 19:55:00,24.764999,24.78,24.649999,24.649999,233910.0,ZIM.NYSE-4-HOUR-LAST-EXTERNAL
2022-10-13 15:55:00,26.879999,26.959999,26.77,26.93,85218.0,ZIM.NYSE-4-HOUR-LAST-EXTERNAL
2022-10-13 19:55:00,26.87,26.879999,26.78,26.86,248540.0,ZIM.NYSE-4-HOUR-LAST-EXTERNAL
2022-10-14 15:55:00,25.545,25.579999,25.51,25.53,24466.0,ZIM.NYSE-4-HOUR-LAST-EXTERNAL
2022-10-14 19:55:00,25.754999,25.754999,25.629999,25.68,235557.0,ZIM.NYSE-4-HOUR-LAST-EXTERNAL
2022-10-17 15:55:00,24.86,25.03,24.844999,24.95,55556.0,ZIM.NYSE-4-HOUR-LAST-EXTERNAL
2022-10-17 19:55:00,24.465,24.465,24.395,24.409999,228145.0,ZIM.NYSE-4-HOUR-LAST-EXTERNAL
2022-10-18 15:55:00,24.27,24.29,24.19,24.27,28471.0,ZIM.NYSE-4-HOUR-LAST-EXTERNAL
2022-10-18 19:55:00,24.575,24.579999,24.51,24.549999,240705.0,ZIM.NYSE-4-HOUR-LAST-EXTERNAL
2022-10-19 15:55:00,24.020099,24.034999,23.989999,24.0226,24855.0,ZIM.NYSE-4-HOUR-LAST-EXTERNAL
2022-10-19 19:55:00,23.44,23.54,23.409999,23.52,187856.0,ZIM.NYSE-4-HOUR-LAST-EXTERNAL
2022-10-20 15:55:00,23.444999,23.444999,23.243,23.243,72823.0,ZIM.NYSE-4-HOUR-LAST-EXTERNAL
2022-10-20 19:55:00,23.069999,23.0799,22.979999,23.03,268639.0,ZIM.NYSE-4-HOUR-LAST-EXTERNAL
2022-10-21 15:55:00,23.698099,23.747699,23.69,23.7192,16841.0,ZIM.NYSE-4-HOUR-LAST-EXTERNAL
2022-10-21 19:55:00,23.68,23.684999,23.61,23.614999,98675.0,ZIM.NYSE-4-HOUR-LAST-EXTERNAL
2022-10-24 15:55:00,23.834999,23.889999,23.829999,23.889999,16612.0,ZIM.NYSE-4-HOUR-LAST-EXTERNAL
2022-10-24 19:55:00,24.125,24.125,24.069999,24.079999,96930.0,ZIM.NYSE-4-HOUR-LAST-EXTERNAL
2022-10-25 15:55:00,24.049999,24.059999,24.0,24.011999,40079.0,ZIM.NYSE-4-HOUR-LAST-EXTERNAL
2022-10-25 19:55:00,24.4302,24.45,24.395,24.405,127660.0,ZIM.NYSE-4-HOUR-LAST-EXTERNAL
2022-10-26 15:55:00,24.84,24.896799,24.84,24.8752,12592.0,ZIM.NYSE-4-HOUR-LAST-EXTERNAL
2022-10-26 19:55:00,24.35,24.37,24.25,24.35,154800.0,ZIM.NYSE-4-HOUR-LAST-EXTERNAL
2022-10-27 15:55:00,23.5699,23.629899,23.565,23.6196,36109.0,ZIM.NYSE-4-HOUR-LAST-EXTERNAL
2022-10-27 19:55:00,23.28,23.309999,23.25,23.305,154637.0,ZIM.NYSE-4-HOUR-LAST-EXTERNAL
2022-10-28 15:55:00,22.629999,22.629999,22.5615,22.575,14590.0,ZIM.NYSE-4-HOUR-LAST-EXTERNAL
2022-10-28 19:55:00,23.014999,23.079999,22.989999,23.069999,292526.0,ZIM.NYSE-4-HOUR-LAST-EXTERNAL
2022-10-31 15:55:00,23.219999,23.245,23.079999,23.1,36061.0,ZIM.NYSE-4-HOUR-LAST-EXTERNAL
2022-10-31 19:55:00,23.44,23.489999,23.42,23.485,231625.0,ZIM.NYSE-4-HOUR-LAST-EXTERNAL
2022-11-01 15:55:00,24.26,24.27,24.209999,24.27,11563.0,ZIM.NYSE-4-HOUR-LAST-EXTERNAL
2022-11-01 19:55:00,25.01,25.059999,24.969999,25.049999,389239.0,ZIM.NYSE-4-HOUR-LAST-EXTERNAL
2022-11-02 15:55:00,23.485,23.485,23.422,23.434999,23777.0,ZIM.NYSE-4-HOUR-LAST-EXTERNAL
2022-11-02 19:55:00,22.829999,22.834999,22.75,22.77,239996.0,ZIM.NYSE-4-HOUR-LAST-EXTERNAL
2022-11-03 15:55:00,23.004999,23.008699,22.94,22.944999,25622.0,ZIM.NYSE-4-HOUR-LAST-EXTERNAL
2022-11-03 19:55:00,22.625,22.639999,22.61,22.629999,113229.0,ZIM.NYSE-4-HOUR-LAST-EXTERNAL
2022-11-04 15:55:00,22.909999,22.928199,22.799999,22.808599,39741.0,ZIM.NYSE-4-HOUR-LAST-EXTERNAL
2022-11-04 19:55:00,23.1,23.17,23.09,23.149999,208811.0,ZIM.NYSE-4-HOUR-LAST-EXTERNAL
2022-11-07 15:55:00,24.7385,24.878999,24.702699,24.875,63757.0,ZIM.NYSE-4-HOUR-LAST-EXTERNAL
2022-11-07 19:55:00,24.465,24.469999,24.409999,24.415,22233.0,ZIM.NYSE-4-HOUR-LAST-EXTERNAL
2022-11-07 21:00:00,24.629999,24.629999,24.629999,24.629999,127708.0,ZIM.NYSE-4-HOUR-LAST-EXTERNAL
2022-11-08 15:55:00,24.889999,24.92,24.86,24.879999,23671.0,ZIM.NYSE-4-HOUR-LAST-EXTERNAL
2022-11-08 19:55:00,24.555,24.569999,24.485,24.5,25381.0,ZIM.NYSE-4-HOUR-LAST-EXTERNAL
2022-11-08 21:00:00,24.59,24.59,24.59,24.59,99827.0,ZIM.NYSE-4-HOUR-LAST-EXTERNAL
2022-11-09 15:55:00,23.7038,23.75,23.594999,23.75,57870.0,ZIM.NYSE-4-HOUR-LAST-EXTERNAL
2022-11-09 19:55:00,23.254999,23.27,23.225,23.2586,20319.0,ZIM.NYSE-4-HOUR-LAST-EXTERNAL
2022-11-09 21:00:00,23.17,23.17,23.17,23.17,174153.0,ZIM.NYSE-4-HOUR-LAST-EXTERNAL
2022-11-10 15:55:00,25.25,25.315,25.229999,25.239999,60919.0,ZIM.NYSE-4-HOUR-LAST-EXTERNAL
2022-11-10 19:55:00,24.565,24.659999,24.555,24.649999,29877.0,ZIM.NYSE-4-HOUR-LAST-EXTERNAL
2022-11-10 21:00:00,24.809999,24.809999,24.809999,24.809999,215019.0,ZIM.NYSE-4-HOUR-LAST-EXTERNAL
2022-11-11 15:55:00,26.479999,26.489999,26.409999,26.45,50269.0,ZIM.NYSE-4-HOUR-LAST-EXTERNAL
2022-11-11 19:55:00,27.1623,27.18,27.09,27.09,28272.0,ZIM.NYSE-4-HOUR-LAST-EXTERNAL
2022-11-11 21:00:00,27.079999,27.079999,27.079999,27.079999,277440.0,ZIM.NYSE-4-HOUR-LAST-EXTERNAL
2022-11-14 15:55:00,26.659999,26.68,26.559999,26.559999,41337.0,ZIM.NYSE-4-HOUR-LAST-EXTERNAL
2022-11-14 19:55:00,26.62,26.69,26.6,26.684999,40363.0,ZIM.NYSE-4-HOUR-LAST-EXTERNAL
2022-11-14 21:00:00,26.219999,26.219999,26.219999,26.219999,125779.0,ZIM.NYSE-4-HOUR-LAST-EXTERNAL
2022-11-15 15:55:00,26.87,26.95,26.819999,26.823699,35942.0,ZIM.NYSE-4-HOUR-LAST-EXTERNAL
2022-11-15 19:55:00,26.465,26.489999,26.409999,26.469999,61421.0,ZIM.NYSE-4-HOUR-LAST-EXTERNAL
2022-11-15 21:00:00,26.37,26.37,26.37,26.37,156171.0,ZIM.NYSE-4-HOUR-LAST-EXTERNAL
2022-11-16 15:55:00,26.829999,26.909999,26.5,26.510099,166184.0,ZIM.NYSE-4-HOUR-LAST-EXTERNAL
2022-11-16 19:55:00,27.19,27.26,27.17,27.2,35015.0,ZIM.NYSE-4-HOUR-LAST-EXTERNAL
2022-11-16 21:00:00,26.95,26.95,26.95,26.95,309510.0,ZIM.NYSE-4-HOUR-LAST-EXTERNAL
2022-11-17 15:55:00,25.909999,25.94,25.799999,25.87,60470.0,ZIM.NYSE-4-HOUR-LAST-EXTERNAL
2022-11-17 19:55:00,25.36,25.37,25.28,25.28,32479.0,ZIM.NYSE-4-HOUR-LAST-EXTERNAL
2022-11-17 21:00:00,25.569999,25.569999,25.569999,25.569999,206434.0,ZIM.NYSE-4-HOUR-LAST-EXTERNAL
2022-11-18 15:55:00,23.899999,23.95,23.69,23.899999,208769.0,ZIM.NYSE-4-HOUR-LAST-EXTERNAL
2022-11-18 19:55:00,24.649999,24.739999,24.649999,24.735,30115.0,ZIM.NYSE-4-HOUR-LAST-EXTERNAL
2022-11-18 21:00:00,24.78,24.78,24.78,24.78,225266.0,ZIM.NYSE-4-HOUR-LAST-EXTERNAL
2022-11-21 15:55:00,23.889999,24.02,23.889999,23.985,40739.0,ZIM.NYSE-4-HOUR-LAST-EXTERNAL
2022-11-21 19:55:00,24.3787,24.379999,24.337699,24.345199,19901.0,ZIM.NYSE-4-HOUR-LAST-EXTERNAL
2022-11-21 21:00:00,24.37,24.37,24.37,24.37,94804.0,ZIM.NYSE-4-HOUR-LAST-EXTERNAL
2022-11-22 15:55:00,24.765499,24.819999,24.739999,24.78,17155.0,ZIM.NYSE-4-HOUR-LAST-EXTERNAL
2022-11-22 19:55:00,24.773399,24.773399,24.702699,24.709999,38833.0,ZIM.NYSE-4-HOUR-LAST-EXTERNAL
2022-11-22 21:00:00,24.909999,24.909999,24.909999,24.909999,129695.0,ZIM.NYSE-4-HOUR-LAST-EXTERNAL
2022-11-23 15:55:00,25.539899,25.539899,25.409999,25.43,44367.0,ZIM.NYSE-4-HOUR-LAST-EXTERNAL
2022-11-23 19:55:00,25.45,25.489999,25.399999,25.415,20532.0,ZIM.NYSE-4-HOUR-LAST-EXTERNAL
2022-11-23 21:00:00,25.719999,25.719999,25.719999,25.719999,135055.0,ZIM.NYSE-4-HOUR-LAST-EXTERNAL
2022-11-25 15:55:00,25.77,25.799999,25.719999,25.743099,54018.0,ZIM.NYSE-4-HOUR-LAST-EXTERNAL
2022-11-25 18:00:00,25.67,25.7,25.6,25.68,9719.0,ZIM.NYSE-4-HOUR-LAST-EXTERNAL
2022-11-28 15:55:00,21.94,22.0,21.87,21.895,105752.0,ZIM.NYSE-4-HOUR-LAST-EXTERNAL
2022-11-28 19:55:00,21.649999,21.67,21.61,21.636499,33751.0,ZIM.NYSE-4-HOUR-LAST-EXTERNAL
2022-11-28 21:00:00,21.209999,21.209999,21.209999,21.209999,245748.0,ZIM.NYSE-4-HOUR-LAST-EXTERNAL
2022-11-29 15:55:00,22.569,22.729999,22.538099,22.639999,95030.0,ZIM.NYSE-4-HOUR-LAST-EXTERNAL
2022-11-29 19:55:00,21.239999,21.2537,21.219999,21.239999,24339.0,ZIM.NYSE-4-HOUR-LAST-EXTERNAL
2022-11-29 21:00:00,21.42,21.42,21.42,21.42,166099.0,ZIM.NYSE-4-HOUR-LAST-EXTERNAL
2022-11-30 15:55:00,20.639999,20.655,20.54,20.571599,71964.0,ZIM.NYSE-4-HOUR-LAST-EXTERNAL
2022-11-30 19:55:00,20.799999,20.809999,20.729999,20.79,30975.0,ZIM.NYSE-4-HOUR-LAST-EXTERNAL
2022-11-30 21:00:00,21.02,21.02,21.02,21.02,420405.0,ZIM.NYSE-4-HOUR-LAST-EXTERNAL
2022-12-01 15:55:00,20.3465,20.42,20.299999,20.42,49827.0,ZIM.NYSE-4-HOUR-LAST-EXTERNAL
2022-12-01 19:55:00,20.2,20.209999,20.165,20.19,22861.0,ZIM.NYSE-4-HOUR-LAST-EXTERNAL
2022-12-01 21:00:00,20.09,20.09,20.09,20.09,243355.0,ZIM.NYSE-4-HOUR-LAST-EXTERNAL
2022-12-02 15:55:00,19.54,19.559999,19.44,19.459999,67951.0,ZIM.NYSE-4-HOUR-LAST-EXTERNAL
2022-12-02 19:55:00,19.364999,19.379999,19.35,19.37,36819.0,ZIM.NYSE-4-HOUR-LAST-EXTERNAL
2022-12-02 21:00:00,19.399999,19.399999,19.399999,19.399999,108720.0,ZIM.NYSE-4-HOUR-LAST-EXTERNAL
2022-12-05 15:55:00,19.7,19.719999,19.62,19.629999,35489.0,ZIM.NYSE-4-HOUR-LAST-EXTERNAL
2022-12-05 19:55:00,19.295,19.359899,19.29,19.354499,39679.0,ZIM.NYSE-4-HOUR-LAST-EXTERNAL
2022-12-05 21:00:00,19.569999,19.569999,19.569999,19.569999,251519.0,ZIM.NYSE-4-HOUR-LAST-EXTERNAL
2022-12-06 15:55:00,19.29,19.305,19.26,19.29,27665.0,ZIM.NYSE-4-HOUR-LAST-EXTERNAL
2022-12-06 19:55:00,19.139999,19.159999,19.12,19.12,22998.0,ZIM.NYSE-4-HOUR-LAST-EXTERNAL
2022-12-06 21:00:00,19.2,19.2,19.2,19.2,111319.0,ZIM.NYSE-4-HOUR-LAST-EXTERNAL
2022-12-07 15:55:00,18.817499,18.879999,18.78,18.879999,59235.0,ZIM.NYSE-4-HOUR-LAST-EXTERNAL
2022-12-07 19:55:00,17.969999,17.988199,17.899999,17.923999,79335.0,ZIM.NYSE-4-HOUR-LAST-EXTERNAL
2022-12-07 21:00:00,17.69,17.69,17.69,17.69,202101.0,ZIM.NYSE-4-HOUR-LAST-EXTERNAL
2022-12-08 15:55:00,18.969999,18.989999,18.899999,18.92,81576.0,ZIM.NYSE-4-HOUR-LAST-EXTERNAL
2022-12-08 19:55:00,18.6,18.6,18.5582,18.5582,15360.0,ZIM.NYSE-4-HOUR-LAST-EXTERNAL
2022-12-08 21:00:00,18.61,18.61,18.61,18.61,151456.0,ZIM.NYSE-4-HOUR-LAST-EXTERNAL
2022-12-09 15:55:00,18.69,18.719999,18.659999,18.6888,26479.0,ZIM.NYSE-4-HOUR-LAST-EXTERNAL
2022-12-09 19:55:00,18.649999,18.649999,18.629999,18.641,13781.0,ZIM.NYSE-4-HOUR-LAST-EXTERNAL
2022-12-09 21:00:00,18.569999,18.569999,18.569999,18.569999,134043.0,ZIM.NYSE-4-HOUR-LAST-EXTERNAL
2022-12-12 15:55:00,18.1201,18.149999,18.1,18.1401,23930.0,ZIM.NYSE-4-HOUR-LAST-EXTERNAL
2022-12-12 19:55:00,17.93,17.93,17.8901,17.905,32242.0,ZIM.NYSE-4-HOUR-LAST-EXTERNAL
2022-12-12 21:00:00,17.94,17.94,17.94,17.94,184259.0,ZIM.NYSE-4-HOUR-LAST-EXTERNAL
2022-12-13 15:55:00,18.02,18.038,17.969999,17.985,53930.0,ZIM.NYSE-4-HOUR-LAST-EXTERNAL
2022-12-13 19:55:00,17.815,17.84,17.809999,17.84,19008.0,ZIM.NYSE-4-HOUR-LAST-EXTERNAL
2022-12-13 21:00:00,18.139999,18.139999,18.139999,18.139999,141349.0,ZIM.NYSE-4-HOUR-LAST-EXTERNAL
2022-12-14 15:55:00,17.680599,17.704999,17.629999,17.693599,43654.0,ZIM.NYSE-4-HOUR-LAST-EXTERNAL
2022-12-14 19:55:00,17.719999,17.77,17.67,17.729999,23702.0,ZIM.NYSE-4-HOUR-LAST-EXTERNAL
2022-12-14 21:00:00,17.86,17.86,17.86,17.86,110751.0,ZIM.NYSE-4-HOUR-LAST-EXTERNAL
2022-12-15 15:55:00,18.149999,18.17,17.969999,18.02,48323.0,ZIM.NYSE-4-HOUR-LAST-EXTERNAL
2022-12-15 19:55:00,17.834999,17.879999,17.809999,17.878799,26226.0,ZIM.NYSE-4-HOUR-LAST-EXTERNAL
2022-12-15 21:00:00,18.079999,18.079999,18.079999,18.079999,95960.0,ZIM.NYSE-4-HOUR-LAST-EXTERNAL
2022-12-16 15:55:00,17.889999,17.95,17.87,17.889999,58311.0,ZIM.NYSE-4-HOUR-LAST-EXTERNAL
2022-12-16 19:55:00,17.67,17.69,17.639999,17.6641,36031.0,ZIM.NYSE-4-HOUR-LAST-EXTERNAL
2022-12-16 21:00:00,17.549999,17.549999,17.549999,17.549999,218344.0,ZIM.NYSE-4-HOUR-LAST-EXTERNAL
2022-12-19 15:55:00,16.829999,16.84,16.733499,16.76,39103.0,ZIM.NYSE-4-HOUR-LAST-EXTERNAL
2022-12-19 19:55:00,16.319999,16.334999,16.299999,16.299999,24446.0,ZIM.NYSE-4-HOUR-LAST-EXTERNAL
2022-12-19 21:00:00,16.29,16.29,16.29,16.29,176447.0,ZIM.NYSE-4-HOUR-LAST-EXTERNAL
2022-12-20 15:55:00,17.111999,17.209999,17.02,17.069999,138570.0,ZIM.NYSE-4-HOUR-LAST-EXTERNAL
2022-12-20 19:55:00,16.815,16.86,16.815,16.85,27979.0,ZIM.NYSE-4-HOUR-LAST-EXTERNAL
2022-12-20 21:00:00,16.989999,16.989999,16.989999,16.989999,147510.0,ZIM.NYSE-4-HOUR-LAST-EXTERNAL
2022-12-21 15:55:00,17.375,17.489999,17.375,17.485,24805.0,ZIM.NYSE-4-HOUR-LAST-EXTERNAL
2022-12-21 19:55:00,17.665,17.694999,17.659999,17.68,24461.0,ZIM.NYSE-4-HOUR-LAST-EXTERNAL
2022-12-21 21:00:00,17.729999,17.729999,17.729999,17.729999,123708.0,ZIM.NYSE-4-HOUR-LAST-EXTERNAL
2022-12-22 15:55:00,17.114999,17.114999,17.03,17.059999,27675.0,ZIM.NYSE-4-HOUR-LAST-EXTERNAL
2022-12-22 19:55:00,17.405,17.4242,17.399999,17.42,22641.0,ZIM.NYSE-4-HOUR-LAST-EXTERNAL
2022-12-22 21:00:00,17.629999,17.629999,17.629999,17.629999,104225.0,ZIM.NYSE-4-HOUR-LAST-EXTERNAL
2022-12-23 15:55:00,17.37,17.395,17.299999,17.319999,40443.0,ZIM.NYSE-4-HOUR-LAST-EXTERNAL
2022-12-23 19:55:00,17.59,17.62,17.59,17.62,17172.0,ZIM.NYSE-4-HOUR-LAST-EXTERNAL
2022-12-23 21:00:00,17.51,17.51,17.51,17.51,127561.0,ZIM.NYSE-4-HOUR-LAST-EXTERNAL
2022-12-27 15:55:00,16.913999,16.959999,16.879999,16.959999,26239.0,ZIM.NYSE-4-HOUR-LAST-EXTERNAL
2022-12-27 19:55:00,17.02,17.059999,16.995,17.052,20319.0,ZIM.NYSE-4-HOUR-LAST-EXTERNAL
2022-12-27 21:00:00,17.1,17.1,17.1,17.1,78567.0,ZIM.NYSE-4-HOUR-LAST-EXTERNAL
2022-12-28 15:55:00,17.12,17.129999,17.049999,17.065,27175.0,ZIM.NYSE-4-HOUR-LAST-EXTERNAL
2022-12-28 19:55:00,17.01,17.024999,16.985,16.995,23323.0,ZIM.NYSE-4-HOUR-LAST-EXTERNAL
2022-12-28 21:00:00,16.959999,16.959999,16.959999,16.959999,105958.0,ZIM.NYSE-4-HOUR-LAST-EXTERNAL
2022-12-29 15:55:00,17.844999,17.889999,17.84,17.840099,46684.0,ZIM.NYSE-4-HOUR-LAST-EXTERNAL
2022-12-29 19:55:00,17.92,17.94,17.899999,17.909999,32555.0,ZIM.NYSE-4-HOUR-LAST-EXTERNAL
2022-12-29 21:00:00,18.079999,18.079999,18.079999,18.079999,160255.0,ZIM.NYSE-4-HOUR-LAST-EXTERNAL
2022-12-30 15:55:00,17.225,17.26,17.194999,17.197999,50542.0,ZIM.NYSE-4-HOUR-LAST-EXTERNAL
2022-12-30 19:55:00,17.11,17.12,17.11,17.11,16223.0,ZIM.NYSE-4-HOUR-LAST-EXTERNAL
2022-12-30 21:00:00,17.19,17.19,17.19,17.19,218859.0,ZIM.NYSE-4-HOUR-LAST-EXTERNAL
2023-01-03 15:55:00,17.219999,17.319999,17.215,17.299999,61711.0,ZIM.NYSE-4-HOUR-LAST-EXTERNAL
2023-01-03 19:55:00,16.94,16.95,16.9001,16.924999,46568.0,ZIM.NYSE-4-HOUR-LAST-EXTERNAL
2023-01-03 21:00:00,16.959999,16.959999,16.959999,16.959999,170600.0,ZIM.NYSE-4-HOUR-LAST-EXTERNAL
2023-01-04 15:55:00,17.18,17.25,17.149999,17.239999,24167.0,ZIM.NYSE-4-HOUR-LAST-EXTERNAL
2023-01-04 19:55:00,17.219999,17.249399,17.209999,17.219999,8249.0,ZIM.NYSE-4-HOUR-LAST-EXTERNAL
2023-01-04 21:00:00,17.19,17.19,17.19,17.19,142583.0,ZIM.NYSE-4-HOUR-LAST-EXTERNAL
2023-01-05 15:55:00,16.879999,16.899999,16.86,16.864999,19135.0,ZIM.NYSE-4-HOUR-LAST-EXTERNAL
2023-01-05 19:55:00,16.875,16.875,16.829999,16.833099,11266.0,ZIM.NYSE-4-HOUR-LAST-EXTERNAL
2023-01-05 21:00:00,17.049999,17.049999,17.049999,17.049999,179493.0,ZIM.NYSE-4-HOUR-LAST-EXTERNAL
2023-01-06 15:55:00,16.979999,17.01,16.95,16.969999,27757.0,ZIM.NYSE-4-HOUR-LAST-EXTERNAL
2023-01-06 19:55:00,17.135,17.17,17.129999,17.17,35123.0,ZIM.NYSE-4-HOUR-LAST-EXTERNAL
2023-01-06 21:00:00,17.129999,17.129999,17.129999,17.129999,136349.0,ZIM.NYSE-4-HOUR-LAST-EXTERNAL
2023-01-09 15:55:00,17.559999,17.6,17.518699,17.555,57057.0,ZIM.NYSE-4-HOUR-LAST-EXTERNAL
2023-01-09 19:55:00,17.26,17.284999,17.209999,17.219999,73620.0,ZIM.NYSE-4-HOUR-LAST-EXTERNAL
2023-01-09 21:00:00,17.059999,17.059999,17.059999,17.059999,196519.0,ZIM.NYSE-4-HOUR-LAST-EXTERNAL
2023-01-10 15:55:00,17.079999,17.184999,17.079999,17.18,19891.0,ZIM.NYSE-4-HOUR-LAST-EXTERNAL
2023-01-10 19:55:00,17.5,17.508399,17.459999,17.479999,17331.0,ZIM.NYSE-4-HOUR-LAST-EXTERNAL
2023-01-10 21:00:00,17.53,17.53,17.53,17.53,117146.0,ZIM.NYSE-4-HOUR-LAST-EXTERNAL
2023-01-11 15:55:00,17.139999,17.19,17.104999,17.17,87321.0,ZIM.NYSE-4-HOUR-LAST-EXTERNAL
2023-01-11 19:55:00,17.245,17.26,17.235,17.254999,35831.0,ZIM.NYSE-4-HOUR-LAST-EXTERNAL
2023-01-11 21:00:00,17.42,17.42,17.42,17.42,225674.0,ZIM.NYSE-4-HOUR-LAST-EXTERNAL
2023-01-12 15:55:00,17.17,17.17,17.02,17.03,198025.0,ZIM.NYSE-4-HOUR-LAST-EXTERNAL
2023-01-12 19:55:00,17.155,17.17,17.139999,17.145,33114.0,ZIM.NYSE-4-HOUR-LAST-EXTERNAL
2023-01-12 21:00:00,17.139999,17.139999,17.139999,17.139999,199644.0,ZIM.NYSE-4-HOUR-LAST-EXTERNAL
2023-01-13 15:55:00,16.9615,17.0,16.9601,16.9964,31865.0,ZIM.NYSE-4-HOUR-LAST-EXTERNAL
2023-01-13 19:55:00,17.004999,17.02,16.989999,17.02,68952.0,ZIM.NYSE-4-HOUR-LAST-EXTERNAL
2023-01-13 21:00:00,17.01,17.01,17.01,17.01,198058.0,ZIM.NYSE-4-HOUR-LAST-EXTERNAL
2023-01-17 15:55:00,17.579999,17.594999,17.54,17.549999,44997.0,ZIM.NYSE-4-HOUR-LAST-EXTERNAL
2023-01-17 19:55:00,17.86,17.868499,17.76,17.79,98125.0,ZIM.NYSE-4-HOUR-LAST-EXTERNAL
2023-01-17 21:00:00,17.909999,17.909999,17.909999,17.909999,158373.0,ZIM.NYSE-4-HOUR-LAST-EXTERNAL
2023-01-18 15:55:00,18.155,18.239999,18.129999,18.235,55614.0,ZIM.NYSE-4-HOUR-LAST-EXTERNAL
2023-01-18 19:55:00,18.129999,18.129999,18.104999,18.11,15130.0,ZIM.NYSE-4-HOUR-LAST-EXTERNAL
2023-01-18 21:00:00,18.059999,18.059999,18.059999,18.059999,141703.0,ZIM.NYSE-4-HOUR-LAST-EXTERNAL
2023-01-19 15:55:00,17.09,17.125,17.065,17.1086,76795.0,ZIM.NYSE-4-HOUR-LAST-EXTERNAL
2023-01-19 19:55:00,17.639999,17.665,17.639999,17.645,24823.0,ZIM.NYSE-4-HOUR-LAST-EXTERNAL
2023-01-19 21:00:00,17.51,17.51,17.51,17.51,100665.0,ZIM.NYSE-4-HOUR-LAST-EXTERNAL
2023-01-20 15:55:00,17.959999,17.9717,17.93,17.934999,17642.0,ZIM.NYSE-4-HOUR-LAST-EXTERNAL
2023-01-20 19:55:00,18.03,18.079999,18.03,18.079999,26361.0,ZIM.NYSE-4-HOUR-LAST-EXTERNAL
2023-01-20 21:00:00,18.399999,18.399999,18.399999,18.399999,243250.0,ZIM.NYSE-4-HOUR-LAST-EXTERNAL
2023-01-23 15:55:00,18.68,18.75,18.649999,18.745,71162.0,ZIM.NYSE-4-HOUR-LAST-EXTERNAL
2023-01-23 19:55:00,18.635,18.659999,18.62,18.631999,18165.0,ZIM.NYSE-4-HOUR-LAST-EXTERNAL
2023-01-23 21:00:00,18.79,18.79,18.79,18.79,242690.0,ZIM.NYSE-4-HOUR-LAST-EXTERNAL
2023-01-24 15:55:00,18.7299,18.754999,18.68,18.68,19776.0,ZIM.NYSE-4-HOUR-LAST-EXTERNAL
2023-01-24 19:55:00,18.79,18.829999,18.79,18.819999,27120.0,ZIM.NYSE-4-HOUR-LAST-EXTERNAL
2023-01-24 21:00:00,18.69,18.69,18.69,18.69,114260.0,ZIM.NYSE-4-HOUR-LAST-EXTERNAL
2023-01-25 15:55:00,17.815,17.85,17.771299,17.844999,46022.0,ZIM.NYSE-4-HOUR-LAST-EXTERNAL
2023-01-25 19:55:00,18.174999,18.199899,18.159999,18.19,23322.0,ZIM.NYSE-4-HOUR-LAST-EXTERNAL
2023-01-25 21:00:00,18.35,18.35,18.35,18.35,126731.0,ZIM.NYSE-4-HOUR-LAST-EXTERNAL
2023-01-26 15:55:00,18.0604,18.0604,18.01,18.01,47122.0,ZIM.NYSE-4-HOUR-LAST-EXTERNAL
2023-01-26 19:55:00,18.194999,18.264999,18.194999,18.264099,20527.0,ZIM.NYSE-4-HOUR-LAST-EXTERNAL
2023-01-26 21:00:00,18.34,18.34,18.34,18.34,140297.0,ZIM.NYSE-4-HOUR-LAST-EXTERNAL
2023-01-27 15:55:00,18.239999,18.27,18.229999,18.260099,15164.0,ZIM.NYSE-4-HOUR-LAST-EXTERNAL
2023-01-27 19:55:00,18.614999,18.62,18.59,18.614999,29946.0,ZIM.NYSE-4-HOUR-LAST-EXTERNAL
2023-01-27 21:00:00,18.61,18.61,18.61,18.61,120780.0,ZIM.NYSE-4-HOUR-LAST-EXTERNAL
2023-01-30 15:55:00,18.7413,18.87,18.739999,18.87,29016.0,ZIM.NYSE-4-HOUR-LAST-EXTERNAL
2023-01-30 19:55:00,18.899999,18.899999,18.87,18.889999,19736.0,ZIM.NYSE-4-HOUR-LAST-EXTERNAL
2023-01-30 21:00:00,18.719999,18.719999,18.719999,18.719999,121488.0,ZIM.NYSE-4-HOUR-LAST-EXTERNAL
2023-01-31 15:55:00,18.889999,18.909999,18.885,18.899999,23249.0,ZIM.NYSE-4-HOUR-LAST-EXTERNAL
2023-01-31 19:55:00,18.859899,18.86,18.84,18.85,17370.0,ZIM.NYSE-4-HOUR-LAST-EXTERNAL
2023-01-31 21:00:00,18.95,18.95,18.95,18.95,166596.0,ZIM.NYSE-4-HOUR-LAST-EXTERNAL
2023-02-01 15:55:00,19.399999,19.42,19.35,19.354999,45257.0,ZIM.NYSE-4-HOUR-LAST-EXTERNAL
2023-02-01 19:55:00,20.0697,20.104999,20.04,20.09,113358.0,ZIM.NYSE-4-HOUR-LAST-EXTERNAL
2023-02-01 21:00:00,20.389999,20.389999,20.389999,20.389999,292372.0,ZIM.NYSE-4-HOUR-LAST-EXTERNAL
2023-02-02 15:55:00,22.86,22.879999,22.579999,22.6,172060.0,ZIM.NYSE-4-HOUR-LAST-EXTERNAL
2023-02-02 19:55:00,21.6459,21.649999,21.555,21.579999,54352.0,ZIM.NYSE-4-HOUR-LAST-EXTERNAL
2023-02-02 21:00:00,22.0,22.0,22.0,22.0,280034.0,ZIM.NYSE-4-HOUR-LAST-EXTERNAL
2023-02-03 15:55:00,23.02,23.1,22.989999,23.0,167866.0,ZIM.NYSE-4-HOUR-LAST-EXTERNAL
2023-02-03 19:55:00,22.725,22.729999,22.665,22.687,59852.0,ZIM.NYSE-4-HOUR-LAST-EXTERNAL
2023-02-03 21:00:00,22.85,22.85,22.85,22.85,143163.0,ZIM.NYSE-4-HOUR-LAST-EXTERNAL
2023-02-06 15:55:00,22.159999,22.239999,22.11,22.207899,27991.0,ZIM.NYSE-4-HOUR-LAST-EXTERNAL
2023-02-06 19:55:00,22.575,22.579999,22.469999,22.489999,49389.0,ZIM.NYSE-4-HOUR-LAST-EXTERNAL
2023-02-06 21:00:00,22.25,22.25,22.25,22.25,271591.0,ZIM.NYSE-4-HOUR-LAST-EXTERNAL
2023-02-07 15:55:00,21.460899,21.52,21.4148,21.479999,70713.0,ZIM.NYSE-4-HOUR-LAST-EXTERNAL
2023-02-07 19:55:00,21.409999,21.409999,21.37,21.399999,11608.0,ZIM.NYSE-4-HOUR-LAST-EXTERNAL
2023-02-07 21:00:00,21.61,21.61,21.61,21.61,123516.0,ZIM.NYSE-4-HOUR-LAST-EXTERNAL
2023-02-08 15:55:00,21.879999,21.969999,21.86,21.959999,42725.0,ZIM.NYSE-4-HOUR-LAST-EXTERNAL
2023-02-08 19:55:00,21.975,22.03,21.969999,22.024999,53196.0,ZIM.NYSE-4-HOUR-LAST-EXTERNAL
2023-02-08 21:00:00,21.79,21.79,21.79,21.79,231903.0,ZIM.NYSE-4-HOUR-LAST-EXTERNAL
2023-02-09 15:55:00,22.69,22.86,22.69,22.829999,69563.0,ZIM.NYSE-4-HOUR-LAST-EXTERNAL
2023-02-09 19:55:00,22.710699,22.719999,22.68,22.694999,18497.0,ZIM.NYSE-4-HOUR-LAST-EXTERNAL
2023-02-09 21:00:00,22.819999,22.819999,22.819999,22.819999,117329.0,ZIM.NYSE-4-HOUR-LAST-EXTERNAL
2023-02-10 15:55:00,21.979999,22.01,21.890199,21.979999,76772.0,ZIM.NYSE-4-HOUR-LAST-EXTERNAL
2023-02-10 19:55:00,22.2226,22.295,22.209999,22.247999,35315.0,ZIM.NYSE-4-HOUR-LAST-EXTERNAL
2023-02-10 21:00:00,22.459999,22.459999,22.459999,22.459999,124100.0,ZIM.NYSE-4-HOUR-LAST-EXTERNAL
2023-02-13 15:55:00,20.979999,20.9897,20.924999,20.969999,57935.0,ZIM.NYSE-4-HOUR-LAST-EXTERNAL
2023-02-13 19:55:00,20.965,20.965,20.920999,20.924999,26323.0,ZIM.NYSE-4-HOUR-LAST-EXTERNAL
2023-02-13 21:00:00,20.969999,20.969999,20.969999,20.969999,153860.0,ZIM.NYSE-4-HOUR-LAST-EXTERNAL
2023-02-14 15:55:00,20.84,20.969999,20.795,20.969999,41233.0,ZIM.NYSE-4-HOUR-LAST-EXTERNAL
2023-02-14 19:55:00,21.139999,21.159999,21.114999,21.129999,45162.0,ZIM.NYSE-4-HOUR-LAST-EXTERNAL
2023-02-14 21:00:00,21.2,21.2,21.2,21.2,127833.0,ZIM.NYSE-4-HOUR-LAST-EXTERNAL
2023-02-15 15:55:00,21.059999,21.075,21.02,21.04,18982.0,ZIM.NYSE-4-HOUR-LAST-EXTERNAL
2023-02-15 19:55:00,21.399999,21.399999,21.35,21.37,25948.0,ZIM.NYSE-4-HOUR-LAST-EXTERNAL
2023-02-15 21:00:00,21.459999,21.459999,21.459999,21.459999,81892.0,ZIM.NYSE-4-HOUR-LAST-EXTERNAL
2023-02-16 15:55:00,21.379999,21.379999,21.308099,21.319999,24163.0,ZIM.NYSE-4-HOUR-LAST-EXTERNAL
2023-02-16 19:55:00,21.412,21.43,21.399999,21.42,13535.0,ZIM.NYSE-4-HOUR-LAST-EXTERNAL
2023-02-16 21:00:00,21.25,21.25,21.25,21.25,105129.0,ZIM.NYSE-4-HOUR-LAST-EXTERNAL
2023-02-17 15:55:00,22.29,22.309999,22.152,22.25,100112.0,ZIM.NYSE-4-HOUR-LAST-EXTERNAL
2023-02-17 19:55:00,22.17,22.2,22.151899,22.194999,24410.0,ZIM.NYSE-4-HOUR-LAST-EXTERNAL
2023-02-17 21:00:00,22.159999,22.159999,22.159999,22.159999,174549.0,ZIM.NYSE-4-HOUR-LAST-EXTERNAL
2023-02-21 15:55:00,22.53,22.53,22.42,22.43,51953.0,ZIM.NYSE-4-HOUR-LAST-EXTERNAL
2023-02-21 19:55:00,22.079999,22.1,22.059999,22.065399,33133.0,ZIM.NYSE-4-HOUR-LAST-EXTERNAL
2023-02-21 21:00:00,21.879999,21.879999,21.879999,21.879999,187822.0,ZIM.NYSE-4-HOUR-LAST-EXTERNAL
2023-02-22 15:55:00,21.45,21.549999,21.43,21.53,23406.0,ZIM.NYSE-4-HOUR-LAST-EXTERNAL
2023-02-22 19:55:00,21.569999,21.579999,21.534999,21.555,17853.0,ZIM.NYSE-4-HOUR-LAST-EXTERNAL
2023-02-22 21:00:00,21.79,21.79,21.79,21.79,121578.0,ZIM.NYSE-4-HOUR-LAST-EXTERNAL
2023-02-23 15:55:00,21.969999,22.01,21.905,21.989999,54783.0,ZIM.NYSE-4-HOUR-LAST-EXTERNAL
2023-02-23 19:55:00,22.54,22.614999,22.5,22.601999,43525.0,ZIM.NYSE-4-HOUR-LAST-EXTERNAL
2023-02-23 21:00:00,22.819999,22.819999,22.819999,22.819999,225004.0,ZIM.NYSE-4-HOUR-LAST-EXTERNAL
2023-02-24 15:55:00,23.1599,23.18,23.0097,23.04,66252.0,ZIM.NYSE-4-HOUR-LAST-EXTERNAL
2023-02-24 19:55:00,23.7999,23.879999,23.7999,23.85,21925.0,ZIM.NYSE-4-HOUR-LAST-EXTERNAL
2023-02-24 21:00:00,23.979999,23.979999,23.979999,23.979999,207074.0,ZIM.NYSE-4-HOUR-LAST-EXTERNAL
2023-02-27 15:55:00,24.209999,24.239999,24.1026,24.209999,64799.0,ZIM.NYSE-4-HOUR-LAST-EXTERNAL
2023-02-27 19:55:00,24.42,24.44,24.399999,24.43,18140.0,ZIM.NYSE-4-HOUR-LAST-EXTERNAL
2023-02-27 21:00:00,24.54,24.54,24.54,24.54,156051.0,ZIM.NYSE-4-HOUR-LAST-EXTERNAL
2023-02-28 15:55:00,24.78,24.8672,24.7401,24.76,37906.0,ZIM.NYSE-4-HOUR-LAST-EXTERNAL
2023-02-28 19:55:00,23.649999,23.649999,23.569999,23.618799,82338.0,ZIM.NYSE-4-HOUR-LAST-EXTERNAL
2023-02-28 21:00:00,23.659999,23.659999,23.659999,23.659999,448671.0,ZIM.NYSE-4-HOUR-LAST-EXTERNAL
2023-03-01 15:55:00,23.819999,23.829999,23.77,23.799999,23474.0,ZIM.NYSE-4-HOUR-LAST-EXTERNAL
2023-03-01 19:55:00,24.149999,24.2,24.149999,24.18,37002.0,ZIM.NYSE-4-HOUR-LAST-EXTERNAL
2023-03-01 21:00:00,23.95,23.95,23.95,23.95,119213.0,ZIM.NYSE-4-HOUR-LAST-EXTERNAL
2023-03-02 15:55:00,23.204999,23.209999,22.92,22.92,227467.0,ZIM.NYSE-4-HOUR-LAST-EXTERNAL
2023-03-02 19:55:00,22.340999,22.389999,22.3015,22.37,35793.0,ZIM.NYSE-4-HOUR-LAST-EXTERNAL
2023-03-02 21:00:00,22.69,22.69,22.69,22.69,197201.0,ZIM.NYSE-4-HOUR-LAST-EXTERNAL
2023-03-03 15:55:00,22.629999,22.7,22.614999,22.6783,16885.0,ZIM.NYSE-4-HOUR-LAST-EXTERNAL
2023-03-03 19:55:00,22.7,22.7154,22.694999,22.7091,19667.0,ZIM.NYSE-4-HOUR-LAST-EXTERNAL
2023-03-03 21:00:00,22.409999,22.409999,22.409999,22.409999,161868.0,ZIM.NYSE-4-HOUR-LAST-EXTERNAL
2023-03-06 15:55:00,21.863899,22.02,21.84,22.0,47087.0,ZIM.NYSE-4-HOUR-LAST-EXTERNAL
2023-03-06 19:55:00,21.5597,21.569999,21.54,21.549999,10512.0,ZIM.NYSE-4-HOUR-LAST-EXTERNAL
2023-03-06 21:00:00,21.559999,21.559999,21.559999,21.559999,237853.0,ZIM.NYSE-4-HOUR-LAST-EXTERNAL
2023-03-07 15:55:00,21.274999,21.29,21.254999,21.28,17452.0,ZIM.NYSE-4-HOUR-LAST-EXTERNAL
2023-03-07 19:55:00,21.489999,21.5,21.489999,21.5,11987.0,ZIM.NYSE-4-HOUR-LAST-EXTERNAL
2023-03-07 21:00:00,21.629999,21.629999,21.629999,21.629999,138158.0,ZIM.NYSE-4-HOUR-LAST-EXTERNAL
2023-03-08 15:55:00,21.68,21.684999,21.62,21.629999,13755.0,ZIM.NYSE-4-HOUR-LAST-EXTERNAL
2023-03-08 19:55:00,21.78,21.829999,21.78,21.829999,11997.0,ZIM.NYSE-4-HOUR-LAST-EXTERNAL
2023-03-08 21:00:00,21.549999,21.549999,21.549999,21.549999,219707.0,ZIM.NYSE-4-HOUR-LAST-EXTERNAL
2023-03-09 15:55:00,21.094999,21.094999,20.95,20.95,195291.0,ZIM.NYSE-4-HOUR-LAST-EXTERNAL
2023-03-09 19:55:00,20.395,20.424999,20.379999,20.42,29640.0,ZIM.NYSE-4-HOUR-LAST-EXTERNAL
2023-03-09 21:00:00,20.229999,20.229999,20.229999,20.229999,190836.0,ZIM.NYSE-4-HOUR-LAST-EXTERNAL
2023-03-10 15:55:00,19.916999,20.049999,19.916999,20.04,25879.0,ZIM.NYSE-4-HOUR-LAST-EXTERNAL
2023-03-10 19:55:00,19.559999,19.59,19.52,19.54,28179.0,ZIM.NYSE-4-HOUR-LAST-EXTERNAL
2023-03-10 21:00:00,19.569999,19.569999,19.569999,19.569999,519361.0,ZIM.NYSE-4-HOUR-LAST-EXTERNAL
2023-03-13 15:55:00,22.37,22.53,22.309999,22.479999,136433.0,ZIM.NYSE-4-HOUR-LAST-EXTERNAL
2023-03-13 19:55:00,20.909999,20.94,20.809999,20.86,513250.0,ZIM.NYSE-4-HOUR-LAST-EXTERNAL
2023-03-14 15:55:00,22.844999,22.879999,22.799999,22.86,52355.0,ZIM.NYSE-4-HOUR-LAST-EXTERNAL
2023-03-14 19:55:00,22.979999,23.049999,22.965,23.02,257729.0,ZIM.NYSE-4-HOUR-LAST-EXTERNAL
2023-03-15 15:55:00,23.7371,23.819499,23.700099,23.766,85292.0,ZIM.NYSE-4-HOUR-LAST-EXTERNAL
2023-03-15 19:55:00,24.02,24.09,24.004999,24.069999,188469.0,ZIM.NYSE-4-HOUR-LAST-EXTERNAL
2023-03-16 15:55:00,24.174999,24.25,24.159999,24.17,35856.0,ZIM.NYSE-4-HOUR-LAST-EXTERNAL
2023-03-16 19:55:00,24.59,24.62,24.489999,24.504999,242929.0,ZIM.NYSE-4-HOUR-LAST-EXTERNAL
2023-03-17 15:55:00,23.78,23.84,23.729999,23.819999,52445.0,ZIM.NYSE-4-HOUR-LAST-EXTERNAL
2023-03-17 19:55:00,23.915,23.979999,23.899999,23.979999,196215.0,ZIM.NYSE-4-HOUR-LAST-EXTERNAL
2023-03-20 15:55:00,23.17,23.18,23.049999,23.065,78405.0,ZIM.NYSE-4-HOUR-LAST-EXTERNAL
2023-03-20 19:55:00,22.655,22.719999,22.6,22.649999,316498.0,ZIM.NYSE-4-HOUR-LAST-EXTERNAL
2023-03-21 15:55:00,23.52,23.61,23.424999,23.569999,60139.0,ZIM.NYSE-4-HOUR-LAST-EXTERNAL
2023-03-21 19:55:00,23.43,23.43,23.36,23.379999,207761.0,ZIM.NYSE-4-HOUR-LAST-EXTERNAL
2023-03-22 15:55:00,24.4533,24.475,24.42,24.44,32976.0,ZIM.NYSE-4-HOUR-LAST-EXTERNAL
2023-03-22 19:55:00,24.055,24.059999,23.95,23.95,338480.0,ZIM.NYSE-4-HOUR-LAST-EXTERNAL
2023-03-23 15:55:00,24.694999,24.7,24.479999,24.481199,83978.0,ZIM.NYSE-4-HOUR-LAST-EXTERNAL
2023-03-23 19:55:00,24.35,24.399999,24.319999,24.389999,145052.0,ZIM.NYSE-4-HOUR-LAST-EXTERNAL
2023-03-24 15:55:00,23.78,23.84,23.78,23.795,11075.0,ZIM.NYSE-4-HOUR-LAST-EXTERNAL
2023-03-24 19:55:00,23.114999,23.18,23.09,23.17,134632.0,ZIM.NYSE-4-HOUR-LAST-EXTERNAL
2023-03-27 15:55:00,21.9018,22.02,21.8908,22.02,65385.0,ZIM.NYSE-4-HOUR-LAST-EXTERNAL
2023-03-27 19:55:00,22.465,22.468,22.379999,22.379999,96025.0,ZIM.NYSE-4-HOUR-LAST-EXTERNAL
2023-03-28 15:55:00,22.6571,22.674999,22.629999,22.645,14773.0,ZIM.NYSE-4-HOUR-LAST-EXTERNAL
2023-03-28 19:55:00,22.375,22.42,22.325,22.409999,87423.0,ZIM.NYSE-4-HOUR-LAST-EXTERNAL
2023-03-29 15:55:00,23.342199,23.361299,23.299999,23.3509,37398.0,ZIM.NYSE-4-HOUR-LAST-EXTERNAL
2023-03-29 19:55:00,23.444999,23.45,23.43,23.43,104569.0,ZIM.NYSE-4-HOUR-LAST-EXTERNAL
2023-03-30 15:55:00,23.864999,23.899999,23.860799,23.895,10908.0,ZIM.NYSE-4-HOUR-LAST-EXTERNAL
2023-03-30 19:55:00,23.985,24.0,23.969999,24.0,86932.0,ZIM.NYSE-4-HOUR-LAST-EXTERNAL
2023-03-31 15:55:00,24.1287,24.149999,24.12,24.139699,37844.0,ZIM.NYSE-4-HOUR-LAST-EXTERNAL
2023-03-31 19:55:00,23.715,23.725,23.569999,23.569999,355116.0,ZIM.NYSE-4-HOUR-LAST-EXTERNAL
2023-04-03 15:55:00,22.834999,22.85,22.829999,22.85,37262.0,ZIM.NYSE-4-HOUR-LAST-EXTERNAL
2023-04-03 19:55:00,23.42,23.559999,23.35,23.409999,556331.0,ZIM.NYSE-4-HOUR-LAST-EXTERNAL
2023-04-04 15:55:00,18.864999,18.885,18.809999,18.854,68346.0,ZIM.NYSE-4-HOUR-LAST-EXTERNAL
2023-04-04 19:55:00,19.45,19.54,19.44,19.54,266511.0,ZIM.NYSE-4-HOUR-LAST-EXTERNAL
2023-04-05 15:55:00,17.819999,17.899999,17.815,17.895,91153.0,ZIM.NYSE-4-HOUR-LAST-EXTERNAL
2023-04-05 19:55:00,17.6,17.639999,17.579999,17.614999,175225.0,ZIM.NYSE-4-HOUR-LAST-EXTERNAL
2023-04-06 15:55:00,17.309999,17.3199,17.299999,17.309999,33686.0,ZIM.NYSE-4-HOUR-LAST-EXTERNAL
2023-04-06 19:55:00,17.34,17.399999,17.3397,17.399999,160235.0,ZIM.NYSE-4-HOUR-LAST-EXTERNAL
2023-04-10 15:55:00,16.959899,16.969999,16.92,16.94,77496.0,ZIM.NYSE-4-HOUR-LAST-EXTERNAL
2023-04-10 19:55:00,17.655,17.69,17.62,17.62,137403.0,ZIM.NYSE-4-HOUR-LAST-EXTERNAL
2023-04-11 15:55:00,19.512399,19.545,19.479999,19.54,44141.0,ZIM.NYSE-4-HOUR-LAST-EXTERNAL
2023-04-11 19:55:00,19.95,20.03,19.944999,20.02,260308.0,ZIM.NYSE-4-HOUR-LAST-EXTERNAL
2023-04-12 15:55:00,20.444999,20.465,20.43,20.454999,53437.0,ZIM.NYSE-4-HOUR-LAST-EXTERNAL
2023-04-12 19:55:00,19.854999,19.854999,19.809999,19.834999,174252.0,ZIM.NYSE-4-HOUR-LAST-EXTERNAL
2023-04-13 15:55:00,20.534999,20.625,20.524999,20.584999,42764.0,ZIM.NYSE-4-HOUR-LAST-EXTERNAL
2023-04-13 19:55:00,20.225,20.36,20.219999,20.36,288030.0,ZIM.NYSE-4-HOUR-LAST-EXTERNAL
2023-04-14 15:55:00,21.389999,21.409999,21.25,21.254999,62257.0,ZIM.NYSE-4-HOUR-LAST-EXTERNAL
2023-04-14 19:55:00,21.594999,21.649999,21.549999,21.649999,252763.0,ZIM.NYSE-4-HOUR-LAST-EXTERNAL
2023-04-17 15:55:00,21.479999,21.509799,21.44,21.479999,25853.0,ZIM.NYSE-4-HOUR-LAST-EXTERNAL
2023-04-17 19:55:00,21.565,21.579999,21.53,21.559999,168504.0,ZIM.NYSE-4-HOUR-LAST-EXTERNAL
2023-04-18 15:55:00,21.635,21.649999,21.61,21.629999,12860.0,ZIM.NYSE-4-HOUR-LAST-EXTERNAL
2023-04-18 19:55:00,21.485,21.531,21.485,21.52,77927.0,ZIM.NYSE-4-HOUR-LAST-EXTERNAL
2023-04-19 15:55:00,20.62,20.69,20.604999,20.629999,32552.0,ZIM.NYSE-4-HOUR-LAST-EXTERNAL
2023-04-19 19:55:00,21.325,21.375,21.27,21.309999,157501.0,ZIM.NYSE-4-HOUR-LAST-EXTERNAL
2023-04-20 15:55:00,20.87,20.9199,20.85,20.861999,107038.0,ZIM.NYSE-4-HOUR-LAST-EXTERNAL
2023-04-20 19:55:00,20.35,20.405,20.309999,20.399999,207810.0,ZIM.NYSE-4-HOUR-LAST-EXTERNAL
2023-04-21 15:55:00,19.62,19.69,19.61,19.69,23508.0,ZIM.NYSE-4-HOUR-LAST-EXTERNAL
2023-04-21 19:55:00,19.28,19.329999,19.2119,19.254999,241595.0,ZIM.NYSE-4-HOUR-LAST-EXTERNAL
2023-04-24 15:55:00,18.52,18.527999,18.489999,18.51,42735.0,ZIM.NYSE-4-HOUR-LAST-EXTERNAL
2023-04-24 19:55:00,18.51,18.5153,18.459999,18.469999,226729.0,ZIM.NYSE-4-HOUR-LAST-EXTERNAL
2023-04-25 15:55:00,17.86,17.864999,17.78,17.7901,49497.0,ZIM.NYSE-4-HOUR-LAST-EXTERNAL
2023-04-25 19:55:00,17.584999,17.59,17.54,17.569999,164645.0,ZIM.NYSE-4-HOUR-LAST-EXTERNAL
2023-04-26 15:55:00,17.084999,17.094999,17.069999,17.0918,73108.0,ZIM.NYSE-4-HOUR-LAST-EXTERNAL
2023-04-26 19:55:00,16.825,16.834999,16.77,16.809999,211205.0,ZIM.NYSE-4-HOUR-LAST-EXTERNAL
